<?xml version="1.0" encoding="UTF-8"?>
<!-- Generated by Fujitsu Interstage XWand B0251T -->
<?officialURI http://archprod.service.eogs.dk/taxonomy/20211001/mrv/200mrv_pre.xml?>

<?taxonomy-version 1.7.0?>

<link:linkbase xmlns:xsi="http://www.w3.org/2001/XMLSchema-instance" xsi:schemaLocation="http://www.xbrl.org/2003/linkbase http://www.xbrl.org/2003/xbrl-linkbase-2003-12-31.xsd" xmlns:link="http://www.xbrl.org/2003/linkbase" xmlns:entry="http://xbrl.dcca.dk/entryBalanceSheetAccountByCurrentAndLongTermFormIncomeStatementByNature" xmlns:xbrli="http://www.xbrl.org/2003/instance" xmlns:xlink="http://www.w3.org/1999/xlink">
  <link:roleRef roleURI="http://xbrl.dcca.dk/role/260.00/KeyFiguresAndFinancialRatiosUvmReg" xlink:type="simple" xlink:href="mrv.xsd#mrv_RoleKeyFiguresAndFinancialRatiosUvmReg"/>
  <link:roleRef roleURI="http://uvm.dk/" xlink:type="simple" xlink:href="../fsa/fsa.xsd#uvm_Uvm"/>
  <link:roleRef roleURI="http://xbrl.dcca.dk/role/400.00/BalanceSheetAccountForm" xlink:type="simple" xlink:href="../fsa/fsa.xsd#fsa_RoleBalanceSheetAccountForm"/>
  <link:presentationLink xlink:type="extended" xlink:role="http://xbrl.dcca.dk/role/260.00/KeyFiguresAndFinancialRatiosUvmReg">
    <link:loc xlink:type="locator" xlink:href="../cmn.xsd#cmn_CommonHypercube" xlink:label="CommonHypercube"/>
    <link:loc xlink:type="locator" xlink:href="../cmn.xsd#cmn_ConsolidatedSoloDimension" xlink:label="ConsolidatedSoloDimension"/>
    <link:presentationArc xlink:type="arc" xlink:arcrole="http://www.xbrl.org/2003/arcrole/parent-child" xlink:from="CommonHypercube" xlink:to="ConsolidatedSoloDimension" xlink:title="presentation: CommonHypercube to ConsolidatedSoloDimension" order="1.0"/>
    <link:loc xlink:type="locator" xlink:href="../cmn.xsd#cmn_ConsolidatedMember" xlink:label="ConsolidatedMember"/>
    <link:presentationArc xlink:type="arc" xlink:arcrole="http://www.xbrl.org/2003/arcrole/parent-child" xlink:from="ConsolidatedSoloDimension" xlink:to="ConsolidatedMember" xlink:title="presentation: ConsolidatedSoloDimension to ConsolidatedMember" order="1.0"/>
    <link:loc xlink:type="locator" xlink:href="../cmn.xsd#cmn_SoloMember" xlink:label="SoloMember"/>
    <link:presentationArc xlink:type="arc" xlink:arcrole="http://www.xbrl.org/2003/arcrole/parent-child" xlink:from="ConsolidatedSoloDimension" xlink:to="SoloMember" xlink:title="presentation: ConsolidatedSoloDimension to SoloMember" order="2.0"/>
    <link:loc xlink:type="locator" xlink:href="mrv.xsd#mrv_KeyFiguresAndFinancialRatiosFiveYearsRetrospectiveAbstract" xlink:label="KeyFiguresAndFinancialRatiosFiveYearsRetrospectiveAbstract" xlink:title="KeyFiguresAndFinancialRatiosFiveYearsRetrospectiveAbstract"/>
    <link:loc xlink:type="locator" xlink:href="mrv.xsd#mrv_InformationOnCalculationOfKeyFiguresAndFinancialRatios" xlink:label="InformationOnCalculationOfKeyFiguresAndFinancialRatios" xlink:title="InformationOnCalculationOfKeyFiguresAndFinancialRatios"/>
    <link:presentationArc xlink:type="arc" xlink:arcrole="http://www.xbrl.org/2003/arcrole/parent-child" xlink:from="KeyFiguresAndFinancialRatiosFiveYearsRetrospectiveAbstract" xlink:to="InformationOnCalculationOfKeyFiguresAndFinancialRatios" xlink:title="presentation: KeyFiguresAndFinancialRatiosFiveYearsRetrospectiveAbstract to InformationOnCalculationOfKeyFiguresAndFinancialRatios" order="1.0"/>
    <link:loc xlink:type="locator" xlink:href="mrv.xsd#mrv_FinancialRatiosRegardingGoodFinancialManagementAbstract" xlink:label="FinancialRatiosRegardingGoodFinancialManagementAbstract" xlink:title="FinancialRatiosRegardingGoodFinancialManagementAbstract"/>
    <link:presentationArc xlink:type="arc" xlink:arcrole="http://www.xbrl.org/2003/arcrole/parent-child" xlink:from="InformationOnCalculationOfKeyFiguresAndFinancialRatios" xlink:to="FinancialRatiosRegardingGoodFinancialManagementAbstract" xlink:title="presentation: InformationOnCalculationOfKeyFiguresAndFinancialRatios to FinancialRatiosRegardingGoodFinancialManagementAbstract" order="44.0"/>
    <link:loc xlink:type="locator" xlink:href="mrv.xsd#mrv_ActivityAbstract" xlink:label="ActivityAbstract" xlink:title="ActivityAbstract"/>
    <link:presentationArc xlink:type="arc" xlink:arcrole="http://www.xbrl.org/2003/arcrole/parent-child" xlink:from="FinancialRatiosRegardingGoodFinancialManagementAbstract" xlink:to="ActivityAbstract" xlink:title="presentation: FinancialRatiosRegardingGoodFinancialManagementAbstract to ActivityAbstract" order="5.0"/>
    <link:loc xlink:type="locator" xlink:href="mrv.xsd#mrv_FtesPer100FtesStudents" xlink:label="FtesPer100FtesStudents" xlink:title="FtesPer100FtesStudents"/>
    <link:presentationArc xlink:type="arc" xlink:arcrole="http://www.xbrl.org/2003/arcrole/parent-child" xlink:from="ActivityAbstract" xlink:to="FtesPer100FtesStudents" xlink:title="presentation: ActivityAbstract to FtesPer100FtesStudents" order="1.0"/>
    <link:loc xlink:type="locator" xlink:href="mrv.xsd#mrv_FtesEducationPerFtesStudents" xlink:label="FtesEducationPerFtesStudents" xlink:title="FtesEducationPerFtesStudents"/>
    <link:presentationArc xlink:type="arc" xlink:arcrole="http://www.xbrl.org/2003/arcrole/parent-child" xlink:from="ActivityAbstract" xlink:to="FtesEducationPerFtesStudents" xlink:title="presentation: ActivityAbstract to FtesEducationPerFtesStudents" order="2.0"/>
    <link:loc xlink:type="locator" xlink:href="mrv.xsd#mrv_TotalWagesAndSaleriesForAllManagementOfTheInstitutionCoveredByCollectiveAgreementForManagementShareOfRevenue" xlink:label="TotalWagesAndSaleriesForAllManagementOfTheInstitutionCoveredByCollectiveAgreementForManagementShareOfRevenue" xlink:title="TotalWagesAndSaleriesForAllManagementOfTheInstitutionCoveredByCollectiveAgreementForManagementShareOfRevenue"/>
    <link:presentationArc xlink:type="arc" xlink:arcrole="http://www.xbrl.org/2003/arcrole/parent-child" xlink:from="ActivityAbstract" xlink:to="TotalWagesAndSaleriesForAllManagementOfTheInstitutionCoveredByCollectiveAgreementForManagementShareOfRevenue" xlink:title="presentation: ActivityAbstract to TotalWagesAndSaleriesForAllManagementOfTheInstitutionCoveredByCollectiveAgreementForManagementShareOfRevenue" order="3.0"/>
    <link:loc xlink:type="locator" xlink:href="mrv.xsd#mrv_AverageWagesAndSaleriesForManagementEmployedInAccordanceWithTheCollectiveAgreementForManagement" xlink:label="AverageWagesAndSaleriesForManagementEmployedInAccordanceWithTheCollectiveAgreementForManagement" xlink:title="AverageWagesAndSaleriesForManagementEmployedInAccordanceWithTheCollectiveAgreementForManagement"/>
    <link:presentationArc xlink:type="arc" xlink:arcrole="http://www.xbrl.org/2003/arcrole/parent-child" xlink:from="ActivityAbstract" xlink:to="AverageWagesAndSaleriesForManagementEmployedInAccordanceWithTheCollectiveAgreementForManagement" xlink:title="presentation: ActivityAbstract to AverageWagesAndSaleriesForManagementEmployedInAccordanceWithTheCollectiveAgreementForManagement" order="4.0"/>
    <link:loc xlink:type="locator" xlink:href="mrv.xsd#mrv_CapacityManagementAbstract" xlink:label="CapacityManagementAbstract" xlink:title="CapacityManagementAbstract"/>
    <link:presentationArc xlink:type="arc" xlink:arcrole="http://www.xbrl.org/2003/arcrole/parent-child" xlink:from="FinancialRatiosRegardingGoodFinancialManagementAbstract" xlink:to="CapacityManagementAbstract" xlink:title="presentation: FinancialRatiosRegardingGoodFinancialManagementAbstract to CapacityManagementAbstract" order="6.0"/>
    <link:loc xlink:type="locator" xlink:href="mrv.xsd#mrv_SquareMetersOfBuildingsPerFtesStudents" xlink:label="SquareMetersOfBuildingsPerFtesStudents" xlink:title="SquareMetersOfBuildingsPerFtesStudents"/>
    <link:presentationArc xlink:type="arc" xlink:arcrole="http://www.xbrl.org/2003/arcrole/parent-child" xlink:from="CapacityManagementAbstract" xlink:to="SquareMetersOfBuildingsPerFtesStudents" xlink:title="presentation: CapacityManagementAbstract to SquareMetersOfBuildingsPerFtesStudents" order="1.0"/>
    <link:loc xlink:type="locator" xlink:href="mrv.xsd#mrv_BuildingOperatingAndLeaseExpensesPerSquareMeter" xlink:label="BuildingOperatingAndLeaseExpensesPerSquareMeter" xlink:title="BuildingOperatingAndLeaseExpensesPerSquareMeter"/>
    <link:presentationArc xlink:type="arc" xlink:arcrole="http://www.xbrl.org/2003/arcrole/parent-child" xlink:from="CapacityManagementAbstract" xlink:to="BuildingOperatingAndLeaseExpensesPerSquareMeter" xlink:title="presentation: CapacityManagementAbstract to BuildingOperatingAndLeaseExpensesPerSquareMeter" order="2.0"/>
    <link:loc xlink:type="locator" xlink:href="mrv.xsd#mrv_UtilityCostsPerSquareMeter" xlink:label="UtilityCostsPerSquareMeter" xlink:title="UtilityCostsPerSquareMeter"/>
    <link:presentationArc xlink:type="arc" xlink:arcrole="http://www.xbrl.org/2003/arcrole/parent-child" xlink:from="CapacityManagementAbstract" xlink:to="UtilityCostsPerSquareMeter" xlink:title="presentation: CapacityManagementAbstract to UtilityCostsPerSquareMeter" order="3.0"/>
    <link:loc xlink:type="locator" xlink:href="mrv.xsd#mrv_FinansialManagementAbstract" xlink:label="FinansialManagementAbstract" xlink:title="FinansialManagementAbstract"/>
    <link:presentationArc xlink:type="arc" xlink:arcrole="http://www.xbrl.org/2003/arcrole/parent-child" xlink:from="FinancialRatiosRegardingGoodFinancialManagementAbstract" xlink:to="FinansialManagementAbstract" xlink:title="presentation: FinancialRatiosRegardingGoodFinancialManagementAbstract to FinansialManagementAbstract" order="7.0"/>
    <link:loc xlink:type="locator" xlink:href="mrv.xsd#mrv_FinancingRatio" xlink:label="FinancingRatio" xlink:title="FinancingRatio"/>
    <link:presentationArc xlink:type="arc" xlink:arcrole="http://www.xbrl.org/2003/arcrole/parent-child" xlink:from="FinansialManagementAbstract" xlink:to="FinancingRatio" xlink:title="presentation: FinansialManagementAbstract to FinancingRatio" order="1.0"/>
    <link:loc xlink:type="locator" xlink:href="mrv.xsd#mrv_ShareOfLongtermMortgageDebtWithVariableInterestRates" xlink:label="ShareOfLongtermMortgageDebtWithVariableInterestRates" xlink:title="ShareOfLongtermMortgageDebtWithVariableInterestRates"/>
    <link:presentationArc xlink:type="arc" xlink:arcrole="http://www.xbrl.org/2003/arcrole/parent-child" xlink:from="FinansialManagementAbstract" xlink:to="ShareOfLongtermMortgageDebtWithVariableInterestRates" xlink:title="presentation: FinansialManagementAbstract to ShareOfLongtermMortgageDebtWithVariableInterestRates" order="30.0"/>
    <link:loc xlink:type="locator" xlink:href="mrv.xsd#mrv_ShareOfLongtermMortgageDebtWithFixedInterestRates" xlink:label="ShareOfLongtermMortgageDebtWithFixedInterestRates" xlink:title="ShareOfLongtermMortgageDebtWithFixedInterestRates"/>
    <link:presentationArc xlink:type="arc" xlink:arcrole="http://www.xbrl.org/2003/arcrole/parent-child" xlink:from="FinansialManagementAbstract" xlink:to="ShareOfLongtermMortgageDebtWithFixedInterestRates" xlink:title="presentation: FinansialManagementAbstract to ShareOfLongtermMortgageDebtWithFixedInterestRates" order="40.0"/>
    <link:loc xlink:type="locator" xlink:href="mrv.xsd#mrv_DebtFactor" xlink:label="DebtFactor" xlink:title="DebtFactor"/>
    <link:presentationArc xlink:type="arc" xlink:arcrole="http://www.xbrl.org/2003/arcrole/parent-child" xlink:from="FinansialManagementAbstract" xlink:to="DebtFactor" xlink:title="presentation: FinansialManagementAbstract to DebtFactor" order="4.0"/>
    <link:loc xlink:type="locator" xlink:href="mrv.xsd#mrv_WagesAndSaleriesAbstract" xlink:label="WagesAndSaleriesAbstract" xlink:title="WagesAndSaleriesAbstract"/>
    <link:presentationArc xlink:type="arc" xlink:arcrole="http://www.xbrl.org/2003/arcrole/parent-child" xlink:from="InformationOnCalculationOfKeyFiguresAndFinancialRatios" xlink:to="WagesAndSaleriesAbstract" xlink:title="presentation: InformationOnCalculationOfKeyFiguresAndFinancialRatios to WagesAndSaleriesAbstract" order="43.0"/>
    <link:loc xlink:type="locator" xlink:href="mrv.xsd#mrv_WagesAndSalariesExpensesConductionEducationPer100FtesStudents" xlink:label="WagesAndSalariesExpensesConductionEducationPer100FtesStudents" xlink:title="WagesAndSalariesExpensesConductionEducationPer100FtesStudents"/>
    <link:presentationArc xlink:type="arc" xlink:arcrole="http://www.xbrl.org/2003/arcrole/parent-child" xlink:from="WagesAndSaleriesAbstract" xlink:to="WagesAndSalariesExpensesConductionEducationPer100FtesStudents" xlink:title="presentation: WagesAndSaleriesAbstract to WagesAndSalariesExpensesConductionEducationPer100FtesStudents" order="1.0"/>
    <link:loc xlink:type="locator" xlink:href="mrv.xsd#mrv_OtherWagesAndSalariesExpensesPer100FtesStudents" xlink:label="OtherWagesAndSalariesExpensesPer100FtesStudents" xlink:title="OtherWagesAndSalariesExpensesPer100FtesStudents"/>
    <link:presentationArc xlink:type="arc" xlink:arcrole="http://www.xbrl.org/2003/arcrole/parent-child" xlink:from="WagesAndSaleriesAbstract" xlink:to="OtherWagesAndSalariesExpensesPer100FtesStudents" xlink:title="presentation: WagesAndSaleriesAbstract to OtherWagesAndSalariesExpensesPer100FtesStudents" order="2.0"/>
    <link:loc xlink:type="locator" xlink:href="mrv.xsd#mrv_WagesAndSalariesExpensesPer100FtesStudents" xlink:label="WagesAndSalariesExpensesPer100FtesStudents" xlink:title="WagesAndSalariesExpensesPer100FtesStudents"/>
    <link:presentationArc xlink:type="arc" xlink:arcrole="http://www.xbrl.org/2003/arcrole/parent-child" xlink:from="WagesAndSaleriesAbstract" xlink:to="WagesAndSalariesExpensesPer100FtesStudents" xlink:title="presentation: WagesAndSaleriesAbstract to WagesAndSalariesExpensesPer100FtesStudents" order="3.0"/>
    <link:loc xlink:type="locator" xlink:href="mrv.xsd#mrv_WagesAndSalariesExpensesShareOfRevenue" xlink:label="WagesAndSalariesExpensesShareOfRevenue" xlink:title="WagesAndSalariesExpensesShareOfRevenue"/>
    <link:presentationArc xlink:type="arc" xlink:arcrole="http://www.xbrl.org/2003/arcrole/parent-child" xlink:from="WagesAndSaleriesAbstract" xlink:to="WagesAndSalariesExpensesShareOfRevenue" xlink:title="presentation: WagesAndSaleriesAbstract to WagesAndSalariesExpensesShareOfRevenue" order="4.0"/>
    <link:loc xlink:type="locator" xlink:href="mrv.xsd#mrv_FtesAbstract" xlink:label="FtesAbstract" xlink:title="FtesAbstract"/>
    <link:presentationArc xlink:type="arc" xlink:arcrole="http://www.xbrl.org/2003/arcrole/parent-child" xlink:from="InformationOnCalculationOfKeyFiguresAndFinancialRatios" xlink:to="FtesAbstract" xlink:title="presentation: InformationOnCalculationOfKeyFiguresAndFinancialRatios to FtesAbstract" order="42.0"/>
    <link:loc xlink:type="locator" xlink:href="mrv.xsd#mrv_ManagementAndAdministrationFtesPer100FtesStudents" xlink:label="ManagementAndAdministrationFtesPer100FtesStudents" xlink:title="ManagementAndAdministrationFtesPer100FtesStudents"/>
    <link:presentationArc xlink:type="arc" xlink:arcrole="http://www.xbrl.org/2003/arcrole/parent-child" xlink:from="FtesAbstract" xlink:to="ManagementAndAdministrationFtesPer100FtesStudents" xlink:title="presentation: FtesAbstract to ManagementAndAdministrationFtesPer100FtesStudents" order="40.0"/>
    <link:loc xlink:type="locator" xlink:href="mrv.xsd#mrv_OtherFtesPer100FtesStudents" xlink:label="OtherFtesPer100FtesStudents" xlink:title="OtherFtesPer100FtesStudents"/>
    <link:presentationArc xlink:type="arc" xlink:arcrole="http://www.xbrl.org/2003/arcrole/parent-child" xlink:from="FtesAbstract" xlink:to="OtherFtesPer100FtesStudents" xlink:title="presentation: FtesAbstract to OtherFtesPer100FtesStudents" order="50.0"/>
    <link:loc xlink:type="locator" xlink:href="../fsa/fsa.xsd#fsa_FTEsInclEmployeesOnSpecialTerms" xlink:label="FTEsInclEmployeesOnSpecialTerms" xlink:title="FTEsInclEmployeesOnSpecialTerms"/>
    <link:presentationArc xlink:type="arc" xlink:arcrole="http://www.xbrl.org/2003/arcrole/parent-child" xlink:from="FtesAbstract" xlink:to="FTEsInclEmployeesOnSpecialTerms" xlink:title="presentation: FtesAbstract to FTEsInclEmployeesOnSpecialTerms" order="10.0"/>
    <link:loc xlink:type="locator" xlink:href="../fsa/fsa.xsd#fsa_ShareOfEmployeesOnSpecialTerms" xlink:label="ShareOfEmployeesOnSpecialTerms" xlink:title="ShareOfEmployeesOnSpecialTerms"/>
    <link:presentationArc xlink:type="arc" xlink:arcrole="http://www.xbrl.org/2003/arcrole/parent-child" xlink:from="FtesAbstract" xlink:to="ShareOfEmployeesOnSpecialTerms" xlink:title="presentation: FtesAbstract to ShareOfEmployeesOnSpecialTerms" order="20.0"/>
    <link:loc xlink:type="locator" xlink:href="../fsa/fsa.xsd#fsa_FTEsEmployedInAccordanceWithTheCollectiveAgreementForManagement" xlink:label="FTEsEmployedInAccordanceWithTheCollectiveAgreementForManagement" xlink:title="FTEsEmployedInAccordanceWithTheCollectiveAgreementForManagement"/>
    <link:presentationArc xlink:type="arc" xlink:arcrole="http://www.xbrl.org/2003/arcrole/parent-child" xlink:from="FtesAbstract" xlink:to="FTEsEmployedInAccordanceWithTheCollectiveAgreementForManagement" xlink:title="presentation: FtesAbstract to FTEsEmployedInAccordanceWithTheCollectiveAgreementForManagement" order="30.0"/>
    <link:loc xlink:type="locator" xlink:href="mrv.xsd#mrv_FtesStudentsAbstract" xlink:label="FtesStudentsAbstract" xlink:title="FtesStudentsAbstract"/>
    <link:presentationArc xlink:type="arc" xlink:arcrole="http://www.xbrl.org/2003/arcrole/parent-child" xlink:from="InformationOnCalculationOfKeyFiguresAndFinancialRatios" xlink:to="FtesStudentsAbstract" xlink:title="presentation: InformationOnCalculationOfKeyFiguresAndFinancialRatios to FtesStudentsAbstract" order="41.0"/>
    <link:loc xlink:type="locator" xlink:href="mrv.xsd#mrv_FtesStudents" xlink:label="FtesStudents" xlink:title="FtesStudents"/>
    <link:presentationArc xlink:type="arc" xlink:arcrole="http://www.xbrl.org/2003/arcrole/parent-child" xlink:from="FtesStudentsAbstract" xlink:to="FtesStudents" xlink:title="presentation: FtesStudentsAbstract to FtesStudents" order="70.0"/>
    <link:loc xlink:type="locator" xlink:href="mrv.xsd#mrv_FTEsStudentsExcludingBoardingTotal" xlink:label="FTEsStudentsExcludingBoardingTotal" xlink:title="FTEsStudentsExcludingBoardingTotal"/>
    <link:presentationArc xlink:type="arc" xlink:arcrole="http://www.xbrl.org/2003/arcrole/parent-child" xlink:from="FtesStudentsAbstract" xlink:to="FTEsStudentsExcludingBoardingTotal" xlink:title="presentation: FtesStudentsAbstract to FTEsStudentsExcludingBoardingTotal" order="10.0"/>
    <link:loc xlink:type="locator" xlink:href="mrv.xsd#mrv_DetailsOnMainAreaFtesStudentsAbstract" xlink:label="DetailsOnMainAreaFtesStudentsAbstract" xlink:title="DetailsOnMainAreaFtesStudentsAbstract"/>
    <link:presentationArc xlink:type="arc" xlink:arcrole="http://www.xbrl.org/2003/arcrole/parent-child" xlink:from="FTEsStudentsExcludingBoardingTotal" xlink:to="DetailsOnMainAreaFtesStudentsAbstract" xlink:title="presentation: FTEsStudentsExcludingBoardingTotal to DetailsOnMainAreaFtesStudentsAbstract" order="1.0"/>
    <link:loc xlink:type="locator" xlink:href="mrv.xsd#mrv_MainAreaFtesStudentsHypercube" xlink:label="MainAreaFtesStudentsHypercube" xlink:title="MainAreaFtesStudentsHypercube"/>
    <link:presentationArc xlink:type="arc" xlink:arcrole="http://www.xbrl.org/2003/arcrole/parent-child" xlink:from="DetailsOnMainAreaFtesStudentsAbstract" xlink:to="MainAreaFtesStudentsHypercube" xlink:title="presentation: DetailsOnMainAreaFtesStudentsAbstract to MainAreaFtesStudentsHypercube" order="1.0"/>
    <link:loc xlink:type="locator" xlink:href="mrv.xsd#mrv_MemberOfMainAreaFtesStudentsDimension" xlink:label="MemberOfMainAreaFtesStudentsDimension" xlink:title="MemberOfMainAreaFtesStudentsDimension"/>
    <link:presentationArc xlink:type="arc" xlink:arcrole="http://www.xbrl.org/2003/arcrole/parent-child" xlink:from="MainAreaFtesStudentsHypercube" xlink:to="MemberOfMainAreaFtesStudentsDimension" xlink:title="presentation: MainAreaFtesStudentsHypercube to MemberOfMainAreaFtesStudentsDimension" order="1.0"/>
    <link:loc xlink:type="locator" xlink:href="mrv.xsd#mrv_NameOfMainArea" xlink:label="NameOfMainArea" xlink:title="NameOfMainArea"/>
    <link:presentationArc xlink:type="arc" xlink:arcrole="http://www.xbrl.org/2003/arcrole/parent-child" xlink:from="DetailsOnMainAreaFtesStudentsAbstract" xlink:to="NameOfMainArea" xlink:title="presentation: DetailsOnMainAreaFtesStudentsAbstract to NameOfMainArea" order="2.0"/>
    <link:loc xlink:type="locator" xlink:href="mrv.xsd#mrv_FtesStudentsMainArea" xlink:label="FtesStudentsMainArea" xlink:title="FtesStudentsMainArea"/>
    <link:presentationArc xlink:type="arc" xlink:arcrole="http://www.xbrl.org/2003/arcrole/parent-child" xlink:from="DetailsOnMainAreaFtesStudentsAbstract" xlink:to="FtesStudentsMainArea" xlink:title="presentation: DetailsOnMainAreaFtesStudentsAbstract to FtesStudentsMainArea" order="3.0"/>
    <link:loc xlink:type="locator" xlink:href="mrv.xsd#mrv_FtesStudentsIncludingBoarding" xlink:label="FtesStudentsIncludingBoarding" xlink:title="FtesStudentsIncludingBoarding"/>
    <link:presentationArc xlink:type="arc" xlink:arcrole="http://www.xbrl.org/2003/arcrole/parent-child" xlink:from="FtesStudentsAbstract" xlink:to="FtesStudentsIncludingBoarding" xlink:title="presentation: FtesStudentsAbstract to FtesStudentsIncludingBoarding" order="30.0"/>
    <link:loc xlink:type="locator" xlink:href="mrv.xsd#mrv_FtesStudentsIncomeGeneratingActivityInDenmark" xlink:label="FtesStudentsIncomeGeneratingActivityInDenmark" xlink:title="FtesStudentsIncomeGeneratingActivityInDenmark"/>
    <link:presentationArc xlink:type="arc" xlink:arcrole="http://www.xbrl.org/2003/arcrole/parent-child" xlink:from="FtesStudentsAbstract" xlink:to="FtesStudentsIncomeGeneratingActivityInDenmark" xlink:title="presentation: FtesStudentsAbstract to FtesStudentsIncomeGeneratingActivityInDenmark" order="40.0"/>
    <link:loc xlink:type="locator" xlink:href="mrv.xsd#mrv_FtesStudentsIncomeGeneratingActivityAbroad" xlink:label="FtesStudentsIncomeGeneratingActivityAbroad" xlink:title="FtesStudentsIncomeGeneratingActivityAbroad"/>
    <link:presentationArc xlink:type="arc" xlink:arcrole="http://www.xbrl.org/2003/arcrole/parent-child" xlink:from="FtesStudentsAbstract" xlink:to="FtesStudentsIncomeGeneratingActivityAbroad" xlink:title="presentation: FtesStudentsAbstract to FtesStudentsIncomeGeneratingActivityAbroad" order="50.0"/>
    <link:loc xlink:type="locator" xlink:href="mrv.xsd#mrv_DevelopmentInActivity" xlink:label="DevelopmentInActivity" xlink:title="DevelopmentInActivity"/>
    <link:presentationArc xlink:type="arc" xlink:arcrole="http://www.xbrl.org/2003/arcrole/parent-child" xlink:from="FtesStudentsAbstract" xlink:to="DevelopmentInActivity" xlink:title="presentation: FtesStudentsAbstract to DevelopmentInActivity" order="75.0"/>
    <link:loc xlink:type="locator" xlink:href="mrv.xsd#mrv_FtesStudentsInVocationalEducationMadeForOthers" xlink:label="FtesStudentsInVocationalEducationMadeForOthers" xlink:title="FtesStudentsInVocationalEducationMadeForOthers"/>
    <link:presentationArc xlink:type="arc" xlink:arcrole="http://www.xbrl.org/2003/arcrole/parent-child" xlink:from="FtesStudentsAbstract" xlink:to="FtesStudentsInVocationalEducationMadeForOthers" xlink:title="presentation: FtesStudentsAbstract to FtesStudentsInVocationalEducationMadeForOthers" order="80.0"/>
    <link:loc xlink:type="locator" xlink:href="mrv.xsd#mrv_FtesStudentsInVocationalEducationOutsourcesToOthers" xlink:label="FtesStudentsInVocationalEducationOutsourcesToOthers" xlink:title="FtesStudentsInVocationalEducationOutsourcesToOthers"/>
    <link:presentationArc xlink:type="arc" xlink:arcrole="http://www.xbrl.org/2003/arcrole/parent-child" xlink:from="FtesStudentsAbstract" xlink:to="FtesStudentsInVocationalEducationOutsourcesToOthers" xlink:title="presentation: FtesStudentsAbstract to FtesStudentsInVocationalEducationOutsourcesToOthers" order="90.0"/>
    <link:loc xlink:type="locator" xlink:href="mrv.xsd#mrv_FTEsStudentsClarification" xlink:label="FTEsStudentsClarification" xlink:title="FTEsStudentsClarification"/>
    <link:presentationArc xlink:type="arc" xlink:arcrole="http://www.xbrl.org/2003/arcrole/parent-child" xlink:from="FtesStudentsAbstract" xlink:to="FTEsStudentsClarification" xlink:title="presentation: FtesStudentsAbstract to FTEsStudentsClarification" order="35.0"/>
    <link:loc xlink:type="locator" xlink:href="mrv.xsd#mrv_FTEsStudentsDiscontinuingOfKuuEguEtc" xlink:label="FTEsStudentsDiscontinuingOfKuuEguEtc" xlink:title="FTEsStudentsDiscontinuingOfKuuEguEtc"/>
    <link:presentationArc xlink:type="arc" xlink:arcrole="http://www.xbrl.org/2003/arcrole/parent-child" xlink:from="FtesStudentsAbstract" xlink:to="FTEsStudentsDiscontinuingOfKuuEguEtc" xlink:title="presentation: FtesStudentsAbstract to FTEsStudentsDiscontinuingOfKuuEguEtc" order="36.0"/>
    <link:loc xlink:type="locator" xlink:href="../fsa/fsa.xsd#fsa_FinancialRatiosAbstract" xlink:label="FinancialRatiosAbstract" xlink:title="FinancialRatiosAbstract"/>
    <link:presentationArc xlink:type="arc" xlink:arcrole="http://www.xbrl.org/2003/arcrole/parent-child" xlink:from="InformationOnCalculationOfKeyFiguresAndFinancialRatios" xlink:to="FinancialRatiosAbstract" xlink:title="presentation: InformationOnCalculationOfKeyFiguresAndFinancialRatios to FinancialRatiosAbstract" order="40.0"/>
    <link:loc xlink:type="locator" xlink:href="mrv.xsd#mrv_OperatingMargin" xlink:label="OperatingMargin" xlink:title="OperatingMargin"/>
    <link:presentationArc xlink:type="arc" xlink:arcrole="http://www.xbrl.org/2003/arcrole/parent-child" xlink:from="FinancialRatiosAbstract" xlink:to="OperatingMargin" xlink:title="presentation: FinancialRatiosAbstract to OperatingMargin" order="10.0"/>
    <link:loc xlink:type="locator" xlink:href="mrv.xsd#mrv_EquityRatio" xlink:label="EquityRatio" xlink:title="EquityRatio"/>
    <link:presentationArc xlink:type="arc" xlink:arcrole="http://www.xbrl.org/2003/arcrole/parent-child" xlink:from="FinancialRatiosAbstract" xlink:to="EquityRatio" xlink:title="presentation: FinancialRatiosAbstract to EquityRatio" order="30.0"/>
    <link:loc xlink:type="locator" xlink:href="mrv.xsd#mrv_LiquidityRatio" xlink:label="LiquidityRatio" xlink:title="LiquidityRatio"/>
    <link:presentationArc xlink:type="arc" xlink:arcrole="http://www.xbrl.org/2003/arcrole/parent-child" xlink:from="FinancialRatiosAbstract" xlink:to="LiquidityRatio" xlink:title="presentation: FinancialRatiosAbstract to LiquidityRatio" order="20.0"/>
    <link:loc xlink:type="locator" xlink:href="mrv.xsd#mrv_CashFlowsStatementAbstract" xlink:label="CashFlowsStatementAbstract" xlink:title="CashFlowsStatementAbstract"/>
    <link:presentationArc xlink:type="arc" xlink:arcrole="http://www.xbrl.org/2003/arcrole/parent-child" xlink:from="InformationOnCalculationOfKeyFiguresAndFinancialRatios" xlink:to="CashFlowsStatementAbstract" xlink:title="presentation: InformationOnCalculationOfKeyFiguresAndFinancialRatios to CashFlowsStatementAbstract" order="30.0"/>
    <link:loc xlink:type="locator" xlink:href="../fsa/fsa.xsd#fsa_CashFlowsFromUsedInOperatingActivities" xlink:label="CashFlowsFromUsedInOperatingActivities" xlink:title="CashFlowsFromUsedInOperatingActivities"/>
    <link:presentationArc xlink:type="arc" xlink:arcrole="http://www.xbrl.org/2003/arcrole/parent-child" xlink:from="CashFlowsStatementAbstract" xlink:to="CashFlowsFromUsedInOperatingActivities" xlink:title="presentation: CashFlowsStatementAbstract to CashFlowsFromUsedInOperatingActivities" order="1.0" preferredLabel="http://uvm.dk/"/>
    <link:loc xlink:type="locator" xlink:href="../fsa/fsa.xsd#fsa_CashFlowsFromUsedInInvestingActivities" xlink:label="CashFlowsFromUsedInInvestingActivities" xlink:title="CashFlowsFromUsedInInvestingActivities"/>
    <link:presentationArc xlink:type="arc" xlink:arcrole="http://www.xbrl.org/2003/arcrole/parent-child" xlink:from="CashFlowsStatementAbstract" xlink:to="CashFlowsFromUsedInInvestingActivities" xlink:title="presentation: CashFlowsStatementAbstract to CashFlowsFromUsedInInvestingActivities" order="2.0" preferredLabel="http://uvm.dk/"/>
    <link:loc xlink:type="locator" xlink:href="../fsa/fsa.xsd#fsa_CashFlowsFromUsedInFinancingActivities" xlink:label="CashFlowsFromUsedInFinancingActivities" xlink:title="CashFlowsFromUsedInFinancingActivities"/>
    <link:presentationArc xlink:type="arc" xlink:arcrole="http://www.xbrl.org/2003/arcrole/parent-child" xlink:from="CashFlowsStatementAbstract" xlink:to="CashFlowsFromUsedInFinancingActivities" xlink:title="presentation: CashFlowsStatementAbstract to CashFlowsFromUsedInFinancingActivities" order="3.0" preferredLabel="http://uvm.dk/"/>
    <link:loc xlink:type="locator" xlink:href="../fsa/fsa.xsd#fsa_NetIncreaseDecreaseInCashAndCashEquivalents" xlink:label="NetIncreaseDecreaseInCashAndCashEquivalents" xlink:title="NetIncreaseDecreaseInCashAndCashEquivalents"/>
    <link:presentationArc xlink:type="arc" xlink:arcrole="http://www.xbrl.org/2003/arcrole/parent-child" xlink:from="CashFlowsStatementAbstract" xlink:to="NetIncreaseDecreaseInCashAndCashEquivalents" xlink:title="presentation: CashFlowsStatementAbstract to NetIncreaseDecreaseInCashAndCashEquivalents" order="4.0" preferredLabel="http://uvm.dk/"/>
    <link:loc xlink:type="locator" xlink:href="../fsa/fsa.xsd#fsa_RemaininPartOfOverdraftFacilityNotUsedEndingBalance" xlink:label="RemaininPartOfOverdraftFacilityNotUsedEndingBalance" xlink:title="RemaininPartOfOverdraftFacilityNotUsedEndingBalance"/>
    <link:presentationArc xlink:type="arc" xlink:arcrole="http://www.xbrl.org/2003/arcrole/parent-child" xlink:from="CashFlowsStatementAbstract" xlink:to="RemaininPartOfOverdraftFacilityNotUsedEndingBalance" xlink:title="presentation: CashFlowsStatementAbstract to RemaininPartOfOverdraftFacilityNotUsedEndingBalance" order="7.0"/>
    <link:loc xlink:type="locator" xlink:href="../fsa/fsa.xsd#fsa_RemainingPartOfConstructionCreditNotUsedEndingBalance" xlink:label="RemainingPartOfConstructionCreditNotUsedEndingBalance" xlink:title="RemainingPartOfConstructionCreditNotUsedEndingBalance"/>
    <link:presentationArc xlink:type="arc" xlink:arcrole="http://www.xbrl.org/2003/arcrole/parent-child" xlink:from="CashFlowsStatementAbstract" xlink:to="RemainingPartOfConstructionCreditNotUsedEndingBalance" xlink:title="presentation: CashFlowsStatementAbstract to RemainingPartOfConstructionCreditNotUsedEndingBalance" order="80.0"/>
    <link:loc xlink:type="locator" xlink:href="../fsa/fsa.xsd#fsa_TotalLiquidityAtHand" xlink:label="TotalLiquidityAtHand" xlink:title="TotalLiquidityAtHand"/>
    <link:presentationArc xlink:type="arc" xlink:arcrole="http://www.xbrl.org/2003/arcrole/parent-child" xlink:from="CashFlowsStatementAbstract" xlink:to="TotalLiquidityAtHand" xlink:title="presentation: CashFlowsStatementAbstract to TotalLiquidityAtHand" order="100.0" preferredLabel="http://www.xbrl.org/2003/role/periodEndLabel"/>
    <link:loc xlink:type="locator" xlink:href="../fsa/fsa.xsd#fsa_CashAndCashEquivalentsInCachflow" xlink:label="CashAndCashEquivalentsInCachflow" xlink:title="CashAndCashEquivalentsInCachflow"/>
    <link:presentationArc xlink:type="arc" xlink:arcrole="http://www.xbrl.org/2003/arcrole/parent-child" xlink:from="CashFlowsStatementAbstract" xlink:to="CashAndCashEquivalentsInCachflow" xlink:title="presentation: CashFlowsStatementAbstract to CashAndCashEquivalentsInCachflow" order="5.0" preferredLabel="http://www.xbrl.org/2003/role/periodStartLabel"/>
    <link:loc xlink:type="locator" xlink:href="../fsa/fsa.xsd#fsa_CashAndCashEquivalentsInCachflow" xlink:label="CashAndCashEquivalentsInCachflow_2" xlink:title="CashAndCashEquivalentsInCachflow"/>
    <link:presentationArc xlink:type="arc" xlink:arcrole="http://www.xbrl.org/2003/arcrole/parent-child" xlink:from="CashFlowsStatementAbstract" xlink:to="CashAndCashEquivalentsInCachflow_2" xlink:title="presentation: CashFlowsStatementAbstract to CashAndCashEquivalentsInCachflow" order="6.0" preferredLabel="http://www.xbrl.org/2003/role/periodEndLabel"/>
    <link:loc xlink:type="locator" xlink:href="../fsa/fsa.xsd#fsa_ShorttermInvestments" xlink:label="ShorttermInvestments" xlink:title="ShorttermInvestments"/>
    <link:presentationArc xlink:type="arc" xlink:arcrole="http://www.xbrl.org/2003/arcrole/parent-child" xlink:from="CashFlowsStatementAbstract" xlink:to="ShorttermInvestments" xlink:title="presentation: CashFlowsStatementAbstract to ShorttermInvestments" order="90.0" preferredLabel="http://uvm.dk/"/>
    <link:loc xlink:type="locator" xlink:href="../fsa/fsa.xsd#fsa_BalanceSheetUvmRegAbstract" xlink:label="BalanceSheetUvmRegAbstract" xlink:title="BalanceSheetUvmRegAbstract"/>
    <link:presentationArc xlink:type="arc" xlink:arcrole="http://www.xbrl.org/2003/arcrole/parent-child" xlink:from="InformationOnCalculationOfKeyFiguresAndFinancialRatios" xlink:to="BalanceSheetUvmRegAbstract" xlink:title="presentation: InformationOnCalculationOfKeyFiguresAndFinancialRatios to BalanceSheetUvmRegAbstract" order="20.0"/>
    <link:loc xlink:type="locator" xlink:href="../fsa/fsa.xsd#fsa_Assets" xlink:label="Assets" xlink:title="Assets"/>
    <link:presentationArc xlink:type="arc" xlink:arcrole="http://www.xbrl.org/2003/arcrole/parent-child" xlink:from="BalanceSheetUvmRegAbstract" xlink:to="Assets" xlink:title="presentation: BalanceSheetUvmRegAbstract to Assets" order="30.0" preferredLabel="http://uvm.dk/"/>
    <link:loc xlink:type="locator" xlink:href="../fsa/fsa.xsd#fsa_LongtermLiabilitiesOtherThanProvisions" xlink:label="LongtermLiabilitiesOtherThanProvisions" xlink:title="LongtermLiabilitiesOtherThanProvisions"/>
    <link:presentationArc xlink:type="arc" xlink:arcrole="http://www.xbrl.org/2003/arcrole/parent-child" xlink:from="BalanceSheetUvmRegAbstract" xlink:to="LongtermLiabilitiesOtherThanProvisions" xlink:title="presentation: BalanceSheetUvmRegAbstract to LongtermLiabilitiesOtherThanProvisions" order="60.0" preferredLabel="http://xbrl.dcca.dk/role/400.00/BalanceSheetAccountForm"/>
    <link:loc xlink:type="locator" xlink:href="../fsa/fsa.xsd#fsa_ShorttermLiabilitiesOtherThanProvisions" xlink:label="ShorttermLiabilitiesOtherThanProvisions" xlink:title="ShorttermLiabilitiesOtherThanProvisions"/>
    <link:presentationArc xlink:type="arc" xlink:arcrole="http://www.xbrl.org/2003/arcrole/parent-child" xlink:from="BalanceSheetUvmRegAbstract" xlink:to="ShorttermLiabilitiesOtherThanProvisions" xlink:title="presentation: BalanceSheetUvmRegAbstract to ShorttermLiabilitiesOtherThanProvisions" order="70.0" preferredLabel="http://xbrl.dcca.dk/role/400.00/BalanceSheetAccountForm"/>
    <link:loc xlink:type="locator" xlink:href="../fsa/fsa.xsd#fsa_Equity" xlink:label="Equity" xlink:title="Equity"/>
    <link:presentationArc xlink:type="arc" xlink:arcrole="http://www.xbrl.org/2003/arcrole/parent-child" xlink:from="BalanceSheetUvmRegAbstract" xlink:to="Equity" xlink:title="presentation: BalanceSheetUvmRegAbstract to Equity" order="40.0"/>
    <link:loc xlink:type="locator" xlink:href="../fsa/fsa.xsd#fsa_CurrentAssets" xlink:label="CurrentAssets" xlink:title="CurrentAssets"/>
    <link:presentationArc xlink:type="arc" xlink:arcrole="http://www.xbrl.org/2003/arcrole/parent-child" xlink:from="BalanceSheetUvmRegAbstract" xlink:to="CurrentAssets" xlink:title="presentation: BalanceSheetUvmRegAbstract to CurrentAssets" order="20.0" preferredLabel="http://xbrl.dcca.dk/role/400.00/BalanceSheetAccountForm"/>
    <link:loc xlink:type="locator" xlink:href="../fsa/fsa.xsd#fsa_NoncurrentAssets" xlink:label="NoncurrentAssets" xlink:title="NoncurrentAssets"/>
    <link:presentationArc xlink:type="arc" xlink:arcrole="http://www.xbrl.org/2003/arcrole/parent-child" xlink:from="BalanceSheetUvmRegAbstract" xlink:to="NoncurrentAssets" xlink:title="presentation: BalanceSheetUvmRegAbstract to NoncurrentAssets" order="10.0" preferredLabel="http://xbrl.dcca.dk/role/400.00/BalanceSheetAccountForm"/>
    <link:loc xlink:type="locator" xlink:href="../fsa/fsa.xsd#fsa_Provisions" xlink:label="Provisions" xlink:title="Provisions"/>
    <link:presentationArc xlink:type="arc" xlink:arcrole="http://www.xbrl.org/2003/arcrole/parent-child" xlink:from="BalanceSheetUvmRegAbstract" xlink:to="Provisions" xlink:title="presentation: BalanceSheetUvmRegAbstract to Provisions" order="50.0"/>
    <link:loc xlink:type="locator" xlink:href="../fsa/fsa.xsd#fsa_IncomeStatementRegAbstract" xlink:label="IncomeStatementRegAbstract" xlink:title="IncomeStatementRegAbstract"/>
    <link:presentationArc xlink:type="arc" xlink:arcrole="http://www.xbrl.org/2003/arcrole/parent-child" xlink:from="InformationOnCalculationOfKeyFiguresAndFinancialRatios" xlink:to="IncomeStatementRegAbstract" xlink:title="presentation: InformationOnCalculationOfKeyFiguresAndFinancialRatios to IncomeStatementRegAbstract" order="10.0"/>
    <link:loc xlink:type="locator" xlink:href="../fsa/fsa.xsd#fsa_Revenue" xlink:label="Revenue" xlink:title="Revenue"/>
    <link:presentationArc xlink:type="arc" xlink:arcrole="http://www.xbrl.org/2003/arcrole/parent-child" xlink:from="IncomeStatementRegAbstract" xlink:to="Revenue" xlink:title="presentation: IncomeStatementRegAbstract to Revenue" order="10.0" preferredLabel="http://uvm.dk/"/>
    <link:loc xlink:type="locator" xlink:href="../fsa/fsa.xsd#fsa_Expenses" xlink:label="Expenses" xlink:title="Expenses"/>
    <link:presentationArc xlink:type="arc" xlink:arcrole="http://www.xbrl.org/2003/arcrole/parent-child" xlink:from="IncomeStatementRegAbstract" xlink:to="Expenses" xlink:title="presentation: IncomeStatementRegAbstract to Expenses" order="30.0"/>
    <link:loc xlink:type="locator" xlink:href="../dst/dst.xsd#dst_ProfitLossBeforeFinancialAndExtraordinaryItems" xlink:label="ProfitLossBeforeFinancialAndExtraordinaryItems" xlink:title="ProfitLossBeforeFinancialAndExtraordinaryItems"/>
    <link:presentationArc xlink:type="arc" xlink:arcrole="http://www.xbrl.org/2003/arcrole/parent-child" xlink:from="IncomeStatementRegAbstract" xlink:to="ProfitLossBeforeFinancialAndExtraordinaryItems" xlink:title="presentation: IncomeStatementRegAbstract to ProfitLossBeforeFinancialAndExtraordinaryItems" order="40.0"/>
    <link:loc xlink:type="locator" xlink:href="../fsa/fsa.xsd#fsa_ProfitLossFromOrdinaryActivitiesBeforeTax" xlink:label="ProfitLossFromOrdinaryActivitiesBeforeTax" xlink:title="ProfitLossFromOrdinaryActivitiesBeforeTax"/>
    <link:presentationArc xlink:type="arc" xlink:arcrole="http://www.xbrl.org/2003/arcrole/parent-child" xlink:from="IncomeStatementRegAbstract" xlink:to="ProfitLossFromOrdinaryActivitiesBeforeTax" xlink:title="presentation: IncomeStatementRegAbstract to ProfitLossFromOrdinaryActivitiesBeforeTax" order="60.0" preferredLabel="http://uvm.dk/"/>
    <link:loc xlink:type="locator" xlink:href="../fsa/fsa.xsd#fsa_ProfitLoss" xlink:label="ProfitLoss" xlink:title="ProfitLoss"/>
    <link:presentationArc xlink:type="arc" xlink:arcrole="http://www.xbrl.org/2003/arcrole/parent-child" xlink:from="IncomeStatementRegAbstract" xlink:to="ProfitLoss" xlink:title="presentation: IncomeStatementRegAbstract to ProfitLoss" order="80.0"/>
    <link:loc xlink:type="locator" xlink:href="../fsa/fsa.xsd#fsa_StateGrants" xlink:label="StateGrants" xlink:title="StateGrants"/>
    <link:presentationArc xlink:type="arc" xlink:arcrole="http://www.xbrl.org/2003/arcrole/parent-child" xlink:from="IncomeStatementRegAbstract" xlink:to="StateGrants" xlink:title="presentation: IncomeStatementRegAbstract to StateGrants" order="5.0"/>
    <link:loc xlink:type="locator" xlink:href="../fsa/fsa.xsd#fsa_ResultsFromNetFinancials" xlink:label="ResultsFromNetFinancials" xlink:title="ResultsFromNetFinancials"/>
    <link:presentationArc xlink:type="arc" xlink:arcrole="http://www.xbrl.org/2003/arcrole/parent-child" xlink:from="IncomeStatementRegAbstract" xlink:to="ResultsFromNetFinancials" xlink:title="presentation: IncomeStatementRegAbstract to ResultsFromNetFinancials" order="50.0" preferredLabel="http://uvm.dk/"/>
    <link:loc xlink:type="locator" xlink:href="../fsa/fsa.xsd#fsa_ResultsFromExtraordinaryItems" xlink:label="ResultsFromExtraordinaryItems" xlink:title="ResultsFromExtraordinaryItems"/>
    <link:presentationArc xlink:type="arc" xlink:arcrole="http://www.xbrl.org/2003/arcrole/parent-child" xlink:from="IncomeStatementRegAbstract" xlink:to="ResultsFromExtraordinaryItems" xlink:title="presentation: IncomeStatementRegAbstract to ResultsFromExtraordinaryItems" order="70.0" preferredLabel="http://uvm.dk/"/>
    <link:presentationArc xlink:type="arc" xlink:arcrole="http://www.xbrl.org/2003/arcrole/parent-child" xlink:from="KeyFiguresAndFinancialRatiosFiveYearsRetrospectiveAbstract" xlink:to="CommonHypercube" xlink:title="presentation: KeyFiguresAndFinancialRatiosFiveYearsRetrospectiveAbstract to CommonHypercube" order="2.0"/>
  </link:presentationLink>
</link:linkbase>
