<?xml version="1.0" encoding="UTF-8"?>
<!-- Generated by Fujitsu Interstage XWand B0251T -->
<?officialURI http://archprod.service.eogs.dk/taxonomy/20211001/mrv/265komb_mrv_pre.xml?>

<?taxonomy-version 1.7.0?>

<link:linkbase xmlns:xsi="http://www.w3.org/2001/XMLSchema-instance" xsi:schemaLocation="http://www.xbrl.org/2003/linkbase http://www.xbrl.org/2003/xbrl-linkbase-2003-12-31.xsd" xmlns:link="http://www.xbrl.org/2003/linkbase" xmlns:entry="http://xbrl.dcca.dk/entryBalanceSheetAccountByCurrentAndLongTermFormIncomeStatementByNature" xmlns:xlink="http://www.w3.org/1999/xlink" xmlns:xbrli="http://www.xbrl.org/2003/instance">
  <link:roleRef roleURI="http://uvm.dk/" xlink:type="simple" xlink:href="../cmn.xsd#uvm_Uvm"/>
  <link:roleRef roleURI="http://uvm.dk/Sk" xlink:type="simple" xlink:href="../fsa/fsa.xsd#uvm_Uvm_Sk"/>
  <link:roleRef roleURI="http://xbrl.dcca.dk/role/265.00/KeyFiguresAndFinancialRatiosUvmKomb" xlink:type="simple" xlink:href="mrv.xsd#mrv_RoleKeyFiguresAndFinancialRatiosUvmKomb"/>
  <link:roleRef roleURI="http://uvm.dk/sk" xlink:type="simple" xlink:href="mrv.xsd#RT_1"/>
  <link:roleRef roleURI="http://xbrl.dcca.dk/role/250.00/ManagementsReviewUvmReg" xlink:type="simple" xlink:href="mrv.xsd#mrv_RoleManagementsReviewUvmReg"/>
  <link:presentationLink xlink:type="extended" xlink:role="http://xbrl.dcca.dk/role/265.00/KeyFiguresAndFinancialRatiosUvmKomb">
    <link:loc xlink:type="locator" xlink:href="../cmn.xsd#cmn_CommonHypercube" xlink:label="CommonHypercube"/>
    <link:loc xlink:type="locator" xlink:href="../cmn.xsd#cmn_ConsolidatedSoloDimension" xlink:label="ConsolidatedSoloDimension"/>
    <link:presentationArc xlink:type="arc" xlink:arcrole="http://www.xbrl.org/2003/arcrole/parent-child" xlink:from="CommonHypercube" xlink:to="ConsolidatedSoloDimension" xlink:title="presentation: CommonHypercube to ConsolidatedSoloDimension" order="1.0"/>
    <link:loc xlink:type="locator" xlink:href="../cmn.xsd#cmn_ConsolidatedMember" xlink:label="ConsolidatedMember"/>
    <link:presentationArc xlink:type="arc" xlink:arcrole="http://www.xbrl.org/2003/arcrole/parent-child" xlink:from="ConsolidatedSoloDimension" xlink:to="ConsolidatedMember" xlink:title="presentation: ConsolidatedSoloDimension to ConsolidatedMember" order="1.0"/>
    <link:loc xlink:type="locator" xlink:href="../cmn.xsd#cmn_SoloMember" xlink:label="SoloMember"/>
    <link:presentationArc xlink:type="arc" xlink:arcrole="http://www.xbrl.org/2003/arcrole/parent-child" xlink:from="ConsolidatedSoloDimension" xlink:to="SoloMember" xlink:title="presentation: ConsolidatedSoloDimension to SoloMember" order="2.0"/>
    <link:loc xlink:type="locator" xlink:href="mrv.xsd#mrv_FTEsEmployedTeachers" xlink:label="FTEsEmployedTeachers" xlink:title="FTEsEmployedTeachers"/>
    <link:loc xlink:type="locator" xlink:href="mrv.xsd#mrv_FTEsEmployedTeachersFolkSchools" xlink:label="FTEsEmployedTeachersFolkSchools" xlink:title="FTEsEmployedTeachersFolkSchools"/>
    <link:presentationArc xlink:type="arc" xlink:arcrole="http://www.xbrl.org/2003/arcrole/parent-child" xlink:from="FTEsEmployedTeachers" xlink:to="FTEsEmployedTeachersFolkSchools" xlink:title="presentation: FTEsEmployedTeachers to FTEsEmployedTeachersFolkSchools" order="1.0"/>
    <link:loc xlink:type="locator" xlink:href="mrv.xsd#mrv_InformationOnCalculationOfKeyFiguresAndFinancialRatios" xlink:label="InformationOnCalculationOfKeyFiguresAndFinancialRatios" xlink:title="InformationOnCalculationOfKeyFiguresAndFinancialRatios"/>
    <link:loc xlink:type="locator" xlink:href="mrv.xsd#mrv_ContinuationSchoolsAbstract" xlink:label="ContinuationSchoolsAbstract" xlink:title="ContinuationSchoolsAbstract"/>
    <link:presentationArc xlink:type="arc" xlink:arcrole="http://www.xbrl.org/2003/arcrole/parent-child" xlink:from="InformationOnCalculationOfKeyFiguresAndFinancialRatios" xlink:to="ContinuationSchoolsAbstract" xlink:title="presentation: InformationOnCalculationOfKeyFiguresAndFinancialRatios to ContinuationSchoolsAbstract" order="10.0"/>
    <link:loc xlink:type="locator" xlink:href="mrv.xsd#mrv_FTEsStudentsContinuationSchools" xlink:label="FTEsStudentsContinuationSchools" xlink:title="FTEsStudentsContinuationSchools"/>
    <link:presentationArc xlink:type="arc" xlink:arcrole="http://www.xbrl.org/2003/arcrole/parent-child" xlink:from="ContinuationSchoolsAbstract" xlink:to="FTEsStudentsContinuationSchools" xlink:title="presentation: ContinuationSchoolsAbstract to FTEsStudentsContinuationSchools" order="1.0"/>
    <link:loc xlink:type="locator" xlink:href="mrv.xsd#mrv_FTEsStudentsIncludingBoardingContinuationSchools" xlink:label="FTEsStudentsIncludingBoardingContinuationSchools" xlink:title="FTEsStudentsIncludingBoardingContinuationSchools"/>
    <link:presentationArc xlink:type="arc" xlink:arcrole="http://www.xbrl.org/2003/arcrole/parent-child" xlink:from="ContinuationSchoolsAbstract" xlink:to="FTEsStudentsIncludingBoardingContinuationSchools" xlink:title="presentation: ContinuationSchoolsAbstract to FTEsStudentsIncludingBoardingContinuationSchools" order="2.0"/>
    <link:loc xlink:type="locator" xlink:href="mrv.xsd#mrv_FTEsStudentsinSchoolYearEndingInReportingPeriodContinuationSchools" xlink:label="FTEsStudentsinSchoolYearEndingInReportingPeriodContinuationSchools" xlink:title="FTEsStudentsinSchoolYearEndingInReportingPeriodContinuationSchools"/>
    <link:presentationArc xlink:type="arc" xlink:arcrole="http://www.xbrl.org/2003/arcrole/parent-child" xlink:from="ContinuationSchoolsAbstract" xlink:to="FTEsStudentsinSchoolYearEndingInReportingPeriodContinuationSchools" xlink:title="presentation: ContinuationSchoolsAbstract to FTEsStudentsinSchoolYearEndingInReportingPeriodContinuationSchools" order="3.0"/>
    <link:loc xlink:type="locator" xlink:href="mrv.xsd#mrv_GrossTuitionFeesPerFTEContinuationSchools" xlink:label="GrossTuitionFeesPerFTEContinuationSchools" xlink:title="GrossTuitionFeesPerFTEContinuationSchools"/>
    <link:presentationArc xlink:type="arc" xlink:arcrole="http://www.xbrl.org/2003/arcrole/parent-child" xlink:from="ContinuationSchoolsAbstract" xlink:to="GrossTuitionFeesPerFTEContinuationSchools" xlink:title="presentation: ContinuationSchoolsAbstract to GrossTuitionFeesPerFTEContinuationSchools" order="4.0"/>
    <link:loc xlink:type="locator" xlink:href="mrv.xsd#mrv_FreeVocationalSchoolsAbstract" xlink:label="FreeVocationalSchoolsAbstract" xlink:title="FreeVocationalSchoolsAbstract"/>
    <link:presentationArc xlink:type="arc" xlink:arcrole="http://www.xbrl.org/2003/arcrole/parent-child" xlink:from="InformationOnCalculationOfKeyFiguresAndFinancialRatios" xlink:to="FreeVocationalSchoolsAbstract" xlink:title="presentation: InformationOnCalculationOfKeyFiguresAndFinancialRatios to FreeVocationalSchoolsAbstract" order="20.0"/>
    <link:loc xlink:type="locator" xlink:href="mrv.xsd#mrv_FTEsStudentsIndependentVocationalSchools" xlink:label="FTEsStudentsIndependentVocationalSchools" xlink:title="FTEsStudentsIndependentVocationalSchools"/>
    <link:presentationArc xlink:type="arc" xlink:arcrole="http://www.xbrl.org/2003/arcrole/parent-child" xlink:from="FreeVocationalSchoolsAbstract" xlink:to="FTEsStudentsIndependentVocationalSchools" xlink:title="presentation: FreeVocationalSchoolsAbstract to FTEsStudentsIndependentVocationalSchools" order="1.0"/>
    <link:loc xlink:type="locator" xlink:href="mrv.xsd#mrv_FTEsStudentsIncludingBoardingIndependentVocationalSchools" xlink:label="FTEsStudentsIncludingBoardingIndependentVocationalSchools" xlink:title="FTEsStudentsIncludingBoardingIndependentVocationalSchools"/>
    <link:presentationArc xlink:type="arc" xlink:arcrole="http://www.xbrl.org/2003/arcrole/parent-child" xlink:from="FreeVocationalSchoolsAbstract" xlink:to="FTEsStudentsIncludingBoardingIndependentVocationalSchools" xlink:title="presentation: FreeVocationalSchoolsAbstract to FTEsStudentsIncludingBoardingIndependentVocationalSchools" order="2.0"/>
    <link:loc xlink:type="locator" xlink:href="mrv.xsd#mrv_FTEsStudentsInSchoolYearEndingInReportingIeriodIndependentVocationalSchools" xlink:label="FTEsStudentsInSchoolYearEndingInReportingIeriodIndependentVocationalSchools" xlink:title="FTEsStudentsInSchoolYearEndingInReportingIeriodIndependentVocationalSchools"/>
    <link:presentationArc xlink:type="arc" xlink:arcrole="http://www.xbrl.org/2003/arcrole/parent-child" xlink:from="FreeVocationalSchoolsAbstract" xlink:to="FTEsStudentsInSchoolYearEndingInReportingIeriodIndependentVocationalSchools" xlink:title="presentation: FreeVocationalSchoolsAbstract to FTEsStudentsInSchoolYearEndingInReportingIeriodIndependentVocationalSchools" order="3.0"/>
    <link:loc xlink:type="locator" xlink:href="mrv.xsd#mrv_GrossTuitionFeesPerFTEIndependentVocationalSchools" xlink:label="GrossTuitionFeesPerFTEIndependentVocationalSchools" xlink:title="GrossTuitionFeesPerFTEIndependentVocationalSchools"/>
    <link:presentationArc xlink:type="arc" xlink:arcrole="http://www.xbrl.org/2003/arcrole/parent-child" xlink:from="FreeVocationalSchoolsAbstract" xlink:to="GrossTuitionFeesPerFTEIndependentVocationalSchools" xlink:title="presentation: FreeVocationalSchoolsAbstract to GrossTuitionFeesPerFTEIndependentVocationalSchools" order="4.0"/>
    <link:loc xlink:type="locator" xlink:href="mrv.xsd#mrv_IndependentBasicSchoolsAbstract" xlink:label="IndependentBasicSchoolsAbstract" xlink:title="IndependentBasicSchoolsAbstract"/>
    <link:presentationArc xlink:type="arc" xlink:arcrole="http://www.xbrl.org/2003/arcrole/parent-child" xlink:from="InformationOnCalculationOfKeyFiguresAndFinancialRatios" xlink:to="IndependentBasicSchoolsAbstract" xlink:title="presentation: InformationOnCalculationOfKeyFiguresAndFinancialRatios to IndependentBasicSchoolsAbstract" order="30.0"/>
    <link:loc xlink:type="locator" xlink:href="mrv.xsd#mrv_PupilsInBasicSchoolBy5thOfSeptember" xlink:label="PupilsInBasicSchoolBy5thOfSeptember" xlink:title="PupilsInBasicSchoolBy5thOfSeptember"/>
    <link:presentationArc xlink:type="arc" xlink:arcrole="http://www.xbrl.org/2003/arcrole/parent-child" xlink:from="IndependentBasicSchoolsAbstract" xlink:to="PupilsInBasicSchoolBy5thOfSeptember" xlink:title="presentation: IndependentBasicSchoolsAbstract to PupilsInBasicSchoolBy5thOfSeptember" order="1.0"/>
    <link:loc xlink:type="locator" xlink:href="mrv.xsd#mrv_Pupils03GradeInSchoolbasedLeisureTimeFacilitiesBy5thOfSeptemberIndependentBasicSchools" xlink:label="Pupils03GradeInSchoolbasedLeisureTimeFacilitiesBy5thOfSeptemberIndependentBasicSchools" xlink:title="Pupils03GradeInSchoolbasedLeisureTimeFacilitiesBy5thOfSeptemberIndependentBasicSchools"/>
    <link:presentationArc xlink:type="arc" xlink:arcrole="http://www.xbrl.org/2003/arcrole/parent-child" xlink:from="IndependentBasicSchoolsAbstract" xlink:to="Pupils03GradeInSchoolbasedLeisureTimeFacilitiesBy5thOfSeptemberIndependentBasicSchools" xlink:title="presentation: IndependentBasicSchoolsAbstract to Pupils03GradeInSchoolbasedLeisureTimeFacilitiesBy5thOfSeptemberIndependentBasicSchools" order="2.0"/>
    <link:loc xlink:type="locator" xlink:href="mrv.xsd#mrv_PupilsInBoardingBy5thOfSeptemberIndependentBasicSchools" xlink:label="PupilsInBoardingBy5thOfSeptemberIndependentBasicSchools" xlink:title="PupilsInBoardingBy5thOfSeptemberIndependentBasicSchools"/>
    <link:presentationArc xlink:type="arc" xlink:arcrole="http://www.xbrl.org/2003/arcrole/parent-child" xlink:from="IndependentBasicSchoolsAbstract" xlink:to="PupilsInBoardingBy5thOfSeptemberIndependentBasicSchools" xlink:title="presentation: IndependentBasicSchoolsAbstract to PupilsInBoardingBy5thOfSeptemberIndependentBasicSchools" order="3.0"/>
    <link:loc xlink:type="locator" xlink:href="mrv.xsd#mrv_FTEsSstudentsIndependentBasicSchools" xlink:label="FTEsSstudentsIndependentBasicSchools" xlink:title="FTEsSstudentsIndependentBasicSchools"/>
    <link:presentationArc xlink:type="arc" xlink:arcrole="http://www.xbrl.org/2003/arcrole/parent-child" xlink:from="IndependentBasicSchoolsAbstract" xlink:to="FTEsSstudentsIndependentBasicSchools" xlink:title="presentation: IndependentBasicSchoolsAbstract to FTEsSstudentsIndependentBasicSchools" order="4.0"/>
    <link:loc xlink:type="locator" xlink:href="mrv.xsd#mrv_FTEsStudents03GradeInSchoolbasedLeisureTimeFacilitiesInReportingPeriodIndependentBasicSchools" xlink:label="FTEsStudents03GradeInSchoolbasedLeisureTimeFacilitiesInReportingPeriodIndependentBasicSchools" xlink:title="FTEsStudents03GradeInSchoolbasedLeisureTimeFacilitiesInReportingPeriodIndependentBasicSchools"/>
    <link:presentationArc xlink:type="arc" xlink:arcrole="http://www.xbrl.org/2003/arcrole/parent-child" xlink:from="IndependentBasicSchoolsAbstract" xlink:to="FTEsStudents03GradeInSchoolbasedLeisureTimeFacilitiesInReportingPeriodIndependentBasicSchools" xlink:title="presentation: IndependentBasicSchoolsAbstract to FTEsStudents03GradeInSchoolbasedLeisureTimeFacilitiesInReportingPeriodIndependentBasicSchools" order="5.0"/>
    <link:loc xlink:type="locator" xlink:href="mrv.xsd#mrv_AverageFTEsStudents4GradeOrHigherInSchoolbasedLeisureTimeFacilitiesInReportingPeriodIndependentBasicSchools" xlink:label="AverageFTEsStudents4GradeOrHigherInSchoolbasedLeisureTimeFacilitiesInReportingPeriodIndependentBasicSchools" xlink:title="AverageFTEsStudents4GradeOrHigherInSchoolbasedLeisureTimeFacilitiesInReportingPeriodIndependentBasicSchools"/>
    <link:presentationArc xlink:type="arc" xlink:arcrole="http://www.xbrl.org/2003/arcrole/parent-child" xlink:from="IndependentBasicSchoolsAbstract" xlink:to="AverageFTEsStudents4GradeOrHigherInSchoolbasedLeisureTimeFacilitiesInReportingPeriodIndependentBasicSchools" xlink:title="presentation: IndependentBasicSchoolsAbstract to AverageFTEsStudents4GradeOrHigherInSchoolbasedLeisureTimeFacilitiesInReportingPeriodIndependentBasicSchools" order="6.0"/>
    <link:loc xlink:type="locator" xlink:href="mrv.xsd#mrv_FTEsStudentsInSchoolbasedLeisureTimeFacilitiesInReportingPeriodIndependentBasicSchools" xlink:label="FTEsStudentsInSchoolbasedLeisureTimeFacilitiesInReportingPeriodIndependentBasicSchools" xlink:title="FTEsStudentsInSchoolbasedLeisureTimeFacilitiesInReportingPeriodIndependentBasicSchools"/>
    <link:presentationArc xlink:type="arc" xlink:arcrole="http://www.xbrl.org/2003/arcrole/parent-child" xlink:from="IndependentBasicSchoolsAbstract" xlink:to="FTEsStudentsInSchoolbasedLeisureTimeFacilitiesInReportingPeriodIndependentBasicSchools" xlink:title="presentation: IndependentBasicSchoolsAbstract to FTEsStudentsInSchoolbasedLeisureTimeFacilitiesInReportingPeriodIndependentBasicSchools" order="7.0"/>
    <link:loc xlink:type="locator" xlink:href="mrv.xsd#mrv_FTEsStudentsIncludingBoardingIndependentBasicSchools" xlink:label="FTEsStudentsIncludingBoardingIndependentBasicSchools" xlink:title="FTEsStudentsIncludingBoardingIndependentBasicSchools"/>
    <link:presentationArc xlink:type="arc" xlink:arcrole="http://www.xbrl.org/2003/arcrole/parent-child" xlink:from="IndependentBasicSchoolsAbstract" xlink:to="FTEsStudentsIncludingBoardingIndependentBasicSchools" xlink:title="presentation: IndependentBasicSchoolsAbstract to FTEsStudentsIncludingBoardingIndependentBasicSchools" order="8.0"/>
    <link:loc xlink:type="locator" xlink:href="mrv.xsd#mrv_AverageFTEsStudentsInDayCareFacilities" xlink:label="AverageFTEsStudentsInDayCareFacilities" xlink:title="AverageFTEsStudentsInDayCareFacilities"/>
    <link:presentationArc xlink:type="arc" xlink:arcrole="http://www.xbrl.org/2003/arcrole/parent-child" xlink:from="IndependentBasicSchoolsAbstract" xlink:to="AverageFTEsStudentsInDayCareFacilities" xlink:title="presentation: IndependentBasicSchoolsAbstract to AverageFTEsStudentsInDayCareFacilities" order="9.0"/>
    <link:loc xlink:type="locator" xlink:href="mrv.xsd#mrv_TuitionFeesPerFTEIncludingContributionToReduceTuitionFees" xlink:label="TuitionFeesPerFTEIncludingContributionToReduceTuitionFees" xlink:title="TuitionFeesPerFTEIncludingContributionToReduceTuitionFees"/>
    <link:presentationArc xlink:type="arc" xlink:arcrole="http://www.xbrl.org/2003/arcrole/parent-child" xlink:from="IndependentBasicSchoolsAbstract" xlink:to="TuitionFeesPerFTEIncludingContributionToReduceTuitionFees" xlink:title="presentation: IndependentBasicSchoolsAbstract to TuitionFeesPerFTEIncludingContributionToReduceTuitionFees" order="10.0"/>
    <link:loc xlink:type="locator" xlink:href="mrv.xsd#mrv_AfterschoolRecreationActivitiesPerFTEsStudentsIndependentBasicSchools" xlink:label="AfterschoolRecreationActivitiesPerFTEsStudentsIndependentBasicSchools" xlink:title="AfterschoolRecreationActivitiesPerFTEsStudentsIndependentBasicSchools"/>
    <link:presentationArc xlink:type="arc" xlink:arcrole="http://www.xbrl.org/2003/arcrole/parent-child" xlink:from="IndependentBasicSchoolsAbstract" xlink:to="AfterschoolRecreationActivitiesPerFTEsStudentsIndependentBasicSchools" xlink:title="presentation: IndependentBasicSchoolsAbstract to AfterschoolRecreationActivitiesPerFTEsStudentsIndependentBasicSchools" order="11.0"/>
    <link:loc xlink:type="locator" xlink:href="mrv.xsd#mrv_PaymentForAccommodationPerFTEsStudentsIndependentBasicSchools" xlink:label="PaymentForAccommodationPerFTEsStudentsIndependentBasicSchools" xlink:title="PaymentForAccommodationPerFTEsStudentsIndependentBasicSchools"/>
    <link:presentationArc xlink:type="arc" xlink:arcrole="http://www.xbrl.org/2003/arcrole/parent-child" xlink:from="IndependentBasicSchoolsAbstract" xlink:to="PaymentForAccommodationPerFTEsStudentsIndependentBasicSchools" xlink:title="presentation: IndependentBasicSchoolsAbstract to PaymentForAccommodationPerFTEsStudentsIndependentBasicSchools" order="12.0"/>
    <link:loc xlink:type="locator" xlink:href="mrv.xsd#mrv_TuitionDayCareFacilitiesPerFTEsStudentsIndependentBasicSchools" xlink:label="TuitionDayCareFacilitiesPerFTEsStudentsIndependentBasicSchools" xlink:title="TuitionDayCareFacilitiesPerFTEsStudentsIndependentBasicSchools"/>
    <link:presentationArc xlink:type="arc" xlink:arcrole="http://www.xbrl.org/2003/arcrole/parent-child" xlink:from="IndependentBasicSchoolsAbstract" xlink:to="TuitionDayCareFacilitiesPerFTEsStudentsIndependentBasicSchools" xlink:title="presentation: IndependentBasicSchoolsAbstract to TuitionDayCareFacilitiesPerFTEsStudentsIndependentBasicSchools" order="13.0"/>
    <link:loc xlink:type="locator" xlink:href="mrv.xsd#mrv_FTEStudentsPerFTEsEmployedTeachersIndependentBasicSchools" xlink:label="FTEStudentsPerFTEsEmployedTeachersIndependentBasicSchools" xlink:title="FTEStudentsPerFTEsEmployedTeachersIndependentBasicSchools"/>
    <link:presentationArc xlink:type="arc" xlink:arcrole="http://www.xbrl.org/2003/arcrole/parent-child" xlink:from="IndependentBasicSchoolsAbstract" xlink:to="FTEStudentsPerFTEsEmployedTeachersIndependentBasicSchools" xlink:title="presentation: IndependentBasicSchoolsAbstract to FTEStudentsPerFTEsEmployedTeachersIndependentBasicSchools" order="14.0"/>
    <link:loc xlink:type="locator" xlink:href="mrv.xsd#mrv_FTEsSchoolbasedLeisureTimeFacilities" xlink:label="FTEsSchoolbasedLeisureTimeFacilities" xlink:title="FTEsSchoolbasedLeisureTimeFacilities"/>
    <link:presentationArc xlink:type="arc" xlink:arcrole="http://www.xbrl.org/2003/arcrole/parent-child" xlink:from="IndependentBasicSchoolsAbstract" xlink:to="FTEsSchoolbasedLeisureTimeFacilities" xlink:title="presentation: IndependentBasicSchoolsAbstract to FTEsSchoolbasedLeisureTimeFacilities" order="15.0"/>
    <link:loc xlink:type="locator" xlink:href="mrv.xsd#mrv_FTEsDayCareFacilities" xlink:label="FTEsDayCareFacilities" xlink:title="FTEsDayCareFacilities"/>
    <link:presentationArc xlink:type="arc" xlink:arcrole="http://www.xbrl.org/2003/arcrole/parent-child" xlink:from="IndependentBasicSchoolsAbstract" xlink:to="FTEsDayCareFacilities" xlink:title="presentation: IndependentBasicSchoolsAbstract to FTEsDayCareFacilities" order="16.0"/>
    <link:loc xlink:type="locator" xlink:href="mrv.xsd#mrv_FTEStudentsPerFTEsEmployedInAfterschoolRecreationActivities" xlink:label="FTEStudentsPerFTEsEmployedInAfterschoolRecreationActivities" xlink:title="FTEStudentsPerFTEsEmployedInAfterschoolRecreationActivities"/>
    <link:presentationArc xlink:type="arc" xlink:arcrole="http://www.xbrl.org/2003/arcrole/parent-child" xlink:from="IndependentBasicSchoolsAbstract" xlink:to="FTEStudentsPerFTEsEmployedInAfterschoolRecreationActivities" xlink:title="presentation: IndependentBasicSchoolsAbstract to FTEStudentsPerFTEsEmployedInAfterschoolRecreationActivities" order="17.0"/>
    <link:loc xlink:type="locator" xlink:href="mrv.xsd#mrv_WagesAndSalariesExpensesFTEsStudentsInSchoolbasedLeisureTimeFacilities" xlink:label="WagesAndSalariesExpensesFTEsStudentsInSchoolbasedLeisureTimeFacilities" xlink:title="WagesAndSalariesExpensesFTEsStudentsInSchoolbasedLeisureTimeFacilities"/>
    <link:presentationArc xlink:type="arc" xlink:arcrole="http://www.xbrl.org/2003/arcrole/parent-child" xlink:from="IndependentBasicSchoolsAbstract" xlink:to="WagesAndSalariesExpensesFTEsStudentsInSchoolbasedLeisureTimeFacilities" xlink:title="presentation: IndependentBasicSchoolsAbstract to WagesAndSalariesExpensesFTEsStudentsInSchoolbasedLeisureTimeFacilities" order="18.0"/>
    <link:loc xlink:type="locator" xlink:href="mrv.xsd#mrv_WagesAndSalariesExpenseDayCareFacilitiesPerFTEsStudentsIndependentBasicSchools" xlink:label="WagesAndSalariesExpenseDayCareFacilitiesPerFTEsStudentsIndependentBasicSchools" xlink:title="WagesAndSalariesExpenseDayCareFacilitiesPerFTEsStudentsIndependentBasicSchools"/>
    <link:presentationArc xlink:type="arc" xlink:arcrole="http://www.xbrl.org/2003/arcrole/parent-child" xlink:from="IndependentBasicSchoolsAbstract" xlink:to="WagesAndSalariesExpenseDayCareFacilitiesPerFTEsStudentsIndependentBasicSchools" xlink:title="presentation: IndependentBasicSchoolsAbstract to WagesAndSalariesExpenseDayCareFacilitiesPerFTEsStudentsIndependentBasicSchools" order="19.0"/>
    <link:loc xlink:type="locator" xlink:href="mrv.xsd#mrv_ExpensesPerFTEsStudentsInSchoolbasedLeisureTimeFacilities" xlink:label="ExpensesPerFTEsStudentsInSchoolbasedLeisureTimeFacilities" xlink:title="ExpensesPerFTEsStudentsInSchoolbasedLeisureTimeFacilities"/>
    <link:presentationArc xlink:type="arc" xlink:arcrole="http://www.xbrl.org/2003/arcrole/parent-child" xlink:from="IndependentBasicSchoolsAbstract" xlink:to="ExpensesPerFTEsStudentsInSchoolbasedLeisureTimeFacilities" xlink:title="presentation: IndependentBasicSchoolsAbstract to ExpensesPerFTEsStudentsInSchoolbasedLeisureTimeFacilities" order="20.0"/>
    <link:loc xlink:type="locator" xlink:href="mrv.xsd#mrv_ExpensesPerAverageFTEsStudentsInDayCareFacilities" xlink:label="ExpensesPerAverageFTEsStudentsInDayCareFacilities" xlink:title="ExpensesPerAverageFTEsStudentsInDayCareFacilities"/>
    <link:presentationArc xlink:type="arc" xlink:arcrole="http://www.xbrl.org/2003/arcrole/parent-child" xlink:from="IndependentBasicSchoolsAbstract" xlink:to="ExpensesPerAverageFTEsStudentsInDayCareFacilities" xlink:title="presentation: IndependentBasicSchoolsAbstract to ExpensesPerAverageFTEsStudentsInDayCareFacilities" order="21.0"/>
    <link:loc xlink:type="locator" xlink:href="mrv.xsd#mrv_PrivateUpperSecondarySchoolsAbstract" xlink:label="PrivateUpperSecondarySchoolsAbstract" xlink:title="PrivateUpperSecondarySchoolsAbstract"/>
    <link:presentationArc xlink:type="arc" xlink:arcrole="http://www.xbrl.org/2003/arcrole/parent-child" xlink:from="InformationOnCalculationOfKeyFiguresAndFinancialRatios" xlink:to="PrivateUpperSecondarySchoolsAbstract" xlink:title="presentation: InformationOnCalculationOfKeyFiguresAndFinancialRatios to PrivateUpperSecondarySchoolsAbstract" order="40.0"/>
    <link:loc xlink:type="locator" xlink:href="mrv.xsd#mrv_FTEsStudentsFulltimeEducationInReportingPeriod" xlink:label="FTEsStudentsFulltimeEducationInReportingPeriod" xlink:title="FTEsStudentsFulltimeEducationInReportingPeriod"/>
    <link:presentationArc xlink:type="arc" xlink:arcrole="http://www.xbrl.org/2003/arcrole/parent-child" xlink:from="PrivateUpperSecondarySchoolsAbstract" xlink:to="FTEsStudentsFulltimeEducationInReportingPeriod" xlink:title="presentation: PrivateUpperSecondarySchoolsAbstract to FTEsStudentsFulltimeEducationInReportingPeriod" order="1.0"/>
    <link:loc xlink:type="locator" xlink:href="mrv.xsd#mrv_FTEsStudentsSinglecourseInReportingPeriod" xlink:label="FTEsStudentsSinglecourseInReportingPeriod" xlink:title="FTEsStudentsSinglecourseInReportingPeriod"/>
    <link:presentationArc xlink:type="arc" xlink:arcrole="http://www.xbrl.org/2003/arcrole/parent-child" xlink:from="PrivateUpperSecondarySchoolsAbstract" xlink:to="FTEsStudentsSinglecourseInReportingPeriod" xlink:title="presentation: PrivateUpperSecondarySchoolsAbstract to FTEsStudentsSinglecourseInReportingPeriod" order="2.0"/>
    <link:loc xlink:type="locator" xlink:href="mrv.xsd#mrv_FTEsStudentsPrivateUpperSecondarySchools" xlink:label="FTEsStudentsPrivateUpperSecondarySchools" xlink:title="FTEsStudentsPrivateUpperSecondarySchools"/>
    <link:presentationArc xlink:type="arc" xlink:arcrole="http://www.xbrl.org/2003/arcrole/parent-child" xlink:from="PrivateUpperSecondarySchoolsAbstract" xlink:to="FTEsStudentsPrivateUpperSecondarySchools" xlink:title="presentation: PrivateUpperSecondarySchoolsAbstract to FTEsStudentsPrivateUpperSecondarySchools" order="3.0"/>
    <link:loc xlink:type="locator" xlink:href="mrv.xsd#mrv_FTEsStudentsIncludingBoardingPrivateUpperSecondarySchools" xlink:label="FTEsStudentsIncludingBoardingPrivateUpperSecondarySchools" xlink:title="FTEsStudentsIncludingBoardingPrivateUpperSecondarySchools"/>
    <link:presentationArc xlink:type="arc" xlink:arcrole="http://www.xbrl.org/2003/arcrole/parent-child" xlink:from="PrivateUpperSecondarySchoolsAbstract" xlink:to="FTEsStudentsIncludingBoardingPrivateUpperSecondarySchools" xlink:title="presentation: PrivateUpperSecondarySchoolsAbstract to FTEsStudentsIncludingBoardingPrivateUpperSecondarySchools" order="4.0"/>
    <link:loc xlink:type="locator" xlink:href="mrv.xsd#mrv_TuitionFeesPerFTEPrivateUpperSecondarySchools" xlink:label="TuitionFeesPerFTEPrivateUpperSecondarySchools" xlink:title="TuitionFeesPerFTEPrivateUpperSecondarySchools"/>
    <link:presentationArc xlink:type="arc" xlink:arcrole="http://www.xbrl.org/2003/arcrole/parent-child" xlink:from="PrivateUpperSecondarySchoolsAbstract" xlink:to="TuitionFeesPerFTEPrivateUpperSecondarySchools" xlink:title="presentation: PrivateUpperSecondarySchoolsAbstract to TuitionFeesPerFTEPrivateUpperSecondarySchools" order="5.0"/>
    <link:loc xlink:type="locator" xlink:href="mrv.xsd#mrv_PaymentForAccommodationPerFTEStudentsPrivateUpperSecondarySchools" xlink:label="PaymentForAccommodationPerFTEStudentsPrivateUpperSecondarySchools" xlink:title="PaymentForAccommodationPerFTEStudentsPrivateUpperSecondarySchools"/>
    <link:presentationArc xlink:type="arc" xlink:arcrole="http://www.xbrl.org/2003/arcrole/parent-child" xlink:from="PrivateUpperSecondarySchoolsAbstract" xlink:to="PaymentForAccommodationPerFTEStudentsPrivateUpperSecondarySchools" xlink:title="presentation: PrivateUpperSecondarySchoolsAbstract to PaymentForAccommodationPerFTEStudentsPrivateUpperSecondarySchools" order="6.0"/>
    <link:loc xlink:type="locator" xlink:href="mrv.xsd#mrv_FolkSchoolsAbstract" xlink:label="FolkSchoolsAbstract" xlink:title="FolkSchoolsAbstract"/>
    <link:presentationArc xlink:type="arc" xlink:arcrole="http://www.xbrl.org/2003/arcrole/parent-child" xlink:from="InformationOnCalculationOfKeyFiguresAndFinancialRatios" xlink:to="FolkSchoolsAbstract" xlink:title="presentation: InformationOnCalculationOfKeyFiguresAndFinancialRatios to FolkSchoolsAbstract" order="50.0"/>
    <link:loc xlink:type="locator" xlink:href="mrv.xsd#mrv_FTEsStudentsFolkSchools" xlink:label="FTEsStudentsFolkSchools" xlink:title="FTEsStudentsFolkSchools"/>
    <link:presentationArc xlink:type="arc" xlink:arcrole="http://www.xbrl.org/2003/arcrole/parent-child" xlink:from="FolkSchoolsAbstract" xlink:to="FTEsStudentsFolkSchools" xlink:title="presentation: FolkSchoolsAbstract to FTEsStudentsFolkSchools" order="1.0"/>
    <link:loc xlink:type="locator" xlink:href="mrv.xsd#mrv_FTEsStudentsIncludingBoardingFolkSchools" xlink:label="FTEsStudentsIncludingBoardingFolkSchools" xlink:title="FTEsStudentsIncludingBoardingFolkSchools"/>
    <link:presentationArc xlink:type="arc" xlink:arcrole="http://www.xbrl.org/2003/arcrole/parent-child" xlink:from="FolkSchoolsAbstract" xlink:to="FTEsStudentsIncludingBoardingFolkSchools" xlink:title="presentation: FolkSchoolsAbstract to FTEsStudentsIncludingBoardingFolkSchools" order="2.0"/>
    <link:loc xlink:type="locator" xlink:href="mrv.xsd#mrv_FTEsStudentsInSchoolYearEndingInReportingPeriodFolkSchools" xlink:label="FTEsStudentsInSchoolYearEndingInReportingPeriodFolkSchools" xlink:title="FTEsStudentsInSchoolYearEndingInReportingPeriodFolkSchools"/>
    <link:presentationArc xlink:type="arc" xlink:arcrole="http://www.xbrl.org/2003/arcrole/parent-child" xlink:from="FolkSchoolsAbstract" xlink:to="FTEsStudentsInSchoolYearEndingInReportingPeriodFolkSchools" xlink:title="presentation: FolkSchoolsAbstract to FTEsStudentsInSchoolYearEndingInReportingPeriodFolkSchools" order="3.0"/>
    <link:loc xlink:type="locator" xlink:href="mrv.xsd#mrv_GrossTuitionFeesPerFTEFolkSchools" xlink:label="GrossTuitionFeesPerFTEFolkSchools" xlink:title="GrossTuitionFeesPerFTEFolkSchools"/>
    <link:presentationArc xlink:type="arc" xlink:arcrole="http://www.xbrl.org/2003/arcrole/parent-child" xlink:from="FolkSchoolsAbstract" xlink:to="GrossTuitionFeesPerFTEFolkSchools" xlink:title="presentation: FolkSchoolsAbstract to GrossTuitionFeesPerFTEFolkSchools" order="4.0"/>
    <link:loc xlink:type="locator" xlink:href="mrv.xsd#mrv_SharedAbstract" xlink:label="SharedAbstract" xlink:title="SharedAbstract"/>
    <link:presentationArc xlink:type="arc" xlink:arcrole="http://www.xbrl.org/2003/arcrole/parent-child" xlink:from="InformationOnCalculationOfKeyFiguresAndFinancialRatios" xlink:to="SharedAbstract" xlink:title="presentation: InformationOnCalculationOfKeyFiguresAndFinancialRatios to SharedAbstract" order="60.0"/>
    <link:loc xlink:type="locator" xlink:href="mrv.xsd#mrv_FtesStudents" xlink:label="FtesStudents" xlink:title="FtesStudents"/>
    <link:presentationArc xlink:type="arc" xlink:arcrole="http://www.xbrl.org/2003/arcrole/parent-child" xlink:from="SharedAbstract" xlink:to="FtesStudents" xlink:title="presentation: SharedAbstract to FtesStudents" order="1.0" preferredLabel="http://www.xbrl.org/2003/role/totalLabel"/>
    <link:loc xlink:type="locator" xlink:href="mrv.xsd#mrv_DevelopmentInActivity" xlink:label="DevelopmentInActivity" xlink:title="DevelopmentInActivity"/>
    <link:presentationArc xlink:type="arc" xlink:arcrole="http://www.xbrl.org/2003/arcrole/parent-child" xlink:from="SharedAbstract" xlink:to="DevelopmentInActivity" xlink:title="presentation: SharedAbstract to DevelopmentInActivity" order="2.0"/>
    <link:loc xlink:type="locator" xlink:href="mrv.xsd#mrv_FtesStudentsIncludingBoarding" xlink:label="FtesStudentsIncludingBoarding" xlink:title="FtesStudentsIncludingBoarding"/>
    <link:presentationArc xlink:type="arc" xlink:arcrole="http://www.xbrl.org/2003/arcrole/parent-child" xlink:from="SharedAbstract" xlink:to="FtesStudentsIncludingBoarding" xlink:title="presentation: SharedAbstract to FtesStudentsIncludingBoarding" order="3.0" preferredLabel="http://uvm.dk/sk"/>
    <link:presentationArc xlink:type="arc" xlink:arcrole="http://www.xbrl.org/2003/arcrole/parent-child" xlink:from="SharedAbstract" xlink:to="FTEsEmployedTeachers" xlink:title="presentation: SharedAbstract to FTEsEmployedTeachers" order="4.0"/>
    <link:loc xlink:type="locator" xlink:href="mrv.xsd#mrv_FTEsOtherEmployee" xlink:label="FTEsOtherEmployee" xlink:title="FTEsOtherEmployee"/>
    <link:presentationArc xlink:type="arc" xlink:arcrole="http://www.xbrl.org/2003/arcrole/parent-child" xlink:from="SharedAbstract" xlink:to="FTEsOtherEmployee" xlink:title="presentation: SharedAbstract to FTEsOtherEmployee" order="5.0"/>
    <link:loc xlink:type="locator" xlink:href="../fsa/fsa.xsd#fsa_FTEsInclEmployeesOnSpecialTerms" xlink:label="FTEsInclEmployeesOnSpecialTerms" xlink:title="FTEsInclEmployeesOnSpecialTerms"/>
    <link:presentationArc xlink:type="arc" xlink:arcrole="http://www.xbrl.org/2003/arcrole/parent-child" xlink:from="SharedAbstract" xlink:to="FTEsInclEmployeesOnSpecialTerms" xlink:title="presentation: SharedAbstract to FTEsInclEmployeesOnSpecialTerms" order="6.0" preferredLabel="http://uvm.dk/Sk"/>
    <link:loc xlink:type="locator" xlink:href="../fsa/fsa.xsd#fsa_ShareOfEmployeesOnSpecialTerms" xlink:label="ShareOfEmployeesOnSpecialTerms" xlink:title="ShareOfEmployeesOnSpecialTerms"/>
    <link:presentationArc xlink:type="arc" xlink:arcrole="http://www.xbrl.org/2003/arcrole/parent-child" xlink:from="SharedAbstract" xlink:to="ShareOfEmployeesOnSpecialTerms" xlink:title="presentation: SharedAbstract to ShareOfEmployeesOnSpecialTerms" order="7.0" preferredLabel="http://uvm.dk/Sk"/>
    <link:loc xlink:type="locator" xlink:href="mrv.xsd#mrv_FTEStudentsPerFTEsEmployedTeachers" xlink:label="FTEStudentsPerFTEsEmployedTeachers" xlink:title="FTEStudentsPerFTEsEmployedTeachers"/>
    <link:presentationArc xlink:type="arc" xlink:arcrole="http://www.xbrl.org/2003/arcrole/parent-child" xlink:from="SharedAbstract" xlink:to="FTEStudentsPerFTEsEmployedTeachers" xlink:title="presentation: SharedAbstract to FTEStudentsPerFTEsEmployedTeachers" order="8.0"/>
    <link:loc xlink:type="locator" xlink:href="mrv.xsd#mrv_OtherWagesAndSalariesExpensesPerFtesStudents" xlink:label="OtherWagesAndSalariesExpensesPerFtesStudents" xlink:title="OtherWagesAndSalariesExpensesPerFtesStudents"/>
    <link:presentationArc xlink:type="arc" xlink:arcrole="http://www.xbrl.org/2003/arcrole/parent-child" xlink:from="SharedAbstract" xlink:to="OtherWagesAndSalariesExpensesPerFtesStudents" xlink:title="presentation: SharedAbstract to OtherWagesAndSalariesExpensesPerFtesStudents" order="9.0"/>
    <link:loc xlink:type="locator" xlink:href="mrv.xsd#mrv_WagesAndSalariesExpensesPerFtesStudents" xlink:label="WagesAndSalariesExpensesPerFtesStudents" xlink:title="WagesAndSalariesExpensesPerFtesStudents"/>
    <link:presentationArc xlink:type="arc" xlink:arcrole="http://www.xbrl.org/2003/arcrole/parent-child" xlink:from="SharedAbstract" xlink:to="WagesAndSalariesExpensesPerFtesStudents" xlink:title="presentation: SharedAbstract to WagesAndSalariesExpensesPerFtesStudents" order="10.0"/>
    <link:loc xlink:type="locator" xlink:href="mrv.xsd#mrv_ConductionOfEducationExpensesPerFTEsStudents" xlink:label="ConductionOfEducationExpensesPerFTEsStudents" xlink:title="ConductionOfEducationExpensesPerFTEsStudents"/>
    <link:presentationArc xlink:type="arc" xlink:arcrole="http://www.xbrl.org/2003/arcrole/parent-child" xlink:from="SharedAbstract" xlink:to="ConductionOfEducationExpensesPerFTEsStudents" xlink:title="presentation: SharedAbstract to ConductionOfEducationExpensesPerFTEsStudents" order="11.0"/>
    <link:loc xlink:type="locator" xlink:href="mrv.xsd#mrv_PropertyExpensesPerFTEsStudents" xlink:label="PropertyExpensesPerFTEsStudents" xlink:title="PropertyExpensesPerFTEsStudents"/>
    <link:presentationArc xlink:type="arc" xlink:arcrole="http://www.xbrl.org/2003/arcrole/parent-child" xlink:from="SharedAbstract" xlink:to="PropertyExpensesPerFTEsStudents" xlink:title="presentation: SharedAbstract to PropertyExpensesPerFTEsStudents" order="12.0"/>
    <link:loc xlink:type="locator" xlink:href="mrv.xsd#mrv_BoardingExpensesPerFTEsStudents" xlink:label="BoardingExpensesPerFTEsStudents" xlink:title="BoardingExpensesPerFTEsStudents"/>
    <link:presentationArc xlink:type="arc" xlink:arcrole="http://www.xbrl.org/2003/arcrole/parent-child" xlink:from="SharedAbstract" xlink:to="BoardingExpensesPerFTEsStudents" xlink:title="presentation: SharedAbstract to BoardingExpensesPerFTEsStudents" order="13.0"/>
    <link:loc xlink:type="locator" xlink:href="mrv.xsd#mrv_AdministrationEspensesPerFTEsStudents" xlink:label="AdministrationEspensesPerFTEsStudents" xlink:title="AdministrationEspensesPerFTEsStudents"/>
    <link:presentationArc xlink:type="arc" xlink:arcrole="http://www.xbrl.org/2003/arcrole/parent-child" xlink:from="SharedAbstract" xlink:to="AdministrationEspensesPerFTEsStudents" xlink:title="presentation: SharedAbstract to AdministrationEspensesPerFTEsStudents" order="14.0"/>
    <link:loc xlink:type="locator" xlink:href="mrv.xsd#mrv_TotalExpensesPerFTEsStudents" xlink:label="TotalExpensesPerFTEsStudents" xlink:title="TotalExpensesPerFTEsStudents"/>
    <link:presentationArc xlink:type="arc" xlink:arcrole="http://www.xbrl.org/2003/arcrole/parent-child" xlink:from="SharedAbstract" xlink:to="TotalExpensesPerFTEsStudents" xlink:title="presentation: SharedAbstract to TotalExpensesPerFTEsStudents" order="15.0"/>
    <link:loc xlink:type="locator" xlink:href="mrv.xsd#mrv_TotalExpensesExcludingBoardingPerFTEsStudents" xlink:label="TotalExpensesExcludingBoardingPerFTEsStudents" xlink:title="TotalExpensesExcludingBoardingPerFTEsStudents"/>
    <link:presentationArc xlink:type="arc" xlink:arcrole="http://www.xbrl.org/2003/arcrole/parent-child" xlink:from="SharedAbstract" xlink:to="TotalExpensesExcludingBoardingPerFTEsStudents" xlink:title="presentation: SharedAbstract to TotalExpensesExcludingBoardingPerFTEsStudents" order="16.0"/>
    <link:loc xlink:type="locator" xlink:href="mrv.xsd#mrv_WagesAndSalariesExpensesConductionEducationPerFTEsStudents" xlink:label="WagesAndSalariesExpensesConductionEducationPerFTEsStudents" xlink:title="WagesAndSalariesExpensesConductionEducationPerFTEsStudents"/>
    <link:presentationArc xlink:type="arc" xlink:arcrole="http://www.xbrl.org/2003/arcrole/parent-child" xlink:from="SharedAbstract" xlink:to="WagesAndSalariesExpensesConductionEducationPerFTEsStudents" xlink:title="presentation: SharedAbstract to WagesAndSalariesExpensesConductionEducationPerFTEsStudents" order="8.5"/>
    <link:loc xlink:type="locator" xlink:href="mrv.xsd#mrv_RetrospectiveInformationFromLastFiveYearsAbstract" xlink:label="RetrospectiveInformationFromLastFiveYearsAbstract" xlink:title="RetrospectiveInformationFromLastFiveYearsAbstract"/>
    <link:presentationArc xlink:type="arc" xlink:arcrole="http://www.xbrl.org/2003/arcrole/parent-child" xlink:from="RetrospectiveInformationFromLastFiveYearsAbstract" xlink:to="InformationOnCalculationOfKeyFiguresAndFinancialRatios" xlink:title="presentation: RetrospectiveInformationFromLastFiveYearsAbstract to InformationOnCalculationOfKeyFiguresAndFinancialRatios" order="10.0"/>
    <link:presentationArc xlink:type="arc" xlink:arcrole="http://www.xbrl.org/2003/arcrole/parent-child" xlink:from="RetrospectiveInformationFromLastFiveYearsAbstract" xlink:to="CommonHypercube" xlink:title="presentation: RetrospectiveInformationFromLastFiveYearsAbstract to CommonHypercube" order="999.0"/>
    <link:loc xlink:type="locator" xlink:href="mrv.xsd#mrv_DescriptionOfPrimaryActivitiesOfEntity" xlink:label="DescriptionOfPrimaryActivitiesOfEntity" xlink:title="DescriptionOfPrimaryActivitiesOfEntity"/>
    <link:presentationArc xlink:type="arc" xlink:arcrole="http://www.xbrl.org/2003/arcrole/parent-child" xlink:from="RetrospectiveInformationFromLastFiveYearsAbstract" xlink:to="DescriptionOfPrimaryActivitiesOfEntity" xlink:title="presentation: RetrospectiveInformationFromLastFiveYearsAbstract to DescriptionOfPrimaryActivitiesOfEntity" order="20.0" preferredLabel="http://uvm.dk/sk"/>
    <link:loc xlink:type="locator" xlink:href="mrv.xsd#mrv_DescriptionOfActivitiesForPublicInformation" xlink:label="DescriptionOfActivitiesForPublicInformation" xlink:title="DescriptionOfActivitiesForPublicInformation"/>
    <link:presentationArc xlink:type="arc" xlink:arcrole="http://www.xbrl.org/2003/arcrole/parent-child" xlink:from="RetrospectiveInformationFromLastFiveYearsAbstract" xlink:to="DescriptionOfActivitiesForPublicInformation" xlink:title="presentation: RetrospectiveInformationFromLastFiveYearsAbstract to DescriptionOfActivitiesForPublicInformation" order="30.0"/>
    <link:loc xlink:type="locator" xlink:href="mrv.xsd#mrv_AnnualResultIncludingKeyFiguresAndFinancialRatios" xlink:label="AnnualResultIncludingKeyFiguresAndFinancialRatios" xlink:title="AnnualResultIncludingKeyFiguresAndFinancialRatios"/>
    <link:presentationArc xlink:type="arc" xlink:arcrole="http://www.xbrl.org/2003/arcrole/parent-child" xlink:from="RetrospectiveInformationFromLastFiveYearsAbstract" xlink:to="AnnualResultIncludingKeyFiguresAndFinancialRatios" xlink:title="presentation: RetrospectiveInformationFromLastFiveYearsAbstract to AnnualResultIncludingKeyFiguresAndFinancialRatios" order="40.0" preferredLabel="http://uvm.dk/sk"/>
    <link:loc xlink:type="locator" xlink:href="../fsa/fsa.xsd#fsa_DisclosureOfUncertaintiesRelatingToGoingConcern" xlink:label="DisclosureOfUncertaintiesRelatingToGoingConcern" xlink:title="DisclosureOfUncertaintiesRelatingToGoingConcern"/>
    <link:presentationArc xlink:type="arc" xlink:arcrole="http://www.xbrl.org/2003/arcrole/parent-child" xlink:from="RetrospectiveInformationFromLastFiveYearsAbstract" xlink:to="DisclosureOfUncertaintiesRelatingToGoingConcern" xlink:title="presentation: RetrospectiveInformationFromLastFiveYearsAbstract to DisclosureOfUncertaintiesRelatingToGoingConcern" order="60.0" preferredLabel="http://uvm.dk/"/>
    <link:loc xlink:type="locator" xlink:href="mrv.xsd#mrv_DescriptionOfAnyUncertaintyConnectedWithRecognitionOrMeasurement" xlink:label="DescriptionOfAnyUncertaintyConnectedWithRecognitionOrMeasurement" xlink:title="DescriptionOfAnyUncertaintyConnectedWithRecognitionOrMeasurement"/>
    <link:presentationArc xlink:type="arc" xlink:arcrole="http://www.xbrl.org/2003/arcrole/parent-child" xlink:from="RetrospectiveInformationFromLastFiveYearsAbstract" xlink:to="DescriptionOfAnyUncertaintyConnectedWithRecognitionOrMeasurement" xlink:title="presentation: RetrospectiveInformationFromLastFiveYearsAbstract to DescriptionOfAnyUncertaintyConnectedWithRecognitionOrMeasurement" order="70.0" preferredLabel="http://xbrl.dcca.dk/role/250.00/ManagementsReviewUvmReg"/>
    <link:loc xlink:type="locator" xlink:href="../fsa/fsa.xsd#fsa_DisclosureOfAnyUnusualMatters" xlink:label="DisclosureOfAnyUnusualMatters" xlink:title="DisclosureOfAnyUnusualMatters"/>
    <link:presentationArc xlink:type="arc" xlink:arcrole="http://www.xbrl.org/2003/arcrole/parent-child" xlink:from="RetrospectiveInformationFromLastFiveYearsAbstract" xlink:to="DisclosureOfAnyUnusualMatters" xlink:title="presentation: RetrospectiveInformationFromLastFiveYearsAbstract to DisclosureOfAnyUnusualMatters" order="80.0" preferredLabel="http://uvm.dk/"/>
    <link:loc xlink:type="locator" xlink:href="../fsa/fsa.xsd#fsa_DisclosureOfSignificantEventsOccurringAfterEndOfReportingPeriod" xlink:label="DisclosureOfSignificantEventsOccurringAfterEndOfReportingPeriod" xlink:title="DisclosureOfSignificantEventsOccurringAfterEndOfReportingPeriod"/>
    <link:presentationArc xlink:type="arc" xlink:arcrole="http://www.xbrl.org/2003/arcrole/parent-child" xlink:from="RetrospectiveInformationFromLastFiveYearsAbstract" xlink:to="DisclosureOfSignificantEventsOccurringAfterEndOfReportingPeriod" xlink:title="presentation: RetrospectiveInformationFromLastFiveYearsAbstract to DisclosureOfSignificantEventsOccurringAfterEndOfReportingPeriod" order="90.0" preferredLabel="http://uvm.dk/"/>
    <link:loc xlink:type="locator" xlink:href="mrv.xsd#mrv_DescriptionOfExpectedDevelopmentInTheFolowingYearUvmReg" xlink:label="DescriptionOfExpectedDevelopmentInTheFolowingYearUvmReg" xlink:title="DescriptionOfExpectedDevelopmentInTheFolowingYearUvmReg"/>
    <link:presentationArc xlink:type="arc" xlink:arcrole="http://www.xbrl.org/2003/arcrole/parent-child" xlink:from="RetrospectiveInformationFromLastFiveYearsAbstract" xlink:to="DescriptionOfExpectedDevelopmentInTheFolowingYearUvmReg" xlink:title="presentation: RetrospectiveInformationFromLastFiveYearsAbstract to DescriptionOfExpectedDevelopmentInTheFolowingYearUvmReg" order="100.0"/>
    <link:loc xlink:type="locator" xlink:href="mrv.xsd#mrv_SignificantFinancialRelationWithOtherInstitutionsRecievingPublicGrants" xlink:label="SignificantFinancialRelationWithOtherInstitutionsRecievingPublicGrants" xlink:title="SignificantFinancialRelationWithOtherInstitutionsRecievingPublicGrants"/>
    <link:presentationArc xlink:type="arc" xlink:arcrole="http://www.xbrl.org/2003/arcrole/parent-child" xlink:from="RetrospectiveInformationFromLastFiveYearsAbstract" xlink:to="SignificantFinancialRelationWithOtherInstitutionsRecievingPublicGrants" xlink:title="presentation: RetrospectiveInformationFromLastFiveYearsAbstract to SignificantFinancialRelationWithOtherInstitutionsRecievingPublicGrants" order="110.0"/>
    <link:loc xlink:type="locator" xlink:href="mrv.xsd#mrv_DescriptionOfGrantsInclusionForStudentsWithSpecialNeedsContinuationSchools" xlink:label="DescriptionOfGrantsInclusionForStudentsWithSpecialNeedsContinuationSchools" xlink:title="DescriptionOfGrantsInclusionForStudentsWithSpecialNeedsContinuationSchools"/>
    <link:presentationArc xlink:type="arc" xlink:arcrole="http://www.xbrl.org/2003/arcrole/parent-child" xlink:from="RetrospectiveInformationFromLastFiveYearsAbstract" xlink:to="DescriptionOfGrantsInclusionForStudentsWithSpecialNeedsContinuationSchools" xlink:title="presentation: RetrospectiveInformationFromLastFiveYearsAbstract to DescriptionOfGrantsInclusionForStudentsWithSpecialNeedsContinuationSchools" order="120.0"/>
    <link:loc xlink:type="locator" xlink:href="mrv.xsd#mrv_DescriptionOfGrantsForSpecialNeedsTeachingAndOtherSpecielNeedsAssistanceContinuationSchools" xlink:label="DescriptionOfGrantsForSpecialNeedsTeachingAndOtherSpecielNeedsAssistanceContinuationSchools" xlink:title="DescriptionOfGrantsForSpecialNeedsTeachingAndOtherSpecielNeedsAssistanceContinuationSchools"/>
    <link:presentationArc xlink:type="arc" xlink:arcrole="http://www.xbrl.org/2003/arcrole/parent-child" xlink:from="RetrospectiveInformationFromLastFiveYearsAbstract" xlink:to="DescriptionOfGrantsForSpecialNeedsTeachingAndOtherSpecielNeedsAssistanceContinuationSchools" xlink:title="presentation: RetrospectiveInformationFromLastFiveYearsAbstract to DescriptionOfGrantsForSpecialNeedsTeachingAndOtherSpecielNeedsAssistanceContinuationSchools" order="130.0"/>
    <link:loc xlink:type="locator" xlink:href="mrv.xsd#mrv_DescriptionOfGrantsForSpecialNeedsTeachingAndOtherSpecielNeedsAssistanceApprovedSpecialSchoolsContinuationSchools" xlink:label="DescriptionOfGrantsForSpecialNeedsTeachingAndOtherSpecielNeedsAssistanceApprovedSpecialSchoolsContinuationSchools" xlink:title="DescriptionOfGrantsForSpecialNeedsTeachingAndOtherSpecielNeedsAssistanceApprovedSpecialSchoolsContinuationSchools"/>
    <link:presentationArc xlink:type="arc" xlink:arcrole="http://www.xbrl.org/2003/arcrole/parent-child" xlink:from="RetrospectiveInformationFromLastFiveYearsAbstract" xlink:to="DescriptionOfGrantsForSpecialNeedsTeachingAndOtherSpecielNeedsAssistanceApprovedSpecialSchoolsContinuationSchools" xlink:title="presentation: RetrospectiveInformationFromLastFiveYearsAbstract to DescriptionOfGrantsForSpecialNeedsTeachingAndOtherSpecielNeedsAssistanceApprovedSpecialSchoolsContinuationSchools" order="140.0"/>
    <link:loc xlink:type="locator" xlink:href="mrv.xsd#mrv_DescriptionOfGrantsInclusionForStudentsWithSpecialNeedsIndependentBasicSchools" xlink:label="DescriptionOfGrantsInclusionForStudentsWithSpecialNeedsIndependentBasicSchools" xlink:title="DescriptionOfGrantsInclusionForStudentsWithSpecialNeedsIndependentBasicSchools"/>
    <link:presentationArc xlink:type="arc" xlink:arcrole="http://www.xbrl.org/2003/arcrole/parent-child" xlink:from="RetrospectiveInformationFromLastFiveYearsAbstract" xlink:to="DescriptionOfGrantsInclusionForStudentsWithSpecialNeedsIndependentBasicSchools" xlink:title="presentation: RetrospectiveInformationFromLastFiveYearsAbstract to DescriptionOfGrantsInclusionForStudentsWithSpecialNeedsIndependentBasicSchools" order="150.0"/>
    <link:loc xlink:type="locator" xlink:href="mrv.xsd#mrv_DescriptionOfGrantsForSpecialNeedsTeachingAndOtherSpecielNeedsAssistanceIndependentBasicSchools" xlink:label="DescriptionOfGrantsForSpecialNeedsTeachingAndOtherSpecielNeedsAssistanceIndependentBasicSchools" xlink:title="DescriptionOfGrantsForSpecialNeedsTeachingAndOtherSpecielNeedsAssistanceIndependentBasicSchools"/>
    <link:presentationArc xlink:type="arc" xlink:arcrole="http://www.xbrl.org/2003/arcrole/parent-child" xlink:from="RetrospectiveInformationFromLastFiveYearsAbstract" xlink:to="DescriptionOfGrantsForSpecialNeedsTeachingAndOtherSpecielNeedsAssistanceIndependentBasicSchools" xlink:title="presentation: RetrospectiveInformationFromLastFiveYearsAbstract to DescriptionOfGrantsForSpecialNeedsTeachingAndOtherSpecielNeedsAssistanceIndependentBasicSchools" order="160.0"/>
  </link:presentationLink>
</link:linkbase>
