<?xml version="1.0" encoding="UTF-8"?>
<!-- Generated by Fujitsu Interstage XWand B0251T -->
<?officialURI http://archprod.service.eogs.dk/taxonomy/20211001/mrv/268grund_mrv_pre.xml?>

<?taxonomy-version 1.7.0?>

<link:linkbase xmlns:xsi="http://www.w3.org/2001/XMLSchema-instance" xsi:schemaLocation="http://www.xbrl.org/2003/linkbase http://www.xbrl.org/2003/xbrl-linkbase-2003-12-31.xsd" xmlns:link="http://www.xbrl.org/2003/linkbase" xmlns:entry="http://xbrl.dcca.dk/entryBalanceSheetAccountByCurrentAndLongTermFormIncomeStatementByNature" xmlns:xbrli="http://www.xbrl.org/2003/instance" xmlns:xlink="http://www.w3.org/1999/xlink">
  <link:roleRef roleURI="http://uvm.dk/" xlink:type="simple" xlink:href="../cmn.xsd#uvm_Uvm"/>
  <link:roleRef roleURI="http://uvm.dk/Sk" xlink:type="simple" xlink:href="../fsa/fsa.xsd#uvm_Uvm_Sk"/>
  <link:roleRef roleURI="http://xbrl.dcca.dk/role/268.00/KeyFiguresAndFinancialRatiosUvmGrund" xlink:type="simple" xlink:href="mrv.xsd#mrv_RoleKeyFiguresAndFinancialRatiosUvmGrund"/>
  <link:roleRef roleURI="http://uvm.dk/sk" xlink:type="simple" xlink:href="mrv.xsd#RT_1"/>
  <link:roleRef roleURI="http://xbrl.dcca.dk/role/250.00/ManagementsReviewUvmReg" xlink:type="simple" xlink:href="mrv.xsd#mrv_RoleManagementsReviewUvmReg"/>
  <link:presentationLink xlink:type="extended" xlink:role="http://xbrl.dcca.dk/role/268.00/KeyFiguresAndFinancialRatiosUvmGrund">
    <link:loc xlink:type="locator" xlink:href="../cmn.xsd#cmn_CommonHypercube" xlink:label="CommonHypercube"/>
    <link:loc xlink:type="locator" xlink:href="../cmn.xsd#cmn_ConsolidatedSoloDimension" xlink:label="ConsolidatedSoloDimension"/>
    <link:presentationArc xlink:type="arc" xlink:arcrole="http://www.xbrl.org/2003/arcrole/parent-child" xlink:from="CommonHypercube" xlink:to="ConsolidatedSoloDimension" xlink:title="presentation: CommonHypercube to ConsolidatedSoloDimension" order="1.0"/>
    <link:loc xlink:type="locator" xlink:href="../cmn.xsd#cmn_ConsolidatedMember" xlink:label="ConsolidatedMember"/>
    <link:presentationArc xlink:type="arc" xlink:arcrole="http://www.xbrl.org/2003/arcrole/parent-child" xlink:from="ConsolidatedSoloDimension" xlink:to="ConsolidatedMember" xlink:title="presentation: ConsolidatedSoloDimension to ConsolidatedMember" order="1.0"/>
    <link:loc xlink:type="locator" xlink:href="../cmn.xsd#cmn_SoloMember" xlink:label="SoloMember"/>
    <link:presentationArc xlink:type="arc" xlink:arcrole="http://www.xbrl.org/2003/arcrole/parent-child" xlink:from="ConsolidatedSoloDimension" xlink:to="SoloMember" xlink:title="presentation: ConsolidatedSoloDimension to SoloMember" order="2.0"/>
    <link:loc xlink:type="locator" xlink:href="mrv.xsd#mrv_InformationOnCalculationOfKeyFiguresAndFinancialRatios" xlink:label="InformationOnCalculationOfKeyFiguresAndFinancialRatios" xlink:title="InformationOnCalculationOfKeyFiguresAndFinancialRatios"/>
    <link:loc xlink:type="locator" xlink:href="mrv.xsd#mrv_DevelopmentInActivity" xlink:label="DevelopmentInActivity" xlink:title="DevelopmentInActivity"/>
    <link:presentationArc xlink:type="arc" xlink:arcrole="http://www.xbrl.org/2003/arcrole/parent-child" xlink:from="InformationOnCalculationOfKeyFiguresAndFinancialRatios" xlink:to="DevelopmentInActivity" xlink:title="presentation: InformationOnCalculationOfKeyFiguresAndFinancialRatios to DevelopmentInActivity" order="5.0"/>
    <link:loc xlink:type="locator" xlink:href="mrv.xsd#mrv_FTEsEmployedTeachers" xlink:label="FTEsEmployedTeachers" xlink:title="FTEsEmployedTeachers"/>
    <link:presentationArc xlink:type="arc" xlink:arcrole="http://www.xbrl.org/2003/arcrole/parent-child" xlink:from="InformationOnCalculationOfKeyFiguresAndFinancialRatios" xlink:to="FTEsEmployedTeachers" xlink:title="presentation: InformationOnCalculationOfKeyFiguresAndFinancialRatios to FTEsEmployedTeachers" order="15.0" preferredLabel="http://uvm.dk/sk"/>
    <link:loc xlink:type="locator" xlink:href="mrv.xsd#mrv_FTEsOtherEmployee" xlink:label="FTEsOtherEmployee" xlink:title="FTEsOtherEmployee"/>
    <link:presentationArc xlink:type="arc" xlink:arcrole="http://www.xbrl.org/2003/arcrole/parent-child" xlink:from="InformationOnCalculationOfKeyFiguresAndFinancialRatios" xlink:to="FTEsOtherEmployee" xlink:title="presentation: InformationOnCalculationOfKeyFiguresAndFinancialRatios to FTEsOtherEmployee" order="18.0"/>
    <link:loc xlink:type="locator" xlink:href="../fsa/fsa.xsd#fsa_FTEsInclEmployeesOnSpecialTerms" xlink:label="FTEsInclEmployeesOnSpecialTerms" xlink:title="FTEsInclEmployeesOnSpecialTerms"/>
    <link:presentationArc xlink:type="arc" xlink:arcrole="http://www.xbrl.org/2003/arcrole/parent-child" xlink:from="InformationOnCalculationOfKeyFiguresAndFinancialRatios" xlink:to="FTEsInclEmployeesOnSpecialTerms" xlink:title="presentation: InformationOnCalculationOfKeyFiguresAndFinancialRatios to FTEsInclEmployeesOnSpecialTerms" order="19.0" preferredLabel="http://uvm.dk/Sk"/>
    <link:loc xlink:type="locator" xlink:href="mrv.xsd#mrv_FTEsEmployeeRecievingWagesDirectFromMunicipality" xlink:label="FTEsEmployeeRecievingWagesDirectFromMunicipality" xlink:title="FTEsEmployeeRecievingWagesDirectFromMunicipality"/>
    <link:presentationArc xlink:type="arc" xlink:arcrole="http://www.xbrl.org/2003/arcrole/parent-child" xlink:from="InformationOnCalculationOfKeyFiguresAndFinancialRatios" xlink:to="FTEsEmployeeRecievingWagesDirectFromMunicipality" xlink:title="presentation: InformationOnCalculationOfKeyFiguresAndFinancialRatios to FTEsEmployeeRecievingWagesDirectFromMunicipality" order="20.0"/>
    <link:loc xlink:type="locator" xlink:href="../fsa/fsa.xsd#fsa_ShareOfEmployeesOnSpecialTerms" xlink:label="ShareOfEmployeesOnSpecialTerms" xlink:title="ShareOfEmployeesOnSpecialTerms"/>
    <link:presentationArc xlink:type="arc" xlink:arcrole="http://www.xbrl.org/2003/arcrole/parent-child" xlink:from="InformationOnCalculationOfKeyFiguresAndFinancialRatios" xlink:to="ShareOfEmployeesOnSpecialTerms" xlink:title="presentation: InformationOnCalculationOfKeyFiguresAndFinancialRatios to ShareOfEmployeesOnSpecialTerms" order="21.0" preferredLabel="http://uvm.dk/Sk"/>
    <link:loc xlink:type="locator" xlink:href="mrv.xsd#mrv_WagesAndSalariesExpensesConductionEducationPerFTEsStudents" xlink:label="WagesAndSalariesExpensesConductionEducationPerFTEsStudents" xlink:title="WagesAndSalariesExpensesConductionEducationPerFTEsStudents"/>
    <link:presentationArc xlink:type="arc" xlink:arcrole="http://www.xbrl.org/2003/arcrole/parent-child" xlink:from="InformationOnCalculationOfKeyFiguresAndFinancialRatios" xlink:to="WagesAndSalariesExpensesConductionEducationPerFTEsStudents" xlink:title="presentation: InformationOnCalculationOfKeyFiguresAndFinancialRatios to WagesAndSalariesExpensesConductionEducationPerFTEsStudents" order="24.0" preferredLabel="http://uvm.dk/sk"/>
    <link:loc xlink:type="locator" xlink:href="mrv.xsd#mrv_OtherWagesAndSalariesExpensesPerFtesStudents" xlink:label="OtherWagesAndSalariesExpensesPerFtesStudents" xlink:title="OtherWagesAndSalariesExpensesPerFtesStudents"/>
    <link:presentationArc xlink:type="arc" xlink:arcrole="http://www.xbrl.org/2003/arcrole/parent-child" xlink:from="InformationOnCalculationOfKeyFiguresAndFinancialRatios" xlink:to="OtherWagesAndSalariesExpensesPerFtesStudents" xlink:title="presentation: InformationOnCalculationOfKeyFiguresAndFinancialRatios to OtherWagesAndSalariesExpensesPerFtesStudents" order="25.0" preferredLabel="http://uvm.dk/sk"/>
    <link:loc xlink:type="locator" xlink:href="mrv.xsd#mrv_WagesAndSalariesExpensesPerFtesStudents" xlink:label="WagesAndSalariesExpensesPerFtesStudents" xlink:title="WagesAndSalariesExpensesPerFtesStudents"/>
    <link:presentationArc xlink:type="arc" xlink:arcrole="http://www.xbrl.org/2003/arcrole/parent-child" xlink:from="InformationOnCalculationOfKeyFiguresAndFinancialRatios" xlink:to="WagesAndSalariesExpensesPerFtesStudents" xlink:title="presentation: InformationOnCalculationOfKeyFiguresAndFinancialRatios to WagesAndSalariesExpensesPerFtesStudents" order="26.0" preferredLabel="http://uvm.dk/sk"/>
    <link:loc xlink:type="locator" xlink:href="mrv.xsd#mrv_ConductionOfEducationExpensesPerFTEsStudents" xlink:label="ConductionOfEducationExpensesPerFTEsStudents" xlink:title="ConductionOfEducationExpensesPerFTEsStudents"/>
    <link:presentationArc xlink:type="arc" xlink:arcrole="http://www.xbrl.org/2003/arcrole/parent-child" xlink:from="InformationOnCalculationOfKeyFiguresAndFinancialRatios" xlink:to="ConductionOfEducationExpensesPerFTEsStudents" xlink:title="presentation: InformationOnCalculationOfKeyFiguresAndFinancialRatios to ConductionOfEducationExpensesPerFTEsStudents" order="29.0" preferredLabel="http://uvm.dk/sk"/>
    <link:loc xlink:type="locator" xlink:href="mrv.xsd#mrv_PropertyExpensesPerFTEsStudents" xlink:label="PropertyExpensesPerFTEsStudents" xlink:title="PropertyExpensesPerFTEsStudents"/>
    <link:presentationArc xlink:type="arc" xlink:arcrole="http://www.xbrl.org/2003/arcrole/parent-child" xlink:from="InformationOnCalculationOfKeyFiguresAndFinancialRatios" xlink:to="PropertyExpensesPerFTEsStudents" xlink:title="presentation: InformationOnCalculationOfKeyFiguresAndFinancialRatios to PropertyExpensesPerFTEsStudents" order="32.0" preferredLabel="http://uvm.dk/sk"/>
    <link:loc xlink:type="locator" xlink:href="mrv.xsd#mrv_BoardingExpensesPerFTEsStudents" xlink:label="BoardingExpensesPerFTEsStudents" xlink:title="BoardingExpensesPerFTEsStudents"/>
    <link:presentationArc xlink:type="arc" xlink:arcrole="http://www.xbrl.org/2003/arcrole/parent-child" xlink:from="InformationOnCalculationOfKeyFiguresAndFinancialRatios" xlink:to="BoardingExpensesPerFTEsStudents" xlink:title="presentation: InformationOnCalculationOfKeyFiguresAndFinancialRatios to BoardingExpensesPerFTEsStudents" order="33.0"/>
    <link:loc xlink:type="locator" xlink:href="mrv.xsd#mrv_AdministrationEspensesPerFTEsStudents" xlink:label="AdministrationEspensesPerFTEsStudents" xlink:title="AdministrationEspensesPerFTEsStudents"/>
    <link:presentationArc xlink:type="arc" xlink:arcrole="http://www.xbrl.org/2003/arcrole/parent-child" xlink:from="InformationOnCalculationOfKeyFiguresAndFinancialRatios" xlink:to="AdministrationEspensesPerFTEsStudents" xlink:title="presentation: InformationOnCalculationOfKeyFiguresAndFinancialRatios to AdministrationEspensesPerFTEsStudents" order="34.0" preferredLabel="http://uvm.dk/sk"/>
    <link:loc xlink:type="locator" xlink:href="mrv.xsd#mrv_PupilsInBasicSchoolBy5thOfSeptember" xlink:label="PupilsInBasicSchoolBy5thOfSeptember" xlink:title="PupilsInBasicSchoolBy5thOfSeptember"/>
    <link:presentationArc xlink:type="arc" xlink:arcrole="http://www.xbrl.org/2003/arcrole/parent-child" xlink:from="InformationOnCalculationOfKeyFiguresAndFinancialRatios" xlink:to="PupilsInBasicSchoolBy5thOfSeptember" xlink:title="presentation: InformationOnCalculationOfKeyFiguresAndFinancialRatios to PupilsInBasicSchoolBy5thOfSeptember" order="1.0"/>
    <link:loc xlink:type="locator" xlink:href="mrv.xsd#mrv_Pupils03GradeInSchoolbasedLeisureTimeFacilitiesBy5thOfSeptemberIndependentBasicSchools" xlink:label="Pupils03GradeInSchoolbasedLeisureTimeFacilitiesBy5thOfSeptemberIndependentBasicSchools" xlink:title="Pupils03GradeInSchoolbasedLeisureTimeFacilitiesBy5thOfSeptemberIndependentBasicSchools"/>
    <link:presentationArc xlink:type="arc" xlink:arcrole="http://www.xbrl.org/2003/arcrole/parent-child" xlink:from="InformationOnCalculationOfKeyFiguresAndFinancialRatios" xlink:to="Pupils03GradeInSchoolbasedLeisureTimeFacilitiesBy5thOfSeptemberIndependentBasicSchools" xlink:title="presentation: InformationOnCalculationOfKeyFiguresAndFinancialRatios to Pupils03GradeInSchoolbasedLeisureTimeFacilitiesBy5thOfSeptemberIndependentBasicSchools" order="2.0"/>
    <link:loc xlink:type="locator" xlink:href="mrv.xsd#mrv_PupilsInBoardingBy5thOfSeptemberIndependentBasicSchools" xlink:label="PupilsInBoardingBy5thOfSeptemberIndependentBasicSchools" xlink:title="PupilsInBoardingBy5thOfSeptemberIndependentBasicSchools"/>
    <link:presentationArc xlink:type="arc" xlink:arcrole="http://www.xbrl.org/2003/arcrole/parent-child" xlink:from="InformationOnCalculationOfKeyFiguresAndFinancialRatios" xlink:to="PupilsInBoardingBy5thOfSeptemberIndependentBasicSchools" xlink:title="presentation: InformationOnCalculationOfKeyFiguresAndFinancialRatios to PupilsInBoardingBy5thOfSeptemberIndependentBasicSchools" order="3.0"/>
    <link:loc xlink:type="locator" xlink:href="mrv.xsd#mrv_FTEsSstudentsIndependentBasicSchools" xlink:label="FTEsSstudentsIndependentBasicSchools" xlink:title="FTEsSstudentsIndependentBasicSchools"/>
    <link:presentationArc xlink:type="arc" xlink:arcrole="http://www.xbrl.org/2003/arcrole/parent-child" xlink:from="InformationOnCalculationOfKeyFiguresAndFinancialRatios" xlink:to="FTEsSstudentsIndependentBasicSchools" xlink:title="presentation: InformationOnCalculationOfKeyFiguresAndFinancialRatios to FTEsSstudentsIndependentBasicSchools" order="4.0"/>
    <link:loc xlink:type="locator" xlink:href="mrv.xsd#mrv_FTEsStudents03GradeInSchoolbasedLeisureTimeFacilitiesInReportingPeriodIndependentBasicSchools" xlink:label="FTEsStudents03GradeInSchoolbasedLeisureTimeFacilitiesInReportingPeriodIndependentBasicSchools" xlink:title="FTEsStudents03GradeInSchoolbasedLeisureTimeFacilitiesInReportingPeriodIndependentBasicSchools"/>
    <link:presentationArc xlink:type="arc" xlink:arcrole="http://www.xbrl.org/2003/arcrole/parent-child" xlink:from="InformationOnCalculationOfKeyFiguresAndFinancialRatios" xlink:to="FTEsStudents03GradeInSchoolbasedLeisureTimeFacilitiesInReportingPeriodIndependentBasicSchools" xlink:title="presentation: InformationOnCalculationOfKeyFiguresAndFinancialRatios to FTEsStudents03GradeInSchoolbasedLeisureTimeFacilitiesInReportingPeriodIndependentBasicSchools" order="6.0"/>
    <link:loc xlink:type="locator" xlink:href="mrv.xsd#mrv_AverageFTEsStudents4GradeOrHigherInSchoolbasedLeisureTimeFacilitiesInReportingPeriodIndependentBasicSchools" xlink:label="AverageFTEsStudents4GradeOrHigherInSchoolbasedLeisureTimeFacilitiesInReportingPeriodIndependentBasicSchools" xlink:title="AverageFTEsStudents4GradeOrHigherInSchoolbasedLeisureTimeFacilitiesInReportingPeriodIndependentBasicSchools"/>
    <link:presentationArc xlink:type="arc" xlink:arcrole="http://www.xbrl.org/2003/arcrole/parent-child" xlink:from="InformationOnCalculationOfKeyFiguresAndFinancialRatios" xlink:to="AverageFTEsStudents4GradeOrHigherInSchoolbasedLeisureTimeFacilitiesInReportingPeriodIndependentBasicSchools" xlink:title="presentation: InformationOnCalculationOfKeyFiguresAndFinancialRatios to AverageFTEsStudents4GradeOrHigherInSchoolbasedLeisureTimeFacilitiesInReportingPeriodIndependentBasicSchools" order="7.0"/>
    <link:loc xlink:type="locator" xlink:href="mrv.xsd#mrv_FTEsStudentsInSchoolbasedLeisureTimeFacilitiesInReportingPeriodIndependentBasicSchools" xlink:label="FTEsStudentsInSchoolbasedLeisureTimeFacilitiesInReportingPeriodIndependentBasicSchools" xlink:title="FTEsStudentsInSchoolbasedLeisureTimeFacilitiesInReportingPeriodIndependentBasicSchools"/>
    <link:presentationArc xlink:type="arc" xlink:arcrole="http://www.xbrl.org/2003/arcrole/parent-child" xlink:from="InformationOnCalculationOfKeyFiguresAndFinancialRatios" xlink:to="FTEsStudentsInSchoolbasedLeisureTimeFacilitiesInReportingPeriodIndependentBasicSchools" xlink:title="presentation: InformationOnCalculationOfKeyFiguresAndFinancialRatios to FTEsStudentsInSchoolbasedLeisureTimeFacilitiesInReportingPeriodIndependentBasicSchools" order="8.0"/>
    <link:loc xlink:type="locator" xlink:href="mrv.xsd#mrv_FTEsStudentsIncludingBoardingIndependentBasicSchools" xlink:label="FTEsStudentsIncludingBoardingIndependentBasicSchools" xlink:title="FTEsStudentsIncludingBoardingIndependentBasicSchools"/>
    <link:presentationArc xlink:type="arc" xlink:arcrole="http://www.xbrl.org/2003/arcrole/parent-child" xlink:from="InformationOnCalculationOfKeyFiguresAndFinancialRatios" xlink:to="FTEsStudentsIncludingBoardingIndependentBasicSchools" xlink:title="presentation: InformationOnCalculationOfKeyFiguresAndFinancialRatios to FTEsStudentsIncludingBoardingIndependentBasicSchools" order="9.0"/>
    <link:loc xlink:type="locator" xlink:href="mrv.xsd#mrv_AverageFTEsStudentsInDayCareFacilities" xlink:label="AverageFTEsStudentsInDayCareFacilities" xlink:title="AverageFTEsStudentsInDayCareFacilities"/>
    <link:presentationArc xlink:type="arc" xlink:arcrole="http://www.xbrl.org/2003/arcrole/parent-child" xlink:from="InformationOnCalculationOfKeyFiguresAndFinancialRatios" xlink:to="AverageFTEsStudentsInDayCareFacilities" xlink:title="presentation: InformationOnCalculationOfKeyFiguresAndFinancialRatios to AverageFTEsStudentsInDayCareFacilities" order="10.0"/>
    <link:loc xlink:type="locator" xlink:href="mrv.xsd#mrv_TuitionFeesPerFTEIncludingContributionToReduceTuitionFees" xlink:label="TuitionFeesPerFTEIncludingContributionToReduceTuitionFees" xlink:title="TuitionFeesPerFTEIncludingContributionToReduceTuitionFees"/>
    <link:presentationArc xlink:type="arc" xlink:arcrole="http://www.xbrl.org/2003/arcrole/parent-child" xlink:from="InformationOnCalculationOfKeyFiguresAndFinancialRatios" xlink:to="TuitionFeesPerFTEIncludingContributionToReduceTuitionFees" xlink:title="presentation: InformationOnCalculationOfKeyFiguresAndFinancialRatios to TuitionFeesPerFTEIncludingContributionToReduceTuitionFees" order="11.0"/>
    <link:loc xlink:type="locator" xlink:href="mrv.xsd#mrv_AfterschoolRecreationActivitiesPerFTEsStudentsIndependentBasicSchools" xlink:label="AfterschoolRecreationActivitiesPerFTEsStudentsIndependentBasicSchools" xlink:title="AfterschoolRecreationActivitiesPerFTEsStudentsIndependentBasicSchools"/>
    <link:presentationArc xlink:type="arc" xlink:arcrole="http://www.xbrl.org/2003/arcrole/parent-child" xlink:from="InformationOnCalculationOfKeyFiguresAndFinancialRatios" xlink:to="AfterschoolRecreationActivitiesPerFTEsStudentsIndependentBasicSchools" xlink:title="presentation: InformationOnCalculationOfKeyFiguresAndFinancialRatios to AfterschoolRecreationActivitiesPerFTEsStudentsIndependentBasicSchools" order="12.0"/>
    <link:loc xlink:type="locator" xlink:href="mrv.xsd#mrv_PaymentForAccommodationPerFTEsStudentsIndependentBasicSchools" xlink:label="PaymentForAccommodationPerFTEsStudentsIndependentBasicSchools" xlink:title="PaymentForAccommodationPerFTEsStudentsIndependentBasicSchools"/>
    <link:presentationArc xlink:type="arc" xlink:arcrole="http://www.xbrl.org/2003/arcrole/parent-child" xlink:from="InformationOnCalculationOfKeyFiguresAndFinancialRatios" xlink:to="PaymentForAccommodationPerFTEsStudentsIndependentBasicSchools" xlink:title="presentation: InformationOnCalculationOfKeyFiguresAndFinancialRatios to PaymentForAccommodationPerFTEsStudentsIndependentBasicSchools" order="13.0"/>
    <link:loc xlink:type="locator" xlink:href="mrv.xsd#mrv_TuitionDayCareFacilitiesPerFTEsStudentsIndependentBasicSchools" xlink:label="TuitionDayCareFacilitiesPerFTEsStudentsIndependentBasicSchools" xlink:title="TuitionDayCareFacilitiesPerFTEsStudentsIndependentBasicSchools"/>
    <link:presentationArc xlink:type="arc" xlink:arcrole="http://www.xbrl.org/2003/arcrole/parent-child" xlink:from="InformationOnCalculationOfKeyFiguresAndFinancialRatios" xlink:to="TuitionDayCareFacilitiesPerFTEsStudentsIndependentBasicSchools" xlink:title="presentation: InformationOnCalculationOfKeyFiguresAndFinancialRatios to TuitionDayCareFacilitiesPerFTEsStudentsIndependentBasicSchools" order="14.0"/>
    <link:loc xlink:type="locator" xlink:href="mrv.xsd#mrv_FTEsSchoolbasedLeisureTimeFacilities" xlink:label="FTEsSchoolbasedLeisureTimeFacilities" xlink:title="FTEsSchoolbasedLeisureTimeFacilities"/>
    <link:presentationArc xlink:type="arc" xlink:arcrole="http://www.xbrl.org/2003/arcrole/parent-child" xlink:from="InformationOnCalculationOfKeyFiguresAndFinancialRatios" xlink:to="FTEsSchoolbasedLeisureTimeFacilities" xlink:title="presentation: InformationOnCalculationOfKeyFiguresAndFinancialRatios to FTEsSchoolbasedLeisureTimeFacilities" order="16.0"/>
    <link:loc xlink:type="locator" xlink:href="mrv.xsd#mrv_FTEsDayCareFacilities" xlink:label="FTEsDayCareFacilities" xlink:title="FTEsDayCareFacilities"/>
    <link:presentationArc xlink:type="arc" xlink:arcrole="http://www.xbrl.org/2003/arcrole/parent-child" xlink:from="InformationOnCalculationOfKeyFiguresAndFinancialRatios" xlink:to="FTEsDayCareFacilities" xlink:title="presentation: InformationOnCalculationOfKeyFiguresAndFinancialRatios to FTEsDayCareFacilities" order="17.0"/>
    <link:loc xlink:type="locator" xlink:href="mrv.xsd#mrv_FTEStudentsPerFTEsEmployedTeachersIndependentBasicSchools" xlink:label="FTEStudentsPerFTEsEmployedTeachersIndependentBasicSchools" xlink:title="FTEStudentsPerFTEsEmployedTeachersIndependentBasicSchools"/>
    <link:presentationArc xlink:type="arc" xlink:arcrole="http://www.xbrl.org/2003/arcrole/parent-child" xlink:from="InformationOnCalculationOfKeyFiguresAndFinancialRatios" xlink:to="FTEStudentsPerFTEsEmployedTeachersIndependentBasicSchools" xlink:title="presentation: InformationOnCalculationOfKeyFiguresAndFinancialRatios to FTEStudentsPerFTEsEmployedTeachersIndependentBasicSchools" order="22.0"/>
    <link:loc xlink:type="locator" xlink:href="mrv.xsd#mrv_FTEStudentsPerFTEsEmployedInAfterschoolRecreationActivities" xlink:label="FTEStudentsPerFTEsEmployedInAfterschoolRecreationActivities" xlink:title="FTEStudentsPerFTEsEmployedInAfterschoolRecreationActivities"/>
    <link:presentationArc xlink:type="arc" xlink:arcrole="http://www.xbrl.org/2003/arcrole/parent-child" xlink:from="InformationOnCalculationOfKeyFiguresAndFinancialRatios" xlink:to="FTEStudentsPerFTEsEmployedInAfterschoolRecreationActivities" xlink:title="presentation: InformationOnCalculationOfKeyFiguresAndFinancialRatios to FTEStudentsPerFTEsEmployedInAfterschoolRecreationActivities" order="23.0"/>
    <link:loc xlink:type="locator" xlink:href="mrv.xsd#mrv_WagesAndSalariesExpensesFTEsStudentsInSchoolbasedLeisureTimeFacilities" xlink:label="WagesAndSalariesExpensesFTEsStudentsInSchoolbasedLeisureTimeFacilities" xlink:title="WagesAndSalariesExpensesFTEsStudentsInSchoolbasedLeisureTimeFacilities"/>
    <link:presentationArc xlink:type="arc" xlink:arcrole="http://www.xbrl.org/2003/arcrole/parent-child" xlink:from="InformationOnCalculationOfKeyFiguresAndFinancialRatios" xlink:to="WagesAndSalariesExpensesFTEsStudentsInSchoolbasedLeisureTimeFacilities" xlink:title="presentation: InformationOnCalculationOfKeyFiguresAndFinancialRatios to WagesAndSalariesExpensesFTEsStudentsInSchoolbasedLeisureTimeFacilities" order="27.0"/>
    <link:loc xlink:type="locator" xlink:href="mrv.xsd#mrv_WagesAndSalariesExpenseDayCareFacilitiesPerFTEsStudentsIndependentBasicSchools" xlink:label="WagesAndSalariesExpenseDayCareFacilitiesPerFTEsStudentsIndependentBasicSchools" xlink:title="WagesAndSalariesExpenseDayCareFacilitiesPerFTEsStudentsIndependentBasicSchools"/>
    <link:presentationArc xlink:type="arc" xlink:arcrole="http://www.xbrl.org/2003/arcrole/parent-child" xlink:from="InformationOnCalculationOfKeyFiguresAndFinancialRatios" xlink:to="WagesAndSalariesExpenseDayCareFacilitiesPerFTEsStudentsIndependentBasicSchools" xlink:title="presentation: InformationOnCalculationOfKeyFiguresAndFinancialRatios to WagesAndSalariesExpenseDayCareFacilitiesPerFTEsStudentsIndependentBasicSchools" order="28.0"/>
    <link:loc xlink:type="locator" xlink:href="mrv.xsd#mrv_ExpensesPerFTEsStudentsInSchoolbasedLeisureTimeFacilities" xlink:label="ExpensesPerFTEsStudentsInSchoolbasedLeisureTimeFacilities" xlink:title="ExpensesPerFTEsStudentsInSchoolbasedLeisureTimeFacilities"/>
    <link:presentationArc xlink:type="arc" xlink:arcrole="http://www.xbrl.org/2003/arcrole/parent-child" xlink:from="InformationOnCalculationOfKeyFiguresAndFinancialRatios" xlink:to="ExpensesPerFTEsStudentsInSchoolbasedLeisureTimeFacilities" xlink:title="presentation: InformationOnCalculationOfKeyFiguresAndFinancialRatios to ExpensesPerFTEsStudentsInSchoolbasedLeisureTimeFacilities" order="30.0"/>
    <link:loc xlink:type="locator" xlink:href="mrv.xsd#mrv_ExpensesPerAverageFTEsStudentsInDayCareFacilities" xlink:label="ExpensesPerAverageFTEsStudentsInDayCareFacilities" xlink:title="ExpensesPerAverageFTEsStudentsInDayCareFacilities"/>
    <link:presentationArc xlink:type="arc" xlink:arcrole="http://www.xbrl.org/2003/arcrole/parent-child" xlink:from="InformationOnCalculationOfKeyFiguresAndFinancialRatios" xlink:to="ExpensesPerAverageFTEsStudentsInDayCareFacilities" xlink:title="presentation: InformationOnCalculationOfKeyFiguresAndFinancialRatios to ExpensesPerAverageFTEsStudentsInDayCareFacilities" order="31.0"/>
    <link:loc xlink:type="locator" xlink:href="mrv.xsd#mrv_TotalExpensesExcludingBoardingPerFTEsStudents" xlink:label="TotalExpensesExcludingBoardingPerFTEsStudents" xlink:title="TotalExpensesExcludingBoardingPerFTEsStudents"/>
    <link:presentationArc xlink:type="arc" xlink:arcrole="http://www.xbrl.org/2003/arcrole/parent-child" xlink:from="InformationOnCalculationOfKeyFiguresAndFinancialRatios" xlink:to="TotalExpensesExcludingBoardingPerFTEsStudents" xlink:title="presentation: InformationOnCalculationOfKeyFiguresAndFinancialRatios to TotalExpensesExcludingBoardingPerFTEsStudents" order="35.0" preferredLabel="http://uvm.dk/sk"/>
    <link:loc xlink:type="locator" xlink:href="mrv.xsd#mrv_RetrospectiveInformationFromLastFiveYearsAbstract" xlink:label="RetrospectiveInformationFromLastFiveYearsAbstract" xlink:title="RetrospectiveInformationFromLastFiveYearsAbstract"/>
    <link:presentationArc xlink:type="arc" xlink:arcrole="http://www.xbrl.org/2003/arcrole/parent-child" xlink:from="RetrospectiveInformationFromLastFiveYearsAbstract" xlink:to="InformationOnCalculationOfKeyFiguresAndFinancialRatios" xlink:title="presentation: RetrospectiveInformationFromLastFiveYearsAbstract to InformationOnCalculationOfKeyFiguresAndFinancialRatios" order="10.0"/>
    <link:presentationArc xlink:type="arc" xlink:arcrole="http://www.xbrl.org/2003/arcrole/parent-child" xlink:from="RetrospectiveInformationFromLastFiveYearsAbstract" xlink:to="CommonHypercube" xlink:title="presentation: RetrospectiveInformationFromLastFiveYearsAbstract to CommonHypercube" order="999.0"/>
    <link:loc xlink:type="locator" xlink:href="mrv.xsd#mrv_DescriptionOfPrimaryActivitiesOfEntity" xlink:label="DescriptionOfPrimaryActivitiesOfEntity" xlink:title="DescriptionOfPrimaryActivitiesOfEntity"/>
    <link:presentationArc xlink:type="arc" xlink:arcrole="http://www.xbrl.org/2003/arcrole/parent-child" xlink:from="RetrospectiveInformationFromLastFiveYearsAbstract" xlink:to="DescriptionOfPrimaryActivitiesOfEntity" xlink:title="presentation: RetrospectiveInformationFromLastFiveYearsAbstract to DescriptionOfPrimaryActivitiesOfEntity" order="20.0" preferredLabel="http://uvm.dk/sk"/>
    <link:loc xlink:type="locator" xlink:href="mrv.xsd#mrv_AnnualResultIncludingKeyFiguresAndFinancialRatios" xlink:label="AnnualResultIncludingKeyFiguresAndFinancialRatios" xlink:title="AnnualResultIncludingKeyFiguresAndFinancialRatios"/>
    <link:presentationArc xlink:type="arc" xlink:arcrole="http://www.xbrl.org/2003/arcrole/parent-child" xlink:from="RetrospectiveInformationFromLastFiveYearsAbstract" xlink:to="AnnualResultIncludingKeyFiguresAndFinancialRatios" xlink:title="presentation: RetrospectiveInformationFromLastFiveYearsAbstract to AnnualResultIncludingKeyFiguresAndFinancialRatios" order="30.0" preferredLabel="http://uvm.dk/sk"/>
    <link:loc xlink:type="locator" xlink:href="../fsa/fsa.xsd#fsa_DisclosureOfUncertaintiesRelatingToGoingConcern" xlink:label="DisclosureOfUncertaintiesRelatingToGoingConcern" xlink:title="DisclosureOfUncertaintiesRelatingToGoingConcern"/>
    <link:presentationArc xlink:type="arc" xlink:arcrole="http://www.xbrl.org/2003/arcrole/parent-child" xlink:from="RetrospectiveInformationFromLastFiveYearsAbstract" xlink:to="DisclosureOfUncertaintiesRelatingToGoingConcern" xlink:title="presentation: RetrospectiveInformationFromLastFiveYearsAbstract to DisclosureOfUncertaintiesRelatingToGoingConcern" order="40.0" preferredLabel="http://uvm.dk/"/>
    <link:loc xlink:type="locator" xlink:href="mrv.xsd#mrv_DescriptionOfAnyUncertaintyConnectedWithRecognitionOrMeasurement" xlink:label="DescriptionOfAnyUncertaintyConnectedWithRecognitionOrMeasurement" xlink:title="DescriptionOfAnyUncertaintyConnectedWithRecognitionOrMeasurement"/>
    <link:presentationArc xlink:type="arc" xlink:arcrole="http://www.xbrl.org/2003/arcrole/parent-child" xlink:from="RetrospectiveInformationFromLastFiveYearsAbstract" xlink:to="DescriptionOfAnyUncertaintyConnectedWithRecognitionOrMeasurement" xlink:title="presentation: RetrospectiveInformationFromLastFiveYearsAbstract to DescriptionOfAnyUncertaintyConnectedWithRecognitionOrMeasurement" order="50.0" preferredLabel="http://xbrl.dcca.dk/role/250.00/ManagementsReviewUvmReg"/>
    <link:loc xlink:type="locator" xlink:href="../fsa/fsa.xsd#fsa_DisclosureOfAnyUnusualMatters" xlink:label="DisclosureOfAnyUnusualMatters" xlink:title="DisclosureOfAnyUnusualMatters"/>
    <link:presentationArc xlink:type="arc" xlink:arcrole="http://www.xbrl.org/2003/arcrole/parent-child" xlink:from="RetrospectiveInformationFromLastFiveYearsAbstract" xlink:to="DisclosureOfAnyUnusualMatters" xlink:title="presentation: RetrospectiveInformationFromLastFiveYearsAbstract to DisclosureOfAnyUnusualMatters" order="60.0" preferredLabel="http://uvm.dk/"/>
    <link:loc xlink:type="locator" xlink:href="../fsa/fsa.xsd#fsa_DisclosureOfSignificantEventsOccurringAfterEndOfReportingPeriod" xlink:label="DisclosureOfSignificantEventsOccurringAfterEndOfReportingPeriod" xlink:title="DisclosureOfSignificantEventsOccurringAfterEndOfReportingPeriod"/>
    <link:presentationArc xlink:type="arc" xlink:arcrole="http://www.xbrl.org/2003/arcrole/parent-child" xlink:from="RetrospectiveInformationFromLastFiveYearsAbstract" xlink:to="DisclosureOfSignificantEventsOccurringAfterEndOfReportingPeriod" xlink:title="presentation: RetrospectiveInformationFromLastFiveYearsAbstract to DisclosureOfSignificantEventsOccurringAfterEndOfReportingPeriod" order="70.0" preferredLabel="http://uvm.dk/"/>
    <link:loc xlink:type="locator" xlink:href="mrv.xsd#mrv_DescriptionOfExpectedDevelopmentInTheFolowingYearUvmReg" xlink:label="DescriptionOfExpectedDevelopmentInTheFolowingYearUvmReg" xlink:title="DescriptionOfExpectedDevelopmentInTheFolowingYearUvmReg"/>
    <link:presentationArc xlink:type="arc" xlink:arcrole="http://www.xbrl.org/2003/arcrole/parent-child" xlink:from="RetrospectiveInformationFromLastFiveYearsAbstract" xlink:to="DescriptionOfExpectedDevelopmentInTheFolowingYearUvmReg" xlink:title="presentation: RetrospectiveInformationFromLastFiveYearsAbstract to DescriptionOfExpectedDevelopmentInTheFolowingYearUvmReg" order="80.0"/>
    <link:loc xlink:type="locator" xlink:href="mrv.xsd#mrv_SignificantFinancialRelationWithOtherInstitutionsRecievingPublicGrants" xlink:label="SignificantFinancialRelationWithOtherInstitutionsRecievingPublicGrants" xlink:title="SignificantFinancialRelationWithOtherInstitutionsRecievingPublicGrants"/>
    <link:presentationArc xlink:type="arc" xlink:arcrole="http://www.xbrl.org/2003/arcrole/parent-child" xlink:from="RetrospectiveInformationFromLastFiveYearsAbstract" xlink:to="SignificantFinancialRelationWithOtherInstitutionsRecievingPublicGrants" xlink:title="presentation: RetrospectiveInformationFromLastFiveYearsAbstract to SignificantFinancialRelationWithOtherInstitutionsRecievingPublicGrants" order="90.0"/>
    <link:loc xlink:type="locator" xlink:href="mrv.xsd#mrv_DescriptionOfGrantsForSpecialNeedsTeachingAndOtherSpecielNeedsAssistanceIndependentBasicSchools" xlink:label="DescriptionOfGrantsForSpecialNeedsTeachingAndOtherSpecielNeedsAssistanceIndependentBasicSchools" xlink:title="DescriptionOfGrantsForSpecialNeedsTeachingAndOtherSpecielNeedsAssistanceIndependentBasicSchools"/>
    <link:presentationArc xlink:type="arc" xlink:arcrole="http://www.xbrl.org/2003/arcrole/parent-child" xlink:from="RetrospectiveInformationFromLastFiveYearsAbstract" xlink:to="DescriptionOfGrantsForSpecialNeedsTeachingAndOtherSpecielNeedsAssistanceIndependentBasicSchools" xlink:title="presentation: RetrospectiveInformationFromLastFiveYearsAbstract to DescriptionOfGrantsForSpecialNeedsTeachingAndOtherSpecielNeedsAssistanceIndependentBasicSchools" order="100.0"/>
  </link:presentationLink>
</link:linkbase>
