<?xml version="1.0" encoding="UTF-8"?>
<!-- Generated by Fujitsu Interstage XWand B0251T -->
<?officialURI http://archprod.service.eogs.dk/taxonomy/20211001/mrv/269pgym_mrv_pre.xml?>

<?taxonomy-version 1.7.0?>

<link:linkbase xmlns:xsi="http://www.w3.org/2001/XMLSchema-instance" xsi:schemaLocation="http://www.xbrl.org/2003/linkbase http://www.xbrl.org/2003/xbrl-linkbase-2003-12-31.xsd" xmlns:link="http://www.xbrl.org/2003/linkbase" xmlns:entry="http://xbrl.dcca.dk/entryBalanceSheetAccountByCurrentAndLongTermFormIncomeStatementByNature" xmlns:xbrli="http://www.xbrl.org/2003/instance" xmlns:xlink="http://www.w3.org/1999/xlink">
  <link:roleRef roleURI="http://uvm.dk/" xlink:type="simple" xlink:href="../cmn.xsd#uvm_Uvm"/>
  <link:roleRef roleURI="http://uvm.dk/Sk" xlink:type="simple" xlink:href="../fsa/fsa.xsd#uvm_Uvm_Sk"/>
  <link:roleRef roleURI="http://uvm.dk/sk" xlink:type="simple" xlink:href="mrv.xsd#RT_1"/>
  <link:roleRef roleURI="http://xbrl.dcca.dk/role/269.00/KeyFiguresAndFinancialRatiosUvmPgym" xlink:type="simple" xlink:href="mrv.xsd#mrv_RoleKeyFiguresAndFinancialRatiosUvmPgym"/>
  <link:presentationLink xlink:type="extended" xlink:role="http://xbrl.dcca.dk/role/269.00/KeyFiguresAndFinancialRatiosUvmPgym">
    <link:loc xlink:type="locator" xlink:href="../cmn.xsd#cmn_CommonHypercube" xlink:label="CommonHypercube"/>
    <link:loc xlink:type="locator" xlink:href="../cmn.xsd#cmn_ConsolidatedSoloDimension" xlink:label="ConsolidatedSoloDimension"/>
    <link:presentationArc xlink:type="arc" xlink:arcrole="http://www.xbrl.org/2003/arcrole/parent-child" xlink:from="CommonHypercube" xlink:to="ConsolidatedSoloDimension" xlink:title="presentation: CommonHypercube to ConsolidatedSoloDimension" order="1.0"/>
    <link:loc xlink:type="locator" xlink:href="../cmn.xsd#cmn_ConsolidatedMember" xlink:label="ConsolidatedMember"/>
    <link:presentationArc xlink:type="arc" xlink:arcrole="http://www.xbrl.org/2003/arcrole/parent-child" xlink:from="ConsolidatedSoloDimension" xlink:to="ConsolidatedMember" xlink:title="presentation: ConsolidatedSoloDimension to ConsolidatedMember" order="1.0"/>
    <link:loc xlink:type="locator" xlink:href="../cmn.xsd#cmn_SoloMember" xlink:label="SoloMember"/>
    <link:presentationArc xlink:type="arc" xlink:arcrole="http://www.xbrl.org/2003/arcrole/parent-child" xlink:from="ConsolidatedSoloDimension" xlink:to="SoloMember" xlink:title="presentation: ConsolidatedSoloDimension to SoloMember" order="2.0"/>
    <link:loc xlink:type="locator" xlink:href="mrv.xsd#mrv_InformationOnCalculationOfKeyFiguresAndFinancialRatios" xlink:label="InformationOnCalculationOfKeyFiguresAndFinancialRatios" xlink:title="InformationOnCalculationOfKeyFiguresAndFinancialRatios"/>
    <link:loc xlink:type="locator" xlink:href="mrv.xsd#mrv_FtesStudents" xlink:label="FtesStudents" xlink:title="FtesStudents"/>
    <link:presentationArc xlink:type="arc" xlink:arcrole="http://www.xbrl.org/2003/arcrole/parent-child" xlink:from="InformationOnCalculationOfKeyFiguresAndFinancialRatios" xlink:to="FtesStudents" xlink:title="presentation: InformationOnCalculationOfKeyFiguresAndFinancialRatios to FtesStudents" order="3.0" preferredLabel="http://uvm.dk/"/>
    <link:loc xlink:type="locator" xlink:href="mrv.xsd#mrv_DevelopmentInActivity" xlink:label="DevelopmentInActivity" xlink:title="DevelopmentInActivity"/>
    <link:presentationArc xlink:type="arc" xlink:arcrole="http://www.xbrl.org/2003/arcrole/parent-child" xlink:from="InformationOnCalculationOfKeyFiguresAndFinancialRatios" xlink:to="DevelopmentInActivity" xlink:title="presentation: InformationOnCalculationOfKeyFiguresAndFinancialRatios to DevelopmentInActivity" order="4.0"/>
    <link:loc xlink:type="locator" xlink:href="mrv.xsd#mrv_FtesStudentsIncludingBoarding" xlink:label="FtesStudentsIncludingBoarding" xlink:title="FtesStudentsIncludingBoarding"/>
    <link:presentationArc xlink:type="arc" xlink:arcrole="http://www.xbrl.org/2003/arcrole/parent-child" xlink:from="InformationOnCalculationOfKeyFiguresAndFinancialRatios" xlink:to="FtesStudentsIncludingBoarding" xlink:title="presentation: InformationOnCalculationOfKeyFiguresAndFinancialRatios to FtesStudentsIncludingBoarding" order="5.0" preferredLabel="http://uvm.dk/sk"/>
    <link:loc xlink:type="locator" xlink:href="mrv.xsd#mrv_FTEsEmployedTeachers" xlink:label="FTEsEmployedTeachers" xlink:title="FTEsEmployedTeachers"/>
    <link:presentationArc xlink:type="arc" xlink:arcrole="http://www.xbrl.org/2003/arcrole/parent-child" xlink:from="InformationOnCalculationOfKeyFiguresAndFinancialRatios" xlink:to="FTEsEmployedTeachers" xlink:title="presentation: InformationOnCalculationOfKeyFiguresAndFinancialRatios to FTEsEmployedTeachers" order="8.0"/>
    <link:loc xlink:type="locator" xlink:href="mrv.xsd#mrv_FTEsOtherEmployee" xlink:label="FTEsOtherEmployee" xlink:title="FTEsOtherEmployee"/>
    <link:presentationArc xlink:type="arc" xlink:arcrole="http://www.xbrl.org/2003/arcrole/parent-child" xlink:from="InformationOnCalculationOfKeyFiguresAndFinancialRatios" xlink:to="FTEsOtherEmployee" xlink:title="presentation: InformationOnCalculationOfKeyFiguresAndFinancialRatios to FTEsOtherEmployee" order="9.0"/>
    <link:loc xlink:type="locator" xlink:href="../fsa/fsa.xsd#fsa_FTEsInclEmployeesOnSpecialTerms" xlink:label="FTEsInclEmployeesOnSpecialTerms" xlink:title="FTEsInclEmployeesOnSpecialTerms"/>
    <link:presentationArc xlink:type="arc" xlink:arcrole="http://www.xbrl.org/2003/arcrole/parent-child" xlink:from="InformationOnCalculationOfKeyFiguresAndFinancialRatios" xlink:to="FTEsInclEmployeesOnSpecialTerms" xlink:title="presentation: InformationOnCalculationOfKeyFiguresAndFinancialRatios to FTEsInclEmployeesOnSpecialTerms" order="10.0" preferredLabel="http://uvm.dk/Sk"/>
    <link:loc xlink:type="locator" xlink:href="mrv.xsd#mrv_FTEsEmployeeRecievingWagesDirectFromMunicipality" xlink:label="FTEsEmployeeRecievingWagesDirectFromMunicipality" xlink:title="FTEsEmployeeRecievingWagesDirectFromMunicipality"/>
    <link:presentationArc xlink:type="arc" xlink:arcrole="http://www.xbrl.org/2003/arcrole/parent-child" xlink:from="InformationOnCalculationOfKeyFiguresAndFinancialRatios" xlink:to="FTEsEmployeeRecievingWagesDirectFromMunicipality" xlink:title="presentation: InformationOnCalculationOfKeyFiguresAndFinancialRatios to FTEsEmployeeRecievingWagesDirectFromMunicipality" order="130.0"/>
    <link:loc xlink:type="locator" xlink:href="../fsa/fsa.xsd#fsa_ShareOfEmployeesOnSpecialTerms" xlink:label="ShareOfEmployeesOnSpecialTerms" xlink:title="ShareOfEmployeesOnSpecialTerms"/>
    <link:presentationArc xlink:type="arc" xlink:arcrole="http://www.xbrl.org/2003/arcrole/parent-child" xlink:from="InformationOnCalculationOfKeyFiguresAndFinancialRatios" xlink:to="ShareOfEmployeesOnSpecialTerms" xlink:title="presentation: InformationOnCalculationOfKeyFiguresAndFinancialRatios to ShareOfEmployeesOnSpecialTerms" order="11.0" preferredLabel="http://uvm.dk/Sk"/>
    <link:loc xlink:type="locator" xlink:href="mrv.xsd#mrv_FTEStudentsPerFTEsEmployedTeachers" xlink:label="FTEStudentsPerFTEsEmployedTeachers" xlink:title="FTEStudentsPerFTEsEmployedTeachers"/>
    <link:presentationArc xlink:type="arc" xlink:arcrole="http://www.xbrl.org/2003/arcrole/parent-child" xlink:from="InformationOnCalculationOfKeyFiguresAndFinancialRatios" xlink:to="FTEStudentsPerFTEsEmployedTeachers" xlink:title="presentation: InformationOnCalculationOfKeyFiguresAndFinancialRatios to FTEStudentsPerFTEsEmployedTeachers" order="12.0"/>
    <link:loc xlink:type="locator" xlink:href="mrv.xsd#mrv_WagesAndSalariesExpensesConductionEducationPerFTEsStudents" xlink:label="WagesAndSalariesExpensesConductionEducationPerFTEsStudents" xlink:title="WagesAndSalariesExpensesConductionEducationPerFTEsStudents"/>
    <link:presentationArc xlink:type="arc" xlink:arcrole="http://www.xbrl.org/2003/arcrole/parent-child" xlink:from="InformationOnCalculationOfKeyFiguresAndFinancialRatios" xlink:to="WagesAndSalariesExpensesConductionEducationPerFTEsStudents" xlink:title="presentation: InformationOnCalculationOfKeyFiguresAndFinancialRatios to WagesAndSalariesExpensesConductionEducationPerFTEsStudents" order="140.0"/>
    <link:loc xlink:type="locator" xlink:href="mrv.xsd#mrv_OtherWagesAndSalariesExpensesPerFtesStudents" xlink:label="OtherWagesAndSalariesExpensesPerFtesStudents" xlink:title="OtherWagesAndSalariesExpensesPerFtesStudents"/>
    <link:presentationArc xlink:type="arc" xlink:arcrole="http://www.xbrl.org/2003/arcrole/parent-child" xlink:from="InformationOnCalculationOfKeyFiguresAndFinancialRatios" xlink:to="OtherWagesAndSalariesExpensesPerFtesStudents" xlink:title="presentation: InformationOnCalculationOfKeyFiguresAndFinancialRatios to OtherWagesAndSalariesExpensesPerFtesStudents" order="150.0"/>
    <link:loc xlink:type="locator" xlink:href="mrv.xsd#mrv_WagesAndSalariesExpensesPerFtesStudents" xlink:label="WagesAndSalariesExpensesPerFtesStudents" xlink:title="WagesAndSalariesExpensesPerFtesStudents"/>
    <link:presentationArc xlink:type="arc" xlink:arcrole="http://www.xbrl.org/2003/arcrole/parent-child" xlink:from="InformationOnCalculationOfKeyFiguresAndFinancialRatios" xlink:to="WagesAndSalariesExpensesPerFtesStudents" xlink:title="presentation: InformationOnCalculationOfKeyFiguresAndFinancialRatios to WagesAndSalariesExpensesPerFtesStudents" order="160.0"/>
    <link:loc xlink:type="locator" xlink:href="mrv.xsd#mrv_ConductionOfEducationExpensesPerFTEsStudents" xlink:label="ConductionOfEducationExpensesPerFTEsStudents" xlink:title="ConductionOfEducationExpensesPerFTEsStudents"/>
    <link:presentationArc xlink:type="arc" xlink:arcrole="http://www.xbrl.org/2003/arcrole/parent-child" xlink:from="InformationOnCalculationOfKeyFiguresAndFinancialRatios" xlink:to="ConductionOfEducationExpensesPerFTEsStudents" xlink:title="presentation: InformationOnCalculationOfKeyFiguresAndFinancialRatios to ConductionOfEducationExpensesPerFTEsStudents" order="170.0"/>
    <link:loc xlink:type="locator" xlink:href="mrv.xsd#mrv_PropertyExpensesPerFTEsStudents" xlink:label="PropertyExpensesPerFTEsStudents" xlink:title="PropertyExpensesPerFTEsStudents"/>
    <link:presentationArc xlink:type="arc" xlink:arcrole="http://www.xbrl.org/2003/arcrole/parent-child" xlink:from="InformationOnCalculationOfKeyFiguresAndFinancialRatios" xlink:to="PropertyExpensesPerFTEsStudents" xlink:title="presentation: InformationOnCalculationOfKeyFiguresAndFinancialRatios to PropertyExpensesPerFTEsStudents" order="180.0"/>
    <link:loc xlink:type="locator" xlink:href="mrv.xsd#mrv_BoardingExpensesPerFTEsStudents" xlink:label="BoardingExpensesPerFTEsStudents" xlink:title="BoardingExpensesPerFTEsStudents"/>
    <link:presentationArc xlink:type="arc" xlink:arcrole="http://www.xbrl.org/2003/arcrole/parent-child" xlink:from="InformationOnCalculationOfKeyFiguresAndFinancialRatios" xlink:to="BoardingExpensesPerFTEsStudents" xlink:title="presentation: InformationOnCalculationOfKeyFiguresAndFinancialRatios to BoardingExpensesPerFTEsStudents" order="190.0"/>
    <link:loc xlink:type="locator" xlink:href="mrv.xsd#mrv_AdministrationEspensesPerFTEsStudents" xlink:label="AdministrationEspensesPerFTEsStudents" xlink:title="AdministrationEspensesPerFTEsStudents"/>
    <link:presentationArc xlink:type="arc" xlink:arcrole="http://www.xbrl.org/2003/arcrole/parent-child" xlink:from="InformationOnCalculationOfKeyFiguresAndFinancialRatios" xlink:to="AdministrationEspensesPerFTEsStudents" xlink:title="presentation: InformationOnCalculationOfKeyFiguresAndFinancialRatios to AdministrationEspensesPerFTEsStudents" order="200.0"/>
    <link:loc xlink:type="locator" xlink:href="mrv.xsd#mrv_TotalExpensesExcludingBoardingPerFTEsStudents" xlink:label="TotalExpensesExcludingBoardingPerFTEsStudents" xlink:title="TotalExpensesExcludingBoardingPerFTEsStudents"/>
    <link:presentationArc xlink:type="arc" xlink:arcrole="http://www.xbrl.org/2003/arcrole/parent-child" xlink:from="InformationOnCalculationOfKeyFiguresAndFinancialRatios" xlink:to="TotalExpensesExcludingBoardingPerFTEsStudents" xlink:title="presentation: InformationOnCalculationOfKeyFiguresAndFinancialRatios to TotalExpensesExcludingBoardingPerFTEsStudents" order="210.0"/>
    <link:loc xlink:type="locator" xlink:href="mrv.xsd#mrv_FTEsStudentsFulltimeEducationInReportingPeriod" xlink:label="FTEsStudentsFulltimeEducationInReportingPeriod" xlink:title="FTEsStudentsFulltimeEducationInReportingPeriod"/>
    <link:presentationArc xlink:type="arc" xlink:arcrole="http://www.xbrl.org/2003/arcrole/parent-child" xlink:from="InformationOnCalculationOfKeyFiguresAndFinancialRatios" xlink:to="FTEsStudentsFulltimeEducationInReportingPeriod" xlink:title="presentation: InformationOnCalculationOfKeyFiguresAndFinancialRatios to FTEsStudentsFulltimeEducationInReportingPeriod" order="1.0"/>
    <link:loc xlink:type="locator" xlink:href="mrv.xsd#mrv_FTEsStudentsSinglecourseInReportingPeriod" xlink:label="FTEsStudentsSinglecourseInReportingPeriod" xlink:title="FTEsStudentsSinglecourseInReportingPeriod"/>
    <link:presentationArc xlink:type="arc" xlink:arcrole="http://www.xbrl.org/2003/arcrole/parent-child" xlink:from="InformationOnCalculationOfKeyFiguresAndFinancialRatios" xlink:to="FTEsStudentsSinglecourseInReportingPeriod" xlink:title="presentation: InformationOnCalculationOfKeyFiguresAndFinancialRatios to FTEsStudentsSinglecourseInReportingPeriod" order="2.0"/>
    <link:loc xlink:type="locator" xlink:href="mrv.xsd#mrv_TuitionFeesPerFTEPrivateUpperSecondarySchools" xlink:label="TuitionFeesPerFTEPrivateUpperSecondarySchools" xlink:title="TuitionFeesPerFTEPrivateUpperSecondarySchools"/>
    <link:presentationArc xlink:type="arc" xlink:arcrole="http://www.xbrl.org/2003/arcrole/parent-child" xlink:from="InformationOnCalculationOfKeyFiguresAndFinancialRatios" xlink:to="TuitionFeesPerFTEPrivateUpperSecondarySchools" xlink:title="presentation: InformationOnCalculationOfKeyFiguresAndFinancialRatios to TuitionFeesPerFTEPrivateUpperSecondarySchools" order="6.0"/>
    <link:loc xlink:type="locator" xlink:href="mrv.xsd#mrv_PaymentForAccommodationPerFTEStudentsPrivateUpperSecondarySchools" xlink:label="PaymentForAccommodationPerFTEStudentsPrivateUpperSecondarySchools" xlink:title="PaymentForAccommodationPerFTEStudentsPrivateUpperSecondarySchools"/>
    <link:presentationArc xlink:type="arc" xlink:arcrole="http://www.xbrl.org/2003/arcrole/parent-child" xlink:from="InformationOnCalculationOfKeyFiguresAndFinancialRatios" xlink:to="PaymentForAccommodationPerFTEStudentsPrivateUpperSecondarySchools" xlink:title="presentation: InformationOnCalculationOfKeyFiguresAndFinancialRatios to PaymentForAccommodationPerFTEStudentsPrivateUpperSecondarySchools" order="7.0"/>
    <link:loc xlink:type="locator" xlink:href="../fsa/fsa.xsd#fsa_FTEsEmployedInAccordanceWithTheCollectiveAgreementForManagement" xlink:label="FTEsEmployedInAccordanceWithTheCollectiveAgreementForManagement" xlink:title="FTEsEmployedInAccordanceWithTheCollectiveAgreementForManagement"/>
    <link:presentationArc xlink:type="arc" xlink:arcrole="http://www.xbrl.org/2003/arcrole/parent-child" xlink:from="InformationOnCalculationOfKeyFiguresAndFinancialRatios" xlink:to="FTEsEmployedInAccordanceWithTheCollectiveAgreementForManagement" xlink:title="presentation: InformationOnCalculationOfKeyFiguresAndFinancialRatios to FTEsEmployedInAccordanceWithTheCollectiveAgreementForManagement" order="13.0"/>
    <link:loc xlink:type="locator" xlink:href="mrv.xsd#mrv_TotalWagesAndSaleriesForAllManagementOfTheInstitutionCoveredByCollectiveAgreementForManagementShareOfRevenue" xlink:label="TotalWagesAndSaleriesForAllManagementOfTheInstitutionCoveredByCollectiveAgreementForManagementShareOfRevenue" xlink:title="TotalWagesAndSaleriesForAllManagementOfTheInstitutionCoveredByCollectiveAgreementForManagementShareOfRevenue"/>
    <link:presentationArc xlink:type="arc" xlink:arcrole="http://www.xbrl.org/2003/arcrole/parent-child" xlink:from="InformationOnCalculationOfKeyFiguresAndFinancialRatios" xlink:to="TotalWagesAndSaleriesForAllManagementOfTheInstitutionCoveredByCollectiveAgreementForManagementShareOfRevenue" xlink:title="presentation: InformationOnCalculationOfKeyFiguresAndFinancialRatios to TotalWagesAndSaleriesForAllManagementOfTheInstitutionCoveredByCollectiveAgreementForManagementShareOfRevenue" order="165.0"/>
    <link:loc xlink:type="locator" xlink:href="mrv.xsd#mrv_AverageWagesAndSaleriesForManagementEmployedInAccordanceWithTheCollectiveAgreementForManagement" xlink:label="AverageWagesAndSaleriesForManagementEmployedInAccordanceWithTheCollectiveAgreementForManagement" xlink:title="AverageWagesAndSaleriesForManagementEmployedInAccordanceWithTheCollectiveAgreementForManagement"/>
    <link:presentationArc xlink:type="arc" xlink:arcrole="http://www.xbrl.org/2003/arcrole/parent-child" xlink:from="InformationOnCalculationOfKeyFiguresAndFinancialRatios" xlink:to="AverageWagesAndSaleriesForManagementEmployedInAccordanceWithTheCollectiveAgreementForManagement" xlink:title="presentation: InformationOnCalculationOfKeyFiguresAndFinancialRatios to AverageWagesAndSaleriesForManagementEmployedInAccordanceWithTheCollectiveAgreementForManagement" order="166.0"/>
    <link:loc xlink:type="locator" xlink:href="mrv.xsd#mrv_RetrospectiveInformationFromLastFiveYearsAbstract" xlink:label="RetrospectiveInformationFromLastFiveYearsAbstract" xlink:title="RetrospectiveInformationFromLastFiveYearsAbstract"/>
    <link:loc xlink:type="locator" xlink:href="mrv.xsd#mrv_InformationOnCalculationOfKeyFiguresAndFinancialRatios" xlink:label="InformationOnCalculationOfKeyFiguresAndFinancialRatios_2" xlink:title="InformationOnCalculationOfKeyFiguresAndFinancialRatios"/>
    <link:presentationArc xlink:type="arc" xlink:arcrole="http://www.xbrl.org/2003/arcrole/parent-child" xlink:from="RetrospectiveInformationFromLastFiveYearsAbstract" xlink:to="InformationOnCalculationOfKeyFiguresAndFinancialRatios_2" xlink:title="presentation: RetrospectiveInformationFromLastFiveYearsAbstract to InformationOnCalculationOfKeyFiguresAndFinancialRatios" order="2.0"/>
    <link:presentationArc xlink:type="arc" xlink:arcrole="http://www.xbrl.org/2003/arcrole/parent-child" xlink:from="RetrospectiveInformationFromLastFiveYearsAbstract" xlink:to="CommonHypercube" xlink:title="presentation: RetrospectiveInformationFromLastFiveYearsAbstract to CommonHypercube" order="11.0"/>
    <link:loc xlink:type="locator" xlink:href="mrv.xsd#mrv_DescriptionOfPrimaryActivitiesOfEntity" xlink:label="DescriptionOfPrimaryActivitiesOfEntity" xlink:title="DescriptionOfPrimaryActivitiesOfEntity"/>
    <link:presentationArc xlink:type="arc" xlink:arcrole="http://www.xbrl.org/2003/arcrole/parent-child" xlink:from="RetrospectiveInformationFromLastFiveYearsAbstract" xlink:to="DescriptionOfPrimaryActivitiesOfEntity" xlink:title="presentation: RetrospectiveInformationFromLastFiveYearsAbstract to DescriptionOfPrimaryActivitiesOfEntity" order="3.0"/>
    <link:loc xlink:type="locator" xlink:href="mrv.xsd#mrv_AnnualResultIncludingKeyFiguresAndFinancialRatios" xlink:label="AnnualResultIncludingKeyFiguresAndFinancialRatios" xlink:title="AnnualResultIncludingKeyFiguresAndFinancialRatios"/>
    <link:presentationArc xlink:type="arc" xlink:arcrole="http://www.xbrl.org/2003/arcrole/parent-child" xlink:from="RetrospectiveInformationFromLastFiveYearsAbstract" xlink:to="AnnualResultIncludingKeyFiguresAndFinancialRatios" xlink:title="presentation: RetrospectiveInformationFromLastFiveYearsAbstract to AnnualResultIncludingKeyFiguresAndFinancialRatios" order="4.0"/>
    <link:loc xlink:type="locator" xlink:href="../fsa/fsa.xsd#fsa_DisclosureOfUncertaintiesRelatingToGoingConcern" xlink:label="DisclosureOfUncertaintiesRelatingToGoingConcern" xlink:title="DisclosureOfUncertaintiesRelatingToGoingConcern"/>
    <link:presentationArc xlink:type="arc" xlink:arcrole="http://www.xbrl.org/2003/arcrole/parent-child" xlink:from="RetrospectiveInformationFromLastFiveYearsAbstract" xlink:to="DisclosureOfUncertaintiesRelatingToGoingConcern" xlink:title="presentation: RetrospectiveInformationFromLastFiveYearsAbstract to DisclosureOfUncertaintiesRelatingToGoingConcern" order="5.0" preferredLabel="http://uvm.dk/"/>
    <link:loc xlink:type="locator" xlink:href="mrv.xsd#mrv_DescriptionOfAnyUncertaintyConnectedWithRecognitionOrMeasurement" xlink:label="DescriptionOfAnyUncertaintyConnectedWithRecognitionOrMeasurement" xlink:title="DescriptionOfAnyUncertaintyConnectedWithRecognitionOrMeasurement"/>
    <link:presentationArc xlink:type="arc" xlink:arcrole="http://www.xbrl.org/2003/arcrole/parent-child" xlink:from="RetrospectiveInformationFromLastFiveYearsAbstract" xlink:to="DescriptionOfAnyUncertaintyConnectedWithRecognitionOrMeasurement" xlink:title="presentation: RetrospectiveInformationFromLastFiveYearsAbstract to DescriptionOfAnyUncertaintyConnectedWithRecognitionOrMeasurement" order="6.0"/>
    <link:loc xlink:type="locator" xlink:href="../fsa/fsa.xsd#fsa_DisclosureOfAnyUnusualMatters" xlink:label="DisclosureOfAnyUnusualMatters" xlink:title="DisclosureOfAnyUnusualMatters"/>
    <link:presentationArc xlink:type="arc" xlink:arcrole="http://www.xbrl.org/2003/arcrole/parent-child" xlink:from="RetrospectiveInformationFromLastFiveYearsAbstract" xlink:to="DisclosureOfAnyUnusualMatters" xlink:title="presentation: RetrospectiveInformationFromLastFiveYearsAbstract to DisclosureOfAnyUnusualMatters" order="7.0"/>
    <link:loc xlink:type="locator" xlink:href="../fsa/fsa.xsd#fsa_DisclosureOfSignificantEventsOccurringAfterEndOfReportingPeriod" xlink:label="DisclosureOfSignificantEventsOccurringAfterEndOfReportingPeriod" xlink:title="DisclosureOfSignificantEventsOccurringAfterEndOfReportingPeriod"/>
    <link:presentationArc xlink:type="arc" xlink:arcrole="http://www.xbrl.org/2003/arcrole/parent-child" xlink:from="RetrospectiveInformationFromLastFiveYearsAbstract" xlink:to="DisclosureOfSignificantEventsOccurringAfterEndOfReportingPeriod" xlink:title="presentation: RetrospectiveInformationFromLastFiveYearsAbstract to DisclosureOfSignificantEventsOccurringAfterEndOfReportingPeriod" order="8.0" preferredLabel="http://uvm.dk/"/>
    <link:loc xlink:type="locator" xlink:href="mrv.xsd#mrv_DescriptionOfExpectedDevelopmentInTheFolowingYearUvmReg" xlink:label="DescriptionOfExpectedDevelopmentInTheFolowingYearUvmReg" xlink:title="DescriptionOfExpectedDevelopmentInTheFolowingYearUvmReg"/>
    <link:presentationArc xlink:type="arc" xlink:arcrole="http://www.xbrl.org/2003/arcrole/parent-child" xlink:from="RetrospectiveInformationFromLastFiveYearsAbstract" xlink:to="DescriptionOfExpectedDevelopmentInTheFolowingYearUvmReg" xlink:title="presentation: RetrospectiveInformationFromLastFiveYearsAbstract to DescriptionOfExpectedDevelopmentInTheFolowingYearUvmReg" order="9.0"/>
    <link:loc xlink:type="locator" xlink:href="mrv.xsd#mrv_SignificantFinancialRelationWithOtherInstitutionsRecievingPublicGrants" xlink:label="SignificantFinancialRelationWithOtherInstitutionsRecievingPublicGrants" xlink:title="SignificantFinancialRelationWithOtherInstitutionsRecievingPublicGrants"/>
    <link:presentationArc xlink:type="arc" xlink:arcrole="http://www.xbrl.org/2003/arcrole/parent-child" xlink:from="RetrospectiveInformationFromLastFiveYearsAbstract" xlink:to="SignificantFinancialRelationWithOtherInstitutionsRecievingPublicGrants" xlink:title="presentation: RetrospectiveInformationFromLastFiveYearsAbstract to SignificantFinancialRelationWithOtherInstitutionsRecievingPublicGrants" order="10.0"/>
  </link:presentationLink>
</link:linkbase>
