<?xml version="1.0" encoding="UTF-8"?>
<!-- Generated by Fujitsu Interstage XWand B0251T -->
<?officialURI http://archprod.service.eogs.dk/taxonomy/20211001/mrv/mrv_ref.xml?>

<?taxonomy-version 1.7.0?>

<link:linkbase xmlns:xsi="http://www.w3.org/2001/XMLSchema-instance" xsi:schemaLocation="http://www.xbrl.org/2006/ref http://www.xbrl.org/2006/ref-2006-02-27.xsd http://www.xbrl.org/2003/linkbase http://www.xbrl.org/2003/xbrl-linkbase-2003-12-31.xsd" xmlns:link="http://www.xbrl.org/2003/linkbase" xmlns:ref="http://www.xbrl.org/2006/ref" xmlns:xlink="http://www.w3.org/1999/xlink" xmlns:xbrli="http://www.xbrl.org/2003/instance">
  <link:referenceLink xlink:type="extended" xlink:role="http://www.xbrl.org/2003/role/link">
    <link:loc xlink:type="locator" xlink:href="../cmn.xsd#cmn_RetrospectiveInformationDimension" xlink:label="RetrospectiveInformationDimension"/>
    <link:reference xlink:type="resource" xlink:label="reference_RetrospectiveInformationDimension" xlink:role="http://www.xbrl.org/2003/role/reference" id="reference_RetrospectiveInformationDimension">
      <ref:Publisher>Økonomi- og Erhvervsministeriet</ref:Publisher>
      <ref:Name>Årsregnskabsloven</ref:Name>
      <ref:Paragraph>101</ref:Paragraph>
      <ref:Subparagraph>1</ref:Subparagraph>
      <ref:Clause>2</ref:Clause>
    </link:reference>
    <link:referenceArc xlink:type="arc" xlink:arcrole="http://www.xbrl.org/2003/arcrole/concept-reference" xlink:from="RetrospectiveInformationDimension" xlink:to="reference_RetrospectiveInformationDimension" order="10.0"/>
    <link:loc xlink:type="locator" xlink:href="../cmn.xsd#cmn_CurrentYearMember" xlink:label="CurrentYearMember"/>
    <link:reference xlink:type="resource" xlink:label="reference_CurrentYearMember" xlink:role="http://www.xbrl.org/2003/role/reference" id="reference_CurrentYearMember">
      <ref:Publisher>Økonomi- og Erhvervsministeriet</ref:Publisher>
      <ref:Name>Årsregnskabsloven</ref:Name>
      <ref:Paragraph>101</ref:Paragraph>
      <ref:Subparagraph>1</ref:Subparagraph>
      <ref:Clause>2</ref:Clause>
    </link:reference>
    <link:referenceArc xlink:type="arc" xlink:arcrole="http://www.xbrl.org/2003/arcrole/concept-reference" xlink:from="CurrentYearMember" xlink:to="reference_CurrentYearMember" order="10.0"/>
    <link:loc xlink:type="locator" xlink:href="../cmn.xsd#cmn_FourYearsAgoMember" xlink:label="FourYearsAgoMember"/>
    <link:reference xlink:type="resource" xlink:label="reference_FourYearsAgoMember" xlink:role="http://www.xbrl.org/2003/role/reference" id="reference_FourYearsAgoMember">
      <ref:Publisher>Økonomi- og Erhvervsministeriet</ref:Publisher>
      <ref:Name>Årsregnskabsloven</ref:Name>
      <ref:Paragraph>101</ref:Paragraph>
      <ref:Subparagraph>1</ref:Subparagraph>
      <ref:Clause>2</ref:Clause>
    </link:reference>
    <link:referenceArc xlink:type="arc" xlink:arcrole="http://www.xbrl.org/2003/arcrole/concept-reference" xlink:from="FourYearsAgoMember" xlink:to="reference_FourYearsAgoMember" order="10.0"/>
    <link:loc xlink:type="locator" xlink:href="../cmn.xsd#cmn_PreviousYearMember" xlink:label="PreviousYearMember"/>
    <link:reference xlink:type="resource" xlink:label="reference_PreviousYearMember" xlink:role="http://www.xbrl.org/2003/role/reference" id="reference_PreviousYearMember">
      <ref:Publisher>Økonomi- og Erhvervsministeriet</ref:Publisher>
      <ref:Name>Årsregnskabsloven</ref:Name>
      <ref:Paragraph>101</ref:Paragraph>
      <ref:Subparagraph>1</ref:Subparagraph>
      <ref:Clause>2</ref:Clause>
    </link:reference>
    <link:referenceArc xlink:type="arc" xlink:arcrole="http://www.xbrl.org/2003/arcrole/concept-reference" xlink:from="PreviousYearMember" xlink:to="reference_PreviousYearMember" order="10.0"/>
    <link:loc xlink:type="locator" xlink:href="../cmn.xsd#cmn_ThreeYearsAgoMember" xlink:label="ThreeYearsAgoMember"/>
    <link:reference xlink:type="resource" xlink:label="reference_ThreeYearsAgoMember" xlink:role="http://www.xbrl.org/2003/role/reference" id="reference_ThreeYearsAgoMember">
      <ref:Publisher>Økonomi- og Erhvervsministeriet</ref:Publisher>
      <ref:Name>Årsregnskabsloven</ref:Name>
      <ref:Paragraph>101</ref:Paragraph>
      <ref:Subparagraph>1</ref:Subparagraph>
      <ref:Clause>2</ref:Clause>
    </link:reference>
    <link:referenceArc xlink:type="arc" xlink:arcrole="http://www.xbrl.org/2003/arcrole/concept-reference" xlink:from="ThreeYearsAgoMember" xlink:to="reference_ThreeYearsAgoMember" order="10.0"/>
    <link:loc xlink:type="locator" xlink:href="../cmn.xsd#cmn_TwoYearsAgoMember" xlink:label="TwoYearsAgoMember"/>
    <link:reference xlink:type="resource" xlink:label="reference_TwoYearsAgoMember" xlink:role="http://www.xbrl.org/2003/role/reference" id="reference_TwoYearsAgoMember">
      <ref:Publisher>Økonomi- og Erhvervsministeriet</ref:Publisher>
      <ref:Name>Årsregnskabsloven</ref:Name>
      <ref:Paragraph>101</ref:Paragraph>
      <ref:Subparagraph>1</ref:Subparagraph>
      <ref:Clause>2</ref:Clause>
    </link:reference>
    <link:referenceArc xlink:type="arc" xlink:arcrole="http://www.xbrl.org/2003/arcrole/concept-reference" xlink:from="TwoYearsAgoMember" xlink:to="reference_TwoYearsAgoMember" order="10.0"/>
    <link:loc xlink:type="locator" xlink:href="mrv.xsd#mrv_ManagementsReview" xlink:label="ManagementsReview"/>
    <link:reference xlink:type="resource" xlink:label="reference_ManagementsReview" xlink:role="http://www.xbrl.org/2003/role/reference" id="reference_ManagementsReview">
      <ref:Publisher>Økonomi- og Erhvervsministeriet</ref:Publisher>
      <ref:Name>Årsregnskabsloven</ref:Name>
      <ref:Paragraph>2</ref:Paragraph>
      <ref:Subparagraph>1</ref:Subparagraph>
      <ref:Clause>2</ref:Clause>
    </link:reference>
    <link:referenceArc xlink:type="arc" xlink:arcrole="http://www.xbrl.org/2003/arcrole/concept-reference" xlink:from="ManagementsReview" xlink:to="reference_ManagementsReview" order="10.0"/>
    <link:reference xlink:type="resource" xlink:label="reference_ManagementsReview_2" xlink:role="http://www.xbrl.org/2003/role/reference" id="reference_ManagementsReview_2">
      <ref:Publisher>Økonomi- og Erhvervsministeriet</ref:Publisher>
      <ref:Name>Årsregnskabsloven</ref:Name>
      <ref:Paragraph>22</ref:Paragraph>
      <ref:Subparagraph>1</ref:Subparagraph>
    </link:reference>
    <link:referenceArc xlink:type="arc" xlink:arcrole="http://www.xbrl.org/2003/arcrole/concept-reference" xlink:from="ManagementsReview" xlink:to="reference_ManagementsReview_2" order="10.0"/>
    <link:reference xlink:type="resource" xlink:label="reference_ManagementsReview_3" xlink:role="http://www.xbrl.org/2003/role/reference" id="reference_ManagementsReview_3">
      <ref:Publisher>Økonomi- og Erhvervsministeriet</ref:Publisher>
      <ref:Name>Årsregnskabsloven</ref:Name>
      <ref:Paragraph>78</ref:Paragraph>
      <ref:Subparagraph>1</ref:Subparagraph>
    </link:reference>
    <link:referenceArc xlink:type="arc" xlink:arcrole="http://www.xbrl.org/2003/arcrole/concept-reference" xlink:from="ManagementsReview" xlink:to="reference_ManagementsReview_3" order="10.0"/>
    <link:loc xlink:type="locator" xlink:href="mrv.xsd#mrv_DescriptionOfPrimaryActivitiesOfEntity" xlink:label="DescriptionOfPrimaryActivitiesOfEntity"/>
    <link:reference xlink:type="resource" xlink:label="reference_DescriptionOfPrimaryActivitiesOfEntity" xlink:role="http://www.xbrl.org/2003/role/reference" id="reference_DescriptionOfPrimaryActivitiesOfEntity">
      <ref:Publisher>Økonomi- og Erhvervsministeriet</ref:Publisher>
      <ref:Name>Årsregnskabsloven</ref:Name>
      <ref:Paragraph>99</ref:Paragraph>
      <ref:Subparagraph>1</ref:Subparagraph>
      <ref:Clause>1</ref:Clause>
    </link:reference>
    <link:referenceArc xlink:type="arc" xlink:arcrole="http://www.xbrl.org/2003/arcrole/concept-reference" xlink:from="DescriptionOfPrimaryActivitiesOfEntity" xlink:to="reference_DescriptionOfPrimaryActivitiesOfEntity" order="10.0"/>
    <link:reference xlink:type="resource" xlink:label="reference_DescriptionOfPrimaryActivitiesOfEntity_2" xlink:role="http://www.xbrl.org/2003/role/reference" id="reference_DescriptionOfPrimaryActivitiesOfEntity_2">
      <ref:Publisher>Økonomi- og Erhvervsministeriet</ref:Publisher>
      <ref:Name>Årsregnskabsloven</ref:Name>
      <ref:Paragraph>76a</ref:Paragraph>
    </link:reference>
    <link:referenceArc xlink:type="arc" xlink:arcrole="http://www.xbrl.org/2003/arcrole/concept-reference" xlink:from="DescriptionOfPrimaryActivitiesOfEntity" xlink:to="reference_DescriptionOfPrimaryActivitiesOfEntity_2" order="10.0"/>
    <link:loc xlink:type="locator" xlink:href="mrv.xsd#mrv_DescriptionOfAnyUncertaintyConnectedWithRecognitionOrMeasurement" xlink:label="DescriptionOfAnyUncertaintyConnectedWithRecognitionOrMeasurement"/>
    <link:reference xlink:type="resource" xlink:label="reference_DescriptionOfAnyUncertaintyConnectedWithRecognitionOrMeasurement" xlink:role="http://www.xbrl.org/2003/role/reference" id="reference_DescriptionOfAnyUncertaintyConnectedWithRecognitionOrMeasurement">
      <ref:Publisher>Økonomi- og Erhvervsministeriet</ref:Publisher>
      <ref:Name>Årsregnskabsloven</ref:Name>
      <ref:Paragraph>99</ref:Paragraph>
      <ref:Subparagraph>1</ref:Subparagraph>
      <ref:Clause>2</ref:Clause>
    </link:reference>
    <link:referenceArc xlink:type="arc" xlink:arcrole="http://www.xbrl.org/2003/arcrole/concept-reference" xlink:from="DescriptionOfAnyUncertaintyConnectedWithRecognitionOrMeasurement" xlink:to="reference_DescriptionOfAnyUncertaintyConnectedWithRecognitionOrMeasurement" order="10.0"/>
    <link:loc xlink:type="locator" xlink:href="mrv.xsd#mrv_DescriptionOfAnyUnusualMattersAffectingRecognitionOrMeasurement" xlink:label="DescriptionOfAnyUnusualMattersAffectingRecognitionOrMeasurement"/>
    <link:reference xlink:type="resource" xlink:label="reference_DescriptionOfAnyUnusualMattersAffectingRecognitionOrMeasurement" xlink:role="http://www.xbrl.org/2003/role/reference" id="reference_DescriptionOfAnyUnusualMattersAffectingRecognitionOrMeasurement">
      <ref:Publisher>Økonomi- og Erhvervsministeriet</ref:Publisher>
      <ref:Name>Årsregnskabsloven</ref:Name>
      <ref:Paragraph>99</ref:Paragraph>
      <ref:Subparagraph>1</ref:Subparagraph>
      <ref:Clause>3</ref:Clause>
    </link:reference>
    <link:referenceArc xlink:type="arc" xlink:arcrole="http://www.xbrl.org/2003/arcrole/concept-reference" xlink:from="DescriptionOfAnyUnusualMattersAffectingRecognitionOrMeasurement" xlink:to="reference_DescriptionOfAnyUnusualMattersAffectingRecognitionOrMeasurement" order="10.0"/>
    <link:loc xlink:type="locator" xlink:href="mrv.xsd#mrv_DescriptionOfDevelopmentInActivitiesAndFinancialAffairs" xlink:label="DescriptionOfDevelopmentInActivitiesAndFinancialAffairs"/>
    <link:reference xlink:type="resource" xlink:label="reference_DescriptionOfDevelopmentInActivitiesAndFinancialAffairs" xlink:role="http://www.xbrl.org/2003/role/reference" id="reference_DescriptionOfDevelopmentInActivitiesAndFinancialAffairs">
      <ref:Publisher>Økonomi- og Erhvervsministeriet</ref:Publisher>
      <ref:Name>Årsregnskabsloven</ref:Name>
      <ref:Paragraph>99</ref:Paragraph>
      <ref:Subparagraph>1</ref:Subparagraph>
      <ref:Clause>4</ref:Clause>
    </link:reference>
    <link:referenceArc xlink:type="arc" xlink:arcrole="http://www.xbrl.org/2003/arcrole/concept-reference" xlink:from="DescriptionOfDevelopmentInActivitiesAndFinancialAffairs" xlink:to="reference_DescriptionOfDevelopmentInActivitiesAndFinancialAffairs" order="10.0"/>
    <link:loc xlink:type="locator" xlink:href="mrv.xsd#mrv_DescriptionOfAssessmentOfAchievedResultsOfWorkWithCommunity" xlink:label="DescriptionOfAssessmentOfAchievedResultsOfWorkWithCommunity"/>
    <link:reference xlink:type="resource" xlink:label="reference_DescriptionOfAssessmentOfAchievedResultsOfWorkWithCommunity" xlink:role="http://www.xbrl.org/2003/role/reference" id="reference_DescriptionOfAssessmentOfAchievedResultsOfWorkWithCommunity">
      <ref:Publisher>Økonomi- og Erhvervsministeriet</ref:Publisher>
      <ref:Name>Årsregnskabsloven</ref:Name>
      <ref:Paragraph>99a</ref:Paragraph>
      <ref:Subparagraph>2</ref:Subparagraph>
      <ref:Clause>3</ref:Clause>
    </link:reference>
    <link:referenceArc xlink:type="arc" xlink:arcrole="http://www.xbrl.org/2003/arcrole/concept-reference" xlink:from="DescriptionOfAssessmentOfAchievedResultsOfWorkWithCommunity" xlink:to="reference_DescriptionOfAssessmentOfAchievedResultsOfWorkWithCommunity" order="10.0"/>
    <link:loc xlink:type="locator" xlink:href="mrv.xsd#mrv_DescriptionOfAssumedSpecificPrerequisitesAndUncertainFactorsForAssessmentOfExpectedDevelopment" xlink:label="DescriptionOfAssumedSpecificPrerequisitesAndUncertainFactorsForAssessmentOfExpectedDevelopment"/>
    <link:reference xlink:type="resource" xlink:label="reference_DescriptionOfAssumedSpecificPrerequisitesAndUncertainFactorsForAssessmentOfExpectedDevelopment" xlink:role="http://www.xbrl.org/2003/role/reference" id="reference_DescriptionOfAssumedSpecificPrerequisitesAndUncertainFactorsForAssessmentOfExpectedDevelopment">
      <ref:Publisher>Økonomi- og Erhvervsministeriet</ref:Publisher>
      <ref:Name>Årsregnskabsloven</ref:Name>
      <ref:Paragraph>99</ref:Paragraph>
      <ref:Subparagraph>1</ref:Subparagraph>
      <ref:Clause>5</ref:Clause>
    </link:reference>
    <link:referenceArc xlink:type="arc" xlink:arcrole="http://www.xbrl.org/2003/arcrole/concept-reference" xlink:from="DescriptionOfAssumedSpecificPrerequisitesAndUncertainFactorsForAssessmentOfExpectedDevelopment" xlink:to="reference_DescriptionOfAssumedSpecificPrerequisitesAndUncertainFactorsForAssessmentOfExpectedDevelopment" order="10.0"/>
    <link:loc xlink:type="locator" xlink:href="mrv.xsd#mrv_DescriptionOfBranchesAbroad" xlink:label="DescriptionOfBranchesAbroad"/>
    <link:reference xlink:type="resource" xlink:label="reference_DescriptionOfBranchesAbroad" xlink:role="http://www.xbrl.org/2003/role/reference" id="reference_DescriptionOfBranchesAbroad">
      <ref:Publisher>Økonomi- og Erhvervsministeriet</ref:Publisher>
      <ref:Name>Årsregnskabsloven</ref:Name>
      <ref:Paragraph>99</ref:Paragraph>
      <ref:Subparagraph>1</ref:Subparagraph>
      <ref:Clause>11</ref:Clause>
    </link:reference>
    <link:referenceArc xlink:type="arc" xlink:arcrole="http://www.xbrl.org/2003/arcrole/concept-reference" xlink:from="DescriptionOfBranchesAbroad" xlink:to="reference_DescriptionOfBranchesAbroad" order="10.0"/>
    <link:loc xlink:type="locator" xlink:href="mrv.xsd#mrv_DescriptionOfEmployeeMatters" xlink:label="DescriptionOfEmployeeMatters"/>
    <link:reference xlink:type="resource" xlink:label="reference_DescriptionOfEmployeeMatters" xlink:role="http://www.xbrl.org/2003/role/reference" id="reference_DescriptionOfEmployeeMatters">
      <ref:Publisher>Økonomi- og Erhvervsministeriet</ref:Publisher>
      <ref:Name>Årsregnskabsloven</ref:Name>
      <ref:Paragraph>99</ref:Paragraph>
      <ref:Subparagraph>2</ref:Subparagraph>
    </link:reference>
    <link:referenceArc xlink:type="arc" xlink:arcrole="http://www.xbrl.org/2003/arcrole/concept-reference" xlink:from="DescriptionOfEmployeeMatters" xlink:to="reference_DescriptionOfEmployeeMatters" order="10.0"/>
    <link:loc xlink:type="locator" xlink:href="mrv.xsd#mrv_DescriptionOfExpectationsForFutureWorkWithCommunity" xlink:label="DescriptionOfExpectationsForFutureWorkWithCommunity"/>
    <link:reference xlink:type="resource" xlink:label="reference_DescriptionOfExpectationsForFutureWorkWithCommunity" xlink:role="http://www.xbrl.org/2003/role/reference" id="reference_DescriptionOfExpectationsForFutureWorkWithCommunity">
      <ref:Publisher>Økonomi- og Erhvervsministeriet</ref:Publisher>
      <ref:Name>Årsregnskabsloven</ref:Name>
      <ref:Paragraph>99a</ref:Paragraph>
      <ref:Subparagraph>2</ref:Subparagraph>
      <ref:Clause>3</ref:Clause>
    </link:reference>
    <link:referenceArc xlink:type="arc" xlink:arcrole="http://www.xbrl.org/2003/arcrole/concept-reference" xlink:from="DescriptionOfExpectationsForFutureWorkWithCommunity" xlink:to="reference_DescriptionOfExpectationsForFutureWorkWithCommunity" order="10.0"/>
    <link:loc xlink:type="locator" xlink:href="mrv.xsd#mrv_DescriptionOfExpectedDevelopment" xlink:label="DescriptionOfExpectedDevelopment"/>
    <link:reference xlink:type="resource" xlink:label="reference_DescriptionOfExpectedDevelopment" xlink:role="http://www.xbrl.org/2003/role/reference" id="reference_DescriptionOfExpectedDevelopment">
      <ref:Publisher>Økonomi- og Erhvervsministeriet</ref:Publisher>
      <ref:Name>Årsregnskabsloven</ref:Name>
      <ref:Paragraph>99</ref:Paragraph>
      <ref:Subparagraph>1</ref:Subparagraph>
      <ref:Clause>5</ref:Clause>
    </link:reference>
    <link:referenceArc xlink:type="arc" xlink:arcrole="http://www.xbrl.org/2003/arcrole/concept-reference" xlink:from="DescriptionOfExpectedDevelopment" xlink:to="reference_DescriptionOfExpectedDevelopment" order="10.0"/>
    <link:loc xlink:type="locator" xlink:href="mrv.xsd#mrv_DescriptionOfImpactOnExternalEnvironmentAndMeasuresOfPreventingReducingOrMitigatingDamage" xlink:label="DescriptionOfImpactOnExternalEnvironmentAndMeasuresOfPreventingReducingOrMitigatingDamage"/>
    <link:reference xlink:type="resource" xlink:label="reference_DescriptionOfImpactOnExternalEnvironmentAndMeasuresOfPreventingReducingOrMitigatingDamage" xlink:role="http://www.xbrl.org/2003/role/reference" id="reference_DescriptionOfImpactOnExternalEnvironmentAndMeasuresOfPreventingReducingOrMitigatingDamage">
      <ref:Publisher>Økonomi- og Erhvervsministeriet</ref:Publisher>
      <ref:Name>Årsregnskabsloven</ref:Name>
      <ref:Paragraph>99</ref:Paragraph>
      <ref:Subparagraph>1</ref:Subparagraph>
      <ref:Clause>9</ref:Clause>
    </link:reference>
    <link:referenceArc xlink:type="arc" xlink:arcrole="http://www.xbrl.org/2003/arcrole/concept-reference" xlink:from="DescriptionOfImpactOnExternalEnvironmentAndMeasuresOfPreventingReducingOrMitigatingDamage" xlink:to="reference_DescriptionOfImpactOnExternalEnvironmentAndMeasuresOfPreventingReducingOrMitigatingDamage" order="10.0"/>
    <link:loc xlink:type="locator" xlink:href="mrv.xsd#mrv_DescriptionOfKeyFiguresAndFinancialRatios" xlink:label="DescriptionOfKeyFiguresAndFinancialRatios"/>
    <link:reference xlink:type="resource" xlink:label="reference_DescriptionOfKeyFiguresAndFinancialRatios" xlink:role="http://www.xbrl.org/2003/role/reference" id="reference_DescriptionOfKeyFiguresAndFinancialRatios">
      <ref:Publisher>Økonomi- og Erhvervsministeriet</ref:Publisher>
      <ref:Name>Årsregnskabsloven</ref:Name>
      <ref:Paragraph>101</ref:Paragraph>
      <ref:Subparagraph>1</ref:Subparagraph>
      <ref:Clause>2</ref:Clause>
    </link:reference>
    <link:referenceArc xlink:type="arc" xlink:arcrole="http://www.xbrl.org/2003/arcrole/concept-reference" xlink:from="DescriptionOfKeyFiguresAndFinancialRatios" xlink:to="reference_DescriptionOfKeyFiguresAndFinancialRatios" order="10.0"/>
    <link:loc xlink:type="locator" xlink:href="mrv.xsd#mrv_DescriptionOfKnowledgeResources" xlink:label="DescriptionOfKnowledgeResources"/>
    <link:reference xlink:type="resource" xlink:label="reference_DescriptionOfKnowledgeResources" xlink:role="http://www.xbrl.org/2003/role/reference" id="reference_DescriptionOfKnowledgeResources">
      <ref:Publisher>Økonomi- og Erhvervsministeriet</ref:Publisher>
      <ref:Name>Årsregnskabsloven</ref:Name>
      <ref:Paragraph>99</ref:Paragraph>
      <ref:Subparagraph>1</ref:Subparagraph>
      <ref:Clause>7</ref:Clause>
    </link:reference>
    <link:referenceArc xlink:type="arc" xlink:arcrole="http://www.xbrl.org/2003/arcrole/concept-reference" xlink:from="DescriptionOfKnowledgeResources" xlink:to="reference_DescriptionOfKnowledgeResources" order="10.0"/>
    <link:loc xlink:type="locator" xlink:href="mrv.xsd#mrv_DescriptionOfMethodsAndMeasurementBasisUsedForPreparationOfSupplementaryReports" xlink:label="DescriptionOfMethodsAndMeasurementBasisUsedForPreparationOfSupplementaryReports"/>
    <link:reference xlink:type="resource" xlink:label="reference_DescriptionOfMethodsAndMeasurementBasisUsedForPreparationOfSupplementaryReports" xlink:role="http://www.xbrl.org/2003/role/reference" id="reference_DescriptionOfMethodsAndMeasurementBasisUsedForPreparationOfSupplementaryReports">
      <ref:Publisher>Økonomi- og Erhvervsministeriet</ref:Publisher>
      <ref:Name>Årsregnskabsloven</ref:Name>
      <ref:Paragraph>14</ref:Paragraph>
      <ref:Subparagraph>2</ref:Subparagraph>
    </link:reference>
    <link:referenceArc xlink:type="arc" xlink:arcrole="http://www.xbrl.org/2003/arcrole/concept-reference" xlink:from="DescriptionOfMethodsAndMeasurementBasisUsedForPreparationOfSupplementaryReports" xlink:to="reference_DescriptionOfMethodsAndMeasurementBasisUsedForPreparationOfSupplementaryReports" order="10.0"/>
    <link:loc xlink:type="locator" xlink:href="mrv.xsd#mrv_DescriptionOfNetProfitRelationToExpectedDevelopmentAssumedInPreviousReport" xlink:label="DescriptionOfNetProfitRelationToExpectedDevelopmentAssumedInPreviousReport"/>
    <link:reference xlink:type="resource" xlink:label="reference_DescriptionOfNetProfitRelationToExpectedDevelopmentAssumedInPreviousReport" xlink:role="http://www.xbrl.org/2003/role/reference" id="reference_DescriptionOfNetProfitRelationToExpectedDevelopmentAssumedInPreviousReport">
      <ref:Publisher>Økonomi- og Erhvervsministeriet</ref:Publisher>
      <ref:Name>Årsregnskabsloven</ref:Name>
      <ref:Paragraph>100</ref:Paragraph>
    </link:reference>
    <link:referenceArc xlink:type="arc" xlink:arcrole="http://www.xbrl.org/2003/arcrole/concept-reference" xlink:from="DescriptionOfNetProfitRelationToExpectedDevelopmentAssumedInPreviousReport" xlink:to="reference_DescriptionOfNetProfitRelationToExpectedDevelopmentAssumedInPreviousReport" order="10.0"/>
    <link:loc xlink:type="locator" xlink:href="mrv.xsd#mrv_DescriptionOfOtherKeyFiguresAndFinancialRatios" xlink:label="DescriptionOfOtherKeyFiguresAndFinancialRatios"/>
    <link:reference xlink:type="resource" xlink:label="reference_DescriptionOfOtherKeyFiguresAndFinancialRatios" xlink:role="http://www.xbrl.org/2003/role/reference" id="reference_DescriptionOfOtherKeyFiguresAndFinancialRatios">
      <ref:Publisher>Økonomi- og Erhvervsministeriet</ref:Publisher>
      <ref:Name>Årsregnskabsloven</ref:Name>
      <ref:Paragraph>101</ref:Paragraph>
      <ref:Subparagraph>1</ref:Subparagraph>
      <ref:Clause>2</ref:Clause>
    </link:reference>
    <link:referenceArc xlink:type="arc" xlink:arcrole="http://www.xbrl.org/2003/arcrole/concept-reference" xlink:from="DescriptionOfOtherKeyFiguresAndFinancialRatios" xlink:to="reference_DescriptionOfOtherKeyFiguresAndFinancialRatios" order="10.0"/>
    <link:loc xlink:type="locator" xlink:href="mrv.xsd#mrv_DescriptionOfPoliciesOnSocialResponsibility" xlink:label="DescriptionOfPoliciesOnSocialResponsibility"/>
    <link:reference xlink:type="resource" xlink:label="reference_DescriptionOfPoliciesOnSocialResponsibility" xlink:role="http://www.xbrl.org/2003/role/reference" id="reference_DescriptionOfPoliciesOnSocialResponsibility">
      <ref:Publisher>Økonomi- og Erhvervsministeriet</ref:Publisher>
      <ref:Name>Årsregnskabsloven</ref:Name>
      <ref:Paragraph>99a</ref:Paragraph>
      <ref:Subparagraph>2</ref:Subparagraph>
      <ref:Clause>1</ref:Clause>
    </link:reference>
    <link:referenceArc xlink:type="arc" xlink:arcrole="http://www.xbrl.org/2003/arcrole/concept-reference" xlink:from="DescriptionOfPoliciesOnSocialResponsibility" xlink:to="reference_DescriptionOfPoliciesOnSocialResponsibility" order="10.0"/>
    <link:loc xlink:type="locator" xlink:href="mrv.xsd#mrv_DescriptionOfResearchAndDevelopmentActivitiesInAndForReportingEntity" xlink:label="DescriptionOfResearchAndDevelopmentActivitiesInAndForReportingEntity"/>
    <link:reference xlink:type="resource" xlink:label="reference_DescriptionOfResearchAndDevelopmentActivitiesInAndForReportingEntity" xlink:role="http://www.xbrl.org/2003/role/reference" id="reference_DescriptionOfResearchAndDevelopmentActivitiesInAndForReportingEntity">
      <ref:Publisher>Økonomi- og Erhvervsministeriet</ref:Publisher>
      <ref:Name>Årsregnskabsloven</ref:Name>
      <ref:Paragraph>99</ref:Paragraph>
      <ref:Subparagraph>1</ref:Subparagraph>
      <ref:Clause>10</ref:Clause>
    </link:reference>
    <link:referenceArc xlink:type="arc" xlink:arcrole="http://www.xbrl.org/2003/arcrole/concept-reference" xlink:from="DescriptionOfResearchAndDevelopmentActivitiesInAndForReportingEntity" xlink:to="reference_DescriptionOfResearchAndDevelopmentActivitiesInAndForReportingEntity" order="10.0"/>
    <link:loc xlink:type="locator" xlink:href="mrv.xsd#mrv_DescriptionOfSignificantChangesInBusinessAndEconomicConditions" xlink:label="DescriptionOfSignificantChangesInBusinessAndEconomicConditions"/>
    <link:reference xlink:type="resource" xlink:label="reference_DescriptionOfSignificantChangesInBusinessAndEconomicConditions" xlink:role="http://www.xbrl.org/2003/role/reference" id="reference_DescriptionOfSignificantChangesInBusinessAndEconomicConditions">
      <ref:Publisher>Økonomi- og Erhvervsministeriet</ref:Publisher>
      <ref:Name>Årsregnskabsloven</ref:Name>
      <ref:Paragraph>76a</ref:Paragraph>
    </link:reference>
    <link:referenceArc xlink:type="arc" xlink:arcrole="http://www.xbrl.org/2003/arcrole/concept-reference" xlink:from="DescriptionOfSignificantChangesInBusinessAndEconomicConditions" xlink:to="reference_DescriptionOfSignificantChangesInBusinessAndEconomicConditions" order="10.0"/>
    <link:loc xlink:type="locator" xlink:href="mrv.xsd#mrv_DescriptionOfSignificantEventsOccurringAfterEndOfReportingPeriod" xlink:label="DescriptionOfSignificantEventsOccurringAfterEndOfReportingPeriod"/>
    <link:reference xlink:type="resource" xlink:label="reference_DescriptionOfSignificantEventsOccurringAfterEndOfReportingPeriod" xlink:role="http://www.xbrl.org/2003/role/reference" id="reference_DescriptionOfSignificantEventsOccurringAfterEndOfReportingPeriod">
      <ref:Publisher>Økonomi- og Erhvervsministeriet</ref:Publisher>
      <ref:Name>Årsregnskabsloven</ref:Name>
      <ref:Paragraph>99</ref:Paragraph>
      <ref:Subparagraph>1</ref:Subparagraph>
      <ref:Clause>5</ref:Clause>
    </link:reference>
    <link:referenceArc xlink:type="arc" xlink:arcrole="http://www.xbrl.org/2003/arcrole/concept-reference" xlink:from="DescriptionOfSignificantEventsOccurringAfterEndOfReportingPeriod" xlink:to="reference_DescriptionOfSignificantEventsOccurringAfterEndOfReportingPeriod" order="10.0"/>
    <link:loc xlink:type="locator" xlink:href="mrv.xsd#mrv_DescriptionOfStandardsGuidelinesAndPrinciplesOfCorporateSocialResponsibility" xlink:label="DescriptionOfStandardsGuidelinesAndPrinciplesOfCorporateSocialResponsibility"/>
    <link:reference xlink:type="resource" xlink:label="reference_DescriptionOfStandardsGuidelinesAndPrinciplesOfCorporateSocialResponsibility" xlink:role="http://www.xbrl.org/2003/role/reference" id="reference_DescriptionOfStandardsGuidelinesAndPrinciplesOfCorporateSocialResponsibility">
      <ref:Publisher>Økonomi- og Erhvervsministeriet</ref:Publisher>
      <ref:Name>Årsregnskabsloven</ref:Name>
      <ref:Paragraph>99a</ref:Paragraph>
      <ref:Subparagraph>2</ref:Subparagraph>
      <ref:Clause>1</ref:Clause>
    </link:reference>
    <link:referenceArc xlink:type="arc" xlink:arcrole="http://www.xbrl.org/2003/arcrole/concept-reference" xlink:from="DescriptionOfStandardsGuidelinesAndPrinciplesOfCorporateSocialResponsibility" xlink:to="reference_DescriptionOfStandardsGuidelinesAndPrinciplesOfCorporateSocialResponsibility" order="10.0"/>
    <link:loc xlink:type="locator" xlink:href="mrv.xsd#mrv_DescriptionOfSystemsAndProceduresOfTranslatingCorporateSocialResponsibilityPoliciesIntoAction" xlink:label="DescriptionOfSystemsAndProceduresOfTranslatingCorporateSocialResponsibilityPoliciesIntoAction"/>
    <link:reference xlink:type="resource" xlink:label="reference_DescriptionOfSystemsAndProceduresOfTranslatingCorporateSocialResponsibilityPoliciesIntoAction" xlink:role="http://www.xbrl.org/2003/role/reference" id="reference_DescriptionOfSystemsAndProceduresOfTranslatingCorporateSocialResponsibilityPoliciesIntoAction">
      <ref:Publisher>Økonomi- og Erhvervsministeriet</ref:Publisher>
      <ref:Name>Årsregnskabsloven</ref:Name>
      <ref:Paragraph>99a</ref:Paragraph>
      <ref:Subparagraph>2</ref:Subparagraph>
      <ref:Clause>2</ref:Clause>
    </link:reference>
    <link:referenceArc xlink:type="arc" xlink:arcrole="http://www.xbrl.org/2003/arcrole/concept-reference" xlink:from="DescriptionOfSystemsAndProceduresOfTranslatingCorporateSocialResponsibilityPoliciesIntoAction" xlink:to="reference_DescriptionOfSystemsAndProceduresOfTranslatingCorporateSocialResponsibilityPoliciesIntoAction" order="10.0"/>
    <link:loc xlink:type="locator" xlink:href="mrv.xsd#mrv_DescriptionOfTranslatingCorporateSocialResponsibilityPoliciesIntoAction" xlink:label="DescriptionOfTranslatingCorporateSocialResponsibilityPoliciesIntoAction"/>
    <link:reference xlink:type="resource" xlink:label="reference_DescriptionOfTranslatingCorporateSocialResponsibilityPoliciesIntoAction" xlink:role="http://www.xbrl.org/2003/role/reference" id="reference_DescriptionOfTranslatingCorporateSocialResponsibilityPoliciesIntoAction">
      <ref:Publisher>Økonomi- og Erhvervsministeriet</ref:Publisher>
      <ref:Name>Årsregnskabsloven</ref:Name>
      <ref:Paragraph>99a</ref:Paragraph>
      <ref:Subparagraph>2</ref:Subparagraph>
      <ref:Clause>2</ref:Clause>
    </link:reference>
    <link:referenceArc xlink:type="arc" xlink:arcrole="http://www.xbrl.org/2003/arcrole/concept-reference" xlink:from="DescriptionOfTranslatingCorporateSocialResponsibilityPoliciesIntoAction" xlink:to="reference_DescriptionOfTranslatingCorporateSocialResponsibilityPoliciesIntoAction" order="10.0"/>
    <link:loc xlink:type="locator" xlink:href="mrv.xsd#mrv_DetailsOnKeyFiguresAndFinancialRatiosAbstract" xlink:label="DetailsOnKeyFiguresAndFinancialRatiosAbstract"/>
    <link:reference xlink:type="resource" xlink:label="reference_DetailsOnKeyFiguresAndFinancialRatiosAbstract" xlink:role="http://www.xbrl.org/2003/role/reference" id="reference_DetailsOnKeyFiguresAndFinancialRatiosAbstract">
      <ref:Publisher>Økonomi- og Erhvervsministeriet</ref:Publisher>
      <ref:Name>Årsregnskabsloven</ref:Name>
      <ref:Paragraph>101</ref:Paragraph>
      <ref:Subparagraph>1</ref:Subparagraph>
      <ref:Clause>2</ref:Clause>
    </link:reference>
    <link:referenceArc xlink:type="arc" xlink:arcrole="http://www.xbrl.org/2003/arcrole/concept-reference" xlink:from="DetailsOnKeyFiguresAndFinancialRatiosAbstract" xlink:to="reference_DetailsOnKeyFiguresAndFinancialRatiosAbstract" order="10.0"/>
    <link:loc xlink:type="locator" xlink:href="mrv.xsd#mrv_DetailsOnOtherKeyFiguresAndFinancialRatiosAbstract" xlink:label="DetailsOnOtherKeyFiguresAndFinancialRatiosAbstract"/>
    <link:reference xlink:type="resource" xlink:label="reference_DetailsOnOtherKeyFiguresAndFinancialRatiosAbstract" xlink:role="http://www.xbrl.org/2003/role/reference" id="reference_DetailsOnOtherKeyFiguresAndFinancialRatiosAbstract">
      <ref:Publisher>Økonomi- og Erhvervsministeriet</ref:Publisher>
      <ref:Name>Årsregnskabsloven</ref:Name>
      <ref:Subparagraph>1</ref:Subparagraph>
      <ref:Paragraph>101</ref:Paragraph>
      <ref:Clause>2</ref:Clause>
    </link:reference>
    <link:referenceArc xlink:type="arc" xlink:arcrole="http://www.xbrl.org/2003/arcrole/concept-reference" xlink:from="DetailsOnOtherKeyFiguresAndFinancialRatiosAbstract" xlink:to="reference_DetailsOnOtherKeyFiguresAndFinancialRatiosAbstract" order="10.0"/>
    <link:loc xlink:type="locator" xlink:href="mrv.xsd#mrv_EmployeeTurnover" xlink:label="EmployeeTurnover"/>
    <link:reference xlink:type="resource" xlink:label="reference_EmployeeTurnover" xlink:role="http://www.xbrl.org/2003/role/reference" id="reference_EmployeeTurnover">
      <ref:Publisher>Erhvervs- og Selskabsstyrelsen</ref:Publisher>
      <ref:Name>Praksis</ref:Name>
    </link:reference>
    <link:referenceArc xlink:type="arc" xlink:arcrole="http://www.xbrl.org/2003/arcrole/concept-reference" xlink:from="EmployeeTurnover" xlink:to="reference_EmployeeTurnover" order="10.0"/>
    <link:loc xlink:type="locator" xlink:href="mrv.xsd#mrv_ExplanationThatEntityHasNoPoliciesOnSocialResponsibility" xlink:label="ExplanationThatEntityHasNoPoliciesOnSocialResponsibility"/>
    <link:reference xlink:type="resource" xlink:label="reference_ExplanationThatEntityHasNoPoliciesOnSocialResponsibility" xlink:role="http://www.xbrl.org/2003/role/reference" id="reference_ExplanationThatEntityHasNoPoliciesOnSocialResponsibility">
      <ref:Publisher>Økonomi- og Erhvervsministeriet</ref:Publisher>
      <ref:Name>Årsregnskabsloven</ref:Name>
      <ref:Paragraph>99a</ref:Paragraph>
    </link:reference>
    <link:referenceArc xlink:type="arc" xlink:arcrole="http://www.xbrl.org/2003/arcrole/concept-reference" xlink:from="ExplanationThatEntityHasNoPoliciesOnSocialResponsibility" xlink:to="reference_ExplanationThatEntityHasNoPoliciesOnSocialResponsibility" order="10.0"/>
    <link:loc xlink:type="locator" xlink:href="mrv.xsd#mrv_FinancialGearing" xlink:label="FinancialGearing"/>
    <link:reference xlink:type="resource" xlink:label="reference_FinancialGearing" xlink:role="http://www.xbrl.org/2003/role/reference" id="reference_FinancialGearing">
      <ref:Publisher>Erhvervs- og Selskabsstyrelsen</ref:Publisher>
      <ref:Name>Praksis</ref:Name>
    </link:reference>
    <link:referenceArc xlink:type="arc" xlink:arcrole="http://www.xbrl.org/2003/arcrole/concept-reference" xlink:from="FinancialGearing" xlink:to="reference_FinancialGearing" order="10.0"/>
    <link:loc xlink:type="locator" xlink:href="mrv.xsd#mrv_GrossMargin" xlink:label="GrossMargin"/>
    <link:reference xlink:type="resource" xlink:label="reference_GrossMargin" xlink:role="http://www.xbrl.org/2003/role/reference" id="reference_GrossMargin">
      <ref:Publisher>Erhvervs- og Selskabsstyrelsen</ref:Publisher>
      <ref:Name>Praksis</ref:Name>
    </link:reference>
    <link:referenceArc xlink:type="arc" xlink:arcrole="http://www.xbrl.org/2003/arcrole/concept-reference" xlink:from="GrossMargin" xlink:to="reference_GrossMargin" order="10.0"/>
    <link:loc xlink:type="locator" xlink:href="mrv.xsd#mrv_IdentificationOfKeyFigureOrFinancialRatioDimension" xlink:label="IdentificationOfKeyFigureOrFinancialRatioDimension"/>
    <link:reference xlink:type="resource" xlink:label="reference_IdentificationOfKeyFigureOrFinancialRatioDimension" xlink:role="http://www.xbrl.org/2003/role/reference" id="reference_IdentificationOfKeyFigureOrFinancialRatioDimension">
      <ref:Publisher>Økonomi- og Erhvervsministeriet</ref:Publisher>
      <ref:Name>Årsregnskabsloven</ref:Name>
      <ref:Paragraph>101</ref:Paragraph>
      <ref:Subparagraph>1</ref:Subparagraph>
      <ref:Clause>2</ref:Clause>
    </link:reference>
    <link:referenceArc xlink:type="arc" xlink:arcrole="http://www.xbrl.org/2003/arcrole/concept-reference" xlink:from="IdentificationOfKeyFigureOrFinancialRatioDimension" xlink:to="reference_IdentificationOfKeyFigureOrFinancialRatioDimension" order="10.0"/>
    <link:loc xlink:type="locator" xlink:href="mrv.xsd#mrv_InformationOnCalculationOfKeyFiguresAndFinancialRatios" xlink:label="InformationOnCalculationOfKeyFiguresAndFinancialRatios"/>
    <link:reference xlink:type="resource" xlink:label="reference_InformationOnCalculationOfKeyFiguresAndFinancialRatios" xlink:role="http://www.xbrl.org/2003/role/reference" id="reference_InformationOnCalculationOfKeyFiguresAndFinancialRatios">
      <ref:Publisher>Økonomi- og Erhvervsministeriet</ref:Publisher>
      <ref:Name>Årsregnskabsloven</ref:Name>
      <ref:Paragraph>101</ref:Paragraph>
      <ref:Subparagraph>1</ref:Subparagraph>
      <ref:Clause>2</ref:Clause>
    </link:reference>
    <link:referenceArc xlink:type="arc" xlink:arcrole="http://www.xbrl.org/2003/arcrole/concept-reference" xlink:from="InformationOnCalculationOfKeyFiguresAndFinancialRatios" xlink:to="reference_InformationOnCalculationOfKeyFiguresAndFinancialRatios" order="10.0"/>
    <link:loc xlink:type="locator" xlink:href="mrv.xsd#mrv_NameOfKeyFigureOrFinancialRatio" xlink:label="NameOfKeyFigureOrFinancialRatio"/>
    <link:reference xlink:type="resource" xlink:label="reference_NameOfKeyFigureOrFinancialRatio" xlink:role="http://www.xbrl.org/2003/role/reference" id="reference_NameOfKeyFigureOrFinancialRatio">
      <ref:Publisher>Økonomi- og Erhvervsministeriet</ref:Publisher>
      <ref:Name>Årsregnskabsloven</ref:Name>
      <ref:Paragraph>101</ref:Paragraph>
      <ref:Subparagraph>1</ref:Subparagraph>
      <ref:Clause>2</ref:Clause>
    </link:reference>
    <link:referenceArc xlink:type="arc" xlink:arcrole="http://www.xbrl.org/2003/arcrole/concept-reference" xlink:from="NameOfKeyFigureOrFinancialRatio" xlink:to="reference_NameOfKeyFigureOrFinancialRatio" order="10.0"/>
    <link:loc xlink:type="locator" xlink:href="mrv.xsd#mrv_OperatingMargin" xlink:label="OperatingMargin"/>
    <link:reference xlink:type="resource" xlink:label="reference_OperatingMargin" xlink:role="http://www.xbrl.org/2003/role/reference" id="reference_OperatingMargin">
      <ref:Publisher>Erhvervs- og Selskabsstyrelsen</ref:Publisher>
      <ref:Name>Praksis</ref:Name>
    </link:reference>
    <link:referenceArc xlink:type="arc" xlink:arcrole="http://www.xbrl.org/2003/arcrole/concept-reference" xlink:from="OperatingMargin" xlink:to="reference_OperatingMargin" order="10.0"/>
    <link:loc xlink:type="locator" xlink:href="mrv.xsd#mrv_RetrospectiveInformationFromLastFiveYearsAbstract" xlink:label="RetrospectiveInformationFromLastFiveYearsAbstract"/>
    <link:reference xlink:type="resource" xlink:label="reference_RetrospectiveInformationFromLastFiveYearsAbstract" xlink:role="http://www.xbrl.org/2003/role/reference" id="reference_RetrospectiveInformationFromLastFiveYearsAbstract">
      <ref:Publisher>Økonomi- og Erhvervsministeriet</ref:Publisher>
      <ref:Name>Årsregnskabsloven</ref:Name>
      <ref:Paragraph>101</ref:Paragraph>
      <ref:Subparagraph>1</ref:Subparagraph>
      <ref:Clause>2</ref:Clause>
    </link:reference>
    <link:referenceArc xlink:type="arc" xlink:arcrole="http://www.xbrl.org/2003/arcrole/concept-reference" xlink:from="RetrospectiveInformationFromLastFiveYearsAbstract" xlink:to="reference_RetrospectiveInformationFromLastFiveYearsAbstract" order="10.0"/>
    <link:loc xlink:type="locator" xlink:href="mrv.xsd#mrv_ReturnOnCapitalEmployed" xlink:label="ReturnOnCapitalEmployed"/>
    <link:reference xlink:type="resource" xlink:label="reference_ReturnOnCapitalEmployed" xlink:role="http://www.xbrl.org/2003/role/reference" id="reference_ReturnOnCapitalEmployed">
      <ref:Publisher>Erhvervs- og Selskabsstyrelsen</ref:Publisher>
      <ref:Name>Praksis</ref:Name>
    </link:reference>
    <link:referenceArc xlink:type="arc" xlink:arcrole="http://www.xbrl.org/2003/arcrole/concept-reference" xlink:from="ReturnOnCapitalEmployed" xlink:to="reference_ReturnOnCapitalEmployed" order="10.0"/>
    <link:loc xlink:type="locator" xlink:href="mrv.xsd#mrv_ReturnOnEquity" xlink:label="ReturnOnEquity"/>
    <link:reference xlink:type="resource" xlink:label="reference_ReturnOnEquity" xlink:role="http://www.xbrl.org/2003/role/reference" id="reference_ReturnOnEquity">
      <ref:Publisher>Erhvervs- og Selskabsstyrelsen</ref:Publisher>
      <ref:Name>Praksis</ref:Name>
    </link:reference>
    <link:referenceArc xlink:type="arc" xlink:arcrole="http://www.xbrl.org/2003/arcrole/concept-reference" xlink:from="ReturnOnEquity" xlink:to="reference_ReturnOnEquity" order="10.0"/>
    <link:loc xlink:type="locator" xlink:href="mrv.xsd#mrv_ReturnOnInvestedCapital" xlink:label="ReturnOnInvestedCapital"/>
    <link:reference xlink:type="resource" xlink:label="reference_ReturnOnInvestedCapital" xlink:role="http://www.xbrl.org/2003/role/reference" id="reference_ReturnOnInvestedCapital">
      <ref:Publisher>Erhvervs- og Selskabsstyrelsen</ref:Publisher>
      <ref:Name>Praksis</ref:Name>
    </link:reference>
    <link:referenceArc xlink:type="arc" xlink:arcrole="http://www.xbrl.org/2003/arcrole/concept-reference" xlink:from="ReturnOnInvestedCapital" xlink:to="reference_ReturnOnInvestedCapital" order="10.0"/>
    <link:loc xlink:type="locator" xlink:href="mrv.xsd#mrv_SolvencyRatio" xlink:label="SolvencyRatio"/>
    <link:reference xlink:type="resource" xlink:label="reference_SolvencyRatio" xlink:role="http://www.xbrl.org/2003/role/reference" id="reference_SolvencyRatio">
      <ref:Publisher>Erhvervs- og Selskabsstyrelsen</ref:Publisher>
      <ref:Name>Praksis</ref:Name>
    </link:reference>
    <link:referenceArc xlink:type="arc" xlink:arcrole="http://www.xbrl.org/2003/arcrole/concept-reference" xlink:from="SolvencyRatio" xlink:to="reference_SolvencyRatio" order="10.0"/>
    <link:loc xlink:type="locator" xlink:href="mrv.xsd#mrv_StatementOfCorporateSocialResponsibility" xlink:label="StatementOfCorporateSocialResponsibility"/>
    <link:reference xlink:type="resource" xlink:label="reference_StatementOfCorporateSocialResponsibility" xlink:role="http://www.xbrl.org/2003/role/reference" id="reference_StatementOfCorporateSocialResponsibility">
      <ref:Publisher>Økonomi- og Erhvervsministeriet</ref:Publisher>
      <ref:Name>Årsregnskabsloven</ref:Name>
      <ref:Paragraph>99a</ref:Paragraph>
    </link:reference>
    <link:referenceArc xlink:type="arc" xlink:arcrole="http://www.xbrl.org/2003/arcrole/concept-reference" xlink:from="StatementOfCorporateSocialResponsibility" xlink:to="reference_StatementOfCorporateSocialResponsibility" order="10.0"/>
    <link:loc xlink:type="locator" xlink:href="mrv.xsd#mrv_SupplementaryReports" xlink:label="SupplementaryReports"/>
    <link:reference xlink:type="resource" xlink:label="reference_SupplementaryReports" xlink:role="http://www.xbrl.org/2003/role/reference" id="reference_SupplementaryReports">
      <ref:Publisher>Økonomi- og Erhvervsministeriet</ref:Publisher>
      <ref:Name>Årsregnskabsloven</ref:Name>
      <ref:Paragraph>14</ref:Paragraph>
    </link:reference>
    <link:referenceArc xlink:type="arc" xlink:arcrole="http://www.xbrl.org/2003/arcrole/concept-reference" xlink:from="SupplementaryReports" xlink:to="reference_SupplementaryReports" order="10.0"/>
    <link:reference xlink:type="resource" xlink:label="reference_SupplementaryReports_2" xlink:role="http://www.xbrl.org/2003/role/reference" id="reference_SupplementaryReports_2">
      <ref:Publisher>Økonomi- og Erhvervsministeriet</ref:Publisher>
      <ref:Name>Årsregnskabsloven</ref:Name>
      <ref:Paragraph>2</ref:Paragraph>
    </link:reference>
    <link:referenceArc xlink:type="arc" xlink:arcrole="http://www.xbrl.org/2003/arcrole/concept-reference" xlink:from="SupplementaryReports" xlink:to="reference_SupplementaryReports_2" order="10.0"/>
    <link:loc xlink:type="locator" xlink:href="mrv.xsd#mrv_ValueOfKeyFigureOrFinancialRatio" xlink:label="ValueOfKeyFigureOrFinancialRatio"/>
    <link:reference xlink:type="resource" xlink:label="reference_ValueOfKeyFigureOrFinancialRatio" xlink:role="http://www.xbrl.org/2003/role/reference" id="reference_ValueOfKeyFigureOrFinancialRatio">
      <ref:Publisher>Økonomi- og Erhvervsministeriet</ref:Publisher>
      <ref:Name>Årsregnskabsloven</ref:Name>
      <ref:Paragraph>101</ref:Paragraph>
      <ref:Subparagraph>1</ref:Subparagraph>
      <ref:Clause>2</ref:Clause>
    </link:reference>
    <link:referenceArc xlink:type="arc" xlink:arcrole="http://www.xbrl.org/2003/arcrole/concept-reference" xlink:from="ValueOfKeyFigureOrFinancialRatio" xlink:to="reference_ValueOfKeyFigureOrFinancialRatio" order="10.0"/>
    <link:loc xlink:type="locator" xlink:href="mrv.xsd#mrv_EquityRatio" xlink:label="EquityRatio"/>
    <link:reference xlink:type="resource" xlink:label="reference_EquityRatio" xlink:role="http://www.xbrl.org/2003/role/reference" id="reference_EquityRatio">
      <ref:Publisher>Erhvervs- og Selskabsstyrelsen</ref:Publisher>
      <ref:Name>Praksis </ref:Name>
    </link:reference>
    <link:referenceArc xlink:type="arc" xlink:arcrole="http://www.xbrl.org/2003/arcrole/concept-reference" xlink:from="EquityRatio" xlink:to="reference_EquityRatio" order="10.0"/>
    <link:loc xlink:type="locator" xlink:href="mrv.xsd#mrv_DescriptionOfPrincipalRiskInRelationToTheSignificantActivitiesOfEntityCorporateSocialResponsibility" xlink:label="DescriptionOfPrincipalRiskInRelationToTheSignificantActivitiesOfEntityCorporateSocialResponsibility" xlink:title="DescriptionOfPrincipalRiskInRelationToTheSignificantActivitiesOfEntityCorporateSocialResponsibility"/>
    <link:reference xlink:type="resource" xlink:label="reference_DescriptionOfPrincipalRiskInRelationToTheSignificantActivitiesOfEntityCorporateSocialResponsibility" xlink:role="http://www.xbrl.org/2003/role/reference" xlink:title="reference_DescriptionOfPrincipalRiskInRelationToTheSignificantActivitiesOfEntityCorporateSocialResponsibility" id="reference_DescriptionOfPrincipalRiskInRelationToTheSignificantActivitiesOfEntityCorporateSocialResponsibility">
      <ref:Publisher>Økonomi- og Erhvervsministeriet</ref:Publisher>
      <ref:Name>Årsregnskabsloven</ref:Name>
      <ref:Paragraph>99a</ref:Paragraph>
      <ref:Subparagraph>2</ref:Subparagraph>
    </link:reference>
    <link:referenceArc xlink:type="arc" xlink:arcrole="http://www.xbrl.org/2003/arcrole/concept-reference" xlink:from="DescriptionOfPrincipalRiskInRelationToTheSignificantActivitiesOfEntityCorporateSocialResponsibility" xlink:to="reference_DescriptionOfPrincipalRiskInRelationToTheSignificantActivitiesOfEntityCorporateSocialResponsibility" xlink:title="reference: DescriptionOfPrincipalRiskInRelationToTheSignificantActivitiesOfEntityCorporateSocialResponsibility to reference_DescriptionOfPrincipalRiskInRelationToTheSignificantActivitiesOfEntityCorporateSocialResponsibility"/>
    <link:loc xlink:type="locator" xlink:href="mrv.xsd#mrv_DescriptionOfTheEntitysUseOfAnyNonFinancialKeyPerformanceIndicatorsCorporateSocialResponsibility" xlink:label="DescriptionOfTheEntitysUseOfAnyNonFinancialKeyPerformanceIndicatorsCorporateSocialResponsibility" xlink:title="DescriptionOfTheEntitysUseOfAnyNonFinancialKeyPerformanceIndicatorsCorporateSocialResponsibility"/>
    <link:reference xlink:type="resource" xlink:label="reference_DescriptionOfTheEntitysUseOfAnyNonFinancialKeyPerformanceIndicatorsCorporateSocialResponsibility" xlink:role="http://www.xbrl.org/2003/role/reference" xlink:title="reference_DescriptionOfTheEntitysUseOfAnyNonFinancialKeyPerformanceIndicatorsCorporateSocialResponsibility" id="reference_DescriptionOfTheEntitysUseOfAnyNonFinancialKeyPerformanceIndicatorsCorporateSocialResponsibility">
      <ref:Publisher>Økonomi- og Erhvervsministeriet</ref:Publisher>
      <ref:Name>Årsregnskabsloven</ref:Name>
      <ref:Paragraph>99a</ref:Paragraph>
      <ref:Subparagraph>2</ref:Subparagraph>
    </link:reference>
    <link:referenceArc xlink:type="arc" xlink:arcrole="http://www.xbrl.org/2003/arcrole/concept-reference" xlink:from="DescriptionOfTheEntitysUseOfAnyNonFinancialKeyPerformanceIndicatorsCorporateSocialResponsibility" xlink:to="reference_DescriptionOfTheEntitysUseOfAnyNonFinancialKeyPerformanceIndicatorsCorporateSocialResponsibility" xlink:title="reference: DescriptionOfTheEntitysUseOfAnyNonFinancialKeyPerformanceIndicatorsCorporateSocialResponsibility to reference_DescriptionOfTheEntitysUseOfAnyNonFinancialKeyPerformanceIndicatorsCorporateSocialResponsibility"/>
    <link:loc xlink:type="locator" xlink:href="mrv.xsd#mrv_ReportOnPaymentsToAuthorities" xlink:label="ReportOnPaymentsToAuthorities" xlink:title="ReportOnPaymentsToAuthorities"/>
    <link:reference xlink:type="resource" xlink:label="reference_ReportOnPaymentsToAuthorities" xlink:role="http://www.xbrl.org/2003/role/reference" xlink:title="reference_ReportOnPaymentsToAuthorities" id="reference_ReportOnPaymentsToAuthorities">
      <ref:Publisher>Økonomi- og Erhvervsministeriet</ref:Publisher>
      <ref:Name>Årsregnskabsloven</ref:Name>
      <ref:Paragraph>99c</ref:Paragraph>
    </link:reference>
    <link:referenceArc xlink:type="arc" xlink:arcrole="http://www.xbrl.org/2003/arcrole/concept-reference" xlink:from="ReportOnPaymentsToAuthorities" xlink:to="reference_ReportOnPaymentsToAuthorities" xlink:title="reference: ReportOnPaymentsToAuthorities to reference_ReportOnPaymentsToAuthorities"/>
    <link:loc xlink:type="locator" xlink:href="mrv.xsd#mrv_DescriptionOfTheEntitysUseOfFinancialInstruments" xlink:label="DescriptionOfTheEntitysUseOfFinancialInstruments" xlink:title="DescriptionOfTheEntitysUseOfFinancialInstruments"/>
    <link:reference xlink:type="resource" xlink:label="reference_DescriptionOfTheEntitysUseOfFinancialInstruments" xlink:role="http://www.xbrl.org/2003/role/reference" xlink:title="reference_DescriptionOfTheEntitysUseOfFinancialInstruments" id="reference_DescriptionOfTheEntitysUseOfFinancialInstruments">
      <ref:Publisher>Økonomi- og Erhvervsministeriet</ref:Publisher>
      <ref:Name>Årsregnskabsloven</ref:Name>
      <ref:Paragraph>99</ref:Paragraph>
      <ref:Subparagraph>2</ref:Subparagraph>
    </link:reference>
    <link:referenceArc xlink:type="arc" xlink:arcrole="http://www.xbrl.org/2003/arcrole/concept-reference" xlink:from="DescriptionOfTheEntitysUseOfFinancialInstruments" xlink:to="reference_DescriptionOfTheEntitysUseOfFinancialInstruments" xlink:title="reference: DescriptionOfTheEntitysUseOfFinancialInstruments to reference_DescriptionOfTheEntitysUseOfFinancialInstruments"/>
    <link:loc xlink:type="locator" xlink:href="mrv.xsd#mrv_EntitysObjectivesAndPolitiesForFinancialRiskManagement" xlink:label="newItem2" xlink:title="newItem2"/>
    <link:reference xlink:type="resource" xlink:label="reference_newItem2" xlink:role="http://www.xbrl.org/2003/role/reference" xlink:title="reference_newItem2" id="reference_newItem2">
      <ref:Publisher>Økonomi- og Erhvervsministeriet</ref:Publisher>
      <ref:Name>Årsregnskabsloven</ref:Name>
      <ref:Paragraph>99</ref:Paragraph>
      <ref:Subparagraph>2</ref:Subparagraph>
    </link:reference>
    <link:referenceArc xlink:type="arc" xlink:arcrole="http://www.xbrl.org/2003/arcrole/concept-reference" xlink:from="newItem2" xlink:to="reference_newItem2" xlink:title="reference: newItem2 to reference_newItem2"/>
    <link:loc xlink:type="locator" xlink:href="mrv.xsd#mrv_EntitysExposureToPriceRiskCreditRiskLiquidityRiskAndCashFlowRisk" xlink:label="newItem3" xlink:title="newItem3"/>
    <link:reference xlink:type="resource" xlink:label="reference_newItem3" xlink:role="http://www.xbrl.org/2003/role/reference" xlink:title="reference_newItem3" id="reference_newItem3">
      <ref:Publisher>Økonomi- og Erhvervsministeriet</ref:Publisher>
      <ref:Name>Årsregnskabsloven</ref:Name>
      <ref:Paragraph>99</ref:Paragraph>
      <ref:Subparagraph>2</ref:Subparagraph>
    </link:reference>
    <link:referenceArc xlink:type="arc" xlink:arcrole="http://www.xbrl.org/2003/arcrole/concept-reference" xlink:from="newItem3" xlink:to="reference_newItem3" xlink:title="reference: newItem3 to reference_newItem3"/>
    <link:loc xlink:type="locator" xlink:href="mrv.xsd#mrv_DescriptionOfTheContentOfCorporateSocialResponsibilityPolicies" xlink:label="DescriptionOfTheContentOfCorporateSocialResponsibilityPolicies" xlink:title="DescriptionOfTheContentOfCorporateSocialResponsibilityPolicies"/>
    <link:reference xlink:type="resource" xlink:label="reference_DescriptionOfTheContentOfCorporateSocialResponsibilityPolicies" xlink:role="http://www.xbrl.org/2003/role/reference" xlink:title="reference_DescriptionOfTheContentOfCorporateSocialResponsibilityPolicies" id="reference_DescriptionOfTheContentOfCorporateSocialResponsibilityPolicies">
      <ref:Publisher>Økonomi- og Erhvervsministeriet</ref:Publisher>
      <ref:Name>Årsregnskabsloven</ref:Name>
      <ref:Paragraph>99a</ref:Paragraph>
      <ref:Subparagraph>2</ref:Subparagraph>
    </link:reference>
    <link:referenceArc xlink:type="arc" xlink:arcrole="http://www.xbrl.org/2003/arcrole/concept-reference" xlink:from="DescriptionOfTheContentOfCorporateSocialResponsibilityPolicies" xlink:to="reference_DescriptionOfTheContentOfCorporateSocialResponsibilityPolicies" xlink:title="reference: DescriptionOfTheContentOfCorporateSocialResponsibilityPolicies to reference_DescriptionOfTheContentOfCorporateSocialResponsibilityPolicies"/>
    <link:loc xlink:type="locator" xlink:href="mrv.xsd#mrv_DescriptionOfProcessesForDueDiligence" xlink:label="DescriptionOfProcessesForDueDiligence" xlink:title="DescriptionOfProcessesForDueDiligence"/>
    <link:reference xlink:type="resource" xlink:label="reference_DescriptionOfProcessesForDueDiligence" xlink:role="http://www.xbrl.org/2003/role/reference" xlink:title="reference_DescriptionOfProcessesForDueDiligence" id="reference_DescriptionOfProcessesForDueDiligence">
      <ref:Publisher>Økonomi- og Erhvervsministeriet</ref:Publisher>
      <ref:Name>Årsregnskabsloven</ref:Name>
      <ref:Paragraph>99a</ref:Paragraph>
      <ref:Subparagraph>2</ref:Subparagraph>
    </link:reference>
    <link:referenceArc xlink:type="arc" xlink:arcrole="http://www.xbrl.org/2003/arcrole/concept-reference" xlink:from="DescriptionOfProcessesForDueDiligence" xlink:to="reference_DescriptionOfProcessesForDueDiligence" xlink:title="reference: DescriptionOfProcessesForDueDiligence to reference_DescriptionOfProcessesForDueDiligence"/>
    <link:loc xlink:type="locator" xlink:href="mrv.xsd#mrv_DescriptionOfUseOfExcemptionFromDisclosingStatementOfCorporateSocialResponsibility" xlink:label="DescriptionOfUseOfExcemptionFromDisclosingStatementOfCorporateSocialResponsibility" xlink:title="DescriptionOfUseOfExcemptionFromDisclosingStatementOfCorporateSocialResponsibility"/>
    <link:reference xlink:type="resource" xlink:label="reference_DescriptionOfUseOfExcemptionFromDisclosingStatementOfCorporateSocialResponsibility" xlink:role="http://www.xbrl.org/2003/role/reference" xlink:title="reference_DescriptionOfUseOfExcemptionFromDisclosingStatementOfCorporateSocialResponsibility" id="reference_DescriptionOfUseOfExcemptionFromDisclosingStatementOfCorporateSocialResponsibility">
      <ref:Publisher>Økonomi- og Erhvervsministeriet</ref:Publisher>
      <ref:Name>Årsregnskabsloven</ref:Name>
      <ref:Paragraph>99a</ref:Paragraph>
      <ref:Subparagraph>4</ref:Subparagraph>
    </link:reference>
    <link:referenceArc xlink:type="arc" xlink:arcrole="http://www.xbrl.org/2003/arcrole/concept-reference" xlink:from="DescriptionOfUseOfExcemptionFromDisclosingStatementOfCorporateSocialResponsibility" xlink:to="reference_DescriptionOfUseOfExcemptionFromDisclosingStatementOfCorporateSocialResponsibility" xlink:title="reference: DescriptionOfUseOfExcemptionFromDisclosingStatementOfCorporateSocialResponsibility to reference_DescriptionOfUseOfExcemptionFromDisclosingStatementOfCorporateSocialResponsibility"/>
    <link:loc xlink:type="locator" xlink:href="mrv.xsd#mrv_DescriptionOfTheDisclosingOfStatementOfCorporateSocialReponsibiltyInTheSupplementaryReports" xlink:label="DescriptionOfTheDisclosingOfStatementOfCorporateSocialReponsibiltyInTheSupplementaryReports" xlink:title="DescriptionOfTheDisclosingOfStatementOfCorporateSocialReponsibiltyInTheSupplementaryReports"/>
    <link:reference xlink:type="resource" xlink:label="reference_DescriptionOfTheDisclosingOfStatementOfCorporateSocialReponsibiltyInTheSupplementaryReports" xlink:role="http://www.xbrl.org/2003/role/reference" xlink:title="reference_DescriptionOfTheDisclosingOfStatementOfCorporateSocialReponsibiltyInTheSupplementaryReports" id="reference_DescriptionOfTheDisclosingOfStatementOfCorporateSocialReponsibiltyInTheSupplementaryReports">
      <ref:Publisher>Økonomi- og Erhvervsministeriet</ref:Publisher>
      <ref:Name>Årsregnskabsloven</ref:Name>
      <ref:Paragraph>99a</ref:Paragraph>
      <ref:Subparagraph>5</ref:Subparagraph>
    </link:reference>
    <link:referenceArc xlink:type="arc" xlink:arcrole="http://www.xbrl.org/2003/arcrole/concept-reference" xlink:from="DescriptionOfTheDisclosingOfStatementOfCorporateSocialReponsibiltyInTheSupplementaryReports" xlink:to="reference_DescriptionOfTheDisclosingOfStatementOfCorporateSocialReponsibiltyInTheSupplementaryReports" xlink:title="reference: DescriptionOfTheDisclosingOfStatementOfCorporateSocialReponsibiltyInTheSupplementaryReports to reference_DescriptionOfTheDisclosingOfStatementOfCorporateSocialReponsibiltyInTheSupplementaryReports"/>
    <link:loc xlink:type="locator" xlink:href="mrv.xsd#mrv_DescriptionOfTheDisclosingOfStatementOfCorporateSocialResponsibilityIsNotGivenButIsGivenOnConsolidatedLevel" xlink:label="DescriptionOfRheDisclosingOfStatementOfCorporateSocialResponsibilityIsNotGivenButIsGivenOnConsolitatedLevel" xlink:title="DescriptionOfRheDisclosingOfStatementOfCorporateSocialResponsibilityIsNotGivenButIsGivenOnConsolitatedLevel"/>
    <link:reference xlink:type="resource" xlink:label="reference_DescriptionOfRheDisclosingOfStatementOfCorporateSocialResponsibilityIsNotGivenButIsGivenOnConsolitatedLevel" xlink:role="http://www.xbrl.org/2003/role/reference" xlink:title="reference_DescriptionOfRheDisclosingOfStatementOfCorporateSocialResponsibilityIsNotGivenButIsGivenOnConsolitatedLevel" id="reference_DescriptionOfRheDisclosingOfStatementOfCorporateSocialResponsibilityIsNotGivenButIsGivenOnConsolitatedLevel">
      <ref:Publisher>Økonomi- og Erhvervsministeriet</ref:Publisher>
      <ref:Name>Årsregnskabsloven</ref:Name>
      <ref:Paragraph>99a</ref:Paragraph>
      <ref:Subparagraph>7</ref:Subparagraph>
    </link:reference>
    <link:referenceArc xlink:type="arc" xlink:arcrole="http://www.xbrl.org/2003/arcrole/concept-reference" xlink:from="DescriptionOfRheDisclosingOfStatementOfCorporateSocialResponsibilityIsNotGivenButIsGivenOnConsolitatedLevel" xlink:to="reference_DescriptionOfRheDisclosingOfStatementOfCorporateSocialResponsibilityIsNotGivenButIsGivenOnConsolitatedLevel" xlink:title="reference: DescriptionOfRheDisclosingOfStatementOfCorporateSocialResponsibilityIsNotGivenButIsGivenOnConsolitatedLevel to reference_DescriptionOfRheDisclosingOfStatementOfCorporateSocialResponsibilityIsNotGivenButIsGivenOnConsolitatedLevel"/>
    <link:loc xlink:type="locator" xlink:href="mrv.xsd#mrv_DescriptionOfDiversityPoliciesAreGivenAsPartOfStatementOfTargetFiguresAndPoliciesForTheUnderrepresentedGender" xlink:label="copyOfnewItem7" xlink:title="copyOfnewItem7"/>
    <link:reference xlink:type="resource" xlink:label="reference_copyOfnewItem7" xlink:role="http://www.xbrl.org/2003/role/reference" xlink:title="reference_copyOfnewItem7" id="reference_copyOfnewItem7">
      <ref:Name>Årsregnskabsloven</ref:Name>
      <ref:Paragraph>107d</ref:Paragraph>
      <ref:Publisher>Økonomi- og Erhvervsministeriet</ref:Publisher>
    </link:reference>
    <link:referenceArc xlink:type="arc" xlink:arcrole="http://www.xbrl.org/2003/arcrole/concept-reference" xlink:from="copyOfnewItem7" xlink:to="reference_copyOfnewItem7" xlink:title="reference: copyOfnewItem7 to reference_copyOfnewItem7"/>
    <link:loc xlink:type="locator" xlink:href="mrv.xsd#mrv_LinkToStatementOfDiversityPolicies" xlink:label="copyOfnewItem6" xlink:title="copyOfnewItem6"/>
    <link:reference xlink:type="resource" xlink:label="reference_copyOfnewItem6" xlink:role="http://www.xbrl.org/2003/role/reference" xlink:title="reference_copyOfnewItem6" id="reference_copyOfnewItem6">
      <ref:Name>Årsregnskabsloven</ref:Name>
      <ref:Paragraph>107d</ref:Paragraph>
      <ref:Publisher>Økonomi- og Erhvervsministeriet</ref:Publisher>
    </link:reference>
    <link:referenceArc xlink:type="arc" xlink:arcrole="http://www.xbrl.org/2003/arcrole/concept-reference" xlink:from="copyOfnewItem6" xlink:to="reference_copyOfnewItem6" xlink:title="reference: copyOfnewItem6 to reference_copyOfnewItem6"/>
    <link:loc xlink:type="locator" xlink:href="mrv.xsd#mrv_ExplanationThatTheEntityHasNoDiversityPolicies" xlink:label="copyOfnewItem5" xlink:title="copyOfnewItem5"/>
    <link:reference xlink:type="resource" xlink:label="reference_copyOfnewItem5" xlink:role="http://www.xbrl.org/2003/role/reference" xlink:title="reference_copyOfnewItem5" id="reference_copyOfnewItem5">
      <ref:Name>Årsregnskabsloven</ref:Name>
      <ref:Paragraph>107d</ref:Paragraph>
      <ref:Publisher>Økonomi- og Erhvervsministeriet</ref:Publisher>
    </link:reference>
    <link:referenceArc xlink:type="arc" xlink:arcrole="http://www.xbrl.org/2003/arcrole/concept-reference" xlink:from="copyOfnewItem5" xlink:to="reference_copyOfnewItem5" xlink:title="reference: copyOfnewItem5 to reference_copyOfnewItem5"/>
    <link:loc xlink:type="locator" xlink:href="mrv.xsd#mrv_DescriptionOfTheResultsOfTheDiversityPolicies" xlink:label="copyOfnewItem4" xlink:title="copyOfnewItem4"/>
    <link:reference xlink:type="resource" xlink:label="reference_copyOfnewItem4" xlink:role="http://www.xbrl.org/2003/role/reference" xlink:title="reference_copyOfnewItem4" id="reference_copyOfnewItem4">
      <ref:Name>Årsregnskabsloven</ref:Name>
      <ref:Paragraph>107d</ref:Paragraph>
      <ref:Publisher>Økonomi- og Erhvervsministeriet</ref:Publisher>
    </link:reference>
    <link:referenceArc xlink:type="arc" xlink:arcrole="http://www.xbrl.org/2003/arcrole/concept-reference" xlink:from="copyOfnewItem4" xlink:to="reference_copyOfnewItem4" xlink:title="reference: copyOfnewItem4 to reference_copyOfnewItem4"/>
    <link:loc xlink:type="locator" xlink:href="mrv.xsd#mrv_DescriptionOfHowDiversityPoliciesAreImplemented" xlink:label="DescriptionOfHowDiversityPoliciesAreImplemented" xlink:title="DescriptionOfHowDiversityPoliciesAreImplemented"/>
    <link:reference xlink:type="resource" xlink:label="reference_DescriptionOfHowDiversityPoliciesAreImplemented" xlink:role="http://www.xbrl.org/2003/role/reference" xlink:title="reference_DescriptionOfHowDiversityPoliciesAreImplemented" id="reference_DescriptionOfHowDiversityPoliciesAreImplemented">
      <ref:Name>Årsregnskabsloven</ref:Name>
      <ref:Paragraph>107d</ref:Paragraph>
      <ref:Publisher>Økonomi- og Erhvervsministeriet</ref:Publisher>
    </link:reference>
    <link:referenceArc xlink:type="arc" xlink:arcrole="http://www.xbrl.org/2003/arcrole/concept-reference" xlink:from="DescriptionOfHowDiversityPoliciesAreImplemented" xlink:to="reference_DescriptionOfHowDiversityPoliciesAreImplemented" xlink:title="reference: DescriptionOfHowDiversityPoliciesAreImplemented to reference_DescriptionOfHowDiversityPoliciesAreImplemented"/>
    <link:loc xlink:type="locator" xlink:href="mrv.xsd#mrv_ObjectivesOfTheDiversityPolicies" xlink:label="ObjectivesOfTheDiversityPolicies" xlink:title="ObjectivesOfTheDiversityPolicies"/>
    <link:reference xlink:type="resource" xlink:label="reference_ObjectivesOfTheDiversityPolicies" xlink:role="http://www.xbrl.org/2003/role/reference" xlink:title="reference_ObjectivesOfTheDiversityPolicies" id="reference_ObjectivesOfTheDiversityPolicies">
      <ref:Name>Årsregnskabsloven</ref:Name>
      <ref:Paragraph>107d</ref:Paragraph>
      <ref:Publisher>Økonomi- og Erhvervsministeriet</ref:Publisher>
    </link:reference>
    <link:referenceArc xlink:type="arc" xlink:arcrole="http://www.xbrl.org/2003/arcrole/concept-reference" xlink:from="ObjectivesOfTheDiversityPolicies" xlink:to="reference_ObjectivesOfTheDiversityPolicies" xlink:title="reference: ObjectivesOfTheDiversityPolicies to reference_ObjectivesOfTheDiversityPolicies"/>
    <link:loc xlink:type="locator" xlink:href="mrv.xsd#mrv_DescriptionOfTheEntitysDiversityPolicies" xlink:label="DescriptionOfTheEntitysDiversityPolicies" xlink:title="DescriptionOfTheEntitysDiversityPolicies"/>
    <link:reference xlink:type="resource" xlink:label="reference_DescriptionOfTheEntitysDiversityPolicies" xlink:role="http://www.xbrl.org/2003/role/reference" xlink:title="reference_DescriptionOfTheEntitysDiversityPolicies" id="reference_DescriptionOfTheEntitysDiversityPolicies">
      <ref:Name>Årsregnskabsloven</ref:Name>
      <ref:Paragraph>107d</ref:Paragraph>
      <ref:Publisher>Økonomi- og Erhvervsministeriet</ref:Publisher>
    </link:reference>
    <link:referenceArc xlink:type="arc" xlink:arcrole="http://www.xbrl.org/2003/arcrole/concept-reference" xlink:from="DescriptionOfTheEntitysDiversityPolicies" xlink:to="reference_DescriptionOfTheEntitysDiversityPolicies" xlink:title="reference: DescriptionOfTheEntitysDiversityPolicies to reference_DescriptionOfTheEntitysDiversityPolicies"/>
    <link:loc xlink:type="locator" xlink:href="mrv.xsd#mrv_StatementOfTheDiversityPolicies" xlink:label="StatementOfTheDiversityPolicies" xlink:title="StatementOfTheDiversityPolicies"/>
    <link:reference xlink:type="resource" xlink:label="reference_StatementOfTheDiversityPolicies" xlink:role="http://www.xbrl.org/2003/role/reference" xlink:title="reference_StatementOfTheDiversityPolicies" id="reference_StatementOfTheDiversityPolicies">
      <ref:Name>Årsregnskabsloven</ref:Name>
      <ref:Paragraph>107d</ref:Paragraph>
      <ref:Publisher>Økonomi- og Erhvervsministeriet</ref:Publisher>
    </link:reference>
    <link:referenceArc xlink:type="arc" xlink:arcrole="http://www.xbrl.org/2003/arcrole/concept-reference" xlink:from="StatementOfTheDiversityPolicies" xlink:to="reference_StatementOfTheDiversityPolicies" xlink:title="reference: StatementOfTheDiversityPolicies to reference_StatementOfTheDiversityPolicies"/>
    <link:loc xlink:type="locator" xlink:href="mrv.xsd#mrv_DescriptionOfTheDisclosingOfStatementOfTheUnderrepresentedGenderIsNotGivenButIsGivenOnConsolidatedLevel" xlink:label="DescriptionOfTheDisclosingOfStatementOfTheUnderrepresentedGenderIsNotGivenButIsGivenOnConsolidatedLevel" xlink:title="DescriptionOfTheDisclosingOfStatementOfTheUnderrepresentedGenderIsNotGivenButIsGivenOnConsolidatedLevel"/>
    <link:reference xlink:type="resource" xlink:label="reference_DescriptionOfTheDisclosingOfStatementOfTheUnderrepresentedGenderIsNotGivenButIsGivenOnConsolidatedLevel" xlink:role="http://www.xbrl.org/2003/role/reference" xlink:title="reference_DescriptionOfTheDisclosingOfStatementOfTheUnderrepresentedGenderIsNotGivenButIsGivenOnConsolidatedLevel" id="reference_DescriptionOfTheDisclosingOfStatementOfTheUnderrepresentedGenderIsNotGivenButIsGivenOnConsolidatedLevel">
      <ref:Name>Årsregnskabsloven</ref:Name>
      <ref:Paragraph>99b</ref:Paragraph>
      <ref:Publisher>Økonomi- og Erhvervsministeriet</ref:Publisher>
    </link:reference>
    <link:referenceArc xlink:type="arc" xlink:arcrole="http://www.xbrl.org/2003/arcrole/concept-reference" xlink:from="DescriptionOfTheDisclosingOfStatementOfTheUnderrepresentedGenderIsNotGivenButIsGivenOnConsolidatedLevel" xlink:to="reference_DescriptionOfTheDisclosingOfStatementOfTheUnderrepresentedGenderIsNotGivenButIsGivenOnConsolidatedLevel" xlink:title="reference: DescriptionOfTheDisclosingOfStatementOfTheUnderrepresentedGenderIsNotGivenButIsGivenOnConsolidatedLevel to reference_DescriptionOfTheDisclosingOfStatementOfTheUnderrepresentedGenderIsNotGivenButIsGivenOnConsolidatedLevel"/>
    <link:loc xlink:type="locator" xlink:href="mrv.xsd#mrv_DescriptionOfTheDisclosingOfStatementOfTheUnderrepresentedGenderInTheSupplementaryReports" xlink:label="DescriptionOfTheDisclosingOfStatementOfTheUnderrepresentedGenderInTheSupplementaryReports" xlink:title="DescriptionOfTheDisclosingOfStatementOfTheUnderrepresentedGenderInTheSupplementaryReports"/>
    <link:reference xlink:type="resource" xlink:label="reference_DescriptionOfTheDisclosingOfStatementOfTheUnderrepresentedGenderInTheSupplementaryReports" xlink:role="http://www.xbrl.org/2003/role/reference" xlink:title="reference_DescriptionOfTheDisclosingOfStatementOfTheUnderrepresentedGenderInTheSupplementaryReports" id="reference_DescriptionOfTheDisclosingOfStatementOfTheUnderrepresentedGenderInTheSupplementaryReports">
      <ref:Name>Årsregnskabsloven</ref:Name>
      <ref:Paragraph>99b</ref:Paragraph>
      <ref:Publisher>Økonomi- og Erhvervsministeriet</ref:Publisher>
    </link:reference>
    <link:referenceArc xlink:type="arc" xlink:arcrole="http://www.xbrl.org/2003/arcrole/concept-reference" xlink:from="DescriptionOfTheDisclosingOfStatementOfTheUnderrepresentedGenderInTheSupplementaryReports" xlink:to="reference_DescriptionOfTheDisclosingOfStatementOfTheUnderrepresentedGenderInTheSupplementaryReports" xlink:title="reference: DescriptionOfTheDisclosingOfStatementOfTheUnderrepresentedGenderInTheSupplementaryReports to reference_DescriptionOfTheDisclosingOfStatementOfTheUnderrepresentedGenderInTheSupplementaryReports"/>
    <link:loc xlink:type="locator" xlink:href="mrv.xsd#mrv_DescriptionOfWhatHasBeenAccomplishedAsAResultOfTheEntitysEffortOnIncreasingTheProportionOfTheUnderrepresentedGender" xlink:label="DescriptionOfWhatHasBeenAccomplishedAsAResultOfTheEntitysEffortOnIncreasingTheProportionOfTheUnderrepresentedGender" xlink:title="DescriptionOfWhatHasBeenAccomplishedAsAResultOfTheEntitysEffortOnIncreasingTheProportionOfTheUnderrepresentedGender"/>
    <link:reference xlink:type="resource" xlink:label="reference_DescriptionOfWhatHasBeenAccomplishedAsAResultOfTheEntitysEffortOnIncreasingTheProportionOfTheUnderrepresentedGender" xlink:role="http://www.xbrl.org/2003/role/reference" xlink:title="reference_DescriptionOfWhatHasBeenAccomplishedAsAResultOfTheEntitysEffortOnIncreasingTheProportionOfTheUnderrepresentedGender" id="reference_DescriptionOfWhatHasBeenAccomplishedAsAResultOfTheEntitysEffortOnIncreasingTheProportionOfTheUnderrepresentedGender">
      <ref:Name>Årsregnskabsloven</ref:Name>
      <ref:Paragraph>99b</ref:Paragraph>
      <ref:Publisher>Økonomi- og Erhvervsministeriet</ref:Publisher>
    </link:reference>
    <link:referenceArc xlink:type="arc" xlink:arcrole="http://www.xbrl.org/2003/arcrole/concept-reference" xlink:from="DescriptionOfWhatHasBeenAccomplishedAsAResultOfTheEntitysEffortOnIncreasingTheProportionOfTheUnderrepresentedGender" xlink:to="reference_DescriptionOfWhatHasBeenAccomplishedAsAResultOfTheEntitysEffortOnIncreasingTheProportionOfTheUnderrepresentedGender" xlink:title="reference: DescriptionOfWhatHasBeenAccomplishedAsAResultOfTheEntitysEffortOnIncreasingTheProportionOfTheUnderrepresentedGender to reference_DescriptionOfWhatHasBeenAccomplishedAsAResultOfTheEntitysEffortOnIncreasingTheProportionOfTheUnderrepresentedGender"/>
    <link:loc xlink:type="locator" xlink:href="mrv.xsd#mrv_DescriptionOfTranslatingPoliciesForTheUnderrepresentedGenderIntoAction" xlink:label="DescriptionOfTranslatingPoliciesForTheUnderrepresentedGenderIntoAction" xlink:title="DescriptionOfTranslatingPoliciesForTheUnderrepresentedGenderIntoAction"/>
    <link:reference xlink:type="resource" xlink:label="reference_DescriptionOfTranslatingPoliciesForTheUnderrepresentedGenderIntoAction" xlink:role="http://www.xbrl.org/2003/role/reference" xlink:title="reference_DescriptionOfTranslatingPoliciesForTheUnderrepresentedGenderIntoAction" id="reference_DescriptionOfTranslatingPoliciesForTheUnderrepresentedGenderIntoAction">
      <ref:Name>Årsregnskabsloven</ref:Name>
      <ref:Paragraph>99b</ref:Paragraph>
      <ref:Publisher>Økonomi- og Erhvervsministeriet</ref:Publisher>
    </link:reference>
    <link:referenceArc xlink:type="arc" xlink:arcrole="http://www.xbrl.org/2003/arcrole/concept-reference" xlink:from="DescriptionOfTranslatingPoliciesForTheUnderrepresentedGenderIntoAction" xlink:to="reference_DescriptionOfTranslatingPoliciesForTheUnderrepresentedGenderIntoAction" xlink:title="reference: DescriptionOfTranslatingPoliciesForTheUnderrepresentedGenderIntoAction to reference_DescriptionOfTranslatingPoliciesForTheUnderrepresentedGenderIntoAction"/>
    <link:loc xlink:type="locator" xlink:href="mrv.xsd#mrv_PoliciesForTheUnderrepresentedGender" xlink:label="PoliciesForTheUnderrepresentedGender" xlink:title="PoliciesForTheUnderrepresentedGender"/>
    <link:reference xlink:type="resource" xlink:label="reference_PoliciesForTheUnderrepresentedGender" xlink:role="http://www.xbrl.org/2003/role/reference" xlink:title="reference_PoliciesForTheUnderrepresentedGender" id="reference_PoliciesForTheUnderrepresentedGender">
      <ref:Name>Årsregnskabsloven</ref:Name>
      <ref:Paragraph>99b</ref:Paragraph>
      <ref:Publisher>Økonomi- og Erhvervsministeriet</ref:Publisher>
    </link:reference>
    <link:referenceArc xlink:type="arc" xlink:arcrole="http://www.xbrl.org/2003/arcrole/concept-reference" xlink:from="PoliciesForTheUnderrepresentedGender" xlink:to="reference_PoliciesForTheUnderrepresentedGender" xlink:title="reference: PoliciesForTheUnderrepresentedGender to reference_PoliciesForTheUnderrepresentedGender"/>
    <link:loc xlink:type="locator" xlink:href="mrv.xsd#mrv_StatementOfTheEntityNotBeingRequiredToSetPoliciesForTheOtherGoverningBodies" xlink:label="StatementOfTheEntityNotBeingRequiredToSetPoliciesForTheOtherGoverningBodies" xlink:title="StatementOfTheEntityNotBeingRequiredToSetPoliciesForTheOtherGoverningBodies"/>
    <link:reference xlink:type="resource" xlink:label="reference_StatementOfTheEntityNotBeingRequiredToSetPoliciesForTheOtherGoverningBodies" xlink:role="http://www.xbrl.org/2003/role/reference" xlink:title="reference_StatementOfTheEntityNotBeingRequiredToSetPoliciesForTheOtherGoverningBodies" id="reference_StatementOfTheEntityNotBeingRequiredToSetPoliciesForTheOtherGoverningBodies">
      <ref:Name>Årsregnskabsloven</ref:Name>
      <ref:Paragraph>99b</ref:Paragraph>
      <ref:Publisher>Økonomi- og Erhvervsministeriet</ref:Publisher>
    </link:reference>
    <link:referenceArc xlink:type="arc" xlink:arcrole="http://www.xbrl.org/2003/arcrole/concept-reference" xlink:from="StatementOfTheEntityNotBeingRequiredToSetPoliciesForTheOtherGoverningBodies" xlink:to="reference_StatementOfTheEntityNotBeingRequiredToSetPoliciesForTheOtherGoverningBodies" xlink:title="reference: StatementOfTheEntityNotBeingRequiredToSetPoliciesForTheOtherGoverningBodies to reference_StatementOfTheEntityNotBeingRequiredToSetPoliciesForTheOtherGoverningBodies"/>
    <link:loc xlink:type="locator" xlink:href="mrv.xsd#mrv_DescriptionOfPoliciesForTheUnderreprecentedGender" xlink:label="DescriptionOfPoliciesForTheUnderreprecentedGender" xlink:title="DescriptionOfPoliciesForTheUnderreprecentedGender"/>
    <link:reference xlink:type="resource" xlink:label="reference_DescriptionOfPoliciesForTheUnderreprecentedGender" xlink:role="http://www.xbrl.org/2003/role/reference" xlink:title="reference_DescriptionOfPoliciesForTheUnderreprecentedGender" id="reference_DescriptionOfPoliciesForTheUnderreprecentedGender">
      <ref:Name>Årsregnskabsloven</ref:Name>
      <ref:Paragraph>99b</ref:Paragraph>
      <ref:Publisher>Økonomi- og Erhvervsministeriet</ref:Publisher>
    </link:reference>
    <link:referenceArc xlink:type="arc" xlink:arcrole="http://www.xbrl.org/2003/arcrole/concept-reference" xlink:from="DescriptionOfPoliciesForTheUnderreprecentedGender" xlink:to="reference_DescriptionOfPoliciesForTheUnderreprecentedGender" xlink:title="reference: DescriptionOfPoliciesForTheUnderreprecentedGender to reference_DescriptionOfPoliciesForTheUnderreprecentedGender"/>
    <link:loc xlink:type="locator" xlink:href="mrv.xsd#mrv_InformationOnStatusOfAchrivementOfTargetFiguresOfTheUnderrepresentedGender" xlink:label="InformationOnStatusOfAchrivementOfTargetFiguresOfTheUnderrepresentedGender" xlink:title="InformationOnStatusOfAchrivementOfTargetFiguresOfTheUnderrepresentedGender"/>
    <link:reference xlink:type="resource" xlink:label="reference_InformationOnStatusOfAchrivementOfTargetFiguresOfTheUnderrepresentedGender" xlink:role="http://www.xbrl.org/2003/role/reference" xlink:title="reference_InformationOnStatusOfAchrivementOfTargetFiguresOfTheUnderrepresentedGender" id="reference_InformationOnStatusOfAchrivementOfTargetFiguresOfTheUnderrepresentedGender">
      <ref:Name>Årsregnskabsloven</ref:Name>
      <ref:Paragraph>99b</ref:Paragraph>
      <ref:Publisher>Økonomi- og Erhvervsministeriet</ref:Publisher>
    </link:reference>
    <link:referenceArc xlink:type="arc" xlink:arcrole="http://www.xbrl.org/2003/arcrole/concept-reference" xlink:from="InformationOnStatusOfAchrivementOfTargetFiguresOfTheUnderrepresentedGender" xlink:to="reference_InformationOnStatusOfAchrivementOfTargetFiguresOfTheUnderrepresentedGender" xlink:title="reference: InformationOnStatusOfAchrivementOfTargetFiguresOfTheUnderrepresentedGender to reference_InformationOnStatusOfAchrivementOfTargetFiguresOfTheUnderrepresentedGender"/>
    <link:loc xlink:type="locator" xlink:href="mrv.xsd#mrv_TargetFiguresForTheUnderrepresentedGender" xlink:label="TargetFiguresForTheUnderrepresentedGender" xlink:title="TargetFiguresForTheUnderrepresentedGender"/>
    <link:reference xlink:type="resource" xlink:label="reference_TargetFiguresForTheUnderrepresentedGender" xlink:role="http://www.xbrl.org/2003/role/reference" xlink:title="reference_TargetFiguresForTheUnderrepresentedGender" id="reference_TargetFiguresForTheUnderrepresentedGender">
      <ref:Name>Årsregnskabsloven</ref:Name>
      <ref:Paragraph>99b</ref:Paragraph>
      <ref:Publisher>Økonomi- og Erhvervsministeriet</ref:Publisher>
    </link:reference>
    <link:referenceArc xlink:type="arc" xlink:arcrole="http://www.xbrl.org/2003/arcrole/concept-reference" xlink:from="TargetFiguresForTheUnderrepresentedGender" xlink:to="reference_TargetFiguresForTheUnderrepresentedGender" xlink:title="reference: TargetFiguresForTheUnderrepresentedGender to reference_TargetFiguresForTheUnderrepresentedGender"/>
    <link:loc xlink:type="locator" xlink:href="mrv.xsd#mrv_StatementOfTheEntityNotBeingRequiredToSetTargetFiguresForTheUnderrepresentedGenderForTheSupremeGoverningBody" xlink:label="StatementOfTheEntityNotBeingRequiredToSetTargetFiguresForTheUnderrepresentedGenderForTheSupremeGoverningBody" xlink:title="StatementOfTheEntityNotBeingRequiredToSetTargetFiguresForTheUnderrepresentedGenderForTheSupremeGoverningBody"/>
    <link:reference xlink:type="resource" xlink:label="reference_StatementOfTheEntityNotBeingRequiredToSetTargetFiguresForTheUnderrepresentedGenderForTheSupremeGoverningBody" xlink:role="http://www.xbrl.org/2003/role/reference" xlink:title="reference_StatementOfTheEntityNotBeingRequiredToSetTargetFiguresForTheUnderrepresentedGenderForTheSupremeGoverningBody" id="reference_StatementOfTheEntityNotBeingRequiredToSetTargetFiguresForTheUnderrepresentedGenderForTheSupremeGoverningBody">
      <ref:Name>Årsregnskabsloven</ref:Name>
      <ref:Paragraph>99b</ref:Paragraph>
      <ref:Publisher>Økonomi- og Erhvervsministeriet</ref:Publisher>
    </link:reference>
    <link:referenceArc xlink:type="arc" xlink:arcrole="http://www.xbrl.org/2003/arcrole/concept-reference" xlink:from="StatementOfTheEntityNotBeingRequiredToSetTargetFiguresForTheUnderrepresentedGenderForTheSupremeGoverningBody" xlink:to="reference_StatementOfTheEntityNotBeingRequiredToSetTargetFiguresForTheUnderrepresentedGenderForTheSupremeGoverningBody" xlink:title="reference: StatementOfTheEntityNotBeingRequiredToSetTargetFiguresForTheUnderrepresentedGenderForTheSupremeGoverningBody to reference_StatementOfTheEntityNotBeingRequiredToSetTargetFiguresForTheUnderrepresentedGenderForTheSupremeGoverningBody"/>
    <link:loc xlink:type="locator" xlink:href="mrv.xsd#mrv_DescriptionOfTargetFiguresForTheUnderreprecentedGender" xlink:label="DescriptionOfTargetFiguresForTheUnderreprecentedGender" xlink:title="DescriptionOfTargetFiguresForTheUnderreprecentedGender"/>
    <link:reference xlink:type="resource" xlink:label="reference_DescriptionOfTargetFiguresForTheUnderreprecentedGender" xlink:role="http://www.xbrl.org/2003/role/reference" xlink:title="reference_DescriptionOfTargetFiguresForTheUnderreprecentedGender" id="reference_DescriptionOfTargetFiguresForTheUnderreprecentedGender">
      <ref:Name>Årsregnskabsloven</ref:Name>
      <ref:Paragraph>99b</ref:Paragraph>
      <ref:Publisher>Økonomi- og Erhvervsministeriet</ref:Publisher>
    </link:reference>
    <link:referenceArc xlink:type="arc" xlink:arcrole="http://www.xbrl.org/2003/arcrole/concept-reference" xlink:from="DescriptionOfTargetFiguresForTheUnderreprecentedGender" xlink:to="reference_DescriptionOfTargetFiguresForTheUnderreprecentedGender" xlink:title="reference: DescriptionOfTargetFiguresForTheUnderreprecentedGender to reference_DescriptionOfTargetFiguresForTheUnderreprecentedGender"/>
    <link:loc xlink:type="locator" xlink:href="mrv.xsd#mrv_LinkToStatementOfTargetFiguresAndPoliciesForTheUnderrepresentedGender" xlink:label="LinkToStatementOfTargetFiguresAndPoliciesForTheUnderrepresentedGender" xlink:title="LinkToStatementOfTargetFiguresAndPoliciesForTheUnderrepresentedGender"/>
    <link:reference xlink:type="resource" xlink:label="reference_LinkToStatementOfTargetFiguresAndPoliciesForTheUnderrepresentedGender" xlink:role="http://www.xbrl.org/2003/role/reference" xlink:title="reference_LinkToStatementOfTargetFiguresAndPoliciesForTheUnderrepresentedGender" id="reference_LinkToStatementOfTargetFiguresAndPoliciesForTheUnderrepresentedGender">
      <ref:Name>Årsregnskabsloven</ref:Name>
      <ref:Paragraph>99b</ref:Paragraph>
      <ref:Publisher>Økonomi- og Erhvervsministeriet</ref:Publisher>
    </link:reference>
    <link:referenceArc xlink:type="arc" xlink:arcrole="http://www.xbrl.org/2003/arcrole/concept-reference" xlink:from="LinkToStatementOfTargetFiguresAndPoliciesForTheUnderrepresentedGender" xlink:to="reference_LinkToStatementOfTargetFiguresAndPoliciesForTheUnderrepresentedGender" xlink:title="reference: LinkToStatementOfTargetFiguresAndPoliciesForTheUnderrepresentedGender to reference_LinkToStatementOfTargetFiguresAndPoliciesForTheUnderrepresentedGender"/>
    <link:loc xlink:type="locator" xlink:href="mrv.xsd#mrv_StatementOfTargetFiguresAndPoliciesForTheUnderrepresentedGender" xlink:label="StatementOfTargetFiguresAndPoliciesForTheUnderrepresentedGender" xlink:title="StatementOfTargetFiguresAndPoliciesForTheUnderrepresentedGender"/>
    <link:reference xlink:type="resource" xlink:label="reference_StatementOfTargetFiguresAndPoliciesForTheUnderrepresentedGender" xlink:role="http://www.xbrl.org/2003/role/reference" xlink:title="reference_StatementOfTargetFiguresAndPoliciesForTheUnderrepresentedGender" id="reference_StatementOfTargetFiguresAndPoliciesForTheUnderrepresentedGender">
      <ref:Name>Årsregnskabsloven</ref:Name>
      <ref:Paragraph>99b</ref:Paragraph>
      <ref:Publisher>Økonomi- og Erhvervsministeriet</ref:Publisher>
    </link:reference>
    <link:referenceArc xlink:type="arc" xlink:arcrole="http://www.xbrl.org/2003/arcrole/concept-reference" xlink:from="StatementOfTargetFiguresAndPoliciesForTheUnderrepresentedGender" xlink:to="reference_StatementOfTargetFiguresAndPoliciesForTheUnderrepresentedGender" xlink:title="reference: StatementOfTargetFiguresAndPoliciesForTheUnderrepresentedGender to reference_StatementOfTargetFiguresAndPoliciesForTheUnderrepresentedGender"/>
    <link:loc xlink:type="locator" xlink:href="mrv.xsd#mrv_LinkToCorporateGovernanceReport" xlink:label="LinkToCorporateGovernanceReport" xlink:title="LinkToCorporateGovernanceReport"/>
    <link:reference xlink:type="resource" xlink:label="reference_LinkToCorporateGovernanceReport" xlink:role="http://www.xbrl.org/2003/role/reference" xlink:title="reference_LinkToCorporateGovernanceReport" id="reference_LinkToCorporateGovernanceReport">
      <ref:Name>Årsregnskabsloven</ref:Name>
      <ref:Paragraph>107b</ref:Paragraph>
      <ref:Publisher>Økonomi- og Erhvervsministeriet</ref:Publisher>
    </link:reference>
    <link:referenceArc xlink:type="arc" xlink:arcrole="http://www.xbrl.org/2003/arcrole/concept-reference" xlink:from="LinkToCorporateGovernanceReport" xlink:to="reference_LinkToCorporateGovernanceReport" xlink:title="reference: LinkToCorporateGovernanceReport to reference_LinkToCorporateGovernanceReport"/>
    <link:loc xlink:type="locator" xlink:href="mrv.xsd#mrv_CorporateGovernanceReport" xlink:label="CorporateGovernanceReport" xlink:title="CorporateGovernanceReport"/>
    <link:reference xlink:type="resource" xlink:label="reference_CorporateGovernanceReport" xlink:role="http://www.xbrl.org/2003/role/reference" xlink:title="reference_CorporateGovernanceReport" id="reference_CorporateGovernanceReport">
      <ref:Name>Årsregnskabsloven</ref:Name>
      <ref:Paragraph>107b</ref:Paragraph>
      <ref:Publisher>Økonomi- og Erhvervsministeriet</ref:Publisher>
    </link:reference>
    <link:referenceArc xlink:type="arc" xlink:arcrole="http://www.xbrl.org/2003/arcrole/concept-reference" xlink:from="CorporateGovernanceReport" xlink:to="reference_CorporateGovernanceReport" xlink:title="reference: CorporateGovernanceReport to reference_CorporateGovernanceReport"/>
    <link:loc xlink:type="locator" xlink:href="mrv.xsd#mrv_LinkToStatementOfCorporateSocialResponsibility" xlink:label="LinkToStatementOfCorporateSocialResponsibility" xlink:title="LinkToStatementOfCorporateSocialResponsibility"/>
    <link:reference xlink:type="resource" xlink:label="reference_LinkToStatementOfCorporateSocialResponsibility" xlink:role="http://www.xbrl.org/2003/role/reference" xlink:title="reference_LinkToStatementOfCorporateSocialResponsibility" id="reference_LinkToStatementOfCorporateSocialResponsibility">
      <ref:Name>Årsregnskabsloven</ref:Name>
      <ref:Paragraph>99a</ref:Paragraph>
      <ref:Publisher>Økonomi- og Erhvervsministeriet</ref:Publisher>
    </link:reference>
    <link:referenceArc xlink:type="arc" xlink:arcrole="http://www.xbrl.org/2003/arcrole/concept-reference" xlink:from="LinkToStatementOfCorporateSocialResponsibility" xlink:to="reference_LinkToStatementOfCorporateSocialResponsibility" xlink:title="reference: LinkToStatementOfCorporateSocialResponsibility to reference_LinkToStatementOfCorporateSocialResponsibility"/>
    <link:loc xlink:type="locator" xlink:href="mrv.xsd#mrv_InformationOnWhichImpactChangesInAccountingPoliciesHaveOnKeyFiguresAndFinancialRatiosPreviousPeriods" xlink:label="InformationOnWhichImpactChangesInAccountingPoliciesHaveOnKeyFiguresAndFinancialRatiosPreviousPeriods" xlink:title="InformationOnWhichImpactChangesInAccountingPoliciesHaveOnKeyFiguresAndFinancialRatiosPreviousPeriods"/>
    <link:reference xlink:type="resource" xlink:label="reference_InformationOnWhichImpactChangesInAccountingPoliciesHaveOnKeyFiguresAndFinancialRatiosPreviousPeriods" xlink:role="http://www.xbrl.org/2003/role/reference" xlink:title="reference_InformationOnWhichImpactChangesInAccountingPoliciesHaveOnKeyFiguresAndFinancialRatiosPreviousPeriods" id="reference_InformationOnWhichImpactChangesInAccountingPoliciesHaveOnKeyFiguresAndFinancialRatiosPreviousPeriods">
      <ref:Publisher>Økonomi- og Erhvervsministeriet</ref:Publisher>
      <ref:Name>Årsregnskabsloven</ref:Name>
      <ref:Paragraph>101</ref:Paragraph>
      <ref:Subparagraph>3</ref:Subparagraph>
    </link:reference>
    <link:referenceArc xlink:type="arc" xlink:arcrole="http://www.xbrl.org/2003/arcrole/concept-reference" xlink:from="InformationOnWhichImpactChangesInAccountingPoliciesHaveOnKeyFiguresAndFinancialRatiosPreviousPeriods" xlink:to="reference_InformationOnWhichImpactChangesInAccountingPoliciesHaveOnKeyFiguresAndFinancialRatiosPreviousPeriods" xlink:title="reference: InformationOnWhichImpactChangesInAccountingPoliciesHaveOnKeyFiguresAndFinancialRatiosPreviousPeriods to reference_InformationOnWhichImpactChangesInAccountingPoliciesHaveOnKeyFiguresAndFinancialRatiosPreviousPeriods"/>
  </link:referenceLink>
</link:linkbase>
