<?xml version="1.0" encoding="UTF-8"?>
<!-- Generated by Fujitsu Interstage XWand B0251T -->
<link:linkbase xmlns:xsi="http://www.w3.org/2001/XMLSchema-instance" xsi:schemaLocation="http://www.xbrl.org/2003/linkbase http://www.xbrl.org/2003/xbrl-linkbase-2003-12-31.xsd http://xbrl.org/2008/generic http://www.xbrl.org/2008/generic-link.xsd http://xbrl.org/2008/formula http://www.xbrl.org/2008/formula.xsd http://xbrl.org/2008/label http://www.xbrl.org/2008/generic-label.xsd http://xbrl.org/2008/reference http://www.xbrl.org/2008/generic-reference.xsd http://xbrl.org/2008/assertion/consistency http://www.xbrl.org/2008/consistency-assertion.xsd http://xbrl.org/2008/assertion/existence http://www.xbrl.org/2008/existence-assertion.xsd http://xbrl.org/2008/assertion/value http://www.xbrl.org/2008/value-assertion.xsd http://xbrl.org/2008/validation http://www.xbrl.org/2008/validation.xsd http://xbrl.org/2008/filter/concept http://www.xbrl.org/2008/concept-filter.xsd http://xbrl.org/2008/variable http://www.xbrl.org/2008/variable.xsd http://xbrl.org/2008/filter/match http://www.xbrl.org/2008/match-filter.xsd http://xbrl.org/2008/filter/period http://www.xbrl.org/2008/period-filter.xsd http://xbrl.org/2010/message http://www.xbrl.org/2010/generic-message.xsd http://xbrl.org/2010/message/validation http://www.xbrl.org/2010/validation-message.xsd http://xbrl.org/2008/filter/dimension http://www.xbrl.org/2008/dimension-filter.xsd" xmlns:ca="http://xbrl.org/2008/assertion/consistency" xmlns:gen="http://xbrl.org/2008/generic" xmlns:fn="http://www.w3.org/2005/xpath-functions" xmlns:variable="http://xbrl.org/2008/variable" xmlns:xfi="http://www.xbrl.org/2008/function/instance" xmlns:gsd="http://xbrl.dcca.dk/gsd" xmlns:cf="http://xbrl.org/2008/filter/concept" xmlns:xs="http://www.w3.org/2001/XMLSchema" xmlns:valm="http://xbrl.org/2010/message/validation" xmlns:mf="http://xbrl.org/2008/filter/match" xmlns:link="http://www.xbrl.org/2003/linkbase" xmlns:ea="http://xbrl.org/2008/assertion/existence" xmlns:df="http://xbrl.org/2008/filter/dimension" xmlns:xlink="http://www.w3.org/1999/xlink" xmlns:validation="http://xbrl.org/2008/validation" xmlns:pf="http://xbrl.org/2008/filter/period" xmlns:formula="http://xbrl.org/2008/formula" xmlns:msg="http://xbrl.org/2010/message" xmlns:va="http://xbrl.org/2008/assertion/value" xmlns:fsa="http://xbrl.dcca.dk/fsa" xmlns:label="http://xbrl.org/2008/label" xmlns:mrv="http://xbrl.dcca.dk/mrv">
  <link:roleRef roleURI="http://www.xbrl.org/2008/role/label" xlink:type="simple" xlink:href="http://www.xbrl.org/2008/generic-label.xsd#standard-label"/>
  <link:roleRef roleURI="http://www.xbrl.org/2008/role/link" xlink:type="simple" xlink:href="http://www.xbrl.org/2008/generic-link.xsd#standard-link-role"/>
  <link:roleRef roleURI="http://www.xbrl.org/2010/role/message" xlink:type="simple" xlink:href="http://www.xbrl.org/2010/generic-message.xsd#standard-message"/>
  <link:roleRef roleURI="http://xbrl.dcca.dk/role/264.00/KeyFiguresAndFinancialRatiosUvmSk" xlink:type="simple" xlink:href="../mrv/mrv.xsd#mrv_RoleKeyFiguresAndFinancialRatiosUvmSk"/>
  <link:arcroleRef arcroleURI="http://xbrl.org/arcrole/2008/assertion-set" xlink:type="simple" xlink:href="http://www.xbrl.org/2008/validation.xsd#assertion-set"/>
  <link:arcroleRef arcroleURI="http://xbrl.org/arcrole/2008/element-label" xlink:type="simple" xlink:href="http://www.xbrl.org/2008/generic-label.xsd#element-label"/>
  <link:arcroleRef arcroleURI="http://xbrl.org/arcrole/2008/variable-filter" xlink:type="simple" xlink:href="http://www.xbrl.org/2008/variable.xsd#variable-filter"/>
  <link:arcroleRef arcroleURI="http://xbrl.org/arcrole/2008/variable-set" xlink:type="simple" xlink:href="http://www.xbrl.org/2008/variable.xsd#variable-set"/>
  <link:arcroleRef arcroleURI="http://xbrl.org/arcrole/2010/assertion-unsatisfied-message" xlink:type="simple" xlink:href="http://www.xbrl.org/2010/validation-message.xsd#assertion-unsatisfied-message"/>
  <link:arcroleRef arcroleURI="http://xbrl.org/arcrole/2016/assertion-unsatisfied-severity" xlink:type="simple" xlink:href="http://www.xbrl.org/2016/assertion-severity.xsd#assertion-unsatisfied-severity"/>
  <gen:link xlink:type="extended" xlink:role="http://xbrl.dcca.dk/role/264.00/KeyFiguresAndFinancialRatiosUvmSk">
    <validation:assertionSet xlink:type="resource" xlink:label="aS01" xlink:title="aS01" id="KeyFigures"/>
    <ea:existenceAssertion xlink:type="resource" xlink:label="fj_e0001" xlink:title="fj_e0001" id="e264.0001" implicitFiltering="false" aspectModel="dimensional"/>
    <gen:arc xlink:type="arc" xlink:arcrole="http://xbrl.org/arcrole/2008/assertion-set" xlink:from="aS01" xlink:to="fj_e0001" xlink:title="aS01 to fj_e0001" priority="0" order="1.0"/>
    <link:loc xlink:type="locator" xlink:href="http://www.xbrl.org/2016/severities.xml#ERROR" xlink:label="error" xlink:title="error"/>
    <gen:arc xlink:type="arc" xlink:arcrole="http://xbrl.org/arcrole/2016/assertion-unsatisfied-severity" xlink:from="fj_e0001" xlink:to="error" xlink:title="fj_e0001 to error" priority="0" order="1.0"/>
    <variable:factVariable xlink:type="resource" xlink:label="e264.0001.a" xlink:title="e264.0001.a" id="e264.0001.a" bindAsSequence="false"/>
    <variable:variableArc xlink:type="arc" xlink:arcrole="http://xbrl.org/arcrole/2008/variable-set" xlink:from="fj_e0001" xlink:to="e264.0001.a" xlink:title="fj_e0001 to e264.0001.a" priority="0" order="1.0" name="StateGrants"/>
    <cf:conceptName xlink:type="resource" xlink:label="e264.0001.a.f01" xlink:title="e264.0001.a.f01" id="e264.0001.a.f01">
      <cf:concept>
        <cf:qname>fsa:StateGrants</cf:qname>
      </cf:concept>
    </cf:conceptName>
    <variable:variableFilterArc xlink:type="arc" xlink:arcrole="http://xbrl.org/arcrole/2008/variable-filter" xlink:from="e264.0001.a" xlink:to="e264.0001.a.f01" xlink:title="e264.0001.a to e264.0001.a.f01" priority="0" order="1.0" cover="true" complement="false"/>
    <mf:matchPeriod xlink:type="resource" xlink:label="e264.0001.a.f02" xlink:title="e264.0001.a.f02" id="e264.0001.a.f02" variable="PeriodEnd"/>
    <variable:variableFilterArc xlink:type="arc" xlink:arcrole="http://xbrl.org/arcrole/2008/variable-filter" xlink:from="e264.0001.a" xlink:to="e264.0001.a.f02" xlink:title="e264.0001.a to e264.0001.a.f02" priority="0" order="2.0" complement="false" cover="true"/>
    <variable:factVariable xlink:type="resource" xlink:label="e264.0001.b" xlink:title="e264.0001.b" id="e264.0001.b" bindAsSequence="false"/>
    <variable:variableArc xlink:type="arc" xlink:arcrole="http://xbrl.org/arcrole/2008/variable-set" xlink:from="fj_e0001" xlink:to="e264.0001.b" xlink:title="fj_e0001 to e264.0001.b" priority="0" order="2.0" name="PeriodEnd"/>
    <cf:conceptName xlink:type="resource" xlink:label="e264.0001.b.f01" xlink:title="e264.0001.b.f01" id="e264.0001.b.f01">
      <cf:concept>
        <cf:qname>gsd:ReportingPeriodStartDate</cf:qname>
      </cf:concept>
    </cf:conceptName>
    <variable:variableFilterArc xlink:type="arc" xlink:arcrole="http://xbrl.org/arcrole/2008/variable-filter" xlink:from="e264.0001.b" xlink:to="e264.0001.b.f01" xlink:title="e264.0001.b to e264.0001.b.f01" priority="0" order="1.0" cover="true" complement="false"/>
    <ea:existenceAssertion xlink:type="resource" xlink:label="fj_e0002" xlink:title="fj_e0002" id="e264.0002" implicitFiltering="false" aspectModel="dimensional"/>
    <gen:arc xlink:type="arc" xlink:arcrole="http://xbrl.org/arcrole/2008/assertion-set" xlink:from="aS01" xlink:to="fj_e0002" xlink:title="aS01 to fj_e0002" priority="0" order="2.0"/>
    <gen:arc xlink:type="arc" xlink:arcrole="http://xbrl.org/arcrole/2016/assertion-unsatisfied-severity" xlink:from="fj_e0002" xlink:to="error" xlink:title="fj_e0002 to error" priority="0" order="1.0"/>
    <variable:factVariable xlink:type="resource" xlink:label="e264.0002.a" xlink:title="e264.0002.a" id="e264.0002.a" bindAsSequence="false"/>
    <variable:variableArc xlink:type="arc" xlink:arcrole="http://xbrl.org/arcrole/2008/variable-set" xlink:from="fj_e0002" xlink:to="e264.0002.a" xlink:title="fj_e0002 to e264.0002.a" priority="0" order="1.0" name="Expenses"/>
    <cf:conceptName xlink:type="resource" xlink:label="e264.0002.a.f01" xlink:title="e264.0002.a.f01" id="e264.0002.a.f01">
      <cf:concept>
        <cf:qname>fsa:Expenses</cf:qname>
      </cf:concept>
    </cf:conceptName>
    <variable:variableFilterArc xlink:type="arc" xlink:arcrole="http://xbrl.org/arcrole/2008/variable-filter" xlink:from="e264.0002.a" xlink:to="e264.0002.a.f01" xlink:title="e264.0002.a to e264.0002.a.f01" priority="0" order="1.0" complement="false" cover="true"/>
    <variable:variableFilterArc xlink:type="arc" xlink:arcrole="http://xbrl.org/arcrole/2008/variable-filter" xlink:from="e264.0002.a" xlink:to="e264.0001.a.f02" xlink:title="e264.0002.a to e264.0001.a.f02" priority="0" order="2.0" cover="true" complement="false"/>
    <variable:variableArc xlink:type="arc" xlink:arcrole="http://xbrl.org/arcrole/2008/variable-set" xlink:from="fj_e0002" xlink:to="e264.0001.b" xlink:title="fj_e0002 to e264.0001.b" priority="0" order="2.0" name="PeriodEnd"/>
    <ea:existenceAssertion xlink:type="resource" xlink:label="fj_e0003" xlink:title="fj_e0003" id="e264.0003" implicitFiltering="false" aspectModel="dimensional"/>
    <gen:arc xlink:type="arc" xlink:arcrole="http://xbrl.org/arcrole/2008/assertion-set" xlink:from="aS01" xlink:to="fj_e0003" xlink:title="aS01 to fj_e0003" priority="0" order="3.0"/>
    <gen:arc xlink:type="arc" xlink:arcrole="http://xbrl.org/arcrole/2016/assertion-unsatisfied-severity" xlink:from="fj_e0003" xlink:to="error" xlink:title="fj_e0003 to error" priority="0" order="1.0"/>
    <variable:factVariable xlink:type="resource" xlink:label="e264.0003.a" xlink:title="e264.0003.a" id="e264.0003.a" bindAsSequence="false"/>
    <variable:variableArc xlink:type="arc" xlink:arcrole="http://xbrl.org/arcrole/2008/variable-set" xlink:from="fj_e0003" xlink:to="e264.0003.a" xlink:title="fj_e0003 to e264.0003.a" priority="0" order="1.0" name="ShorttermInvestments"/>
    <cf:conceptName xlink:type="resource" xlink:label="e264.0003.a.f01" xlink:title="e264.0003.a.f01" id="e264.0003.a.f01">
      <cf:concept>
        <cf:qname>fsa:ShorttermInvestments</cf:qname>
      </cf:concept>
    </cf:conceptName>
    <variable:variableFilterArc xlink:type="arc" xlink:arcrole="http://xbrl.org/arcrole/2008/variable-filter" xlink:from="e264.0003.a" xlink:to="e264.0003.a.f01" xlink:title="e264.0003.a to e264.0003.a.f01" priority="0" order="1.0" cover="true" complement="false"/>
    <pf:instantDuration xlink:type="resource" xlink:label="e264.0003.a.f02" xlink:title="e264.0003.a.f02" id="e264.0003.a.f02" variable="PeriodEnd" boundary="end"/>
    <variable:variableFilterArc xlink:type="arc" xlink:arcrole="http://xbrl.org/arcrole/2008/variable-filter" xlink:from="e264.0003.a" xlink:to="e264.0003.a.f02" xlink:title="e264.0003.a to e264.0003.a.f02" priority="0" order="2.0" cover="true" complement="false"/>
    <variable:variableArc xlink:type="arc" xlink:arcrole="http://xbrl.org/arcrole/2008/variable-set" xlink:from="fj_e0003" xlink:to="e264.0001.b" xlink:title="fj_e0003 to e264.0001.b" priority="0" order="2.0" name="PeriodEnd"/>
    <ea:existenceAssertion xlink:type="resource" xlink:label="fj_e0004" xlink:title="fj_e0004" id="e264.0004" implicitFiltering="false" aspectModel="dimensional"/>
    <gen:arc xlink:type="arc" xlink:arcrole="http://xbrl.org/arcrole/2008/assertion-set" xlink:from="aS01" xlink:to="fj_e0004" xlink:title="aS01 to fj_e0004" priority="0" order="4.0"/>
    <gen:arc xlink:type="arc" xlink:arcrole="http://xbrl.org/arcrole/2016/assertion-unsatisfied-severity" xlink:from="fj_e0004" xlink:to="error" xlink:title="fj_e0004 to error" priority="0" order="1.0"/>
    <variable:factVariable xlink:type="resource" xlink:label="e264.0004.a" xlink:title="e264.0004.a" id="e264.0004.a" bindAsSequence="false"/>
    <variable:variableArc xlink:type="arc" xlink:arcrole="http://xbrl.org/arcrole/2008/variable-set" xlink:from="fj_e0004" xlink:to="e264.0004.a" xlink:title="fj_e0004 to e264.0004.a" priority="0" order="1.0" name="TotalLiquidityAtHand"/>
    <cf:conceptName xlink:type="resource" xlink:label="e264.0004.a.f01" xlink:title="e264.0004.a.f01" id="e264.0004.a.f01">
      <cf:concept>
        <cf:qname>fsa:TotalLiquidityAtHand</cf:qname>
      </cf:concept>
    </cf:conceptName>
    <variable:variableFilterArc xlink:type="arc" xlink:arcrole="http://xbrl.org/arcrole/2008/variable-filter" xlink:from="e264.0004.a" xlink:to="e264.0004.a.f01" xlink:title="e264.0004.a to e264.0004.a.f01" priority="0" order="1.0" cover="true" complement="false"/>
    <variable:variableFilterArc xlink:type="arc" xlink:arcrole="http://xbrl.org/arcrole/2008/variable-filter" xlink:from="e264.0004.a" xlink:to="e264.0003.a.f02" xlink:title="e264.0004.a to e264.0003.a.f02" priority="0" order="2.0" cover="true" complement="false"/>
    <variable:variableArc xlink:type="arc" xlink:arcrole="http://xbrl.org/arcrole/2008/variable-set" xlink:from="fj_e0004" xlink:to="e264.0001.b" xlink:title="fj_e0004 to e264.0001.b" priority="0" order="2.0" name="PeriodEnd"/>
    <ea:existenceAssertion xlink:type="resource" xlink:label="fj_e0005" xlink:title="fj_e0005" id="e264.0005" implicitFiltering="false" aspectModel="dimensional"/>
    <gen:arc xlink:type="arc" xlink:arcrole="http://xbrl.org/arcrole/2008/assertion-set" xlink:from="aS01" xlink:to="fj_e0005" xlink:title="aS01 to fj_e0005" priority="0" order="5.0"/>
    <gen:arc xlink:type="arc" xlink:arcrole="http://xbrl.org/arcrole/2016/assertion-unsatisfied-severity" xlink:from="fj_e0005" xlink:to="error" xlink:title="fj_e0005 to error" priority="0" order="1.0"/>
    <variable:factVariable xlink:type="resource" xlink:label="e264.0005.a" xlink:title="e264.0005.a" id="e264.0005.a" bindAsSequence="false"/>
    <variable:variableArc xlink:type="arc" xlink:arcrole="http://xbrl.org/arcrole/2008/variable-set" xlink:from="fj_e0005" xlink:to="e264.0005.a" xlink:title="fj_e0005 to e264.0005.a" priority="0" order="1.0" name="OperatingMargin"/>
    <cf:conceptName xlink:type="resource" xlink:label="e264.0005.a.f01" xlink:title="e264.0005.a.f01" id="e264.0005.a.f01">
      <cf:concept>
        <cf:qname>mrv:OperatingMargin</cf:qname>
      </cf:concept>
    </cf:conceptName>
    <variable:variableFilterArc xlink:type="arc" xlink:arcrole="http://xbrl.org/arcrole/2008/variable-filter" xlink:from="e264.0005.a" xlink:to="e264.0005.a.f01" xlink:title="e264.0005.a to e264.0005.a.f01" priority="0" order="1.0" cover="true" complement="false"/>
    <variable:variableFilterArc xlink:type="arc" xlink:arcrole="http://xbrl.org/arcrole/2008/variable-filter" xlink:from="e264.0005.a" xlink:to="e264.0001.a.f02" xlink:title="e264.0005.a to e264.0001.a.f02" priority="0" order="2.0" complement="false" cover="true"/>
    <variable:variableArc xlink:type="arc" xlink:arcrole="http://xbrl.org/arcrole/2008/variable-set" xlink:from="fj_e0005" xlink:to="e264.0001.b" xlink:title="fj_e0005 to e264.0001.b" priority="0" order="2.0" name="PeriodEnd"/>
    <ea:existenceAssertion xlink:type="resource" xlink:label="fj_e0006" xlink:title="fj_e0006" id="e264.0006" implicitFiltering="false" aspectModel="dimensional"/>
    <gen:arc xlink:type="arc" xlink:arcrole="http://xbrl.org/arcrole/2008/assertion-set" xlink:from="aS01" xlink:to="fj_e0006" xlink:title="aS01 to fj_e0006" priority="0" order="6.0"/>
    <gen:arc xlink:type="arc" xlink:arcrole="http://xbrl.org/arcrole/2016/assertion-unsatisfied-severity" xlink:from="fj_e0006" xlink:to="error" xlink:title="fj_e0006 to error" priority="0" order="1.0"/>
    <variable:factVariable xlink:type="resource" xlink:label="e264.0006.a" xlink:title="e264.0006.a" id="e264.0006.a" bindAsSequence="false"/>
    <variable:variableArc xlink:type="arc" xlink:arcrole="http://xbrl.org/arcrole/2008/variable-set" xlink:from="fj_e0006" xlink:to="e264.0006.a" xlink:title="fj_e0006 to e264.0006.a" priority="0" order="1.0" name="OperatingMarginExcludingSpecialItems"/>
    <cf:conceptName xlink:type="resource" xlink:label="e264.0006.a.f01" xlink:title="e264.0006.a.f01" id="e264.0006.a.f01">
      <cf:concept>
        <cf:qname>mrv:OperatingMarginExcludingSpecialItems</cf:qname>
      </cf:concept>
    </cf:conceptName>
    <variable:variableFilterArc xlink:type="arc" xlink:arcrole="http://xbrl.org/arcrole/2008/variable-filter" xlink:from="e264.0006.a" xlink:to="e264.0006.a.f01" xlink:title="e264.0006.a to e264.0006.a.f01" priority="0" order="1.0" cover="true" complement="false"/>
    <variable:variableFilterArc xlink:type="arc" xlink:arcrole="http://xbrl.org/arcrole/2008/variable-filter" xlink:from="e264.0006.a" xlink:to="e264.0001.a.f02" xlink:title="e264.0006.a to e264.0001.a.f02" priority="0" order="2.0" complement="false" cover="true"/>
    <variable:variableArc xlink:type="arc" xlink:arcrole="http://xbrl.org/arcrole/2008/variable-set" xlink:from="fj_e0006" xlink:to="e264.0001.b" xlink:title="fj_e0006 to e264.0001.b" priority="0" order="2.0" name="PeriodEnd"/>
    <ea:existenceAssertion xlink:type="resource" xlink:label="fj_e0007" xlink:title="fj_e0007" id="e264.0007" implicitFiltering="false" aspectModel="dimensional"/>
    <gen:arc xlink:type="arc" xlink:arcrole="http://xbrl.org/arcrole/2008/assertion-set" xlink:from="aS01" xlink:to="fj_e0007" xlink:title="aS01 to fj_e0007" priority="0" order="7.0"/>
    <gen:arc xlink:type="arc" xlink:arcrole="http://xbrl.org/arcrole/2016/assertion-unsatisfied-severity" xlink:from="fj_e0007" xlink:to="error" xlink:title="fj_e0007 to error" priority="0" order="1.0"/>
    <variable:factVariable xlink:type="resource" xlink:label="e264.0007.a" xlink:title="e264.0007.a" id="e264.0007.a" bindAsSequence="false"/>
    <variable:variableArc xlink:type="arc" xlink:arcrole="http://xbrl.org/arcrole/2008/variable-set" xlink:from="fj_e0007" xlink:to="e264.0007.a" xlink:title="fj_e0007 to e264.0007.a" priority="0" order="1.0" name="LiquidityRatio"/>
    <cf:conceptName xlink:type="resource" xlink:label="e264.0007.a.f01" xlink:title="e264.0007.a.f01" id="e264.0007.a.f01">
      <cf:concept>
        <cf:qname>mrv:LiquidityRatio</cf:qname>
      </cf:concept>
    </cf:conceptName>
    <variable:variableFilterArc xlink:type="arc" xlink:arcrole="http://xbrl.org/arcrole/2008/variable-filter" xlink:from="e264.0007.a" xlink:to="e264.0007.a.f01" xlink:title="e264.0007.a to e264.0007.a.f01" priority="0" order="1.0" complement="false" cover="true"/>
    <variable:variableFilterArc xlink:type="arc" xlink:arcrole="http://xbrl.org/arcrole/2008/variable-filter" xlink:from="e264.0007.a" xlink:to="e264.0001.a.f02" xlink:title="e264.0007.a to e264.0001.a.f02" priority="0" order="2.0" cover="true" complement="false"/>
    <variable:variableArc xlink:type="arc" xlink:arcrole="http://xbrl.org/arcrole/2008/variable-set" xlink:from="fj_e0007" xlink:to="e264.0001.b" xlink:title="fj_e0007 to e264.0001.b" priority="0" order="2.0" name="PeriodEnd"/>
    <ea:existenceAssertion xlink:type="resource" xlink:label="fj_e0008" xlink:title="fj_e0008" id="e264.0008" implicitFiltering="false" aspectModel="dimensional"/>
    <gen:arc xlink:type="arc" xlink:arcrole="http://xbrl.org/arcrole/2008/assertion-set" xlink:from="aS01" xlink:to="fj_e0008" xlink:title="aS01 to fj_e0008" priority="0" order="8.0"/>
    <gen:arc xlink:type="arc" xlink:arcrole="http://xbrl.org/arcrole/2016/assertion-unsatisfied-severity" xlink:from="fj_e0008" xlink:to="error" xlink:title="fj_e0008 to error" priority="0" order="1.0"/>
    <variable:factVariable xlink:type="resource" xlink:label="e264.0008.a" xlink:title="e264.0008.a" id="e264.0008.a" bindAsSequence="false"/>
    <variable:variableArc xlink:type="arc" xlink:arcrole="http://xbrl.org/arcrole/2008/variable-set" xlink:from="fj_e0008" xlink:to="e264.0008.a" xlink:title="fj_e0008 to e264.0008.a" priority="0" order="1.0" name="EquityRatio"/>
    <cf:conceptName xlink:type="resource" xlink:label="e264.0008.a.f01" xlink:title="e264.0008.a.f01" id="e264.0008.a.f01">
      <cf:concept>
        <cf:qname>mrv:EquityRatio</cf:qname>
      </cf:concept>
    </cf:conceptName>
    <variable:variableFilterArc xlink:type="arc" xlink:arcrole="http://xbrl.org/arcrole/2008/variable-filter" xlink:from="e264.0008.a" xlink:to="e264.0008.a.f01" xlink:title="e264.0008.a to e264.0008.a.f01" priority="0" order="1.0" cover="true" complement="false"/>
    <variable:variableFilterArc xlink:type="arc" xlink:arcrole="http://xbrl.org/arcrole/2008/variable-filter" xlink:from="e264.0008.a" xlink:to="e264.0001.a.f02" xlink:title="e264.0008.a to e264.0001.a.f02" priority="0" order="2.0" complement="false" cover="true"/>
    <variable:variableArc xlink:type="arc" xlink:arcrole="http://xbrl.org/arcrole/2008/variable-set" xlink:from="fj_e0008" xlink:to="e264.0001.b" xlink:title="fj_e0008 to e264.0001.b" priority="0" order="2.0" name="PeriodEnd"/>
    <ea:existenceAssertion xlink:type="resource" xlink:label="fj_e0009" xlink:title="fj_e0009" id="e264.0009" implicitFiltering="false" aspectModel="dimensional"/>
    <gen:arc xlink:type="arc" xlink:arcrole="http://xbrl.org/arcrole/2008/assertion-set" xlink:from="aS01" xlink:to="fj_e0009" xlink:title="aS01 to fj_e0009" priority="0" order="9.0"/>
    <gen:arc xlink:type="arc" xlink:arcrole="http://xbrl.org/arcrole/2016/assertion-unsatisfied-severity" xlink:from="fj_e0009" xlink:to="error" xlink:title="fj_e0009 to error" priority="0" order="1.0"/>
    <variable:factVariable xlink:type="resource" xlink:label="e264.0009.a" xlink:title="e264.0009.a" id="e264.0009.a" bindAsSequence="false"/>
    <variable:variableArc xlink:type="arc" xlink:arcrole="http://xbrl.org/arcrole/2008/variable-set" xlink:from="fj_e0009" xlink:to="e264.0009.a" xlink:title="fj_e0009 to e264.0009.a" priority="0" order="1.0" name="FinancingRatio"/>
    <cf:conceptName xlink:type="resource" xlink:label="e264.0009.a.f01" xlink:title="e264.0009.a.f01" id="e264.0009.a.f01">
      <cf:concept>
        <cf:qname>mrv:FinancingRatio</cf:qname>
      </cf:concept>
    </cf:conceptName>
    <variable:variableFilterArc xlink:type="arc" xlink:arcrole="http://xbrl.org/arcrole/2008/variable-filter" xlink:from="e264.0009.a" xlink:to="e264.0009.a.f01" xlink:title="e264.0009.a to e264.0009.a.f01" priority="0" order="1.0" complement="false" cover="true"/>
    <variable:variableFilterArc xlink:type="arc" xlink:arcrole="http://xbrl.org/arcrole/2008/variable-filter" xlink:from="e264.0009.a" xlink:to="e264.0003.a.f02" xlink:title="e264.0009.a to e264.0003.a.f02" priority="0" order="2.0" cover="true" complement="false"/>
    <variable:variableArc xlink:type="arc" xlink:arcrole="http://xbrl.org/arcrole/2008/variable-set" xlink:from="fj_e0009" xlink:to="e264.0001.b" xlink:title="fj_e0009 to e264.0001.b" priority="0" order="2.0" name="PeriodEnd"/>
    <va:valueAssertion xlink:type="resource" xlink:label="fj_v0001" xlink:title="fj_v0001" id="v264.0100" implicitFiltering="false" aspectModel="dimensional" test=" $OperatingMargin eq  $calc_OperatingMargin "/>
    <gen:arc xlink:type="arc" xlink:arcrole="http://xbrl.org/arcrole/2008/assertion-set" xlink:from="aS01" xlink:to="fj_v0001" xlink:title="aS01 to fj_v0001" priority="0" order="10.0"/>
    <gen:arc xlink:type="arc" xlink:arcrole="http://xbrl.org/arcrole/2016/assertion-unsatisfied-severity" xlink:from="fj_v0001" xlink:to="error" xlink:title="fj_v0001 to error" priority="0" order="1.0"/>
    <variable:factVariable xlink:type="resource" xlink:label="v264.0100.a" xlink:title="v264.0100.a" id="v264.0100.a" bindAsSequence="false"/>
    <variable:variableArc xlink:type="arc" xlink:arcrole="http://xbrl.org/arcrole/2008/variable-set" xlink:from="fj_v0001" xlink:to="v264.0100.a" xlink:title="fj_v0001 to v264.0100.a" priority="0" order="1.0" name="ProfitLoss"/>
    <cf:conceptName xlink:type="resource" xlink:label="v264.0100.a.f01" xlink:title="v264.0100.a.f01" id="v264.0100.a.f01">
      <cf:concept>
        <cf:qname>fsa:ProfitLoss</cf:qname>
      </cf:concept>
    </cf:conceptName>
    <variable:variableFilterArc xlink:type="arc" xlink:arcrole="http://xbrl.org/arcrole/2008/variable-filter" xlink:from="v264.0100.a" xlink:to="v264.0100.a.f01" xlink:title="v264.0100.a to v264.0100.a.f01" priority="0" order="1.0" complement="false" cover="true"/>
    <variable:variableFilterArc xlink:type="arc" xlink:arcrole="http://xbrl.org/arcrole/2008/variable-filter" xlink:from="v264.0100.a" xlink:to="e264.0001.a.f02" xlink:title="v264.0100.a to e264.0001.a.f02" priority="0" order="2.0" cover="true" complement="false"/>
    <variable:factVariable xlink:type="resource" xlink:label="v264.0100.b" xlink:title="v264.0100.b" id="v264.0100.b" bindAsSequence="false"/>
    <variable:variableArc xlink:type="arc" xlink:arcrole="http://xbrl.org/arcrole/2008/variable-set" xlink:from="fj_v0001" xlink:to="v264.0100.b" xlink:title="fj_v0001 to v264.0100.b" priority="0" order="2.0" name="Revenue"/>
    <cf:conceptName xlink:type="resource" xlink:label="v264.0100.b.f01" xlink:title="v264.0100.b.f01" id="v264.0100.b.f01">
      <cf:concept>
        <cf:qname>fsa:Revenue</cf:qname>
      </cf:concept>
    </cf:conceptName>
    <variable:variableFilterArc xlink:type="arc" xlink:arcrole="http://xbrl.org/arcrole/2008/variable-filter" xlink:from="v264.0100.b" xlink:to="v264.0100.b.f01" xlink:title="v264.0100.b to v264.0100.b.f01" priority="0" order="1.0" cover="true" complement="false"/>
    <variable:variableFilterArc xlink:type="arc" xlink:arcrole="http://xbrl.org/arcrole/2008/variable-filter" xlink:from="v264.0100.b" xlink:to="e264.0001.a.f02" xlink:title="v264.0100.b to e264.0001.a.f02" priority="0" order="2.0" cover="true" complement="false"/>
    <variable:factVariable xlink:type="resource" xlink:label="v264.0100.c" xlink:title="v264.0100.c" id="v264.0100.c" bindAsSequence="false"/>
    <variable:variableArc xlink:type="arc" xlink:arcrole="http://xbrl.org/arcrole/2008/variable-set" xlink:from="fj_v0001" xlink:to="v264.0100.c" xlink:title="fj_v0001 to v264.0100.c" priority="0" order="3.0" name="OperatingMargin"/>
    <variable:variableFilterArc xlink:type="arc" xlink:arcrole="http://xbrl.org/arcrole/2008/variable-filter" xlink:from="v264.0100.c" xlink:to="e264.0005.a.f01" xlink:title="v264.0100.c to e264.0005.a.f01" priority="0" order="1.0" complement="false" cover="true"/>
    <variable:variableFilterArc xlink:type="arc" xlink:arcrole="http://xbrl.org/arcrole/2008/variable-filter" xlink:from="v264.0100.c" xlink:to="e264.0001.a.f02" xlink:title="v264.0100.c to e264.0001.a.f02" priority="0" order="2.0" cover="true" complement="false"/>
    <variable:variableArc xlink:type="arc" xlink:arcrole="http://xbrl.org/arcrole/2008/variable-set" xlink:from="fj_v0001" xlink:to="e264.0001.b" xlink:title="fj_v0001 to e264.0001.b" priority="0" order="4.0" name="PeriodEnd"/>
    <variable:generalVariable xlink:type="resource" xlink:label="gv001" xlink:title="gv001" id="gv002" bindAsSequence="false" select="round(($ProfitLoss div  $Revenue)*1000) div 1000"/>
    <variable:variableArc xlink:type="arc" xlink:arcrole="http://xbrl.org/arcrole/2008/variable-set" xlink:from="fj_v0001" xlink:to="gv001" xlink:title="fj_v0001 to gv001" priority="0" order="5.0" name="calc_OperatingMargin"/>
    <va:valueAssertion xlink:type="resource" xlink:label="fj_v0002" xlink:title="fj_v0002" id="v264.0101" implicitFiltering="false" aspectModel="dimensional" test="$OperatingMarginExcludingSpecialItems =  $calc_OperatingMarginExcludingSpecialItems "/>
    <gen:arc xlink:type="arc" xlink:arcrole="http://xbrl.org/arcrole/2008/assertion-set" xlink:from="aS01" xlink:to="fj_v0002" xlink:title="aS01 to fj_v0002" priority="0" order="11.0"/>
    <gen:arc xlink:type="arc" xlink:arcrole="http://xbrl.org/arcrole/2016/assertion-unsatisfied-severity" xlink:from="fj_v0002" xlink:to="error" xlink:title="fj_v0002 to error" priority="0" order="1.0"/>
    <variable:factVariable xlink:type="resource" xlink:label="v264.0101.a" xlink:title="v264.0101.a" id="v264.0101.a" bindAsSequence="false"/>
    <variable:variableArc xlink:type="arc" xlink:arcrole="http://xbrl.org/arcrole/2008/variable-set" xlink:from="fj_v0002" xlink:to="v264.0101.a" xlink:title="fj_v0002 to v264.0101.a" priority="0" order="1.0" name="ProfitLossExcludingSpecialItems"/>
    <cf:conceptName xlink:type="resource" xlink:label="v264.0101.a.f01" xlink:title="v264.0101.a.f01" id="v264.0101.a.f01">
      <cf:concept>
        <cf:qname>fsa:ProfitLossExcludingSpecialItems</cf:qname>
      </cf:concept>
    </cf:conceptName>
    <variable:variableFilterArc xlink:type="arc" xlink:arcrole="http://xbrl.org/arcrole/2008/variable-filter" xlink:from="v264.0101.a" xlink:to="v264.0101.a.f01" xlink:title="v264.0101.a to v264.0101.a.f01" priority="0" order="1.0" cover="true" complement="false"/>
    <variable:variableFilterArc xlink:type="arc" xlink:arcrole="http://xbrl.org/arcrole/2008/variable-filter" xlink:from="v264.0101.a" xlink:to="e264.0001.a.f02" xlink:title="v264.0101.a to e264.0001.a.f02" priority="0" order="2.0" cover="true" complement="false"/>
    <variable:factVariable xlink:type="resource" xlink:label="v264.0101.b" xlink:title="v264.0101.b" id="v264.0101.b" bindAsSequence="false"/>
    <variable:variableArc xlink:type="arc" xlink:arcrole="http://xbrl.org/arcrole/2008/variable-set" xlink:from="fj_v0002" xlink:to="v264.0101.b" xlink:title="fj_v0002 to v264.0101.b" priority="0" order="2.0" name="Revenue"/>
    <variable:variableFilterArc xlink:type="arc" xlink:arcrole="http://xbrl.org/arcrole/2008/variable-filter" xlink:from="v264.0101.b" xlink:to="v264.0100.b.f01" xlink:title="v264.0101.b to v264.0100.b.f01" priority="0" order="1.0" cover="true" complement="false"/>
    <variable:variableFilterArc xlink:type="arc" xlink:arcrole="http://xbrl.org/arcrole/2008/variable-filter" xlink:from="v264.0101.b" xlink:to="e264.0001.a.f02" xlink:title="v264.0101.b to e264.0001.a.f02" priority="0" order="2.0" complement="false" cover="true"/>
    <variable:factVariable xlink:type="resource" xlink:label="v264.0101.c" xlink:title="v264.0101.c" id="v264.0101.c" bindAsSequence="false"/>
    <variable:variableArc xlink:type="arc" xlink:arcrole="http://xbrl.org/arcrole/2008/variable-set" xlink:from="fj_v0002" xlink:to="v264.0101.c" xlink:title="fj_v0002 to v264.0101.c" priority="0" order="3.0" name="OperatingMarginExcludingSpecialItems"/>
    <variable:variableFilterArc xlink:type="arc" xlink:arcrole="http://xbrl.org/arcrole/2008/variable-filter" xlink:from="v264.0101.c" xlink:to="e264.0006.a.f01" xlink:title="v264.0101.c to e264.0006.a.f01" priority="0" order="1.0" complement="false" cover="true"/>
    <variable:variableFilterArc xlink:type="arc" xlink:arcrole="http://xbrl.org/arcrole/2008/variable-filter" xlink:from="v264.0101.c" xlink:to="e264.0001.a.f02" xlink:title="v264.0101.c to e264.0001.a.f02" priority="0" order="2.0" complement="false" cover="true"/>
    <variable:variableArc xlink:type="arc" xlink:arcrole="http://xbrl.org/arcrole/2008/variable-set" xlink:from="fj_v0002" xlink:to="e264.0001.b" xlink:title="fj_v0002 to e264.0001.b" priority="0" order="4.0" name="PeriodEnd"/>
    <variable:generalVariable xlink:type="resource" xlink:label="gv001_2" xlink:title="gv001_2" id="gv001" bindAsSequence="false" select="round(( $ProfitLossExcludingSpecialItems div  $Revenue )*1000) div 1000"/>
    <variable:variableArc xlink:type="arc" xlink:arcrole="http://xbrl.org/arcrole/2008/variable-set" xlink:from="fj_v0002" xlink:to="gv001_2" xlink:title="fj_v0002 to gv001_2" priority="0" order="5.0" name="calc_OperatingMarginExcludingSpecialItems"/>
    <va:valueAssertion xlink:type="resource" xlink:label="fj_v0003" xlink:title="fj_v0003" id="v264.0102" implicitFiltering="false" aspectModel="dimensional" test=" $LiquidityRatio =  $calc_LiquidityRatio "/>
    <gen:arc xlink:type="arc" xlink:arcrole="http://xbrl.org/arcrole/2008/assertion-set" xlink:from="aS01" xlink:to="fj_v0003" xlink:title="aS01 to fj_v0003" priority="0" order="12.0"/>
    <gen:arc xlink:type="arc" xlink:arcrole="http://xbrl.org/arcrole/2016/assertion-unsatisfied-severity" xlink:from="fj_v0003" xlink:to="error" xlink:title="fj_v0003 to error" priority="0" order="1.0"/>
    <variable:factVariable xlink:type="resource" xlink:label="v264.0102.a" xlink:title="v264.0102.a" id="v264.0102.a" bindAsSequence="false"/>
    <variable:variableArc xlink:type="arc" xlink:arcrole="http://xbrl.org/arcrole/2008/variable-set" xlink:from="fj_v0003" xlink:to="v264.0102.a" xlink:title="fj_v0003 to v264.0102.a" priority="0" order="1.0" name="CurrentAssets"/>
    <cf:conceptName xlink:type="resource" xlink:label="v264.0102.a.f01" xlink:title="v264.0102.a.f01" id="v264.0102.a.f01">
      <cf:concept>
        <cf:qname>fsa:CurrentAssets</cf:qname>
      </cf:concept>
    </cf:conceptName>
    <variable:variableFilterArc xlink:type="arc" xlink:arcrole="http://xbrl.org/arcrole/2008/variable-filter" xlink:from="v264.0102.a" xlink:to="v264.0102.a.f01" xlink:title="v264.0102.a to v264.0102.a.f01" priority="0" order="1.0" cover="true" complement="false"/>
    <variable:variableFilterArc xlink:type="arc" xlink:arcrole="http://xbrl.org/arcrole/2008/variable-filter" xlink:from="v264.0102.a" xlink:to="e264.0003.a.f02" xlink:title="v264.0102.a to e264.0003.a.f02" priority="0" order="2.0" cover="true" complement="false"/>
    <variable:factVariable xlink:type="resource" xlink:label="v264.0102.b" xlink:title="v264.0102.b" id="v264.0102.b" bindAsSequence="false"/>
    <variable:variableArc xlink:type="arc" xlink:arcrole="http://xbrl.org/arcrole/2008/variable-set" xlink:from="fj_v0003" xlink:to="v264.0102.b" xlink:title="fj_v0003 to v264.0102.b" priority="0" order="2.0" name="ShorttermLiabilitiesOtherThanProvisions"/>
    <cf:conceptName xlink:type="resource" xlink:label="v264.0102.b.f01" xlink:title="v264.0102.b.f01" id="v264.0102.b.f01">
      <cf:concept>
        <cf:qname>fsa:ShorttermLiabilitiesOtherThanProvisions</cf:qname>
      </cf:concept>
    </cf:conceptName>
    <variable:variableFilterArc xlink:type="arc" xlink:arcrole="http://xbrl.org/arcrole/2008/variable-filter" xlink:from="v264.0102.b" xlink:to="v264.0102.b.f01" xlink:title="v264.0102.b to v264.0102.b.f01" priority="0" order="1.0" cover="true" complement="false"/>
    <variable:variableFilterArc xlink:type="arc" xlink:arcrole="http://xbrl.org/arcrole/2008/variable-filter" xlink:from="v264.0102.b" xlink:to="e264.0003.a.f02" xlink:title="v264.0102.b to e264.0003.a.f02" priority="0" order="2.0" complement="false" cover="true"/>
    <variable:factVariable xlink:type="resource" xlink:label="v264.0102.c" xlink:title="v264.0102.c" id="v264.0102.c" bindAsSequence="false"/>
    <variable:variableArc xlink:type="arc" xlink:arcrole="http://xbrl.org/arcrole/2008/variable-set" xlink:from="fj_v0003" xlink:to="v264.0102.c" xlink:title="fj_v0003 to v264.0102.c" priority="0" order="3.0" name="LiquidityRatio"/>
    <variable:variableFilterArc xlink:type="arc" xlink:arcrole="http://xbrl.org/arcrole/2008/variable-filter" xlink:from="v264.0102.c" xlink:to="e264.0007.a.f01" xlink:title="v264.0102.c to e264.0007.a.f01" priority="0" order="1.0" cover="true" complement="false"/>
    <variable:variableFilterArc xlink:type="arc" xlink:arcrole="http://xbrl.org/arcrole/2008/variable-filter" xlink:from="v264.0102.c" xlink:to="e264.0001.a.f02" xlink:title="v264.0102.c to e264.0001.a.f02" priority="0" order="2.0" complement="false" cover="true"/>
    <variable:variableArc xlink:type="arc" xlink:arcrole="http://xbrl.org/arcrole/2008/variable-set" xlink:from="fj_v0003" xlink:to="e264.0001.b" xlink:title="fj_v0003 to e264.0001.b" priority="0" order="4.0" name="PeriodEnd"/>
    <variable:generalVariable xlink:type="resource" xlink:label="gv003" xlink:title="gv003" id="gv003" bindAsSequence="false" select="round(( $CurrentAssets div $ShorttermLiabilitiesOtherThanProvisions )*1000) div 1000"/>
    <variable:variableArc xlink:type="arc" xlink:arcrole="http://xbrl.org/arcrole/2008/variable-set" xlink:from="fj_v0003" xlink:to="gv003" xlink:title="fj_v0003 to gv003" priority="0" order="5.0" name="calc_LiquidityRatio"/>
    <va:valueAssertion xlink:type="resource" xlink:label="fj_v0004" xlink:title="fj_v0004" id="v264.0103" implicitFiltering="false" aspectModel="dimensional" test=" $EquityRatio =  $calc_EquityRatio "/>
    <gen:arc xlink:type="arc" xlink:arcrole="http://xbrl.org/arcrole/2008/assertion-set" xlink:from="aS01" xlink:to="fj_v0004" xlink:title="aS01 to fj_v0004" priority="0" order="13.0"/>
    <gen:arc xlink:type="arc" xlink:arcrole="http://xbrl.org/arcrole/2016/assertion-unsatisfied-severity" xlink:from="fj_v0004" xlink:to="error" xlink:title="fj_v0004 to error" priority="0" order="1.0"/>
    <variable:factVariable xlink:type="resource" xlink:label="v264.0103.a" xlink:title="v264.0103.a" id="v264.0103.a" bindAsSequence="false"/>
    <variable:variableArc xlink:type="arc" xlink:arcrole="http://xbrl.org/arcrole/2008/variable-set" xlink:from="fj_v0004" xlink:to="v264.0103.a" xlink:title="fj_v0004 to v264.0103.a" priority="0" order="1.0" name="Equity"/>
    <cf:conceptName xlink:type="resource" xlink:label="v264.0103.a.f01" xlink:title="v264.0103.a.f01" id="v264.0103.a.f01">
      <cf:concept>
        <cf:qname>fsa:Equity</cf:qname>
      </cf:concept>
    </cf:conceptName>
    <variable:variableFilterArc xlink:type="arc" xlink:arcrole="http://xbrl.org/arcrole/2008/variable-filter" xlink:from="v264.0103.a" xlink:to="v264.0103.a.f01" xlink:title="v264.0103.a to v264.0103.a.f01" priority="0" order="1.0" cover="true" complement="false"/>
    <variable:variableFilterArc xlink:type="arc" xlink:arcrole="http://xbrl.org/arcrole/2008/variable-filter" xlink:from="v264.0103.a" xlink:to="e264.0003.a.f02" xlink:title="v264.0103.a to e264.0003.a.f02" priority="0" order="2.0" cover="true" complement="false"/>
    <variable:factVariable xlink:type="resource" xlink:label="v264.0103.b" xlink:title="v264.0103.b" id="v264.0103.b" bindAsSequence="false"/>
    <variable:variableArc xlink:type="arc" xlink:arcrole="http://xbrl.org/arcrole/2008/variable-set" xlink:from="fj_v0004" xlink:to="v264.0103.b" xlink:title="fj_v0004 to v264.0103.b" priority="0" order="2.0" name="Assets"/>
    <cf:conceptName xlink:type="resource" xlink:label="v264.0103.b.f01" xlink:title="v264.0103.b.f01" id="v264.0103.b.f01">
      <cf:concept>
        <cf:qname>fsa:Assets</cf:qname>
      </cf:concept>
    </cf:conceptName>
    <variable:variableFilterArc xlink:type="arc" xlink:arcrole="http://xbrl.org/arcrole/2008/variable-filter" xlink:from="v264.0103.b" xlink:to="v264.0103.b.f01" xlink:title="v264.0103.b to v264.0103.b.f01" priority="0" order="1.0" complement="false" cover="true"/>
    <variable:variableFilterArc xlink:type="arc" xlink:arcrole="http://xbrl.org/arcrole/2008/variable-filter" xlink:from="v264.0103.b" xlink:to="e264.0003.a.f02" xlink:title="v264.0103.b to e264.0003.a.f02" priority="0" order="2.0" complement="false" cover="true"/>
    <variable:factVariable xlink:type="resource" xlink:label="v264.0103.c" xlink:title="v264.0103.c" id="v264.0103.c" bindAsSequence="false"/>
    <variable:variableArc xlink:type="arc" xlink:arcrole="http://xbrl.org/arcrole/2008/variable-set" xlink:from="fj_v0004" xlink:to="v264.0103.c" xlink:title="fj_v0004 to v264.0103.c" priority="0" order="3.0" name="EquityRatio"/>
    <variable:variableFilterArc xlink:type="arc" xlink:arcrole="http://xbrl.org/arcrole/2008/variable-filter" xlink:from="v264.0103.c" xlink:to="e264.0008.a.f01" xlink:title="v264.0103.c to e264.0008.a.f01" priority="0" order="1.0" cover="true" complement="false"/>
    <variable:variableFilterArc xlink:type="arc" xlink:arcrole="http://xbrl.org/arcrole/2008/variable-filter" xlink:from="v264.0103.c" xlink:to="e264.0001.a.f02" xlink:title="v264.0103.c to e264.0001.a.f02" priority="0" order="2.0" cover="true" complement="false"/>
    <variable:variableArc xlink:type="arc" xlink:arcrole="http://xbrl.org/arcrole/2008/variable-set" xlink:from="fj_v0004" xlink:to="e264.0001.b" xlink:title="fj_v0004 to e264.0001.b" priority="0" order="4.0" name="PeriodEnd"/>
    <variable:generalVariable xlink:type="resource" xlink:label="gv004" xlink:title="gv004" id="gv004" bindAsSequence="false" select="round(( $Equity div $Assets )*1000) div 1000"/>
    <variable:variableArc xlink:type="arc" xlink:arcrole="http://xbrl.org/arcrole/2008/variable-set" xlink:from="fj_v0004" xlink:to="gv004" xlink:title="fj_v0004 to gv004" priority="0" order="5.0" name="calc_EquityRatio"/>
    <va:valueAssertion xlink:type="resource" xlink:label="fj_v0005" xlink:title="fj_v0005" id="v264.0104" implicitFiltering="false" aspectModel="dimensional" test=" $FinancingRatio =  $calc_FinancingRatio "/>
    <gen:arc xlink:type="arc" xlink:arcrole="http://xbrl.org/arcrole/2008/assertion-set" xlink:from="aS01" xlink:to="fj_v0005" xlink:title="aS01 to fj_v0005" priority="0" order="14.0"/>
    <gen:arc xlink:type="arc" xlink:arcrole="http://xbrl.org/arcrole/2016/assertion-unsatisfied-severity" xlink:from="fj_v0005" xlink:to="error" xlink:title="fj_v0005 to error" priority="0" order="1.0"/>
    <variable:factVariable xlink:type="resource" xlink:label="v264.0104.a" xlink:title="v264.0104.a" id="v264.0104.a" bindAsSequence="false"/>
    <variable:variableArc xlink:type="arc" xlink:arcrole="http://xbrl.org/arcrole/2008/variable-set" xlink:from="fj_v0005" xlink:to="v264.0104.a" xlink:title="fj_v0005 to v264.0104.a" priority="0" order="1.0" name="PropertyPlantAndEquipment"/>
    <cf:conceptName xlink:type="resource" xlink:label="v264.0104.a.f01" xlink:title="v264.0104.a.f01" id="v264.0104.a.f01">
      <cf:concept>
        <cf:qname>fsa:PropertyPlantAndEquipment</cf:qname>
      </cf:concept>
    </cf:conceptName>
    <variable:variableFilterArc xlink:type="arc" xlink:arcrole="http://xbrl.org/arcrole/2008/variable-filter" xlink:from="v264.0104.a" xlink:to="v264.0104.a.f01" xlink:title="v264.0104.a to v264.0104.a.f01" priority="0" order="1.0" cover="true" complement="false"/>
    <variable:variableFilterArc xlink:type="arc" xlink:arcrole="http://xbrl.org/arcrole/2008/variable-filter" xlink:from="v264.0104.a" xlink:to="e264.0003.a.f02" xlink:title="v264.0104.a to e264.0003.a.f02" priority="0" order="2.0" cover="true" complement="false"/>
    <df:explicitDimension xlink:type="resource" xlink:label="v264.0104.a.f02" xlink:title="v264.0104.a.f02" id="v264.0104.a.f02">
      <df:dimension>
        <df:qname>fsa:ClassesOfPropertyPlantAndEquipmentDimension</df:qname>
      </df:dimension>
      <df:member>
        <df:qname>fsa:AllClassesOfPropertyPlantAndEquipmentMember</df:qname>
      </df:member>
    </df:explicitDimension>
    <variable:variableFilterArc xlink:type="arc" xlink:arcrole="http://xbrl.org/arcrole/2008/variable-filter" xlink:from="v264.0104.a" xlink:to="v264.0104.a.f02" xlink:title="v264.0104.a to v264.0104.a.f02" priority="0" order="3.0" complement="false" cover="true"/>
    <variable:factVariable xlink:type="resource" xlink:label="v264.0104.b" xlink:title="v264.0104.b" id="v264.0104.b" bindAsSequence="false"/>
    <variable:variableArc xlink:type="arc" xlink:arcrole="http://xbrl.org/arcrole/2008/variable-set" xlink:from="fj_v0005" xlink:to="v264.0104.b" xlink:title="fj_v0005 to v264.0104.b" priority="0" order="2.0" name="LongtermLiabilitiesOtherThanProvisions"/>
    <cf:conceptName xlink:type="resource" xlink:label="e264.0001.b.f02" xlink:title="e264.0001.b.f02" id="e264.0001.b.f02">
      <cf:concept>
        <cf:qname>fsa:LongtermLiabilitiesOtherThanProvisions</cf:qname>
      </cf:concept>
    </cf:conceptName>
    <variable:variableFilterArc xlink:type="arc" xlink:arcrole="http://xbrl.org/arcrole/2008/variable-filter" xlink:from="v264.0104.b" xlink:to="e264.0001.b.f02" xlink:title="v264.0104.b to e264.0001.b.f02" priority="0" order="1.0" cover="true" complement="false"/>
    <variable:variableFilterArc xlink:type="arc" xlink:arcrole="http://xbrl.org/arcrole/2008/variable-filter" xlink:from="v264.0104.b" xlink:to="e264.0003.a.f02" xlink:title="v264.0104.b to e264.0003.a.f02" priority="0" order="2.0" complement="false" cover="true"/>
    <variable:factVariable xlink:type="resource" xlink:label="v264.0104.c" xlink:title="v264.0104.c" id="v264.0104.c" bindAsSequence="false"/>
    <variable:variableArc xlink:type="arc" xlink:arcrole="http://xbrl.org/arcrole/2008/variable-set" xlink:from="fj_v0005" xlink:to="v264.0104.c" xlink:title="fj_v0005 to v264.0104.c" priority="0" order="3.0" name="FinancingRatio"/>
    <variable:variableFilterArc xlink:type="arc" xlink:arcrole="http://xbrl.org/arcrole/2008/variable-filter" xlink:from="v264.0104.c" xlink:to="e264.0009.a.f01" xlink:title="v264.0104.c to e264.0009.a.f01" priority="0" order="1.0" complement="false" cover="true"/>
    <variable:variableFilterArc xlink:type="arc" xlink:arcrole="http://xbrl.org/arcrole/2008/variable-filter" xlink:from="v264.0104.c" xlink:to="e264.0003.a.f02" xlink:title="v264.0104.c to e264.0003.a.f02" priority="0" order="2.0" cover="true" complement="false"/>
    <variable:variableArc xlink:type="arc" xlink:arcrole="http://xbrl.org/arcrole/2008/variable-set" xlink:from="fj_v0005" xlink:to="e264.0001.b" xlink:title="fj_v0005 to e264.0001.b" priority="0" order="4.0" name="PeriodEnd"/>
    <variable:generalVariable xlink:type="resource" xlink:label="gv005" xlink:title="gv005" id="gv005" bindAsSequence="false" select="round(( $PropertyPlantAndEquipment div $LongtermLiabilitiesOtherThanProvisions )*1000) div 1000"/>
    <variable:variableArc xlink:type="arc" xlink:arcrole="http://xbrl.org/arcrole/2008/variable-set" xlink:from="fj_v0005" xlink:to="gv005" xlink:title="fj_v0005 to gv005" priority="0" order="5.0" name="calc_FinancingRatio"/>
  </gen:link>
  <gen:link xlink:type="extended" xlink:role="http://www.xbrl.org/2008/role/link">
    <link:loc xlink:type="locator" xlink:href="#e264.0001" xlink:label="fj_e0001" xlink:title="fj_e0001"/>
    <msg:message xlink:type="resource" xlink:label="label_2" xlink:role="http://www.xbrl.org/2010/role/message" xlink:title="label_2" xml:lang="da" id="label_2">Manglende oplysning fra "Hoved- og nøgletal": "Heraf statstilskud"</msg:message>
    <gen:arc xlink:type="arc" xlink:arcrole="http://xbrl.org/arcrole/2010/assertion-unsatisfied-message" xlink:from="fj_e0001" xlink:to="label_2" xlink:title="fj_e0001 to label_2" priority="0" order="1.0"/>
    <link:loc xlink:type="locator" xlink:href="#e264.0002" xlink:label="fj_e0002" xlink:title="fj_e0002"/>
    <msg:message xlink:type="resource" xlink:label="label_3" xlink:role="http://www.xbrl.org/2010/role/message" xlink:title="label_3" xml:lang="da" id="label_3">Manglende oplysning fra "Hoved- og nøgletal": "Omkostninger"</msg:message>
    <gen:arc xlink:type="arc" xlink:arcrole="http://xbrl.org/arcrole/2010/assertion-unsatisfied-message" xlink:from="fj_e0002" xlink:to="label_3" xlink:title="fj_e0002 to label_3" priority="0" order="1.0"/>
    <link:loc xlink:type="locator" xlink:href="#e264.0003" xlink:label="fj_e0003" xlink:title="fj_e0003"/>
    <msg:message xlink:type="resource" xlink:label="label_4" xlink:role="http://www.xbrl.org/2010/role/message" xlink:title="label_4" xml:lang="da" id="label_4">Manglende oplysning fra "Hoved- og nøgletal": "Værdipapirer"</msg:message>
    <gen:arc xlink:type="arc" xlink:arcrole="http://xbrl.org/arcrole/2010/assertion-unsatisfied-message" xlink:from="fj_e0003" xlink:to="label_4" xlink:title="fj_e0003 to label_4" priority="0" order="1.0"/>
    <link:loc xlink:type="locator" xlink:href="#e264.0004" xlink:label="fj_e0004" xlink:title="fj_e0004"/>
    <msg:message xlink:type="resource" xlink:label="label_5" xlink:role="http://www.xbrl.org/2010/role/message" xlink:title="label_5" xml:lang="da" id="label_5">Manglende oplysning fra "Hoved- og nøgletal": "Samlet likviditet til rådighed ultimo"</msg:message>
    <gen:arc xlink:type="arc" xlink:arcrole="http://xbrl.org/arcrole/2010/assertion-unsatisfied-message" xlink:from="fj_e0004" xlink:to="label_5" xlink:title="fj_e0004 to label_5" priority="0" order="1.0"/>
    <link:loc xlink:type="locator" xlink:href="#e264.0005" xlink:label="fj_e0005" xlink:title="fj_e0005"/>
    <msg:message xlink:type="resource" xlink:label="label_6" xlink:role="http://www.xbrl.org/2010/role/message" xlink:title="label_6" xml:lang="da" id="label_6">Manglende oplysning fra "Hoved- og nøgletal": "Overskudsgrad"</msg:message>
    <gen:arc xlink:type="arc" xlink:arcrole="http://xbrl.org/arcrole/2010/assertion-unsatisfied-message" xlink:from="fj_e0005" xlink:to="label_6" xlink:title="fj_e0005 to label_6" priority="0" order="1.0"/>
    <link:loc xlink:type="locator" xlink:href="#e264.0006" xlink:label="fj_e0006" xlink:title="fj_e0006"/>
    <msg:message xlink:type="resource" xlink:label="label_7" xlink:role="http://www.xbrl.org/2010/role/message" xlink:title="label_7" xml:lang="da" id="label_7">Manglende oplysning fra "Hoved- og nøgletal": "Overskudsgrad eksklusic særlige poster"</msg:message>
    <gen:arc xlink:type="arc" xlink:arcrole="http://xbrl.org/arcrole/2010/assertion-unsatisfied-message" xlink:from="fj_e0006" xlink:to="label_7" xlink:title="fj_e0006 to label_7" priority="0" order="1.0"/>
    <link:loc xlink:type="locator" xlink:href="#e264.0007" xlink:label="fj_e0007" xlink:title="fj_e0007"/>
    <msg:message xlink:type="resource" xlink:label="label_8" xlink:role="http://www.xbrl.org/2010/role/message" xlink:title="label_8" xml:lang="da" id="label_8">Manglende oplysning fra "Hoved- og nøgletal": "Likviditetsgrad"</msg:message>
    <gen:arc xlink:type="arc" xlink:arcrole="http://xbrl.org/arcrole/2010/assertion-unsatisfied-message" xlink:from="fj_e0007" xlink:to="label_8" xlink:title="fj_e0007 to label_8" priority="0" order="1.0"/>
    <link:loc xlink:type="locator" xlink:href="#e264.0008" xlink:label="fj_e0008" xlink:title="fj_e0008"/>
    <msg:message xlink:type="resource" xlink:label="label_9" xlink:role="http://www.xbrl.org/2010/role/message" xlink:title="label_9" xml:lang="da" id="label_9">Manglende oplysning fra "Hoved- og nøgletal": "Soliditetsgrad"</msg:message>
    <gen:arc xlink:type="arc" xlink:arcrole="http://xbrl.org/arcrole/2010/assertion-unsatisfied-message" xlink:from="fj_e0008" xlink:to="label_9" xlink:title="fj_e0008 to label_9" priority="0" order="1.0"/>
    <link:loc xlink:type="locator" xlink:href="#e264.0009" xlink:label="fj_e0009" xlink:title="fj_e0009"/>
    <msg:message xlink:type="resource" xlink:label="label_10" xlink:role="http://www.xbrl.org/2010/role/message" xlink:title="label_10" xml:lang="da" id="label_10">Manglende oplysning fra "Hoved- og nøgletal": "Finansieringsgrad"</msg:message>
    <gen:arc xlink:type="arc" xlink:arcrole="http://xbrl.org/arcrole/2010/assertion-unsatisfied-message" xlink:from="fj_e0009" xlink:to="label_10" xlink:title="fj_e0009 to label_10" priority="0" order="1.0"/>
    <link:loc xlink:type="locator" xlink:href="#v264.0100" xlink:label="fj_v0001" xlink:title="fj_v0001"/>
    <msg:message xlink:type="resource" xlink:label="label_11" xlink:role="http://www.xbrl.org/2010/role/message" xlink:title="label_11" xml:lang="da" id="label_11">Fejl i hoved- og nøgletal: Overskudgraden: { $OperatingMargin *100 } % ikke korrekt beregnet/oplyst. Beregnet værdi: {  $calc_OperatingMargin *100 } %</msg:message>
    <gen:arc xlink:type="arc" xlink:arcrole="http://xbrl.org/arcrole/2010/assertion-unsatisfied-message" xlink:from="fj_v0001" xlink:to="label_11" xlink:title="fj_v0001 to label_11" priority="0" order="1.0"/>
    <link:loc xlink:type="locator" xlink:href="#v264.0101" xlink:label="fj_v0002" xlink:title="fj_v0002"/>
    <msg:message xlink:type="resource" xlink:label="label_12" xlink:role="http://www.xbrl.org/2010/role/message" xlink:title="label_12" xml:lang="da" id="label_12">Fejl i hoved- og nøgletal: Overskudgraden eksklusiv særlige poster: {  $OperatingMarginExcludingSpecialItems *100 } % ikke korrekt beregnet/oplyst. Beregnet værdi: {  $calc_OperatingMarginExcludingSpecialItems  *100 } %</msg:message>
    <gen:arc xlink:type="arc" xlink:arcrole="http://xbrl.org/arcrole/2010/assertion-unsatisfied-message" xlink:from="fj_v0002" xlink:to="label_12" xlink:title="fj_v0002 to label_12" priority="0" order="1.0"/>
    <link:loc xlink:type="locator" xlink:href="#v264.0102" xlink:label="fj_v0003" xlink:title="fj_v0003"/>
    <msg:message xlink:type="resource" xlink:label="label_13" xlink:role="http://www.xbrl.org/2010/role/message" xlink:title="label_13" xml:lang="da" id="label_13">Fejl i hoved- og nøgletal:Likviditetsgraden: {  $LiquidityRatio  *100 } % ikke korrekt beregnet/oplyst. Beregnet værdi: { $calc_LiquidityRatio   *100 } %</msg:message>
    <gen:arc xlink:type="arc" xlink:arcrole="http://xbrl.org/arcrole/2010/assertion-unsatisfied-message" xlink:from="fj_v0003" xlink:to="label_13" xlink:title="fj_v0003 to label_13" priority="0" order="1.0"/>
    <link:loc xlink:type="locator" xlink:href="#v264.0103" xlink:label="fj_v0004" xlink:title="fj_v0004"/>
    <msg:message xlink:type="resource" xlink:label="label_14" xlink:role="http://www.xbrl.org/2010/role/message" xlink:title="label_14" xml:lang="da" id="label_14">Fejl i hoved- og nøgletal: Soliditetsgraden: {  $EquityRatio  *100 } % ikke korrekt beregnet/oplyst. Beregnet værdi: {  $calc_EquityRatio   *100 } %</msg:message>
    <gen:arc xlink:type="arc" xlink:arcrole="http://xbrl.org/arcrole/2010/assertion-unsatisfied-message" xlink:from="fj_v0004" xlink:to="label_14" xlink:title="fj_v0004 to label_14" priority="0" order="1.0"/>
    <link:loc xlink:type="locator" xlink:href="#v264.0104" xlink:label="fj_v0005" xlink:title="fj_v0005"/>
    <msg:message xlink:type="resource" xlink:label="label_15" xlink:role="http://www.xbrl.org/2010/role/message" xlink:title="label_15" xml:lang="da" id="label_15">Fejl i hoved- og nøgletal: Finansieringsgrad: {  $FinancingRatio  *100 } % ikke korrekt beregnet/oplyst. Beregnet værdi: {  $calc_FinancingRatio   *100 } %</msg:message>
    <gen:arc xlink:type="arc" xlink:arcrole="http://xbrl.org/arcrole/2010/assertion-unsatisfied-message" xlink:from="fj_v0005" xlink:to="label_15" xlink:title="fj_v0005 to label_15" priority="0" order="1.0"/>
    <link:loc xlink:type="locator" xlink:href="#KeyFigures" xlink:label="aS01" xlink:title="aS01"/>
    <label:label xlink:type="resource" xlink:label="label" xlink:role="http://www.xbrl.org/2008/role/label" xlink:title="label" xml:lang="da" id="label">Hoved- og nøgletal</label:label>
    <gen:arc xlink:type="arc" xlink:arcrole="http://xbrl.org/arcrole/2008/element-label" xlink:from="aS01" xlink:to="label" xlink:title="aS01 to label" priority="0" order="1.0"/>
  </gen:link>
</link:linkbase>
