<?xml version="1.0" encoding="UTF-8"?>
<!-- Generated by Fujitsu Interstage XWand B0251T -->
<link:linkbase xmlns:xsi="http://www.w3.org/2001/XMLSchema-instance" xsi:schemaLocation="http://www.xbrl.org/2003/linkbase http://www.xbrl.org/2003/xbrl-linkbase-2003-12-31.xsd http://xbrl.org/2008/generic http://www.xbrl.org/2008/generic-link.xsd http://xbrl.org/2008/formula http://www.xbrl.org/2008/formula.xsd http://xbrl.org/2008/label http://www.xbrl.org/2008/generic-label.xsd http://xbrl.org/2008/reference http://www.xbrl.org/2008/generic-reference.xsd http://xbrl.org/2008/assertion/consistency http://www.xbrl.org/2008/consistency-assertion.xsd http://xbrl.org/2008/assertion/existence http://www.xbrl.org/2008/existence-assertion.xsd http://xbrl.org/2008/assertion/value http://www.xbrl.org/2008/value-assertion.xsd http://xbrl.org/2008/validation http://www.xbrl.org/2008/validation.xsd http://xbrl.org/2008/filter/concept http://www.xbrl.org/2008/concept-filter.xsd http://xbrl.org/2008/variable http://www.xbrl.org/2008/variable.xsd http://xbrl.org/2010/message http://www.xbrl.org/2010/generic-message.xsd http://xbrl.org/2010/message/validation http://www.xbrl.org/2010/validation-message.xsd http://xbrl.org/2008/filter/match http://www.xbrl.org/2008/match-filter.xsd http://xbrl.org/2008/filter/period http://www.xbrl.org/2008/period-filter.xsd http://xbrl.org/2008/filter/dimension http://www.xbrl.org/2008/dimension-filter.xsd" xmlns:sf="http://xbrl.org/2008/filter/segment-scenario" xmlns:fsa="http://xbrl.dcca.dk/fsa" xmlns:dst="http://xbrl.dcca.dk/dst" xmlns:msg="http://xbrl.org/2010/message" xmlns:fn="http://www.w3.org/2005/xpath-functions" xmlns:bf="http://xbrl.org/2008/filter/boolean" xmlns:cmn="http://xbrl.dcca.dk/cmn" xmlns:xs="http://www.w3.org/2001/XMLSchema" xmlns:num="http://www.xbrl.org/dtr/type/numeric" xmlns:xlink="http://www.w3.org/1999/xlink" xmlns:gen="http://xbrl.org/2008/generic" xmlns:mrv="http://xbrl.dcca.dk/mrv" xmlns:formula="http://xbrl.org/2008/formula" xmlns:variable="http://xbrl.org/2008/variable" xmlns:label="http://xbrl.org/2008/label" xmlns:uf="http://xbrl.org/2008/filter/unit" xmlns:link="http://www.xbrl.org/2003/linkbase" xmlns:va="http://xbrl.org/2008/assertion/value" xmlns:vf="http://xbrl.org/2008/filter/value" xmlns:ifrs-full="http://xbrl.ifrs.org/taxonomy/2017-03-09/ifrs-full" xmlns:valm="http://xbrl.org/2010/message/validation" xmlns:crf="http://xbrl.org/2010/filter/concept-relation" xmlns:xfi="http://www.xbrl.org/2008/function/instance" xmlns:xbrli="http://www.xbrl.org/2003/instance" xmlns:arr="http://xbrl.dcca.dk/arr" xmlns:tf="http://xbrl.org/2008/filter/tuple" xmlns:cf="http://xbrl.org/2008/filter/concept" xmlns:sob="http://xbrl.dcca.dk/sob" xmlns:ea="http://xbrl.org/2008/assertion/existence" xmlns:validation="http://xbrl.org/2008/validation" xmlns:df="http://xbrl.org/2008/filter/dimension" xmlns:rf="http://xbrl.org/2008/filter/relative" xmlns:gsd="http://xbrl.dcca.dk/gsd" xmlns:ca="http://xbrl.org/2008/assertion/consistency" xmlns:pf="http://xbrl.org/2008/filter/period" xmlns:gf="http://xbrl.org/2008/filter/general" xmlns:mf="http://xbrl.org/2008/filter/match">
  <link:roleRef roleURI="http://www.xbrl.org/2008/role/label" xlink:type="simple" xlink:href="http://www.xbrl.org/2008/generic-label.xsd#standard-label"/>
  <link:roleRef roleURI="http://www.xbrl.org/2008/role/link" xlink:type="simple" xlink:href="http://www.xbrl.org/2008/generic-link.xsd#standard-link-role"/>
  <link:roleRef roleURI="http://www.xbrl.org/2010/role/message" xlink:type="simple" xlink:href="http://www.xbrl.org/2010/generic-message.xsd#standard-message"/>
  <link:roleRef roleURI="http://xbrl.dcca.dk/role/654.00/CashFlowStatementUvmSk" xlink:type="simple" xlink:href="../fsa/fsa.xsd#fsa_RoleCashFlowStatementUvmSk"/>
  <link:arcroleRef arcroleURI="http://xbrl.org/arcrole/2008/assertion-set" xlink:type="simple" xlink:href="http://www.xbrl.org/2008/validation.xsd#assertion-set"/>
  <link:arcroleRef arcroleURI="http://xbrl.org/arcrole/2008/element-label" xlink:type="simple" xlink:href="http://www.xbrl.org/2008/generic-label.xsd#element-label"/>
  <link:arcroleRef arcroleURI="http://xbrl.org/arcrole/2008/variable-filter" xlink:type="simple" xlink:href="http://www.xbrl.org/2008/variable.xsd#variable-filter"/>
  <link:arcroleRef arcroleURI="http://xbrl.org/arcrole/2008/variable-set" xlink:type="simple" xlink:href="http://www.xbrl.org/2008/variable.xsd#variable-set"/>
  <link:arcroleRef arcroleURI="http://xbrl.org/arcrole/2010/assertion-unsatisfied-message" xlink:type="simple" xlink:href="http://www.xbrl.org/2010/validation-message.xsd#assertion-unsatisfied-message"/>
  <link:arcroleRef arcroleURI="http://xbrl.org/arcrole/2016/assertion-unsatisfied-severity" xlink:type="simple" xlink:href="http://www.xbrl.org/2016/assertion-severity.xsd#assertion-unsatisfied-severity"/>
  <gen:link xlink:type="extended" xlink:role="http://xbrl.dcca.dk/role/654.00/CashFlowStatementUvmSk">
    <validation:assertionSet xlink:type="resource" xlink:label="aS04" xlink:title="aS04" id="Pengestroen654"/>
    <ea:existenceAssertion xlink:type="resource" xlink:label="fj_e0001" xlink:title="fj_e0001" id="e654.0001" implicitFiltering="false" aspectModel="dimensional"/>
    <gen:arc xlink:type="arc" xlink:arcrole="http://xbrl.org/arcrole/2008/assertion-set" xlink:from="aS04" xlink:to="fj_e0001" xlink:title="aS04 to fj_e0001" priority="0" order="1.0"/>
    <link:loc xlink:type="locator" xlink:href="http://www.xbrl.org/2016/severities.xml#ERROR" xlink:label="error" xlink:title="error"/>
    <gen:arc xlink:type="arc" xlink:arcrole="http://xbrl.org/arcrole/2016/assertion-unsatisfied-severity" xlink:from="fj_e0001" xlink:to="error" xlink:title="fj_e0001 to error" priority="0" order="1.0"/>
    <variable:factVariable xlink:type="resource" xlink:label="e654.0001.a" xlink:title="e654.0001.a" id="e654.0001.a" bindAsSequence="false"/>
    <variable:variableArc xlink:type="arc" xlink:arcrole="http://xbrl.org/arcrole/2008/variable-set" xlink:from="fj_e0001" xlink:to="e654.0001.a" xlink:title="fj_e0001 to e654.0001.a" priority="0" order="1.0" name="CashFlowsFromUsedInOperatingActivities"/>
    <cf:conceptName xlink:type="resource" xlink:label="e654.0001.a.f01" xlink:title="e654.0001.a.f01" id="e654.0001.a.f01">
      <cf:concept>
        <cf:qname>fsa:CashFlowsFromUsedInOperatingActivities</cf:qname>
      </cf:concept>
    </cf:conceptName>
    <variable:variableFilterArc xlink:type="arc" xlink:arcrole="http://xbrl.org/arcrole/2008/variable-filter" xlink:from="e654.0001.a" xlink:to="e654.0001.a.f01" xlink:title="e654.0001.a to e654.0001.a.f01" priority="0" order="1.0" cover="true" complement="false"/>
    <mf:matchPeriod xlink:type="resource" xlink:label="e654.0001.a.f02" xlink:title="e654.0001.a.f02" id="e654.0001.a.f02" variable="periodEnd"/>
    <variable:variableFilterArc xlink:type="arc" xlink:arcrole="http://xbrl.org/arcrole/2008/variable-filter" xlink:from="e654.0001.a" xlink:to="e654.0001.a.f02" xlink:title="e654.0001.a to e654.0001.a.f02" priority="0" order="2.0" complement="false" cover="true"/>
    <variable:factVariable xlink:type="resource" xlink:label="e654.0001.b" xlink:title="e654.0001.b" id="e654.0001.b" bindAsSequence="false"/>
    <variable:variableArc xlink:type="arc" xlink:arcrole="http://xbrl.org/arcrole/2008/variable-set" xlink:from="fj_e0001" xlink:to="e654.0001.b" xlink:title="fj_e0001 to e654.0001.b" priority="0" order="2.0" name="periodEnd"/>
    <cf:conceptName xlink:type="resource" xlink:label="e654.0001.b.f01" xlink:title="e654.0001.b.f01" id="e654.0001.b.f01">
      <cf:concept>
        <cf:qname>gsd:ReportingPeriodEndDate</cf:qname>
      </cf:concept>
    </cf:conceptName>
    <variable:variableFilterArc xlink:type="arc" xlink:arcrole="http://xbrl.org/arcrole/2008/variable-filter" xlink:from="e654.0001.b" xlink:to="e654.0001.b.f01" xlink:title="e654.0001.b to e654.0001.b.f01" priority="0" order="1.0" cover="true" complement="false"/>
    <ea:existenceAssertion xlink:type="resource" xlink:label="fj_e0001_2" xlink:title="fj_e0001_2" id="e654.0002" implicitFiltering="false" aspectModel="dimensional"/>
    <gen:arc xlink:type="arc" xlink:arcrole="http://xbrl.org/arcrole/2008/assertion-set" xlink:from="aS04" xlink:to="fj_e0001_2" xlink:title="aS04 to fj_e0001_2" priority="0" order="2.0"/>
    <gen:arc xlink:type="arc" xlink:arcrole="http://xbrl.org/arcrole/2016/assertion-unsatisfied-severity" xlink:from="fj_e0001_2" xlink:to="error" xlink:title="fj_e0001_2 to error" priority="0" order="1.0"/>
    <variable:factVariable xlink:type="resource" xlink:label="e654.0002.a" xlink:title="e654.0002.a" id="e654.0002.a" bindAsSequence="false"/>
    <variable:variableArc xlink:type="arc" xlink:arcrole="http://xbrl.org/arcrole/2008/variable-set" xlink:from="fj_e0001_2" xlink:to="e654.0002.a" xlink:title="fj_e0001_2 to e654.0002.a" priority="0" order="1.0" name="CashFlowsFromUsedInInvestingActivities"/>
    <cf:conceptName xlink:type="resource" xlink:label="e654.0002.a.f01" xlink:title="e654.0002.a.f01" id="e654.0002.a.f01">
      <cf:concept>
        <cf:qname>fsa:CashFlowsFromUsedInInvestingActivities</cf:qname>
      </cf:concept>
    </cf:conceptName>
    <variable:variableFilterArc xlink:type="arc" xlink:arcrole="http://xbrl.org/arcrole/2008/variable-filter" xlink:from="e654.0002.a" xlink:to="e654.0002.a.f01" xlink:title="e654.0002.a to e654.0002.a.f01" priority="0" order="1.0" complement="false" cover="true"/>
    <variable:variableFilterArc xlink:type="arc" xlink:arcrole="http://xbrl.org/arcrole/2008/variable-filter" xlink:from="e654.0002.a" xlink:to="e654.0001.a.f02" xlink:title="e654.0002.a to e654.0001.a.f02" priority="0" order="2.0" cover="true" complement="false"/>
    <variable:variableArc xlink:type="arc" xlink:arcrole="http://xbrl.org/arcrole/2008/variable-set" xlink:from="fj_e0001_2" xlink:to="e654.0001.b" xlink:title="fj_e0001_2 to e654.0001.b" priority="0" order="2.0" name="periodEnd"/>
    <ea:existenceAssertion xlink:type="resource" xlink:label="fj_e0001_3" xlink:title="fj_e0001_3" id="e654.0003" implicitFiltering="false" aspectModel="dimensional"/>
    <gen:arc xlink:type="arc" xlink:arcrole="http://xbrl.org/arcrole/2008/assertion-set" xlink:from="aS04" xlink:to="fj_e0001_3" xlink:title="aS04 to fj_e0001_3" priority="0" order="3.0"/>
    <gen:arc xlink:type="arc" xlink:arcrole="http://xbrl.org/arcrole/2016/assertion-unsatisfied-severity" xlink:from="fj_e0001_3" xlink:to="error" xlink:title="fj_e0001_3 to error" priority="0" order="1.0"/>
    <variable:factVariable xlink:type="resource" xlink:label="e654.0003.a" xlink:title="e654.0003.a" id="e654.0003.a" bindAsSequence="false"/>
    <variable:variableArc xlink:type="arc" xlink:arcrole="http://xbrl.org/arcrole/2008/variable-set" xlink:from="fj_e0001_3" xlink:to="e654.0003.a" xlink:title="fj_e0001_3 to e654.0003.a" priority="0" order="1.0" name="CashFlowsFromUsedInFinancingActivities"/>
    <cf:conceptName xlink:type="resource" xlink:label="e654.0003.a.f01" xlink:title="e654.0003.a.f01" id="e654.0003.a.f01">
      <cf:concept>
        <cf:qname>fsa:CashFlowsFromUsedInFinancingActivities</cf:qname>
      </cf:concept>
    </cf:conceptName>
    <variable:variableFilterArc xlink:type="arc" xlink:arcrole="http://xbrl.org/arcrole/2008/variable-filter" xlink:from="e654.0003.a" xlink:to="e654.0003.a.f01" xlink:title="e654.0003.a to e654.0003.a.f01" priority="0" order="1.0" cover="true" complement="false"/>
    <variable:variableFilterArc xlink:type="arc" xlink:arcrole="http://xbrl.org/arcrole/2008/variable-filter" xlink:from="e654.0003.a" xlink:to="e654.0001.a.f02" xlink:title="e654.0003.a to e654.0001.a.f02" priority="0" order="2.0" cover="true" complement="false"/>
    <variable:variableArc xlink:type="arc" xlink:arcrole="http://xbrl.org/arcrole/2008/variable-set" xlink:from="fj_e0001_3" xlink:to="e654.0001.b" xlink:title="fj_e0001_3 to e654.0001.b" priority="0" order="2.0" name="periodEnd"/>
    <ea:existenceAssertion xlink:type="resource" xlink:label="fj_e0001_4" xlink:title="fj_e0001_4" id="e654.0004" implicitFiltering="false" aspectModel="dimensional"/>
    <gen:arc xlink:type="arc" xlink:arcrole="http://xbrl.org/arcrole/2008/assertion-set" xlink:from="aS04" xlink:to="fj_e0001_4" xlink:title="aS04 to fj_e0001_4" priority="0" order="4.0"/>
    <gen:arc xlink:type="arc" xlink:arcrole="http://xbrl.org/arcrole/2016/assertion-unsatisfied-severity" xlink:from="fj_e0001_4" xlink:to="error" xlink:title="fj_e0001_4 to error" priority="0" order="1.0"/>
    <variable:factVariable xlink:type="resource" xlink:label="e654.0004.a" xlink:title="e654.0004.a" id="e654.0004.a" bindAsSequence="false"/>
    <variable:variableArc xlink:type="arc" xlink:arcrole="http://xbrl.org/arcrole/2008/variable-set" xlink:from="fj_e0001_4" xlink:to="e654.0004.a" xlink:title="fj_e0001_4 to e654.0004.a" priority="0" order="1.0" name="CashAndCashEquivalentsInCachflow"/>
    <cf:conceptName xlink:type="resource" xlink:label="e654.0004.a.f01" xlink:title="e654.0004.a.f01" id="e654.0004.a.f01">
      <cf:concept>
        <cf:qname>fsa:CashAndCashEquivalentsInCachflow</cf:qname>
      </cf:concept>
    </cf:conceptName>
    <variable:variableFilterArc xlink:type="arc" xlink:arcrole="http://xbrl.org/arcrole/2008/variable-filter" xlink:from="e654.0004.a" xlink:to="e654.0004.a.f01" xlink:title="e654.0004.a to e654.0004.a.f01" priority="0" order="1.0" cover="true" complement="false"/>
    <pf:instantDuration xlink:type="resource" xlink:label="e654.0004.a.f02" xlink:title="e654.0004.a.f02" id="e654.0004.a.f02" variable="periodEnd" boundary="end"/>
    <variable:variableFilterArc xlink:type="arc" xlink:arcrole="http://xbrl.org/arcrole/2008/variable-filter" xlink:from="e654.0004.a" xlink:to="e654.0004.a.f02" xlink:title="e654.0004.a to e654.0004.a.f02" priority="0" order="2.0" complement="false" cover="true"/>
    <variable:variableArc xlink:type="arc" xlink:arcrole="http://xbrl.org/arcrole/2008/variable-set" xlink:from="fj_e0001_4" xlink:to="e654.0001.b" xlink:title="fj_e0001_4 to e654.0001.b" priority="0" order="2.0" name="periodEnd"/>
    <ea:existenceAssertion xlink:type="resource" xlink:label="fj_e0001_5" xlink:title="fj_e0001_5" id="e654.0005" implicitFiltering="false" aspectModel="dimensional"/>
    <gen:arc xlink:type="arc" xlink:arcrole="http://xbrl.org/arcrole/2008/assertion-set" xlink:from="aS04" xlink:to="fj_e0001_5" xlink:title="aS04 to fj_e0001_5" priority="0" order="5.0"/>
    <gen:arc xlink:type="arc" xlink:arcrole="http://xbrl.org/arcrole/2016/assertion-unsatisfied-severity" xlink:from="fj_e0001_5" xlink:to="error" xlink:title="fj_e0001_5 to error" priority="0" order="1.0"/>
    <variable:factVariable xlink:type="resource" xlink:label="e654.0005.a" xlink:title="e654.0005.a" id="e654.0005.a" bindAsSequence="false"/>
    <variable:variableArc xlink:type="arc" xlink:arcrole="http://xbrl.org/arcrole/2008/variable-set" xlink:from="fj_e0001_5" xlink:to="e654.0005.a" xlink:title="fj_e0001_5 to e654.0005.a" priority="0" order="1.0" name="NetIncreaseDecreaseInCashAndCashEquivalents"/>
    <cf:conceptName xlink:type="resource" xlink:label="e654.0005.a.f01" xlink:title="e654.0005.a.f01" id="e654.0005.a.f01">
      <cf:concept>
        <cf:qname>fsa:NetIncreaseDecreaseInCashAndCashEquivalents</cf:qname>
      </cf:concept>
    </cf:conceptName>
    <variable:variableFilterArc xlink:type="arc" xlink:arcrole="http://xbrl.org/arcrole/2008/variable-filter" xlink:from="e654.0005.a" xlink:to="e654.0005.a.f01" xlink:title="e654.0005.a to e654.0005.a.f01" priority="0" order="1.0" complement="false" cover="true"/>
    <variable:variableFilterArc xlink:type="arc" xlink:arcrole="http://xbrl.org/arcrole/2008/variable-filter" xlink:from="e654.0005.a" xlink:to="e654.0001.a.f02" xlink:title="e654.0005.a to e654.0001.a.f02" priority="0" order="2.0" cover="true" complement="false"/>
    <variable:variableArc xlink:type="arc" xlink:arcrole="http://xbrl.org/arcrole/2008/variable-set" xlink:from="fj_e0001_5" xlink:to="e654.0001.b" xlink:title="fj_e0001_5 to e654.0001.b" priority="0" order="2.0" name="periodEnd"/>
    <ea:existenceAssertion xlink:type="resource" xlink:label="fj_e0001_6" xlink:title="fj_e0001_6" id="e654.0006" implicitFiltering="false" aspectModel="dimensional"/>
    <gen:arc xlink:type="arc" xlink:arcrole="http://xbrl.org/arcrole/2008/assertion-set" xlink:from="aS04" xlink:to="fj_e0001_6" xlink:title="aS04 to fj_e0001_6" priority="0" order="6.0"/>
    <gen:arc xlink:type="arc" xlink:arcrole="http://xbrl.org/arcrole/2016/assertion-unsatisfied-severity" xlink:from="fj_e0001_6" xlink:to="error" xlink:title="fj_e0001_6 to error" priority="0" order="1.0"/>
    <variable:factVariable xlink:type="resource" xlink:label="e654.0006.a" xlink:title="e654.0006.a" id="e654.0006.a" bindAsSequence="false"/>
    <variable:variableArc xlink:type="arc" xlink:arcrole="http://xbrl.org/arcrole/2008/variable-set" xlink:from="fj_e0001_6" xlink:to="e654.0006.a" xlink:title="fj_e0001_6 to e654.0006.a" priority="0" order="1.0" name="CashAndCashEquivalentsInCachflow"/>
    <variable:variableFilterArc xlink:type="arc" xlink:arcrole="http://xbrl.org/arcrole/2008/variable-filter" xlink:from="e654.0006.a" xlink:to="e654.0004.a.f01" xlink:title="e654.0006.a to e654.0004.a.f01" priority="0" order="1.0" complement="false" cover="true"/>
    <pf:instantDuration xlink:type="resource" xlink:label="e654.0006.a.f01" xlink:title="e654.0006.a.f01" id="e654.0006.a.f01" variable="periodEnd" boundary="start"/>
    <variable:variableFilterArc xlink:type="arc" xlink:arcrole="http://xbrl.org/arcrole/2008/variable-filter" xlink:from="e654.0006.a" xlink:to="e654.0006.a.f01" xlink:title="e654.0006.a to e654.0006.a.f01" priority="0" order="2.0" cover="true" complement="false"/>
    <variable:variableArc xlink:type="arc" xlink:arcrole="http://xbrl.org/arcrole/2008/variable-set" xlink:from="fj_e0001_6" xlink:to="e654.0001.b" xlink:title="fj_e0001_6 to e654.0001.b" priority="0" order="2.0" name="periodEnd"/>
    <ea:existenceAssertion xlink:type="resource" xlink:label="fj_e0001_7" xlink:title="fj_e0001_7" id="e654.0007" implicitFiltering="false" aspectModel="dimensional"/>
    <gen:arc xlink:type="arc" xlink:arcrole="http://xbrl.org/arcrole/2008/assertion-set" xlink:from="aS04" xlink:to="fj_e0001_7" xlink:title="aS04 to fj_e0001_7" priority="0" order="7.0"/>
    <gen:arc xlink:type="arc" xlink:arcrole="http://xbrl.org/arcrole/2016/assertion-unsatisfied-severity" xlink:from="fj_e0001_7" xlink:to="error" xlink:title="fj_e0001_7 to error" priority="0" order="1.0"/>
    <variable:factVariable xlink:type="resource" xlink:label="e654.0007.a" xlink:title="e654.0007.a" id="e654.0007.a" bindAsSequence="false"/>
    <variable:variableArc xlink:type="arc" xlink:arcrole="http://xbrl.org/arcrole/2008/variable-set" xlink:from="fj_e0001_7" xlink:to="e654.0007.a" xlink:title="fj_e0001_7 to e654.0007.a" priority="0" order="1.0" name="RemaininPartOfOverdraftFacilityNotUsedEndingBalance"/>
    <cf:conceptName xlink:type="resource" xlink:label="e654.0007.a.f01" xlink:title="e654.0007.a.f01" id="e654.0007.a.f01">
      <cf:concept>
        <cf:qname>fsa:RemaininPartOfOverdraftFacilityNotUsedEndingBalance</cf:qname>
      </cf:concept>
    </cf:conceptName>
    <variable:variableFilterArc xlink:type="arc" xlink:arcrole="http://xbrl.org/arcrole/2008/variable-filter" xlink:from="e654.0007.a" xlink:to="e654.0007.a.f01" xlink:title="e654.0007.a to e654.0007.a.f01" priority="0" order="1.0" complement="false" cover="true"/>
    <variable:variableFilterArc xlink:type="arc" xlink:arcrole="http://xbrl.org/arcrole/2008/variable-filter" xlink:from="e654.0007.a" xlink:to="e654.0004.a.f02" xlink:title="e654.0007.a to e654.0004.a.f02" priority="0" order="2.0" cover="true" complement="false"/>
    <variable:variableArc xlink:type="arc" xlink:arcrole="http://xbrl.org/arcrole/2008/variable-set" xlink:from="fj_e0001_7" xlink:to="e654.0001.b" xlink:title="fj_e0001_7 to e654.0001.b" priority="0" order="2.0" name="periodEnd"/>
    <ea:existenceAssertion xlink:type="resource" xlink:label="fj_e0001_8" xlink:title="fj_e0001_8" id="e654.0008" implicitFiltering="false" aspectModel="dimensional"/>
    <gen:arc xlink:type="arc" xlink:arcrole="http://xbrl.org/arcrole/2008/assertion-set" xlink:from="aS04" xlink:to="fj_e0001_8" xlink:title="aS04 to fj_e0001_8" priority="0" order="8.0"/>
    <gen:arc xlink:type="arc" xlink:arcrole="http://xbrl.org/arcrole/2016/assertion-unsatisfied-severity" xlink:from="fj_e0001_8" xlink:to="error" xlink:title="fj_e0001_8 to error" priority="0" order="1.0"/>
    <variable:factVariable xlink:type="resource" xlink:label="e654.0008.a" xlink:title="e654.0008.a" id="e654.0008.a" bindAsSequence="false"/>
    <variable:variableArc xlink:type="arc" xlink:arcrole="http://xbrl.org/arcrole/2008/variable-set" xlink:from="fj_e0001_8" xlink:to="e654.0008.a" xlink:title="fj_e0001_8 to e654.0008.a" priority="0" order="1.0" name="RemainingPartOfConstructionCreditNotUsedEndingBalance"/>
    <cf:conceptName xlink:type="resource" xlink:label="e654.0008.a.f01" xlink:title="e654.0008.a.f01" id="e654.0008.a.f01">
      <cf:concept>
        <cf:qname>fsa:RemainingPartOfConstructionCreditNotUsedEndingBalance</cf:qname>
      </cf:concept>
    </cf:conceptName>
    <variable:variableFilterArc xlink:type="arc" xlink:arcrole="http://xbrl.org/arcrole/2008/variable-filter" xlink:from="e654.0008.a" xlink:to="e654.0008.a.f01" xlink:title="e654.0008.a to e654.0008.a.f01" priority="0" order="1.0" complement="false" cover="true"/>
    <variable:variableFilterArc xlink:type="arc" xlink:arcrole="http://xbrl.org/arcrole/2008/variable-filter" xlink:from="e654.0008.a" xlink:to="e654.0004.a.f02" xlink:title="e654.0008.a to e654.0004.a.f02" priority="0" order="2.0" cover="true" complement="false"/>
    <variable:variableArc xlink:type="arc" xlink:arcrole="http://xbrl.org/arcrole/2008/variable-set" xlink:from="fj_e0001_8" xlink:to="e654.0001.b" xlink:title="fj_e0001_8 to e654.0001.b" priority="0" order="2.0" name="periodEnd"/>
    <va:valueAssertion xlink:type="resource" xlink:label="fj_v0001" xlink:title="fj_v0001" id="v654.0100" implicitFiltering="false" aspectModel="dimensional" test="abs($PurchaseOfPropertyPlantAndEquipmentClassifiedAsInvestingActivities) =  $LandAndBuildingsMember + $LeaseholdImprovementsMember + $InventoryAndEquipmentMember + $BusTractorsAndOtherVehiclesMember "/>
    <gen:arc xlink:type="arc" xlink:arcrole="http://xbrl.org/arcrole/2008/assertion-set" xlink:from="aS04" xlink:to="fj_v0001" xlink:title="aS04 to fj_v0001" priority="0" order="9.0"/>
    <gen:arc xlink:type="arc" xlink:arcrole="http://xbrl.org/arcrole/2016/assertion-unsatisfied-severity" xlink:from="fj_v0001" xlink:to="error" xlink:title="fj_v0001 to error" priority="0" order="1.0"/>
    <variable:factVariable xlink:type="resource" xlink:label="v654.0100.a" xlink:title="v654.0100.a" id="v654.0100.a" bindAsSequence="false" fallbackValue="0"/>
    <variable:variableArc xlink:type="arc" xlink:arcrole="http://xbrl.org/arcrole/2008/variable-set" xlink:from="fj_v0001" xlink:to="v654.0100.a" xlink:title="fj_v0001 to v654.0100.a" priority="0" order="1.0" name="PurchaseOfPropertyPlantAndEquipmentClassifiedAsInvestingActivities"/>
    <cf:conceptName xlink:type="resource" xlink:label="v654.0100.a.f01" xlink:title="v654.0100.a.f01" id="v654.0100.a.f01">
      <cf:concept>
        <cf:qname>fsa:PurchaseOfPropertyPlantAndEquipmentClassifiedAsInvestingActivities</cf:qname>
      </cf:concept>
    </cf:conceptName>
    <variable:variableFilterArc xlink:type="arc" xlink:arcrole="http://xbrl.org/arcrole/2008/variable-filter" xlink:from="v654.0100.a" xlink:to="v654.0100.a.f01" xlink:title="v654.0100.a to v654.0100.a.f01" priority="0" order="1.0" complement="false" cover="true"/>
    <variable:variableFilterArc xlink:type="arc" xlink:arcrole="http://xbrl.org/arcrole/2008/variable-filter" xlink:from="v654.0100.a" xlink:to="e654.0001.a.f02" xlink:title="v654.0100.a to e654.0001.a.f02" priority="0" order="2.0" cover="true" complement="false"/>
    <variable:factVariable xlink:type="resource" xlink:label="v654.0100.b" xlink:title="v654.0100.b" id="v654.0100.b" bindAsSequence="false" fallbackValue="0"/>
    <variable:variableArc xlink:type="arc" xlink:arcrole="http://xbrl.org/arcrole/2008/variable-set" xlink:from="fj_v0001" xlink:to="v654.0100.b" xlink:title="fj_v0001 to v654.0100.b" priority="0" order="3.0" name="LandAndBuildingsMember"/>
    <cf:conceptName xlink:type="resource" xlink:label="v654.0100.b.f01" xlink:title="v654.0100.b.f01" id="v654.0100.b.f01">
      <cf:concept>
        <cf:qname>fsa:AdditionsToPropertyPlantAndEquipment</cf:qname>
      </cf:concept>
    </cf:conceptName>
    <variable:variableFilterArc xlink:type="arc" xlink:arcrole="http://xbrl.org/arcrole/2008/variable-filter" xlink:from="v654.0100.b" xlink:to="v654.0100.b.f01" xlink:title="v654.0100.b to v654.0100.b.f01" priority="0" order="1.0" complement="false" cover="true"/>
    <variable:variableFilterArc xlink:type="arc" xlink:arcrole="http://xbrl.org/arcrole/2008/variable-filter" xlink:from="v654.0100.b" xlink:to="e654.0001.a.f02" xlink:title="v654.0100.b to e654.0001.a.f02" priority="0" order="2.0" complement="false" cover="true"/>
    <df:explicitDimension xlink:type="resource" xlink:label="v654.0100.b.f02" xlink:title="v654.0100.b.f02" id="v654.0100.b.f02">
      <df:dimension>
        <df:qname>fsa:ClassesOfPropertyPlantAndEquipmentDimension</df:qname>
      </df:dimension>
      <df:member>
        <df:qname>fsa:LandAndBuildingsMember</df:qname>
      </df:member>
    </df:explicitDimension>
    <variable:variableFilterArc xlink:type="arc" xlink:arcrole="http://xbrl.org/arcrole/2008/variable-filter" xlink:from="v654.0100.b" xlink:to="v654.0100.b.f02" xlink:title="v654.0100.b to v654.0100.b.f02" priority="0" order="3.0" cover="true" complement="false"/>
    <variable:factVariable xlink:type="resource" xlink:label="v654.0100.c" xlink:title="v654.0100.c" id="v654.0100.c" bindAsSequence="false" fallbackValue="0"/>
    <variable:variableArc xlink:type="arc" xlink:arcrole="http://xbrl.org/arcrole/2008/variable-set" xlink:from="fj_v0001" xlink:to="v654.0100.c" xlink:title="fj_v0001 to v654.0100.c" priority="0" order="4.0" name="LeaseholdImprovementsMember"/>
    <variable:variableFilterArc xlink:type="arc" xlink:arcrole="http://xbrl.org/arcrole/2008/variable-filter" xlink:from="v654.0100.c" xlink:to="v654.0100.b.f01" xlink:title="v654.0100.c to v654.0100.b.f01" priority="0" order="1.0" cover="true" complement="false"/>
    <variable:variableFilterArc xlink:type="arc" xlink:arcrole="http://xbrl.org/arcrole/2008/variable-filter" xlink:from="v654.0100.c" xlink:to="e654.0001.a.f02" xlink:title="v654.0100.c to e654.0001.a.f02" priority="0" order="2.0" cover="true" complement="false"/>
    <df:explicitDimension xlink:type="resource" xlink:label="v654.0100.c.f01" xlink:title="v654.0100.c.f01" id="v654.0100.c.f01">
      <df:dimension>
        <df:qname>fsa:ClassesOfPropertyPlantAndEquipmentDimension</df:qname>
      </df:dimension>
      <df:member>
        <df:qname>fsa:LeaseholdImprovementsMember</df:qname>
      </df:member>
    </df:explicitDimension>
    <variable:variableFilterArc xlink:type="arc" xlink:arcrole="http://xbrl.org/arcrole/2008/variable-filter" xlink:from="v654.0100.c" xlink:to="v654.0100.c.f01" xlink:title="v654.0100.c to v654.0100.c.f01" priority="0" order="3.0" cover="true" complement="false"/>
    <variable:factVariable xlink:type="resource" xlink:label="v654.0100.d" xlink:title="v654.0100.d" id="v654.0100.d" bindAsSequence="false" fallbackValue="0"/>
    <variable:variableArc xlink:type="arc" xlink:arcrole="http://xbrl.org/arcrole/2008/variable-set" xlink:from="fj_v0001" xlink:to="v654.0100.d" xlink:title="fj_v0001 to v654.0100.d" priority="0" order="5.0" name="InventoryAndEquipmentMember"/>
    <variable:variableFilterArc xlink:type="arc" xlink:arcrole="http://xbrl.org/arcrole/2008/variable-filter" xlink:from="v654.0100.d" xlink:to="v654.0100.b.f01" xlink:title="v654.0100.d to v654.0100.b.f01" priority="0" order="1.0" complement="false" cover="true"/>
    <variable:variableFilterArc xlink:type="arc" xlink:arcrole="http://xbrl.org/arcrole/2008/variable-filter" xlink:from="v654.0100.d" xlink:to="e654.0001.a.f02" xlink:title="v654.0100.d to e654.0001.a.f02" priority="0" order="2.0" complement="false" cover="true"/>
    <df:explicitDimension xlink:type="resource" xlink:label="v654.0100.d.f01" xlink:title="v654.0100.d.f01" id="v654.0100.d.f01">
      <df:dimension>
        <df:qname>fsa:ClassesOfPropertyPlantAndEquipmentDimension</df:qname>
      </df:dimension>
      <df:member>
        <df:qname>fsa:InventoryAndEquipmentMember</df:qname>
      </df:member>
    </df:explicitDimension>
    <variable:variableFilterArc xlink:type="arc" xlink:arcrole="http://xbrl.org/arcrole/2008/variable-filter" xlink:from="v654.0100.d" xlink:to="v654.0100.d.f01" xlink:title="v654.0100.d to v654.0100.d.f01" priority="0" order="3.0" complement="false" cover="true"/>
    <variable:factVariable xlink:type="resource" xlink:label="v654.0100.e" xlink:title="v654.0100.e" id="v654.0100.e" bindAsSequence="false" fallbackValue="0"/>
    <variable:variableArc xlink:type="arc" xlink:arcrole="http://xbrl.org/arcrole/2008/variable-set" xlink:from="fj_v0001" xlink:to="v654.0100.e" xlink:title="fj_v0001 to v654.0100.e" priority="0" order="6.0" name="BusTractorsAndOtherVehiclesMember"/>
    <variable:variableFilterArc xlink:type="arc" xlink:arcrole="http://xbrl.org/arcrole/2008/variable-filter" xlink:from="v654.0100.e" xlink:to="v654.0100.b.f01" xlink:title="v654.0100.e to v654.0100.b.f01" priority="0" order="1.0" complement="false" cover="true"/>
    <variable:variableFilterArc xlink:type="arc" xlink:arcrole="http://xbrl.org/arcrole/2008/variable-filter" xlink:from="v654.0100.e" xlink:to="e654.0001.a.f02" xlink:title="v654.0100.e to e654.0001.a.f02" priority="0" order="2.0" complement="false" cover="true"/>
    <df:explicitDimension xlink:type="resource" xlink:label="v654.0100.e.f01" xlink:title="v654.0100.e.f01" id="v654.0100.e.f01">
      <df:dimension>
        <df:qname>fsa:ClassesOfPropertyPlantAndEquipmentDimension</df:qname>
      </df:dimension>
      <df:member>
        <df:qname>fsa:BusTractorsAndOtherVehiclesMember</df:qname>
      </df:member>
    </df:explicitDimension>
    <variable:variableFilterArc xlink:type="arc" xlink:arcrole="http://xbrl.org/arcrole/2008/variable-filter" xlink:from="v654.0100.e" xlink:to="v654.0100.e.f01" xlink:title="v654.0100.e to v654.0100.e.f01" priority="0" order="3.0" cover="true" complement="false"/>
    <variable:variableArc xlink:type="arc" xlink:arcrole="http://xbrl.org/arcrole/2008/variable-set" xlink:from="fj_v0001" xlink:to="e654.0001.b" xlink:title="fj_v0001 to e654.0001.b" priority="0" order="7.0" name="periodEnd"/>
    <va:valueAssertion xlink:type="resource" xlink:label="fj_v0002" xlink:title="fj_v0002" id="v654.0101" implicitFiltering="false" aspectModel="dimensional" test="abs( $DepreciationAmortisationExpenseAndImpairmentLossesFromIntangibleAssetsAndPropertyPlanAndEquipmentInReportingPeriod ) =  $AmortisationOfIntangibleAssets + $LandAndBuildingsMember + $LeaseholdImprovementsMember + $InventoryAndEquipmentMember + $BusTractorsAndOtherVehiclesMember "/>
    <gen:arc xlink:type="arc" xlink:arcrole="http://xbrl.org/arcrole/2008/assertion-set" xlink:from="aS04" xlink:to="fj_v0002" xlink:title="aS04 to fj_v0002" priority="0" order="10.0"/>
    <gen:arc xlink:type="arc" xlink:arcrole="http://xbrl.org/arcrole/2016/assertion-unsatisfied-severity" xlink:from="fj_v0002" xlink:to="error" xlink:title="fj_v0002 to error" priority="0" order="1.0"/>
    <variable:factVariable xlink:type="resource" xlink:label="v654.0101.a" xlink:title="v654.0101.a" id="v654.0101.a" bindAsSequence="false" fallbackValue="0"/>
    <variable:variableArc xlink:type="arc" xlink:arcrole="http://xbrl.org/arcrole/2008/variable-set" xlink:from="fj_v0002" xlink:to="v654.0101.a" xlink:title="fj_v0002 to v654.0101.a" priority="0" order="1.0" name="DepreciationAmortisationExpenseAndImpairmentLossesFromIntangibleAssetsAndPropertyPlanAndEquipmentInReportingPeriod"/>
    <cf:conceptName xlink:type="resource" xlink:label="v654.0101.a.f01" xlink:title="v654.0101.a.f01" id="v654.0101.a.f01">
      <cf:concept>
        <cf:qname>fsa:DepreciationAmortisationExpenseAndImpairmentLossesFromIntangibleAssetsAndPropertyPlanAndEquipmentInReportingPeriod</cf:qname>
      </cf:concept>
    </cf:conceptName>
    <variable:variableFilterArc xlink:type="arc" xlink:arcrole="http://xbrl.org/arcrole/2008/variable-filter" xlink:from="v654.0101.a" xlink:to="v654.0101.a.f01" xlink:title="v654.0101.a to v654.0101.a.f01" priority="0" order="1.0" complement="false" cover="true"/>
    <variable:variableFilterArc xlink:type="arc" xlink:arcrole="http://xbrl.org/arcrole/2008/variable-filter" xlink:from="v654.0101.a" xlink:to="e654.0001.a.f02" xlink:title="v654.0101.a to e654.0001.a.f02" priority="0" order="2.0" complement="false" cover="true"/>
    <variable:variableArc xlink:type="arc" xlink:arcrole="http://xbrl.org/arcrole/2008/variable-set" xlink:from="fj_v0002" xlink:to="e654.0001.b" xlink:title="fj_v0002 to e654.0001.b" priority="0" order="2.0" name="periodEnd"/>
    <variable:factVariable xlink:type="resource" xlink:label="v654.0101.b" xlink:title="v654.0101.b" id="v654.0101.b" bindAsSequence="false" fallbackValue="0"/>
    <variable:variableArc xlink:type="arc" xlink:arcrole="http://xbrl.org/arcrole/2008/variable-set" xlink:from="fj_v0002" xlink:to="v654.0101.b" xlink:title="fj_v0002 to v654.0101.b" priority="0" order="3.0" name="AmortisationOfIntangibleAssets"/>
    <cf:conceptName xlink:type="resource" xlink:label="v654.0101.b.f01" xlink:title="v654.0101.b.f01" id="v654.0101.b.f01">
      <cf:concept>
        <cf:qname>fsa:AmortisationOfIntangibleAssets</cf:qname>
      </cf:concept>
    </cf:conceptName>
    <variable:variableFilterArc xlink:type="arc" xlink:arcrole="http://xbrl.org/arcrole/2008/variable-filter" xlink:from="v654.0101.b" xlink:to="v654.0101.b.f01" xlink:title="v654.0101.b to v654.0101.b.f01" priority="0" order="1.0" cover="true" complement="false"/>
    <variable:variableFilterArc xlink:type="arc" xlink:arcrole="http://xbrl.org/arcrole/2008/variable-filter" xlink:from="v654.0101.b" xlink:to="e654.0001.a.f02" xlink:title="v654.0101.b to e654.0001.a.f02" priority="0" order="2.0" complement="false" cover="true"/>
    <variable:factVariable xlink:type="resource" xlink:label="v654.0101.c" xlink:title="v654.0101.c" id="v654.0101.c" bindAsSequence="false" fallbackValue="0"/>
    <variable:variableArc xlink:type="arc" xlink:arcrole="http://xbrl.org/arcrole/2008/variable-set" xlink:from="fj_v0002" xlink:to="v654.0101.c" xlink:title="fj_v0002 to v654.0101.c" priority="0" order="4.0" name="LandAndBuildingsMember"/>
    <cf:conceptName xlink:type="resource" xlink:label="v654.0101.c.f01" xlink:title="v654.0101.c.f01" id="v654.0101.c.f01">
      <cf:concept>
        <cf:qname>fsa:DepreciationOfPropertyPlantAndEquipment</cf:qname>
      </cf:concept>
    </cf:conceptName>
    <variable:variableFilterArc xlink:type="arc" xlink:arcrole="http://xbrl.org/arcrole/2008/variable-filter" xlink:from="v654.0101.c" xlink:to="v654.0101.c.f01" xlink:title="v654.0101.c to v654.0101.c.f01" priority="0" order="1.0" cover="true" complement="false"/>
    <variable:variableFilterArc xlink:type="arc" xlink:arcrole="http://xbrl.org/arcrole/2008/variable-filter" xlink:from="v654.0101.c" xlink:to="e654.0001.a.f02" xlink:title="v654.0101.c to e654.0001.a.f02" priority="0" order="2.0" cover="true" complement="false"/>
    <variable:variableFilterArc xlink:type="arc" xlink:arcrole="http://xbrl.org/arcrole/2008/variable-filter" xlink:from="v654.0101.c" xlink:to="v654.0100.b.f02" xlink:title="v654.0101.c to v654.0100.b.f02" priority="0" order="3.0" cover="true" complement="false"/>
    <variable:factVariable xlink:type="resource" xlink:label="v654.0101.d" xlink:title="v654.0101.d" id="v654.0101.d" bindAsSequence="false" fallbackValue="0"/>
    <variable:variableArc xlink:type="arc" xlink:arcrole="http://xbrl.org/arcrole/2008/variable-set" xlink:from="fj_v0002" xlink:to="v654.0101.d" xlink:title="fj_v0002 to v654.0101.d" priority="0" order="5.0" name="LeaseholdImprovementsMember"/>
    <variable:variableFilterArc xlink:type="arc" xlink:arcrole="http://xbrl.org/arcrole/2008/variable-filter" xlink:from="v654.0101.d" xlink:to="v654.0101.c.f01" xlink:title="v654.0101.d to v654.0101.c.f01" priority="0" order="1.0" cover="true" complement="false"/>
    <variable:variableFilterArc xlink:type="arc" xlink:arcrole="http://xbrl.org/arcrole/2008/variable-filter" xlink:from="v654.0101.d" xlink:to="e654.0001.a.f02" xlink:title="v654.0101.d to e654.0001.a.f02" priority="0" order="2.0" complement="false" cover="true"/>
    <variable:variableFilterArc xlink:type="arc" xlink:arcrole="http://xbrl.org/arcrole/2008/variable-filter" xlink:from="v654.0101.d" xlink:to="v654.0100.c.f01" xlink:title="v654.0101.d to v654.0100.c.f01" priority="0" order="3.0" cover="true" complement="false"/>
    <variable:factVariable xlink:type="resource" xlink:label="v654.0101.e" xlink:title="v654.0101.e" id="v654.0101.e" bindAsSequence="false" fallbackValue="0"/>
    <variable:variableArc xlink:type="arc" xlink:arcrole="http://xbrl.org/arcrole/2008/variable-set" xlink:from="fj_v0002" xlink:to="v654.0101.e" xlink:title="fj_v0002 to v654.0101.e" priority="0" order="6.0" name="InventoryAndEquipmentMember"/>
    <variable:variableFilterArc xlink:type="arc" xlink:arcrole="http://xbrl.org/arcrole/2008/variable-filter" xlink:from="v654.0101.e" xlink:to="v654.0101.c.f01" xlink:title="v654.0101.e to v654.0101.c.f01" priority="0" order="1.0" cover="true" complement="false"/>
    <variable:variableFilterArc xlink:type="arc" xlink:arcrole="http://xbrl.org/arcrole/2008/variable-filter" xlink:from="v654.0101.e" xlink:to="e654.0001.a.f02" xlink:title="v654.0101.e to e654.0001.a.f02" priority="0" order="2.0" cover="true" complement="false"/>
    <variable:variableFilterArc xlink:type="arc" xlink:arcrole="http://xbrl.org/arcrole/2008/variable-filter" xlink:from="v654.0101.e" xlink:to="v654.0100.d.f01" xlink:title="v654.0101.e to v654.0100.d.f01" priority="0" order="3.0" cover="true" complement="false"/>
    <variable:factVariable xlink:type="resource" xlink:label="v654.0101.f" xlink:title="v654.0101.f" id="v654.0101.f" bindAsSequence="false" fallbackValue="0"/>
    <variable:variableArc xlink:type="arc" xlink:arcrole="http://xbrl.org/arcrole/2008/variable-set" xlink:from="fj_v0002" xlink:to="v654.0101.f" xlink:title="fj_v0002 to v654.0101.f" priority="0" order="7.0" name="BusTractorsAndOtherVehiclesMember"/>
    <variable:variableFilterArc xlink:type="arc" xlink:arcrole="http://xbrl.org/arcrole/2008/variable-filter" xlink:from="v654.0101.f" xlink:to="v654.0101.c.f01" xlink:title="v654.0101.f to v654.0101.c.f01" priority="0" order="1.0" cover="true" complement="false"/>
    <variable:variableFilterArc xlink:type="arc" xlink:arcrole="http://xbrl.org/arcrole/2008/variable-filter" xlink:from="v654.0101.f" xlink:to="e654.0001.a.f02" xlink:title="v654.0101.f to e654.0001.a.f02" priority="0" order="2.0" complement="false" cover="true"/>
    <variable:variableFilterArc xlink:type="arc" xlink:arcrole="http://xbrl.org/arcrole/2008/variable-filter" xlink:from="v654.0101.f" xlink:to="v654.0100.e.f01" xlink:title="v654.0101.f to v654.0100.e.f01" priority="0" order="3.0" complement="false" cover="true"/>
    <va:valueAssertion xlink:type="resource" xlink:label="fj_v0003" xlink:title="fj_v0003" id="v654.0102" implicitFiltering="false" aspectModel="dimensional" test="abs( $NetIncreaseDecreaseInCashAndCashEquivalents ) =  $CashFlowsFromUsedInOperatingActivities + $CashFlowsFromUsedInInvestingActivities + $CashFlowsFromUsedInFinancingActivities "/>
    <gen:arc xlink:type="arc" xlink:arcrole="http://xbrl.org/arcrole/2008/assertion-set" xlink:from="aS04" xlink:to="fj_v0003" xlink:title="aS04 to fj_v0003" priority="0" order="11.0"/>
    <gen:arc xlink:type="arc" xlink:arcrole="http://xbrl.org/arcrole/2016/assertion-unsatisfied-severity" xlink:from="fj_v0003" xlink:to="error" xlink:title="fj_v0003 to error" priority="0" order="1.0"/>
    <variable:factVariable xlink:type="resource" xlink:label="v654.0102.a" xlink:title="v654.0102.a" id="v654.0102.a" bindAsSequence="false" fallbackValue="0"/>
    <variable:variableArc xlink:type="arc" xlink:arcrole="http://xbrl.org/arcrole/2008/variable-set" xlink:from="fj_v0003" xlink:to="v654.0102.a" xlink:title="fj_v0003 to v654.0102.a" priority="0" order="1.0" name="NetIncreaseDecreaseInCashAndCashEquivalents"/>
    <variable:variableFilterArc xlink:type="arc" xlink:arcrole="http://xbrl.org/arcrole/2008/variable-filter" xlink:from="v654.0102.a" xlink:to="e654.0005.a.f01" xlink:title="v654.0102.a to e654.0005.a.f01" priority="0" order="1.0" complement="false" cover="true"/>
    <variable:variableFilterArc xlink:type="arc" xlink:arcrole="http://xbrl.org/arcrole/2008/variable-filter" xlink:from="v654.0102.a" xlink:to="e654.0001.a.f02" xlink:title="v654.0102.a to e654.0001.a.f02" priority="0" order="2.0" complement="false" cover="true"/>
    <variable:variableArc xlink:type="arc" xlink:arcrole="http://xbrl.org/arcrole/2008/variable-set" xlink:from="fj_v0003" xlink:to="e654.0001.b" xlink:title="fj_v0003 to e654.0001.b" priority="0" order="2.0" name="periodEnd"/>
    <variable:factVariable xlink:type="resource" xlink:label="v654.0102.b" xlink:title="v654.0102.b" id="v654.0102.b" bindAsSequence="false" fallbackValue="0"/>
    <variable:variableArc xlink:type="arc" xlink:arcrole="http://xbrl.org/arcrole/2008/variable-set" xlink:from="fj_v0003" xlink:to="v654.0102.b" xlink:title="fj_v0003 to v654.0102.b" priority="0" order="3.0" name="CashFlowsFromUsedInOperatingActivities"/>
    <variable:variableFilterArc xlink:type="arc" xlink:arcrole="http://xbrl.org/arcrole/2008/variable-filter" xlink:from="v654.0102.b" xlink:to="e654.0001.a.f01" xlink:title="v654.0102.b to e654.0001.a.f01" priority="0" order="1.0" complement="false" cover="true"/>
    <variable:variableFilterArc xlink:type="arc" xlink:arcrole="http://xbrl.org/arcrole/2008/variable-filter" xlink:from="v654.0102.b" xlink:to="e654.0001.a.f02" xlink:title="v654.0102.b to e654.0001.a.f02" priority="0" order="2.0" cover="true" complement="false"/>
    <variable:factVariable xlink:type="resource" xlink:label="v654.0102.c" xlink:title="v654.0102.c" id="v654.0102.c" bindAsSequence="false" fallbackValue="0"/>
    <variable:variableArc xlink:type="arc" xlink:arcrole="http://xbrl.org/arcrole/2008/variable-set" xlink:from="fj_v0003" xlink:to="v654.0102.c" xlink:title="fj_v0003 to v654.0102.c" priority="0" order="4.0" name="CashFlowsFromUsedInInvestingActivities"/>
    <variable:variableFilterArc xlink:type="arc" xlink:arcrole="http://xbrl.org/arcrole/2008/variable-filter" xlink:from="v654.0102.c" xlink:to="e654.0002.a.f01" xlink:title="v654.0102.c to e654.0002.a.f01" priority="0" order="1.0" cover="true" complement="false"/>
    <variable:variableFilterArc xlink:type="arc" xlink:arcrole="http://xbrl.org/arcrole/2008/variable-filter" xlink:from="v654.0102.c" xlink:to="e654.0001.a.f02" xlink:title="v654.0102.c to e654.0001.a.f02" priority="0" order="2.0" complement="false" cover="true"/>
    <variable:factVariable xlink:type="resource" xlink:label="v654.0102.d" xlink:title="v654.0102.d" id="v654.0102.d" bindAsSequence="false" fallbackValue="0"/>
    <variable:variableArc xlink:type="arc" xlink:arcrole="http://xbrl.org/arcrole/2008/variable-set" xlink:from="fj_v0003" xlink:to="v654.0102.d" xlink:title="fj_v0003 to v654.0102.d" priority="0" order="5.0" name="CashFlowsFromUsedInFinancingActivities"/>
    <variable:variableFilterArc xlink:type="arc" xlink:arcrole="http://xbrl.org/arcrole/2008/variable-filter" xlink:from="v654.0102.d" xlink:to="e654.0003.a.f01" xlink:title="v654.0102.d to e654.0003.a.f01" priority="0" order="1.0" cover="true" complement="false"/>
    <variable:variableFilterArc xlink:type="arc" xlink:arcrole="http://xbrl.org/arcrole/2008/variable-filter" xlink:from="v654.0102.d" xlink:to="e654.0001.a.f02" xlink:title="v654.0102.d to e654.0001.a.f02" priority="0" order="2.0" complement="false" cover="true"/>
  </gen:link>
  <gen:link xlink:type="extended" xlink:role="http://www.xbrl.org/2008/role/link">
    <link:loc xlink:type="locator" xlink:href="#e654.0001" xlink:label="fj_e0001" xlink:title="fj_e0001"/>
    <msg:message xlink:type="resource" xlink:label="label_2" xlink:role="http://www.xbrl.org/2010/role/message" xlink:title="label_2" xml:lang="da" id="label_2">Manglende opmærkning fra Pengestrømsopgørelse og "Hoved- og nøgletal":&#13;
"Pengestrømme fra driftsaktivitet"</msg:message>
    <gen:arc xlink:type="arc" xlink:arcrole="http://xbrl.org/arcrole/2010/assertion-unsatisfied-message" xlink:from="fj_e0001" xlink:to="label_2" xlink:title="fj_e0001 to label_2" priority="0" order="1.0"/>
    <link:loc xlink:type="locator" xlink:href="#e654.0002" xlink:label="fj_e0001_2" xlink:title="fj_e0001_2"/>
    <msg:message xlink:type="resource" xlink:label="label_3" xlink:role="http://www.xbrl.org/2010/role/message" xlink:title="label_3" xml:lang="da" id="label_3">Manglende opmærkning fra Pengestrømsopgørelse og "Hoved- og nøgletal":&#13;
"Pengestrømme fra investeringsaktivitet"</msg:message>
    <gen:arc xlink:type="arc" xlink:arcrole="http://xbrl.org/arcrole/2010/assertion-unsatisfied-message" xlink:from="fj_e0001_2" xlink:to="label_3" xlink:title="fj_e0001_2 to label_3" priority="0" order="1.0"/>
    <link:loc xlink:type="locator" xlink:href="#e654.0003" xlink:label="fj_e0001_3" xlink:title="fj_e0001_3"/>
    <msg:message xlink:type="resource" xlink:label="label_4" xlink:role="http://www.xbrl.org/2010/role/message" xlink:title="label_4" xml:lang="da" id="label_4">Manglende opmærkning fra Pengestrømsopgørelse og "Hoved- og nøgletal":&#13;
"Pengestrømme fra finansieringsaktivitet"</msg:message>
    <gen:arc xlink:type="arc" xlink:arcrole="http://xbrl.org/arcrole/2010/assertion-unsatisfied-message" xlink:from="fj_e0001_3" xlink:to="label_4" xlink:title="fj_e0001_3 to label_4" priority="0" order="1.0"/>
    <link:loc xlink:type="locator" xlink:href="#e654.0004" xlink:label="fj_e0001_4" xlink:title="fj_e0001_4"/>
    <msg:message xlink:type="resource" xlink:label="label_5" xlink:role="http://www.xbrl.org/2010/role/message" xlink:title="label_5" xml:lang="da" id="label_5">Manglende opmærkning fra Pengestrømsopgørelse og "Hoved- og nøgletal":&#13;
"Livider ultimo"</msg:message>
    <gen:arc xlink:type="arc" xlink:arcrole="http://xbrl.org/arcrole/2010/assertion-unsatisfied-message" xlink:from="fj_e0001_4" xlink:to="label_5" xlink:title="fj_e0001_4 to label_5" priority="0" order="1.0"/>
    <link:loc xlink:type="locator" xlink:href="#e654.0005" xlink:label="fj_e0001_5" xlink:title="fj_e0001_5"/>
    <msg:message xlink:type="resource" xlink:label="label_6" xlink:role="http://www.xbrl.org/2010/role/message" xlink:title="label_6" xml:lang="da" id="label_6">Manglende opmærkning fra Pengestrømsopgørelse og "Hoved- og nøgletal":&#13;
"Pengestrøm, netto"</msg:message>
    <gen:arc xlink:type="arc" xlink:arcrole="http://xbrl.org/arcrole/2010/assertion-unsatisfied-message" xlink:from="fj_e0001_5" xlink:to="label_6" xlink:title="fj_e0001_5 to label_6" priority="0" order="1.0"/>
    <link:loc xlink:type="locator" xlink:href="#e654.0006" xlink:label="fj_e0001_6" xlink:title="fj_e0001_6"/>
    <msg:message xlink:type="resource" xlink:label="label_7" xlink:role="http://www.xbrl.org/2010/role/message" xlink:title="label_7" xml:lang="da" id="label_7">Manglende opmærkning fra Pengestrømsopgørelse og "Hoved- og nøgletal":&#13;
"Livider primo"</msg:message>
    <gen:arc xlink:type="arc" xlink:arcrole="http://xbrl.org/arcrole/2010/assertion-unsatisfied-message" xlink:from="fj_e0001_6" xlink:to="label_7" xlink:title="fj_e0001_6 to label_7" priority="0" order="1.0"/>
    <link:loc xlink:type="locator" xlink:href="#e654.0007" xlink:label="fj_e0001_7" xlink:title="fj_e0001_7"/>
    <msg:message xlink:type="resource" xlink:label="label_8" xlink:role="http://www.xbrl.org/2010/role/message" xlink:title="label_8" xml:lang="da" id="label_8">Manglende opmærkning fra Pengestrømsopgørelse og "Hoved- og nøgletal":&#13;
"Resterende trækningsmulighed kassekredit"</msg:message>
    <gen:arc xlink:type="arc" xlink:arcrole="http://xbrl.org/arcrole/2010/assertion-unsatisfied-message" xlink:from="fj_e0001_7" xlink:to="label_8" xlink:title="fj_e0001_7 to label_8" priority="0" order="1.0"/>
    <link:loc xlink:type="locator" xlink:href="#e654.0008" xlink:label="fj_e0001_8" xlink:title="fj_e0001_8"/>
    <msg:message xlink:type="resource" xlink:label="label_9" xlink:role="http://www.xbrl.org/2010/role/message" xlink:title="label_9" xml:lang="da" id="label_9">Manglende opmærkning fra Pengestrømsopgørelse og "Hoved- og nøgletal":&#13;
"Resterende trækningsmulighed byggekredit"</msg:message>
    <gen:arc xlink:type="arc" xlink:arcrole="http://xbrl.org/arcrole/2010/assertion-unsatisfied-message" xlink:from="fj_e0001_8" xlink:to="label_9" xlink:title="fj_e0001_8 to label_9" priority="0" order="1.0"/>
    <link:loc xlink:type="locator" xlink:href="#v654.0100" xlink:label="fj_v0001" xlink:title="fj_v0001"/>
    <msg:message xlink:type="resource" xlink:label="label_10" xlink:role="http://www.xbrl.org/2010/role/message" xlink:title="label_10" xml:lang="da" id="label_10">"Tilgang af materielle anlægsaktiver i året (Kostpris)" i anlægsnoten stemmer ikke  med "Køb af materielle anlægsaktiver" i Pengestrømsopgørelsen.</msg:message>
    <gen:arc xlink:type="arc" xlink:arcrole="http://xbrl.org/arcrole/2010/assertion-unsatisfied-message" xlink:from="fj_v0001" xlink:to="label_10" xlink:title="fj_v0001 to label_10" priority="0" order="1.0"/>
    <link:loc xlink:type="locator" xlink:href="#v654.0101" xlink:label="fj_v0002" xlink:title="fj_v0002"/>
    <msg:message xlink:type="resource" xlink:label="label_11" xlink:role="http://www.xbrl.org/2010/role/message" xlink:title="label_11" xml:lang="da" id="label_11">"Årets af- og nedskrivninger" i den Immaterielle anlægsnote plus summen af "Årets af- og nedskrivninger" i den Materielle anlægsnote skal stemme ikke med "Af- og nedskrivninger" i Pengestrømsopgørelsen.</msg:message>
    <gen:arc xlink:type="arc" xlink:arcrole="http://xbrl.org/arcrole/2010/assertion-unsatisfied-message" xlink:from="fj_v0002" xlink:to="label_11" xlink:title="fj_v0002 to label_11" priority="0" order="1.0"/>
    <link:loc xlink:type="locator" xlink:href="#v654.0102" xlink:label="fj_v0003" xlink:title="fj_v0003"/>
    <msg:message xlink:type="resource" xlink:label="label_12" xlink:role="http://www.xbrl.org/2010/role/message" xlink:title="label_12" xml:lang="da" id="label_12">Pengestrømsopgørelse: Pengestrømme fra driftsaktivitet, investeringsaktivitet og finansieringsaktivitet summere ikke korrekt til "Pengestrøm, netto".</msg:message>
    <gen:arc xlink:type="arc" xlink:arcrole="http://xbrl.org/arcrole/2010/assertion-unsatisfied-message" xlink:from="fj_v0003" xlink:to="label_12" xlink:title="fj_v0003 to label_12" priority="0" order="1.0"/>
    <link:loc xlink:type="locator" xlink:href="#Pengestroen654" xlink:label="aS04" xlink:title="aS04"/>
    <label:label xlink:type="resource" xlink:label="label" xlink:role="http://www.xbrl.org/2008/role/label" xlink:title="label" xml:lang="da" id="label">[654] Pengestrøm</label:label>
    <gen:arc xlink:type="arc" xlink:arcrole="http://xbrl.org/arcrole/2008/element-label" xlink:from="aS04" xlink:to="label" xlink:title="aS04 to label" priority="0" order="1.0"/>
  </gen:link>
</link:linkbase>
