<?xml version="1.0" encoding="UTF-8"?>
<!-- Generated by Fujitsu Interstage XWand B0251 -->
<?officialURI http://archprod.service.eogs.dk/taxonomy/20201001/dst/001dst_def.xml?>

<?taxonomy-version 1.7.0?>

<link:linkbase xmlns:xsi="http://www.w3.org/2001/XMLSchema-instance" xsi:schemaLocation="http://www.xbrl.org/2003/linkbase http://www.xbrl.org/2003/xbrl-linkbase-2003-12-31.xsd" xmlns:link="http://www.xbrl.org/2003/linkbase" xmlns:tch="http://xbrl.dcca.dk/tch" xmlns:entry="http://xbrl.dcca.dk/entryBalanceSheetAccountByCurrentAndLongTermFormIncomeStatementByNature" xmlns:xlink="http://www.w3.org/1999/xlink" xmlns:xbrli="http://www.xbrl.org/2003/instance" xmlns:xbrldt="http://xbrl.org/2005/xbrldt">
  <link:roleRef roleURI="http://xbrl.dcca.dk/role/001.00/InformationForStatisticsDenmark" xlink:type="simple" xlink:href="dst.xsd#dst_RoleInformationForStatisticsDenmark"/>
  <link:roleRef roleURI="http://xbrl.dcca.dk/role/901.01/DimensionConsolidatedSolo" xlink:type="simple" xlink:href="../cmn.xsd#cmn_RoleDimensionConsolidatedSolo"/>
  <link:arcroleRef arcroleURI="http://xbrl.org/int/dim/arcrole/all" xlink:type="simple" xlink:href="http://www.xbrl.org/2005/xbrldt-2005.xsd#all"/>
  <link:arcroleRef arcroleURI="http://xbrl.org/int/dim/arcrole/domain-member" xlink:type="simple" xlink:href="http://www.xbrl.org/2005/xbrldt-2005.xsd#domain-member"/>
  <link:arcroleRef arcroleURI="http://xbrl.org/int/dim/arcrole/hypercube-dimension" xlink:type="simple" xlink:href="http://www.xbrl.org/2005/xbrldt-2005.xsd#hypercube-dimension"/>
  <link:definitionLink xlink:type="extended" xlink:role="http://xbrl.dcca.dk/role/001.00/InformationForStatisticsDenmark">
    <link:loc xlink:type="locator" xlink:href="../cmn.xsd#cmn_CommonHypercube" xlink:label="CommonHypercube"/>
    <link:loc xlink:type="locator" xlink:href="../cmn.xsd#cmn_ConsolidatedSoloDimension" xlink:label="ConsolidatedSoloDimension"/>
    <link:definitionArc xlink:type="arc" xlink:arcrole="http://xbrl.org/int/dim/arcrole/hypercube-dimension" xlink:from="CommonHypercube" xlink:to="ConsolidatedSoloDimension" order="10.0" xbrldt:targetRole="http://xbrl.dcca.dk/role/901.01/DimensionConsolidatedSolo"/>
    <link:loc xlink:type="locator" xlink:href="../fsa/fsa.xsd#fsa_Revenue" xlink:label="Revenue"/>
    <link:loc xlink:type="locator" xlink:href="dst.xsd#dst_TurnoverFormPurchasedGoodsForResale" xlink:label="TurnoverFormPurchasedGoodsForResale"/>
    <link:definitionArc xlink:type="arc" xlink:arcrole="http://xbrl.org/int/dim/arcrole/domain-member" xlink:from="Revenue" xlink:to="TurnoverFormPurchasedGoodsForResale" xlink:title="definition: Revenue to TurnoverFormPurchasedGoodsForResale" order="20.0"/>
    <link:loc xlink:type="locator" xlink:href="dst.xsd#dst_TurnoverFromEntityProduction" xlink:label="TurnoverFromEntityProduction"/>
    <link:definitionArc xlink:type="arc" xlink:arcrole="http://xbrl.org/int/dim/arcrole/domain-member" xlink:from="Revenue" xlink:to="TurnoverFromEntityProduction" xlink:title="definition: Revenue to TurnoverFromEntityProduction" order="10.0"/>
    <link:loc xlink:type="locator" xlink:href="../fsa/fsa.xsd#fsa_CostOfSales" xlink:label="CostOfSales" xlink:title="CostOfSales"/>
    <link:loc xlink:type="locator" xlink:href="dst.xsd#dst_CostOfGoodsForResale" xlink:label="CostOfGoodsForResale" xlink:title="CostOfGoodsForResale"/>
    <link:definitionArc xlink:type="arc" xlink:arcrole="http://xbrl.org/int/dim/arcrole/domain-member" xlink:from="CostOfSales" xlink:to="CostOfGoodsForResale" xlink:title="definition: CostOfSales to CostOfGoodsForResale" order="10.0"/>
    <link:loc xlink:type="locator" xlink:href="dst.xsd#dst_CostOfRawMaterialsConsumablesAndPackagingMaterials" xlink:label="CostOfRawMaterialsConsumablesAndPackagingMaterials" xlink:title="CostOfRawMaterialsConsumablesAndPackagingMaterials"/>
    <link:definitionArc xlink:type="arc" xlink:arcrole="http://xbrl.org/int/dim/arcrole/domain-member" xlink:from="CostOfSales" xlink:to="CostOfRawMaterialsConsumablesAndPackagingMaterials" xlink:title="definition: CostOfSales to CostOfRawMaterialsConsumablesAndPackagingMaterials" order="20.0"/>
    <link:loc xlink:type="locator" xlink:href="../fsa/fsa.xsd#fsa_AdditionsToIntangibleAssets" xlink:label="AdditionsToIntangibleAssets"/>
    <link:loc xlink:type="locator" xlink:href="dst.xsd#dst_PurchaseOfSoftware" xlink:label="PurchaseOfSoftware" xlink:title="PurchaseOfSoftware"/>
    <link:definitionArc xlink:type="arc" xlink:arcrole="http://xbrl.org/int/dim/arcrole/domain-member" xlink:from="AdditionsToIntangibleAssets" xlink:to="PurchaseOfSoftware" xlink:title="definition: AdditionsToIntangibleAssets to PurchaseOfSoftware" order="30.0"/>
    <link:loc xlink:type="locator" xlink:href="dst.xsd#dst_PurchaseOfGoodwill" xlink:label="PurchaseOfGoodwill" xlink:title="PurchaseOfGoodwill"/>
    <link:definitionArc xlink:type="arc" xlink:arcrole="http://xbrl.org/int/dim/arcrole/domain-member" xlink:from="AdditionsToIntangibleAssets" xlink:to="PurchaseOfGoodwill" xlink:title="definition: AdditionsToIntangibleAssets to PurchaseOfGoodwill" order="40.0"/>
    <link:loc xlink:type="locator" xlink:href="dst.xsd#dst_IncreaseInCompletedDevelopmentProjects" xlink:label="IncreaseInCompletedDevelopmentProjects" xlink:title="IncreaseInCompletedDevelopmentProjects"/>
    <link:definitionArc xlink:type="arc" xlink:arcrole="http://xbrl.org/int/dim/arcrole/domain-member" xlink:from="AdditionsToIntangibleAssets" xlink:to="IncreaseInCompletedDevelopmentProjects" xlink:title="definition: AdditionsToIntangibleAssets to IncreaseInCompletedDevelopmentProjects" order="1.0"/>
    <link:loc xlink:type="locator" xlink:href="dst.xsd#dst_AcquiredConcessionsPatentsLicencesTrademarksAndOtherSimilarRights" xlink:label="AcquiredConcessionsPatentsLicencesTrademarksAndOtherSimilarRights" xlink:title="AcquiredConcessionsPatentsLicencesTrademarksAndOtherSimilarRights"/>
    <link:definitionArc xlink:type="arc" xlink:arcrole="http://xbrl.org/int/dim/arcrole/domain-member" xlink:from="AdditionsToIntangibleAssets" xlink:to="AcquiredConcessionsPatentsLicencesTrademarksAndOtherSimilarRights" xlink:title="definition: AdditionsToIntangibleAssets to AcquiredConcessionsPatentsLicencesTrademarksAndOtherSimilarRights" order="2.0"/>
    <link:loc xlink:type="locator" xlink:href="dst.xsd#dst_IntangibleAssetsInProgress" xlink:label="IntangibleAssetsInProgress" xlink:title="IntangibleAssetsInProgress"/>
    <link:definitionArc xlink:type="arc" xlink:arcrole="http://xbrl.org/int/dim/arcrole/domain-member" xlink:from="AdditionsToIntangibleAssets" xlink:to="IntangibleAssetsInProgress" xlink:title="definition: AdditionsToIntangibleAssets to IntangibleAssetsInProgress" order="41.0"/>
    <link:loc xlink:type="locator" xlink:href="dst.xsd#dst_InformationForStatisticsDenmarkAbstract" xlink:label="InformationForStatisticsDenmarkAbstract"/>
    <link:definitionArc xlink:type="arc" xlink:arcrole="http://xbrl.org/int/dim/arcrole/all" xlink:from="InformationForStatisticsDenmarkAbstract" xlink:to="CommonHypercube" order="110.0" xbrldt:contextElement="scenario" xbrldt:closed="true"/>
    <link:loc xlink:type="locator" xlink:href="dst.xsd#dst_IncomeStatementAbstract" xlink:label="IncomeStatementAbstract"/>
    <link:definitionArc xlink:type="arc" xlink:arcrole="http://xbrl.org/int/dim/arcrole/domain-member" xlink:from="InformationForStatisticsDenmarkAbstract" xlink:to="IncomeStatementAbstract" order="50.0"/>
    <link:loc xlink:type="locator" xlink:href="dst.xsd#dst_FinancialItemsAbstract" xlink:label="FinancialItemsAbstract"/>
    <link:definitionArc xlink:type="arc" xlink:arcrole="http://xbrl.org/int/dim/arcrole/domain-member" xlink:from="IncomeStatementAbstract" xlink:to="FinancialItemsAbstract" order="20.0"/>
    <link:loc xlink:type="locator" xlink:href="dst.xsd#dst_IncomeFromParticipatingInterests" xlink:label="IncomeFromParticipatingInterests"/>
    <link:definitionArc xlink:type="arc" xlink:arcrole="http://xbrl.org/int/dim/arcrole/domain-member" xlink:from="FinancialItemsAbstract" xlink:to="IncomeFromParticipatingInterests" use="optional" order="10.0"/>
    <link:loc xlink:type="locator" xlink:href="dst.xsd#dst_InterestPayableAndSimilarCharges" xlink:label="InterestPayableAndSimilarCharges"/>
    <link:definitionArc xlink:type="arc" xlink:arcrole="http://xbrl.org/int/dim/arcrole/domain-member" xlink:from="FinancialItemsAbstract" xlink:to="InterestPayableAndSimilarCharges" use="optional" order="60.0"/>
    <link:loc xlink:type="locator" xlink:href="../fsa/fsa.xsd#fsa_ImpairmentOfFinancialAssets" xlink:label="ImpairmentOfFinancialAssets"/>
    <link:definitionArc xlink:type="arc" xlink:arcrole="http://xbrl.org/int/dim/arcrole/domain-member" xlink:from="FinancialItemsAbstract" xlink:to="ImpairmentOfFinancialAssets" order="50.0"/>
    <link:loc xlink:type="locator" xlink:href="dst.xsd#dst_InterestReceivedOnNoncurrentFinancialAssetsAndCurrentAssets" xlink:label="InterestReceivedOnNoncurrentFinancialAssetsAndCurrentAssets" xlink:title="InterestReceivedOnNoncurrentFinancialAssetsAndCurrentAssets"/>
    <link:definitionArc xlink:type="arc" xlink:arcrole="http://xbrl.org/int/dim/arcrole/domain-member" xlink:from="FinancialItemsAbstract" xlink:to="InterestReceivedOnNoncurrentFinancialAssetsAndCurrentAssets" xlink:title="definition: FinancialItemsAbstract to InterestReceivedOnNoncurrentFinancialAssetsAndCurrentAssets" order="20.0"/>
    <link:loc xlink:type="locator" xlink:href="dst.xsd#dst_AppropriationOfProfitOrTreatmentOfLossAbstract" xlink:label="AppropriationOfProfitOrTreatmentOfLossAbstract"/>
    <link:definitionArc xlink:type="arc" xlink:arcrole="http://xbrl.org/int/dim/arcrole/domain-member" xlink:from="IncomeStatementAbstract" xlink:to="AppropriationOfProfitOrTreatmentOfLossAbstract" order="40.0"/>
    <link:loc xlink:type="locator" xlink:href="dst.xsd#dst_ProfitRetainedLossSustained" xlink:label="ProfitRetainedLossSustained"/>
    <link:definitionArc xlink:type="arc" xlink:arcrole="http://xbrl.org/int/dim/arcrole/domain-member" xlink:from="AppropriationOfProfitOrTreatmentOfLossAbstract" xlink:to="ProfitRetainedLossSustained" use="optional" order="10.0"/>
    <link:loc xlink:type="locator" xlink:href="dst.xsd#dst_DividendsToShareholdersAndSimilarPaymentsToOwners" xlink:label="DividendsToShareholdersAndSimilarPaymentsToOwners"/>
    <link:definitionArc xlink:type="arc" xlink:arcrole="http://xbrl.org/int/dim/arcrole/domain-member" xlink:from="AppropriationOfProfitOrTreatmentOfLossAbstract" xlink:to="DividendsToShareholdersAndSimilarPaymentsToOwners" use="optional" order="20.0"/>
    <link:loc xlink:type="locator" xlink:href="../fsa/fsa.xsd#fsa_ProfitLossFromOrdinaryActivitiesBeforeTax" xlink:label="ProfitLossFromOrdinaryActivitiesBeforeTax"/>
    <link:definitionArc xlink:type="arc" xlink:arcrole="http://xbrl.org/int/dim/arcrole/domain-member" xlink:from="IncomeStatementAbstract" xlink:to="ProfitLossFromOrdinaryActivitiesBeforeTax" xlink:title="definition: IncomeStatementAbstract to ProfitLossFromOrdinaryActivitiesBeforeTax" order="21.0"/>
    <link:loc xlink:type="locator" xlink:href="../fsa/fsa.xsd#fsa_TaxExpense" xlink:label="TaxExpense"/>
    <link:definitionArc xlink:type="arc" xlink:arcrole="http://xbrl.org/int/dim/arcrole/domain-member" xlink:from="IncomeStatementAbstract" xlink:to="TaxExpense" xlink:title="definition: IncomeStatementAbstract to TaxExpense" order="22.0"/>
    <link:loc xlink:type="locator" xlink:href="../fsa/fsa.xsd#fsa_ProfitLoss" xlink:label="ProfitLoss"/>
    <link:definitionArc xlink:type="arc" xlink:arcrole="http://xbrl.org/int/dim/arcrole/domain-member" xlink:from="IncomeStatementAbstract" xlink:to="ProfitLoss" xlink:title="definition: IncomeStatementAbstract to ProfitLoss" order="30.0"/>
    <link:definitionArc xlink:type="arc" xlink:arcrole="http://xbrl.org/int/dim/arcrole/domain-member" xlink:from="IncomeStatementAbstract" xlink:to="Revenue" xlink:title="definition: IncomeStatementAbstract to Revenue" order="1.0"/>
    <link:definitionArc xlink:type="arc" xlink:arcrole="http://xbrl.org/int/dim/arcrole/domain-member" xlink:from="IncomeStatementAbstract" xlink:to="CostOfSales" xlink:title="definition: IncomeStatementAbstract to CostOfSales" order="4.0"/>
    <link:loc xlink:type="locator" xlink:href="../fsa/fsa.xsd#fsa_WorkPerformedByEntityAndCapitalised" xlink:label="WorkPerformedByEntityAndCapitalised" xlink:title="WorkPerformedByEntityAndCapitalised"/>
    <link:definitionArc xlink:type="arc" xlink:arcrole="http://xbrl.org/int/dim/arcrole/domain-member" xlink:from="IncomeStatementAbstract" xlink:to="WorkPerformedByEntityAndCapitalised" xlink:title="definition: IncomeStatementAbstract to WorkPerformedByEntityAndCapitalised" order="2.0"/>
    <link:loc xlink:type="locator" xlink:href="../fsa/fsa.xsd#fsa_OtherOperatingIncome" xlink:label="OtherOperatingIncome" xlink:title="OtherOperatingIncome"/>
    <link:definitionArc xlink:type="arc" xlink:arcrole="http://xbrl.org/int/dim/arcrole/domain-member" xlink:from="IncomeStatementAbstract" xlink:to="OtherOperatingIncome" xlink:title="definition: IncomeStatementAbstract to OtherOperatingIncome" order="3.0"/>
    <link:loc xlink:type="locator" xlink:href="dst.xsd#dst_CostOfSubcontractorsAndOtherWorkDoneByOthersNonemployeesOnEntityMaterials" xlink:label="CostOfSubcontractorsAndOtherWorkDoneByOthersNonemployeesOnEntityMaterials" xlink:title="CostOfSubcontractorsAndOtherWorkDoneByOthersNonemployeesOnEntityMaterials"/>
    <link:definitionArc xlink:type="arc" xlink:arcrole="http://xbrl.org/int/dim/arcrole/domain-member" xlink:from="IncomeStatementAbstract" xlink:to="CostOfSubcontractorsAndOtherWorkDoneByOthersNonemployeesOnEntityMaterials" xlink:title="definition: IncomeStatementAbstract to CostOfSubcontractorsAndOtherWorkDoneByOthersNonemployeesOnEntityMaterials" order="5.0"/>
    <link:loc xlink:type="locator" xlink:href="dst.xsd#dst_RentPaidExcludingHeatingBill" xlink:label="RentPaidExcludingHeatingBill" xlink:title="RentPaidExcludingHeatingBill"/>
    <link:definitionArc xlink:type="arc" xlink:arcrole="http://xbrl.org/int/dim/arcrole/domain-member" xlink:from="IncomeStatementAbstract" xlink:to="RentPaidExcludingHeatingBill" xlink:title="definition: IncomeStatementAbstract to RentPaidExcludingHeatingBill" order="6.0"/>
    <link:loc xlink:type="locator" xlink:href="dst.xsd#dst_CostOfMinorEquipmentAndFixturesNotCapitalised" xlink:label="CostOfMinorEquipmentAndFixturesNotCapitalised" xlink:title="CostOfMinorEquipmentAndFixturesNotCapitalised"/>
    <link:definitionArc xlink:type="arc" xlink:arcrole="http://xbrl.org/int/dim/arcrole/domain-member" xlink:from="IncomeStatementAbstract" xlink:to="CostOfMinorEquipmentAndFixturesNotCapitalised" xlink:title="definition: IncomeStatementAbstract to CostOfMinorEquipmentAndFixturesNotCapitalised" order="7.0"/>
    <link:loc xlink:type="locator" xlink:href="dst.xsd#dst_PaymentsForTemporaryWorkersProvidedFromAnotherEnterprise" xlink:label="PaymentsForTemporaryWorkersProvidedFromAnotherEnterprise" xlink:title="PaymentsForTemporaryWorkersProvidedFromAnotherEnterprise"/>
    <link:definitionArc xlink:type="arc" xlink:arcrole="http://xbrl.org/int/dim/arcrole/domain-member" xlink:from="IncomeStatementAbstract" xlink:to="PaymentsForTemporaryWorkersProvidedFromAnotherEnterprise" xlink:title="definition: IncomeStatementAbstract to PaymentsForTemporaryWorkersProvidedFromAnotherEnterprise" order="8.0"/>
    <link:loc xlink:type="locator" xlink:href="dst.xsd#dst_PaymentsForLongtermRentalAndOperationalLeasingOfGoods" xlink:label="PaymentsForLongtermRentalAndOperationalLeasingOfGoods" xlink:title="PaymentsForLongtermRentalAndOperationalLeasingOfGoods"/>
    <link:definitionArc xlink:type="arc" xlink:arcrole="http://xbrl.org/int/dim/arcrole/domain-member" xlink:from="IncomeStatementAbstract" xlink:to="PaymentsForLongtermRentalAndOperationalLeasingOfGoods" xlink:title="definition: IncomeStatementAbstract to PaymentsForLongtermRentalAndOperationalLeasingOfGoods" order="9.0"/>
    <link:loc xlink:type="locator" xlink:href="../cmn.xsd#cmn_OrdinaryWriteoffsInRespectOfDebtors" xlink:label="OrdinaryWriteoffsInRespectOfDebtors" xlink:title="OrdinaryWriteoffsInRespectOfDebtors"/>
    <link:definitionArc xlink:type="arc" xlink:arcrole="http://xbrl.org/int/dim/arcrole/domain-member" xlink:from="IncomeStatementAbstract" xlink:to="OrdinaryWriteoffsInRespectOfDebtors" xlink:title="definition: IncomeStatementAbstract to OrdinaryWriteoffsInRespectOfDebtors" order="10.0"/>
    <link:loc xlink:type="locator" xlink:href="dst.xsd#dst_OtherExternalChargesExcludingSecondary" xlink:label="OtherExternalChargesExcludingSecondary" xlink:title="OtherExternalChargesExcludingSecondary"/>
    <link:definitionArc xlink:type="arc" xlink:arcrole="http://xbrl.org/int/dim/arcrole/domain-member" xlink:from="IncomeStatementAbstract" xlink:to="OtherExternalChargesExcludingSecondary" xlink:title="definition: IncomeStatementAbstract to OtherExternalChargesExcludingSecondary" order="1.0"/>
    <link:loc xlink:type="locator" xlink:href="../fsa/fsa.xsd#fsa_WagesAndSalaries" xlink:label="WagesAndSalaries" xlink:title="WagesAndSalaries"/>
    <link:definitionArc xlink:type="arc" xlink:arcrole="http://xbrl.org/int/dim/arcrole/domain-member" xlink:from="IncomeStatementAbstract" xlink:to="WagesAndSalaries" xlink:title="definition: IncomeStatementAbstract to WagesAndSalaries" order="11.0"/>
    <link:loc xlink:type="locator" xlink:href="../fsa/fsa.xsd#fsa_PostemploymentBenefitExpense" xlink:label="PostemploymentBenefitExpense" xlink:title="PostemploymentBenefitExpense"/>
    <link:definitionArc xlink:type="arc" xlink:arcrole="http://xbrl.org/int/dim/arcrole/domain-member" xlink:from="IncomeStatementAbstract" xlink:to="PostemploymentBenefitExpense" xlink:title="definition: IncomeStatementAbstract to PostemploymentBenefitExpense" order="12.0"/>
    <link:loc xlink:type="locator" xlink:href="../fsa/fsa.xsd#fsa_SocialSecurityContributions" xlink:label="SocialSecurityContributions" xlink:title="SocialSecurityContributions"/>
    <link:definitionArc xlink:type="arc" xlink:arcrole="http://xbrl.org/int/dim/arcrole/domain-member" xlink:from="IncomeStatementAbstract" xlink:to="SocialSecurityContributions" xlink:title="definition: IncomeStatementAbstract to SocialSecurityContributions" order="13.0"/>
    <link:loc xlink:type="locator" xlink:href="dst.xsd#dst_DepreciationAmortisationExpenseOfPropertyPlantAndEquipmentAndIntangibleAssetsRecognisedInProfitOrLoss" xlink:label="DepreciationAmortisationExpenseOfPropertyPlantAndEquipmentAndIntangibleAssetsRecognisedInProfitOrLoss" xlink:title="DepreciationAmortisationExpenseOfPropertyPlantAndEquipmentAndIntangibleAssetsRecognisedInProfitOrLoss"/>
    <link:definitionArc xlink:type="arc" xlink:arcrole="http://xbrl.org/int/dim/arcrole/domain-member" xlink:from="IncomeStatementAbstract" xlink:to="DepreciationAmortisationExpenseOfPropertyPlantAndEquipmentAndIntangibleAssetsRecognisedInProfitOrLoss" xlink:title="definition: IncomeStatementAbstract to DepreciationAmortisationExpenseOfPropertyPlantAndEquipmentAndIntangibleAssetsRecognisedInProfitOrLoss" order="14.0"/>
    <link:loc xlink:type="locator" xlink:href="dst.xsd#dst_ImpairmentLossesOfPropertyPlantAndEquipmentAndIntangibleAssetsRecognisedInProfitOrLoss" xlink:label="ImpairmentLossesOfPropertyPlantAndEquipmentAndIntangibleAssetsRecognisedInProfitOrLoss" xlink:title="ImpairmentLossesOfPropertyPlantAndEquipmentAndIntangibleAssetsRecognisedInProfitOrLoss"/>
    <link:definitionArc xlink:type="arc" xlink:arcrole="http://xbrl.org/int/dim/arcrole/domain-member" xlink:from="IncomeStatementAbstract" xlink:to="ImpairmentLossesOfPropertyPlantAndEquipmentAndIntangibleAssetsRecognisedInProfitOrLoss" xlink:title="definition: IncomeStatementAbstract to ImpairmentLossesOfPropertyPlantAndEquipmentAndIntangibleAssetsRecognisedInProfitOrLoss" order="15.0"/>
    <link:loc xlink:type="locator" xlink:href="../fsa/fsa.xsd#fsa_WritedownsOfCurrentAssetsOtherThanCurrentFinancialAssets" xlink:label="WritedownsOfCurrentAssetsOtherThanCurrentFinancialAssets" xlink:title="WritedownsOfCurrentAssetsOtherThanCurrentFinancialAssets"/>
    <link:definitionArc xlink:type="arc" xlink:arcrole="http://xbrl.org/int/dim/arcrole/domain-member" xlink:from="IncomeStatementAbstract" xlink:to="WritedownsOfCurrentAssetsOtherThanCurrentFinancialAssets" xlink:title="definition: IncomeStatementAbstract to WritedownsOfCurrentAssetsOtherThanCurrentFinancialAssets" order="16.0"/>
    <link:loc xlink:type="locator" xlink:href="dst.xsd#dst_OtherOperatingChargesOfNontradingType" xlink:label="OtherOperatingChargesOfNontradingType" xlink:title="OtherOperatingChargesOfNontradingType"/>
    <link:definitionArc xlink:type="arc" xlink:arcrole="http://xbrl.org/int/dim/arcrole/domain-member" xlink:from="IncomeStatementAbstract" xlink:to="OtherOperatingChargesOfNontradingType" xlink:title="definition: IncomeStatementAbstract to OtherOperatingChargesOfNontradingType" order="17.0"/>
    <link:loc xlink:type="locator" xlink:href="dst.xsd#dst_ProfitLossBeforeFinancialAndExtraordinaryItems" xlink:label="ProfitLossBeforeFinancialAndExtraordinaryItems" xlink:title="ProfitLossBeforeFinancialAndExtraordinaryItems"/>
    <link:definitionArc xlink:type="arc" xlink:arcrole="http://xbrl.org/int/dim/arcrole/domain-member" xlink:from="IncomeStatementAbstract" xlink:to="ProfitLossBeforeFinancialAndExtraordinaryItems" xlink:title="definition: IncomeStatementAbstract to ProfitLossBeforeFinancialAndExtraordinaryItems" order="18.0"/>
    <link:loc xlink:type="locator" xlink:href="dst.xsd#dst_BalanceSheetAbstract" xlink:label="BalanceSheetAbstract"/>
    <link:definitionArc xlink:type="arc" xlink:arcrole="http://xbrl.org/int/dim/arcrole/domain-member" xlink:from="InformationForStatisticsDenmarkAbstract" xlink:to="BalanceSheetAbstract" order="60.0"/>
    <link:loc xlink:type="locator" xlink:href="dst.xsd#dst_AssetsAbstract" xlink:label="AssetsAbstract"/>
    <link:definitionArc xlink:type="arc" xlink:arcrole="http://xbrl.org/int/dim/arcrole/domain-member" xlink:from="BalanceSheetAbstract" xlink:to="AssetsAbstract" order="10.0"/>
    <link:loc xlink:type="locator" xlink:href="dst.xsd#dst_FixedAssetsAbstract" xlink:label="FixedAssetsAbstract"/>
    <link:definitionArc xlink:type="arc" xlink:arcrole="http://xbrl.org/int/dim/arcrole/domain-member" xlink:from="AssetsAbstract" xlink:to="FixedAssetsAbstract" order="10.0"/>
    <link:loc xlink:type="locator" xlink:href="dst.xsd#dst_TangibleFixedAssetsAbstract" xlink:label="TangibleFixedAssetsAbstract"/>
    <link:definitionArc xlink:type="arc" xlink:arcrole="http://xbrl.org/int/dim/arcrole/domain-member" xlink:from="FixedAssetsAbstract" xlink:to="TangibleFixedAssetsAbstract" order="20.0"/>
    <link:loc xlink:type="locator" xlink:href="../fsa/fsa.xsd#fsa_LandAndBuildings" xlink:label="LandAndBuildings"/>
    <link:definitionArc xlink:type="arc" xlink:arcrole="http://xbrl.org/int/dim/arcrole/domain-member" xlink:from="TangibleFixedAssetsAbstract" xlink:to="LandAndBuildings" order="10.0"/>
    <link:loc xlink:type="locator" xlink:href="../fsa/fsa.xsd#fsa_PlantAndMachinery" xlink:label="PlantAndMachinery"/>
    <link:definitionArc xlink:type="arc" xlink:arcrole="http://xbrl.org/int/dim/arcrole/domain-member" xlink:from="TangibleFixedAssetsAbstract" xlink:to="PlantAndMachinery" order="20.0"/>
    <link:loc xlink:type="locator" xlink:href="../fsa/fsa.xsd#fsa_FixturesFittingsToolsAndEquipment" xlink:label="FixturesFittingsToolsAndEquipment"/>
    <link:definitionArc xlink:type="arc" xlink:arcrole="http://xbrl.org/int/dim/arcrole/domain-member" xlink:from="TangibleFixedAssetsAbstract" xlink:to="FixturesFittingsToolsAndEquipment" order="30.0"/>
    <link:loc xlink:type="locator" xlink:href="../fsa/fsa.xsd#fsa_PropertyPlantAndEquipmentInProgress" xlink:label="PropertyPlantAndEquipmentInProgress"/>
    <link:definitionArc xlink:type="arc" xlink:arcrole="http://xbrl.org/int/dim/arcrole/domain-member" xlink:from="TangibleFixedAssetsAbstract" xlink:to="PropertyPlantAndEquipmentInProgress" order="40.0"/>
    <link:loc xlink:type="locator" xlink:href="../fsa/fsa.xsd#fsa_PropertyPlantAndEquipment" xlink:label="PropertyPlantAndEquipment"/>
    <link:definitionArc xlink:type="arc" xlink:arcrole="http://xbrl.org/int/dim/arcrole/domain-member" xlink:from="TangibleFixedAssetsAbstract" xlink:to="PropertyPlantAndEquipment" order="50.0"/>
    <link:loc xlink:type="locator" xlink:href="dst.xsd#dst_FinancialFixedAssetsAbstract" xlink:label="FinancialFixedAssetsAbstract"/>
    <link:definitionArc xlink:type="arc" xlink:arcrole="http://xbrl.org/int/dim/arcrole/domain-member" xlink:from="FixedAssetsAbstract" xlink:to="FinancialFixedAssetsAbstract" order="30.0"/>
    <link:loc xlink:type="locator" xlink:href="dst.xsd#dst_ClaimsFinancialAssets" xlink:label="ClaimsFinancialAssets"/>
    <link:definitionArc xlink:type="arc" xlink:arcrole="http://xbrl.org/int/dim/arcrole/domain-member" xlink:from="FinancialFixedAssetsAbstract" xlink:to="ClaimsFinancialAssets" use="optional" order="10.0"/>
    <link:loc xlink:type="locator" xlink:href="dst.xsd#dst_SharesAndOwnershipCertificatesCurrentAssets" xlink:label="SharesAndOwnershipCertificatesCurrentAssets"/>
    <link:definitionArc xlink:type="arc" xlink:arcrole="http://xbrl.org/int/dim/arcrole/domain-member" xlink:from="FinancialFixedAssetsAbstract" xlink:to="SharesAndOwnershipCertificatesCurrentAssets" use="optional" order="20.0"/>
    <link:loc xlink:type="locator" xlink:href="dst.xsd#dst_BondsAndSimilarDocumentsFinancialAssets" xlink:label="BondsAndSimilarDocumentsFinancialAssets"/>
    <link:definitionArc xlink:type="arc" xlink:arcrole="http://xbrl.org/int/dim/arcrole/domain-member" xlink:from="FinancialFixedAssetsAbstract" xlink:to="BondsAndSimilarDocumentsFinancialAssets" use="optional" order="30.0"/>
    <link:loc xlink:type="locator" xlink:href="../fsa/fsa.xsd#fsa_LongtermInvestmentsAndReceivables" xlink:label="LongtermInvestmentsAndReceivables"/>
    <link:definitionArc xlink:type="arc" xlink:arcrole="http://xbrl.org/int/dim/arcrole/domain-member" xlink:from="FinancialFixedAssetsAbstract" xlink:to="LongtermInvestmentsAndReceivables" order="40.0"/>
    <link:loc xlink:type="locator" xlink:href="../fsa/fsa.xsd#fsa_IntangibleAssets" xlink:label="IntangibleAssets"/>
    <link:definitionArc xlink:type="arc" xlink:arcrole="http://xbrl.org/int/dim/arcrole/domain-member" xlink:from="FixedAssetsAbstract" xlink:to="IntangibleAssets" order="10.0"/>
    <link:loc xlink:type="locator" xlink:href="../fsa/fsa.xsd#fsa_NoncurrentAssets" xlink:label="NoncurrentAssets" xlink:title="NoncurrentAssets"/>
    <link:definitionArc xlink:type="arc" xlink:arcrole="http://xbrl.org/int/dim/arcrole/domain-member" xlink:from="FixedAssetsAbstract" xlink:to="NoncurrentAssets" xlink:title="definition: FixedAssetsAbstract to NoncurrentAssets" order="31.0"/>
    <link:loc xlink:type="locator" xlink:href="dst.xsd#dst_CurrentAssetsAbstract" xlink:label="CurrentAssetsAbstract"/>
    <link:definitionArc xlink:type="arc" xlink:arcrole="http://xbrl.org/int/dim/arcrole/domain-member" xlink:from="AssetsAbstract" xlink:to="CurrentAssetsAbstract" order="20.0"/>
    <link:loc xlink:type="locator" xlink:href="dst.xsd#dst_StocksAbstract" xlink:label="StocksAbstract"/>
    <link:definitionArc xlink:type="arc" xlink:arcrole="http://xbrl.org/int/dim/arcrole/domain-member" xlink:from="CurrentAssetsAbstract" xlink:to="StocksAbstract" order="10.0"/>
    <link:loc xlink:type="locator" xlink:href="../fsa/fsa.xsd#fsa_RawMaterialsAndConsumables" xlink:label="RawMaterialsAndConsumables"/>
    <link:definitionArc xlink:type="arc" xlink:arcrole="http://xbrl.org/int/dim/arcrole/domain-member" xlink:from="StocksAbstract" xlink:to="RawMaterialsAndConsumables" order="10.0" tch:preferredLabel="http://www.xbrl.org/2003/role/periodStartLabel"/>
    <link:loc xlink:type="locator" xlink:href="../fsa/fsa.xsd#fsa_RawMaterialsAndConsumables" xlink:label="RawMaterialsAndConsumables_2"/>
    <link:definitionArc xlink:type="arc" xlink:arcrole="http://xbrl.org/int/dim/arcrole/domain-member" xlink:from="StocksAbstract" xlink:to="RawMaterialsAndConsumables_2" priority="1" order="20.0" tch:preferredLabel="http://www.xbrl.org/2003/role/periodEndLabel"/>
    <link:loc xlink:type="locator" xlink:href="../fsa/fsa.xsd#fsa_WorkInProgress" xlink:label="WorkInProgress"/>
    <link:definitionArc xlink:type="arc" xlink:arcrole="http://xbrl.org/int/dim/arcrole/domain-member" xlink:from="StocksAbstract" xlink:to="WorkInProgress" order="30.0" tch:preferredLabel="http://www.xbrl.org/2003/role/periodStartLabel"/>
    <link:loc xlink:type="locator" xlink:href="../fsa/fsa.xsd#fsa_WorkInProgress" xlink:label="WorkInProgress_2"/>
    <link:definitionArc xlink:type="arc" xlink:arcrole="http://xbrl.org/int/dim/arcrole/domain-member" xlink:from="StocksAbstract" xlink:to="WorkInProgress_2" priority="1" order="40.0" tch:preferredLabel="http://www.xbrl.org/2003/role/periodEndLabel"/>
    <link:loc xlink:type="locator" xlink:href="../fsa/fsa.xsd#fsa_PrepaymentsForGoods" xlink:label="PrepaymentsForGoods"/>
    <link:definitionArc xlink:type="arc" xlink:arcrole="http://xbrl.org/int/dim/arcrole/domain-member" xlink:from="StocksAbstract" xlink:to="PrepaymentsForGoods" order="90.0" tch:preferredLabel="http://www.xbrl.org/2003/role/periodStartLabel"/>
    <link:loc xlink:type="locator" xlink:href="../fsa/fsa.xsd#fsa_PrepaymentsForGoods" xlink:label="PrepaymentsForGoods_2"/>
    <link:definitionArc xlink:type="arc" xlink:arcrole="http://xbrl.org/int/dim/arcrole/domain-member" xlink:from="StocksAbstract" xlink:to="PrepaymentsForGoods_2" priority="1" order="100.0" tch:preferredLabel="http://www.xbrl.org/2003/role/periodEndLabel"/>
    <link:loc xlink:type="locator" xlink:href="../fsa/fsa.xsd#fsa_Inventories" xlink:label="Inventories"/>
    <link:definitionArc xlink:type="arc" xlink:arcrole="http://xbrl.org/int/dim/arcrole/domain-member" xlink:from="StocksAbstract" xlink:to="Inventories" order="110.0" tch:preferredLabel="http://www.xbrl.org/2003/role/periodStartLabel"/>
    <link:loc xlink:type="locator" xlink:href="../fsa/fsa.xsd#fsa_Inventories" xlink:label="Inventories_2"/>
    <link:definitionArc xlink:type="arc" xlink:arcrole="http://xbrl.org/int/dim/arcrole/domain-member" xlink:from="StocksAbstract" xlink:to="Inventories_2" priority="1" order="120.0" tch:preferredLabel="http://www.xbrl.org/2003/role/periodEndLabel"/>
    <link:loc xlink:type="locator" xlink:href="../fsa/fsa.xsd#fsa_ManufacturedGoodsAndGoodsForResale" xlink:label="ManufacturedGoodsAndGoodsForResale" xlink:title="ManufacturedGoodsAndGoodsForResale"/>
    <link:definitionArc xlink:type="arc" xlink:arcrole="http://xbrl.org/int/dim/arcrole/domain-member" xlink:from="StocksAbstract" xlink:to="ManufacturedGoodsAndGoodsForResale" xlink:title="definition: StocksAbstract to ManufacturedGoodsAndGoodsForResale" order="46.0" tch:preferredLabel="http://www.xbrl.org/2003/role/periodEndLabel"/>
    <link:loc xlink:type="locator" xlink:href="../fsa/fsa.xsd#fsa_ManufacturedGoodsAndGoodsForResale" xlink:label="ManufacturedGoodsAndGoodsForResale_2" xlink:title="ManufacturedGoodsAndGoodsForResale"/>
    <link:definitionArc xlink:type="arc" xlink:arcrole="http://xbrl.org/int/dim/arcrole/domain-member" xlink:from="StocksAbstract" xlink:to="ManufacturedGoodsAndGoodsForResale_2" xlink:title="definition: StocksAbstract to ManufacturedGoodsAndGoodsForResale" priority="1" order="45.0" tch:preferredLabel="http://www.xbrl.org/2003/role/periodStartLabel"/>
    <link:loc xlink:type="locator" xlink:href="dst.xsd#dst_PurchasedGoodsForResale" xlink:label="PurchasedGoodsForResale_2"/>
    <link:definitionArc xlink:type="arc" xlink:arcrole="http://xbrl.org/int/dim/arcrole/domain-member" xlink:from="StocksAbstract" xlink:to="PurchasedGoodsForResale_2" use="optional" priority="1" order="80.0" tch:preferredLabel="http://www.xbrl.org/2003/role/periodEndLabel"/>
    <link:loc xlink:type="locator" xlink:href="dst.xsd#dst_PurchasedGoodsForResale" xlink:label="PurchasedGoodsForResale"/>
    <link:definitionArc xlink:type="arc" xlink:arcrole="http://xbrl.org/int/dim/arcrole/domain-member" xlink:from="StocksAbstract" xlink:to="PurchasedGoodsForResale" use="optional" order="70.0" tch:preferredLabel="http://www.xbrl.org/2003/role/periodStartLabel"/>
    <link:loc xlink:type="locator" xlink:href="dst.xsd#dst_ManufacturedGoods" xlink:label="ManufacturedGoods"/>
    <link:definitionArc xlink:type="arc" xlink:arcrole="http://xbrl.org/int/dim/arcrole/domain-member" xlink:from="StocksAbstract" xlink:to="ManufacturedGoods" use="optional" priority="1" order="60.0" tch:preferredLabel="http://www.xbrl.org/2003/role/periodEndLabel"/>
    <link:loc xlink:type="locator" xlink:href="dst.xsd#dst_ManufacturedGoods" xlink:label="ManufacturedGoods_2"/>
    <link:definitionArc xlink:type="arc" xlink:arcrole="http://xbrl.org/int/dim/arcrole/domain-member" xlink:from="StocksAbstract" xlink:to="ManufacturedGoods_2" use="optional" order="50.0" tch:preferredLabel="http://www.xbrl.org/2003/role/periodStartLabel"/>
    <link:loc xlink:type="locator" xlink:href="dst.xsd#dst_DebtsReceivableAbstract" xlink:label="DebtsReceivableAbstract"/>
    <link:definitionArc xlink:type="arc" xlink:arcrole="http://xbrl.org/int/dim/arcrole/domain-member" xlink:from="CurrentAssetsAbstract" xlink:to="DebtsReceivableAbstract" order="20.0"/>
    <link:loc xlink:type="locator" xlink:href="../fsa/fsa.xsd#fsa_ShorttermTradeReceivables" xlink:label="ShorttermTradeReceivables"/>
    <link:definitionArc xlink:type="arc" xlink:arcrole="http://xbrl.org/int/dim/arcrole/domain-member" xlink:from="DebtsReceivableAbstract" xlink:to="ShorttermTradeReceivables" order="10.0"/>
    <link:loc xlink:type="locator" xlink:href="../fsa/fsa.xsd#fsa_ContractWorkInProgress" xlink:label="ContractWorkInProgress"/>
    <link:definitionArc xlink:type="arc" xlink:arcrole="http://xbrl.org/int/dim/arcrole/domain-member" xlink:from="DebtsReceivableAbstract" xlink:to="ContractWorkInProgress" order="20.0"/>
    <link:loc xlink:type="locator" xlink:href="../fsa/fsa.xsd#fsa_OtherShorttermReceivables" xlink:label="OtherShorttermReceivables"/>
    <link:definitionArc xlink:type="arc" xlink:arcrole="http://xbrl.org/int/dim/arcrole/domain-member" xlink:from="DebtsReceivableAbstract" xlink:to="OtherShorttermReceivables" order="30.0"/>
    <link:loc xlink:type="locator" xlink:href="../fsa/fsa.xsd#fsa_ShorttermReceivables" xlink:label="ShorttermReceivables"/>
    <link:definitionArc xlink:type="arc" xlink:arcrole="http://xbrl.org/int/dim/arcrole/domain-member" xlink:from="DebtsReceivableAbstract" xlink:to="ShorttermReceivables" order="40.0"/>
    <link:loc xlink:type="locator" xlink:href="dst.xsd#dst_SharesBondsAndCashAbstract" xlink:label="SharesBondsAndCashAbstract"/>
    <link:definitionArc xlink:type="arc" xlink:arcrole="http://xbrl.org/int/dim/arcrole/domain-member" xlink:from="CurrentAssetsAbstract" xlink:to="SharesBondsAndCashAbstract" order="30.0"/>
    <link:loc xlink:type="locator" xlink:href="dst.xsd#dst_SharesAndOtherOwnershipCertificatesFinancialAssets" xlink:label="SharesAndOtherOwnershipCertificatesFinancialAssets"/>
    <link:definitionArc xlink:type="arc" xlink:arcrole="http://xbrl.org/int/dim/arcrole/domain-member" xlink:from="SharesBondsAndCashAbstract" xlink:to="SharesAndOtherOwnershipCertificatesFinancialAssets" use="optional" order="10.0"/>
    <link:loc xlink:type="locator" xlink:href="dst.xsd#dst_BondsAndSimilarDocumentsCurrentAssets" xlink:label="BondsAndSimilarDocumentsCurrentAssets"/>
    <link:definitionArc xlink:type="arc" xlink:arcrole="http://xbrl.org/int/dim/arcrole/domain-member" xlink:from="SharesBondsAndCashAbstract" xlink:to="BondsAndSimilarDocumentsCurrentAssets" use="optional" order="20.0"/>
    <link:loc xlink:type="locator" xlink:href="dst.xsd#dst_SharesBondsAndCash" xlink:label="SharesBondsAndCash"/>
    <link:definitionArc xlink:type="arc" xlink:arcrole="http://xbrl.org/int/dim/arcrole/domain-member" xlink:from="SharesBondsAndCashAbstract" xlink:to="SharesBondsAndCash" order="40.0" tch:preferredLabel="http://www.xbrl.org/2003/role/totalLabel"/>
    <link:loc xlink:type="locator" xlink:href="../fsa/fsa.xsd#fsa_CashAndCashEquivalents" xlink:label="CashAndCashEquivalents"/>
    <link:definitionArc xlink:type="arc" xlink:arcrole="http://xbrl.org/int/dim/arcrole/domain-member" xlink:from="SharesBondsAndCashAbstract" xlink:to="CashAndCashEquivalents" order="30.0"/>
    <link:loc xlink:type="locator" xlink:href="../fsa/fsa.xsd#fsa_CurrentAssets" xlink:label="CurrentAssets" xlink:title="CurrentAssets"/>
    <link:definitionArc xlink:type="arc" xlink:arcrole="http://xbrl.org/int/dim/arcrole/domain-member" xlink:from="CurrentAssetsAbstract" xlink:to="CurrentAssets" xlink:title="definition: CurrentAssetsAbstract to CurrentAssets" order="31.0"/>
    <link:loc xlink:type="locator" xlink:href="../fsa/fsa.xsd#fsa_Assets" xlink:label="Assets"/>
    <link:definitionArc xlink:type="arc" xlink:arcrole="http://xbrl.org/int/dim/arcrole/domain-member" xlink:from="AssetsAbstract" xlink:to="Assets" order="30.0"/>
    <link:loc xlink:type="locator" xlink:href="dst.xsd#dst_LiabilitiesAbstract" xlink:label="LiabilitiesAbstract"/>
    <link:definitionArc xlink:type="arc" xlink:arcrole="http://xbrl.org/int/dim/arcrole/domain-member" xlink:from="BalanceSheetAbstract" xlink:to="LiabilitiesAbstract" order="20.0"/>
    <link:loc xlink:type="locator" xlink:href="dst.xsd#dst_OtherLongtermDebts" xlink:label="OtherLongtermDebts"/>
    <link:definitionArc xlink:type="arc" xlink:arcrole="http://xbrl.org/int/dim/arcrole/domain-member" xlink:from="LiabilitiesAbstract" xlink:to="OtherLongtermDebts" order="40.0"/>
    <link:loc xlink:type="locator" xlink:href="dst.xsd#dst_OtherShorttermDebts" xlink:label="OtherShorttermDebts"/>
    <link:definitionArc xlink:type="arc" xlink:arcrole="http://xbrl.org/int/dim/arcrole/domain-member" xlink:from="LiabilitiesAbstract" xlink:to="OtherShorttermDebts" order="60.0"/>
    <link:loc xlink:type="locator" xlink:href="../fsa/fsa.xsd#fsa_Equity" xlink:label="Equity"/>
    <link:definitionArc xlink:type="arc" xlink:arcrole="http://xbrl.org/int/dim/arcrole/domain-member" xlink:from="LiabilitiesAbstract" xlink:to="Equity" order="10.0"/>
    <link:loc xlink:type="locator" xlink:href="../fsa/fsa.xsd#fsa_Provisions" xlink:label="Provisions"/>
    <link:definitionArc xlink:type="arc" xlink:arcrole="http://xbrl.org/int/dim/arcrole/domain-member" xlink:from="LiabilitiesAbstract" xlink:to="Provisions" order="20.0"/>
    <link:loc xlink:type="locator" xlink:href="../fsa/fsa.xsd#fsa_LongtermTradePayables" xlink:label="LongtermTradePayables"/>
    <link:definitionArc xlink:type="arc" xlink:arcrole="http://xbrl.org/int/dim/arcrole/domain-member" xlink:from="LiabilitiesAbstract" xlink:to="LongtermTradePayables" order="30.0"/>
    <link:loc xlink:type="locator" xlink:href="../fsa/fsa.xsd#fsa_ShorttermTradePayables" xlink:label="ShorttermTradePayables"/>
    <link:definitionArc xlink:type="arc" xlink:arcrole="http://xbrl.org/int/dim/arcrole/domain-member" xlink:from="LiabilitiesAbstract" xlink:to="ShorttermTradePayables" order="50.0"/>
    <link:loc xlink:type="locator" xlink:href="../fsa/fsa.xsd#fsa_LiabilitiesAndEquity" xlink:label="LiabilitiesAndEquity"/>
    <link:definitionArc xlink:type="arc" xlink:arcrole="http://xbrl.org/int/dim/arcrole/domain-member" xlink:from="LiabilitiesAbstract" xlink:to="LiabilitiesAndEquity" order="70.0"/>
    <link:loc xlink:type="locator" xlink:href="dst.xsd#dst_InvestmentDuringTheYearAbstract" xlink:label="InvestmentDuringTheYearAbstract"/>
    <link:definitionArc xlink:type="arc" xlink:arcrole="http://xbrl.org/int/dim/arcrole/domain-member" xlink:from="InformationForStatisticsDenmarkAbstract" xlink:to="InvestmentDuringTheYearAbstract" order="70.0"/>
    <link:loc xlink:type="locator" xlink:href="dst.xsd#dst_IncreaseAbstract" xlink:label="IncreaseAbstract"/>
    <link:definitionArc xlink:type="arc" xlink:arcrole="http://xbrl.org/int/dim/arcrole/domain-member" xlink:from="InvestmentDuringTheYearAbstract" xlink:to="IncreaseAbstract" order="10.0"/>
    <link:loc xlink:type="locator" xlink:href="dst.xsd#dst_IncreaseOfRealEstateAbstract" xlink:label="IncreaseOfRealEstateAbstract"/>
    <link:definitionArc xlink:type="arc" xlink:arcrole="http://xbrl.org/int/dim/arcrole/domain-member" xlink:from="IncreaseAbstract" xlink:to="IncreaseOfRealEstateAbstract" order="20.0"/>
    <link:loc xlink:type="locator" xlink:href="dst.xsd#dst_PurchaseOfBuildingsIncludingLand" xlink:label="PurchaseOfBuildingsIncludingLand"/>
    <link:definitionArc xlink:type="arc" xlink:arcrole="http://xbrl.org/int/dim/arcrole/domain-member" xlink:from="IncreaseOfRealEstateAbstract" xlink:to="PurchaseOfBuildingsIncludingLand" order="10.0"/>
    <link:loc xlink:type="locator" xlink:href="dst.xsd#dst_ConstructionOfBuildingsExcludingLand" xlink:label="ConstructionOfBuildingsExcludingLand"/>
    <link:definitionArc xlink:type="arc" xlink:arcrole="http://xbrl.org/int/dim/arcrole/domain-member" xlink:from="IncreaseOfRealEstateAbstract" xlink:to="ConstructionOfBuildingsExcludingLand" order="20.0"/>
    <link:loc xlink:type="locator" xlink:href="dst.xsd#dst_PurchaseOfLandNotBuiltUpon" xlink:label="PurchaseOfLandNotBuiltUpon"/>
    <link:definitionArc xlink:type="arc" xlink:arcrole="http://xbrl.org/int/dim/arcrole/domain-member" xlink:from="IncreaseOfRealEstateAbstract" xlink:to="PurchaseOfLandNotBuiltUpon" order="30.0"/>
    <link:loc xlink:type="locator" xlink:href="dst.xsd#dst_AlterationsAndImprovementsOfBuildingsAndInstallations" xlink:label="AlterationsAndImprovementsOfBuildingsAndInstallations"/>
    <link:definitionArc xlink:type="arc" xlink:arcrole="http://xbrl.org/int/dim/arcrole/domain-member" xlink:from="IncreaseOfRealEstateAbstract" xlink:to="AlterationsAndImprovementsOfBuildingsAndInstallations" order="40.0"/>
    <link:loc xlink:type="locator" xlink:href="dst.xsd#dst_ConstructionAlterationAndImprovementOfRoadsHarboursSquaresAndSimilarAndDevelopmentAndImprovementOfLand" xlink:label="ConstructionAlterationAndImprovementOfRoadsHarboursSquaresAndSimilarAndDevelopmentAndImprovementOfLand"/>
    <link:definitionArc xlink:type="arc" xlink:arcrole="http://xbrl.org/int/dim/arcrole/domain-member" xlink:from="IncreaseOfRealEstateAbstract" xlink:to="ConstructionAlterationAndImprovementOfRoadsHarboursSquaresAndSimilarAndDevelopmentAndImprovementOfLand" order="50.0"/>
    <link:loc xlink:type="locator" xlink:href="dst.xsd#dst_IncreaseOfRealEstate" xlink:label="IncreaseOfRealEstate"/>
    <link:definitionArc xlink:type="arc" xlink:arcrole="http://xbrl.org/int/dim/arcrole/domain-member" xlink:from="IncreaseOfRealEstateAbstract" xlink:to="IncreaseOfRealEstate" order="60.0" tch:preferredLabel="http://www.xbrl.org/2003/role/totalLabel"/>
    <link:loc xlink:type="locator" xlink:href="dst.xsd#dst_IncreaseOfMachineryPlantAndEquipmentAbstract" xlink:label="IncreaseOfMachineryPlantAndEquipmentAbstract"/>
    <link:definitionArc xlink:type="arc" xlink:arcrole="http://xbrl.org/int/dim/arcrole/domain-member" xlink:from="IncreaseAbstract" xlink:to="IncreaseOfMachineryPlantAndEquipmentAbstract" order="30.0"/>
    <link:loc xlink:type="locator" xlink:href="dst.xsd#dst_AdditionsToProductionMachineryAndEquipment" xlink:label="AdditionsToProductionMachineryAndEquipment"/>
    <link:definitionArc xlink:type="arc" xlink:arcrole="http://xbrl.org/int/dim/arcrole/domain-member" xlink:from="IncreaseOfMachineryPlantAndEquipmentAbstract" xlink:to="AdditionsToProductionMachineryAndEquipment" order="10.0"/>
    <link:loc xlink:type="locator" xlink:href="dst.xsd#dst_AdditionsToOtherPlantOperatingAssetsFixturesAndFurniture" xlink:label="AdditionsToOtherPlantOperatingAssetsFixturesAndFurniture"/>
    <link:definitionArc xlink:type="arc" xlink:arcrole="http://xbrl.org/int/dim/arcrole/domain-member" xlink:from="IncreaseOfMachineryPlantAndEquipmentAbstract" xlink:to="AdditionsToOtherPlantOperatingAssetsFixturesAndFurniture" order="20.0"/>
    <link:loc xlink:type="locator" xlink:href="dst.xsd#dst_IncreaseOfMachineryPlantAndEquipment" xlink:label="IncreaseOfMachineryPlantAndEquipment"/>
    <link:definitionArc xlink:type="arc" xlink:arcrole="http://xbrl.org/int/dim/arcrole/domain-member" xlink:from="IncreaseOfMachineryPlantAndEquipmentAbstract" xlink:to="IncreaseOfMachineryPlantAndEquipment" order="30.0" tch:preferredLabel="http://www.xbrl.org/2003/role/totalLabel"/>
    <link:loc xlink:type="locator" xlink:href="dst.xsd#dst_AdditionsToNoncurrentAssets" xlink:label="AdditionsToNoncurrentAssets"/>
    <link:definitionArc xlink:type="arc" xlink:arcrole="http://xbrl.org/int/dim/arcrole/domain-member" xlink:from="IncreaseAbstract" xlink:to="AdditionsToNoncurrentAssets" order="50.0"/>
    <link:loc xlink:type="locator" xlink:href="dst.xsd#dst_AdditionsToPropertyPlantAndEquipmentInProgressAndPrepaymentsForPropertyPlantAndEquipment" xlink:label="AdditionsToPropertyPlantAndEquipmentInProgressAndPrepaymentsForPropertyPlantAndEquipment"/>
    <link:definitionArc xlink:type="arc" xlink:arcrole="http://xbrl.org/int/dim/arcrole/domain-member" xlink:from="IncreaseAbstract" xlink:to="AdditionsToPropertyPlantAndEquipmentInProgressAndPrepaymentsForPropertyPlantAndEquipment" order="40.0"/>
    <link:definitionArc xlink:type="arc" xlink:arcrole="http://xbrl.org/int/dim/arcrole/domain-member" xlink:from="IncreaseAbstract" xlink:to="AdditionsToIntangibleAssets" order="10.0"/>
    <link:loc xlink:type="locator" xlink:href="dst.xsd#dst_DecreaseAbstract" xlink:label="DecreaseAbstract"/>
    <link:definitionArc xlink:type="arc" xlink:arcrole="http://xbrl.org/int/dim/arcrole/domain-member" xlink:from="InvestmentDuringTheYearAbstract" xlink:to="DecreaseAbstract" order="20.0"/>
    <link:loc xlink:type="locator" xlink:href="dst.xsd#dst_DecreaseOfRealEstateAbstract" xlink:label="DecreaseOfRealEstateAbstract"/>
    <link:definitionArc xlink:type="arc" xlink:arcrole="http://xbrl.org/int/dim/arcrole/domain-member" xlink:from="DecreaseAbstract" xlink:to="DecreaseOfRealEstateAbstract" order="20.0"/>
    <link:loc xlink:type="locator" xlink:href="dst.xsd#dst_DisposalsOfBuildingsIncludingLandAtBookValue" xlink:label="DisposalsOfBuildingsIncludingLandAtBookValue" xlink:title="DisposalsOfBuildingsIncludingLandAtBookValue"/>
    <link:definitionArc xlink:type="arc" xlink:arcrole="http://xbrl.org/int/dim/arcrole/domain-member" xlink:from="DecreaseOfRealEstateAbstract" xlink:to="DisposalsOfBuildingsIncludingLandAtBookValue" xlink:title="definition: DecreaseOfRealEstateAbstract to DisposalsOfBuildingsIncludingLandAtBookValue" order="1.0"/>
    <link:loc xlink:type="locator" xlink:href="dst.xsd#dst_DisposalsOfLandNotBuiltUponAtBookValue" xlink:label="DisposalsOfLandNotBuiltUponAtBookValue" xlink:title="DisposalsOfLandNotBuiltUponAtBookValue"/>
    <link:definitionArc xlink:type="arc" xlink:arcrole="http://xbrl.org/int/dim/arcrole/domain-member" xlink:from="DecreaseOfRealEstateAbstract" xlink:to="DisposalsOfLandNotBuiltUponAtBookValue" xlink:title="definition: DecreaseOfRealEstateAbstract to DisposalsOfLandNotBuiltUponAtBookValue" order="2.0"/>
    <link:loc xlink:type="locator" xlink:href="dst.xsd#dst_DisposalsOfRoadsHarboursSquaresAndSimilarAtBookValue" xlink:label="DisposalsOfRoadsHarboursSquaresAndSimilarAtBookValue" xlink:title="DisposalsOfRoadsHarboursSquaresAndSimilarAtBookValue"/>
    <link:definitionArc xlink:type="arc" xlink:arcrole="http://xbrl.org/int/dim/arcrole/domain-member" xlink:from="DecreaseOfRealEstateAbstract" xlink:to="DisposalsOfRoadsHarboursSquaresAndSimilarAtBookValue" xlink:title="definition: DecreaseOfRealEstateAbstract to DisposalsOfRoadsHarboursSquaresAndSimilarAtBookValue" order="3.0"/>
    <link:loc xlink:type="locator" xlink:href="dst.xsd#dst_TotalDecreaseOfRealEstateAtBookValue" xlink:label="TotalDecreaseOfRealEstateAtBookValue" xlink:title="TotalDecreaseOfRealEstateAtBookValue"/>
    <link:definitionArc xlink:type="arc" xlink:arcrole="http://xbrl.org/int/dim/arcrole/domain-member" xlink:from="DecreaseOfRealEstateAbstract" xlink:to="TotalDecreaseOfRealEstateAtBookValue" xlink:title="definition: DecreaseOfRealEstateAbstract to TotalDecreaseOfRealEstateAtBookValue" order="4.0"/>
    <link:loc xlink:type="locator" xlink:href="dst.xsd#dst_DecreaseOfMachineryPlantAndEquipmentAbstract" xlink:label="DecreaseOfMachineryPlantAndEquipmentAbstract"/>
    <link:definitionArc xlink:type="arc" xlink:arcrole="http://xbrl.org/int/dim/arcrole/domain-member" xlink:from="DecreaseAbstract" xlink:to="DecreaseOfMachineryPlantAndEquipmentAbstract" order="30.0"/>
    <link:loc xlink:type="locator" xlink:href="dst.xsd#dst_DisposalsOfProductionMachineryAndEquipmentAtBookValue" xlink:label="DisposalsOfProductionMachineryAndEquipmentAtBookValue" xlink:title="DisposalsOfProductionMachineryAndEquipmentAtBookValue"/>
    <link:definitionArc xlink:type="arc" xlink:arcrole="http://xbrl.org/int/dim/arcrole/domain-member" xlink:from="DecreaseOfMachineryPlantAndEquipmentAbstract" xlink:to="DisposalsOfProductionMachineryAndEquipmentAtBookValue" xlink:title="definition: DecreaseOfMachineryPlantAndEquipmentAbstract to DisposalsOfProductionMachineryAndEquipmentAtBookValue" order="1.0"/>
    <link:loc xlink:type="locator" xlink:href="dst.xsd#dst_DisposalsOfOtherPlantOperatingAssetsFixturesAndFurnitureAtBookValue" xlink:label="DisposalsOfOtherPlantOperatingAssetsFixturesAndFurnitureAtBookValue" xlink:title="DisposalsOfOtherPlantOperatingAssetsFixturesAndFurnitureAtBookValue"/>
    <link:definitionArc xlink:type="arc" xlink:arcrole="http://xbrl.org/int/dim/arcrole/domain-member" xlink:from="DecreaseOfMachineryPlantAndEquipmentAbstract" xlink:to="DisposalsOfOtherPlantOperatingAssetsFixturesAndFurnitureAtBookValue" xlink:title="definition: DecreaseOfMachineryPlantAndEquipmentAbstract to DisposalsOfOtherPlantOperatingAssetsFixturesAndFurnitureAtBookValue" order="2.0"/>
    <link:loc xlink:type="locator" xlink:href="dst.xsd#dst_TotalDecreaseOfMachineryPlantAndEquipmentAtBookValue" xlink:label="TotalDecreaseOfMachineryPlantAndEquipmentAtBookValue" xlink:title="TotalDecreaseOfMachineryPlantAndEquipmentAtBookValue"/>
    <link:definitionArc xlink:type="arc" xlink:arcrole="http://xbrl.org/int/dim/arcrole/domain-member" xlink:from="DecreaseOfMachineryPlantAndEquipmentAbstract" xlink:to="TotalDecreaseOfMachineryPlantAndEquipmentAtBookValue" xlink:title="definition: DecreaseOfMachineryPlantAndEquipmentAbstract to TotalDecreaseOfMachineryPlantAndEquipmentAtBookValue" order="3.0"/>
    <link:loc xlink:type="locator" xlink:href="dst.xsd#dst_DecreaseOfIntangibleAssets" xlink:label="DecreaseOfIntangibleAssets"/>
    <link:definitionArc xlink:type="arc" xlink:arcrole="http://xbrl.org/int/dim/arcrole/domain-member" xlink:from="DecreaseAbstract" xlink:to="DecreaseOfIntangibleAssets" order="10.0"/>
    <link:loc xlink:type="locator" xlink:href="dst.xsd#dst_DecreaseInCompletedDevelopmentProjects" xlink:label="DecreaseInCompletedDevelopmentProjects" xlink:title="DecreaseInCompletedDevelopmentProjects"/>
    <link:definitionArc xlink:type="arc" xlink:arcrole="http://xbrl.org/int/dim/arcrole/domain-member" xlink:from="DecreaseOfIntangibleAssets" xlink:to="DecreaseInCompletedDevelopmentProjects" xlink:title="definition: DecreaseOfIntangibleAssets to DecreaseInCompletedDevelopmentProjects" order="1.0"/>
    <link:loc xlink:type="locator" xlink:href="dst.xsd#dst_DecreaseOfConcessionsPatentsLicencesTrademarksAndOtherSimilarRights" xlink:label="DecreaseOfConcessionsPatentsLicencesTrademarksAndOtherSimilarRights" xlink:title="DecreaseOfConcessionsPatentsLicencesTrademarksAndOtherSimilarRights"/>
    <link:definitionArc xlink:type="arc" xlink:arcrole="http://xbrl.org/int/dim/arcrole/domain-member" xlink:from="DecreaseOfIntangibleAssets" xlink:to="DecreaseOfConcessionsPatentsLicencesTrademarksAndOtherSimilarRights" xlink:title="definition: DecreaseOfIntangibleAssets to DecreaseOfConcessionsPatentsLicencesTrademarksAndOtherSimilarRights" order="2.0"/>
    <link:loc xlink:type="locator" xlink:href="dst.xsd#dst_DisposalOfSoftware" xlink:label="DisposalOfSoftware" xlink:title="DisposalOfSoftware"/>
    <link:definitionArc xlink:type="arc" xlink:arcrole="http://xbrl.org/int/dim/arcrole/domain-member" xlink:from="DecreaseOfIntangibleAssets" xlink:to="DisposalOfSoftware" xlink:title="definition: DecreaseOfIntangibleAssets to DisposalOfSoftware" order="3.0"/>
    <link:loc xlink:type="locator" xlink:href="dst.xsd#dst_DecreaseInGoodwill" xlink:label="DecreaseInGoodwill" xlink:title="DecreaseInGoodwill"/>
    <link:definitionArc xlink:type="arc" xlink:arcrole="http://xbrl.org/int/dim/arcrole/domain-member" xlink:from="DecreaseOfIntangibleAssets" xlink:to="DecreaseInGoodwill" xlink:title="definition: DecreaseOfIntangibleAssets to DecreaseInGoodwill" order="4.0"/>
    <link:loc xlink:type="locator" xlink:href="dst.xsd#dst_ReversalOfAmortisationOnTotalDecreaseOfRealEstate" xlink:label="ReversalOfAmortisationOnTotalDecreaseOfRealEstate" xlink:title="ReversalOfAmortisationOnTotalDecreaseOfRealEstate"/>
    <link:definitionArc xlink:type="arc" xlink:arcrole="http://xbrl.org/int/dim/arcrole/domain-member" xlink:from="DecreaseAbstract" xlink:to="ReversalOfAmortisationOnTotalDecreaseOfRealEstate" xlink:title="definition: DecreaseAbstract to ReversalOfAmortisationOnTotalDecreaseOfRealEstate" order="40.0"/>
    <link:loc xlink:type="locator" xlink:href="dst.xsd#dst_ReversalOfAmortisationOnDisposalOfLandNotBuiltUponIncludingLand" xlink:label="ReversalOfAmortisationOnDisposalOfLandNotBuiltUponIncludingLand" xlink:title="ReversalOfAmortisationOnDisposalOfLandNotBuiltUponIncludingLand"/>
    <link:definitionArc xlink:type="arc" xlink:arcrole="http://xbrl.org/int/dim/arcrole/domain-member" xlink:from="ReversalOfAmortisationOnTotalDecreaseOfRealEstate" xlink:to="ReversalOfAmortisationOnDisposalOfLandNotBuiltUponIncludingLand" xlink:title="definition: ReversalOfAmortisationOnTotalDecreaseOfRealEstate to ReversalOfAmortisationOnDisposalOfLandNotBuiltUponIncludingLand" order="2.0"/>
    <link:loc xlink:type="locator" xlink:href="dst.xsd#dst_ReversalOfAmortisationOnDisposalsOfRoadsHarboursSquaresAndSimilarIncludingLand" xlink:label="ReversalOfAmortisationOnDisposalsOfRoadsHarboursSquaresAndSimilarIncludingLand" xlink:title="ReversalOfAmortisationOnDisposalsOfRoadsHarboursSquaresAndSimilarIncludingLand"/>
    <link:definitionArc xlink:type="arc" xlink:arcrole="http://xbrl.org/int/dim/arcrole/domain-member" xlink:from="ReversalOfAmortisationOnTotalDecreaseOfRealEstate" xlink:to="ReversalOfAmortisationOnDisposalsOfRoadsHarboursSquaresAndSimilarIncludingLand" xlink:title="definition: ReversalOfAmortisationOnTotalDecreaseOfRealEstate to ReversalOfAmortisationOnDisposalsOfRoadsHarboursSquaresAndSimilarIncludingLand" order="3.0"/>
    <link:loc xlink:type="locator" xlink:href="dst.xsd#dst_ReversalOfAmortisationOnDisposalsOfBuildingsIncludingLand" xlink:label="ReversalOfAmortisationOnDisposalsOfBuildingsIncludingLand" xlink:title="ReversalOfAmortisationOnDisposalsOfBuildingsIncludingLand"/>
    <link:definitionArc xlink:type="arc" xlink:arcrole="http://xbrl.org/int/dim/arcrole/domain-member" xlink:from="ReversalOfAmortisationOnTotalDecreaseOfRealEstate" xlink:to="ReversalOfAmortisationOnDisposalsOfBuildingsIncludingLand" xlink:title="definition: ReversalOfAmortisationOnTotalDecreaseOfRealEstate to ReversalOfAmortisationOnDisposalsOfBuildingsIncludingLand" order="1.0"/>
    <link:loc xlink:type="locator" xlink:href="dst.xsd#dst_ReversalOfAmortisationOnTotalDecreaseOfMachineryPlantAndEquipment" xlink:label="ReversalOfAmortisationOnTotalDecreaseOfMachineryPlantAndEquipment" xlink:title="ReversalOfAmortisationOnTotalDecreaseOfMachineryPlantAndEquipment"/>
    <link:definitionArc xlink:type="arc" xlink:arcrole="http://xbrl.org/int/dim/arcrole/domain-member" xlink:from="DecreaseAbstract" xlink:to="ReversalOfAmortisationOnTotalDecreaseOfMachineryPlantAndEquipment" xlink:title="definition: DecreaseAbstract to ReversalOfAmortisationOnTotalDecreaseOfMachineryPlantAndEquipment" order="50.0"/>
    <link:loc xlink:type="locator" xlink:href="dst.xsd#dst_ReversalOfAmortisationOnDisposalsOfProductionMachineryAndEquipment" xlink:label="ReversalOfAmortisationOnDisposalsOfProductionMachineryAndEquipment" xlink:title="ReversalOfAmortisationOnDisposalsOfProductionMachineryAndEquipment"/>
    <link:definitionArc xlink:type="arc" xlink:arcrole="http://xbrl.org/int/dim/arcrole/domain-member" xlink:from="ReversalOfAmortisationOnTotalDecreaseOfMachineryPlantAndEquipment" xlink:to="ReversalOfAmortisationOnDisposalsOfProductionMachineryAndEquipment" xlink:title="definition: ReversalOfAmortisationOnTotalDecreaseOfMachineryPlantAndEquipment to ReversalOfAmortisationOnDisposalsOfProductionMachineryAndEquipment" order="1.0"/>
    <link:loc xlink:type="locator" xlink:href="dst.xsd#dst_ReversalOfAmortisationOnDisposalsOfOthePlantOperatingAssetsFixturesAndFurniture" xlink:label="ReversalOfAmortisationOnDisposalsOfOthePlantOperatingAssetsFixturesAndFurniture" xlink:title="ReversalOfAmortisationOnDisposalsOfOthePlantOperatingAssetsFixturesAndFurniture"/>
    <link:definitionArc xlink:type="arc" xlink:arcrole="http://xbrl.org/int/dim/arcrole/domain-member" xlink:from="ReversalOfAmortisationOnTotalDecreaseOfMachineryPlantAndEquipment" xlink:to="ReversalOfAmortisationOnDisposalsOfOthePlantOperatingAssetsFixturesAndFurniture" xlink:title="definition: ReversalOfAmortisationOnTotalDecreaseOfMachineryPlantAndEquipment to ReversalOfAmortisationOnDisposalsOfOthePlantOperatingAssetsFixturesAndFurniture" order="2.0"/>
    <link:loc xlink:type="locator" xlink:href="dst.xsd#dst_TotalDisposalsOfAssets" xlink:label="TotalDisposalsOfAssets" xlink:title="TotalDisposalsOfAssets"/>
    <link:definitionArc xlink:type="arc" xlink:arcrole="http://xbrl.org/int/dim/arcrole/domain-member" xlink:from="DecreaseAbstract" xlink:to="TotalDisposalsOfAssets" xlink:title="definition: DecreaseAbstract to TotalDisposalsOfAssets" order="60.0"/>
    <link:loc xlink:type="locator" xlink:href="dst.xsd#dst_ReversalOfAmortisationOnTotalDecreaseOfIntangibleAssets" xlink:label="ReversalOfAmortisationOnTotalDecreaseOfIntangibleAssets" xlink:title="ReversalOfAmortisationOnTotalDecreaseOfIntangibleAssets"/>
    <link:definitionArc xlink:type="arc" xlink:arcrole="http://xbrl.org/int/dim/arcrole/domain-member" xlink:from="DecreaseAbstract" xlink:to="ReversalOfAmortisationOnTotalDecreaseOfIntangibleAssets" xlink:title="definition: DecreaseAbstract to ReversalOfAmortisationOnTotalDecreaseOfIntangibleAssets" order="31.0"/>
    <link:loc xlink:type="locator" xlink:href="dst.xsd#dst_ReversalOfAmortisationOnDecreaseInCompletedDevelopmentProjects" xlink:label="ReversalOfAmortisationOnDecreaseInCompletedDevelopmentProjects" xlink:title="ReversalOfAmortisationOnDecreaseInCompletedDevelopmentProjects"/>
    <link:definitionArc xlink:type="arc" xlink:arcrole="http://xbrl.org/int/dim/arcrole/domain-member" xlink:from="ReversalOfAmortisationOnTotalDecreaseOfIntangibleAssets" xlink:to="ReversalOfAmortisationOnDecreaseInCompletedDevelopmentProjects" xlink:title="definition: ReversalOfAmortisationOnTotalDecreaseOfIntangibleAssets to ReversalOfAmortisationOnDecreaseInCompletedDevelopmentProjects" order="1.0"/>
    <link:loc xlink:type="locator" xlink:href="dst.xsd#dst_ReversalOfAmortisationOnDecreaseOfConcessionsPatentsLicencesTrademarksAndOtherSimilarRights" xlink:label="ReversalOfAmortisationOnDecreaseOfConcessionsPatentsLicencesTrademarksAndOtherSimilarRights" xlink:title="ReversalOfAmortisationOnDecreaseOfConcessionsPatentsLicencesTrademarksAndOtherSimilarRights"/>
    <link:definitionArc xlink:type="arc" xlink:arcrole="http://xbrl.org/int/dim/arcrole/domain-member" xlink:from="ReversalOfAmortisationOnTotalDecreaseOfIntangibleAssets" xlink:to="ReversalOfAmortisationOnDecreaseOfConcessionsPatentsLicencesTrademarksAndOtherSimilarRights" xlink:title="definition: ReversalOfAmortisationOnTotalDecreaseOfIntangibleAssets to ReversalOfAmortisationOnDecreaseOfConcessionsPatentsLicencesTrademarksAndOtherSimilarRights" order="2.0"/>
    <link:loc xlink:type="locator" xlink:href="dst.xsd#dst_ReversalOfAmortisationOnDisposalOfSoftware" xlink:label="ReversalOfAmortisationOnDisposalOfSoftware" xlink:title="ReversalOfAmortisationOnDisposalOfSoftware"/>
    <link:definitionArc xlink:type="arc" xlink:arcrole="http://xbrl.org/int/dim/arcrole/domain-member" xlink:from="ReversalOfAmortisationOnTotalDecreaseOfIntangibleAssets" xlink:to="ReversalOfAmortisationOnDisposalOfSoftware" xlink:title="definition: ReversalOfAmortisationOnTotalDecreaseOfIntangibleAssets to ReversalOfAmortisationOnDisposalOfSoftware" order="3.0"/>
    <link:loc xlink:type="locator" xlink:href="dst.xsd#dst_ReversalOfAmortisationOnDecreaseInGoodwill" xlink:label="ReversalOfAmortisationOnDecreaseInGoodwill" xlink:title="ReversalOfAmortisationOnDecreaseInGoodwill"/>
    <link:definitionArc xlink:type="arc" xlink:arcrole="http://xbrl.org/int/dim/arcrole/domain-member" xlink:from="ReversalOfAmortisationOnTotalDecreaseOfIntangibleAssets" xlink:to="ReversalOfAmortisationOnDecreaseInGoodwill" xlink:title="definition: ReversalOfAmortisationOnTotalDecreaseOfIntangibleAssets to ReversalOfAmortisationOnDecreaseInGoodwill" order="4.0"/>
    <link:loc xlink:type="locator" xlink:href="dst.xsd#dst_FeedbackAbstract" xlink:label="FeedbackAbstract"/>
    <link:definitionArc xlink:type="arc" xlink:arcrole="http://xbrl.org/int/dim/arcrole/domain-member" xlink:from="InformationForStatisticsDenmarkAbstract" xlink:to="FeedbackAbstract" order="40.0"/>
    <link:loc xlink:type="locator" xlink:href="dst.xsd#dst_NameAndSurnameOfContactPerson" xlink:label="NameAndSurnameOfContactPerson"/>
    <link:definitionArc xlink:type="arc" xlink:arcrole="http://xbrl.org/int/dim/arcrole/domain-member" xlink:from="FeedbackAbstract" xlink:to="NameAndSurnameOfContactPerson" use="optional" order="20.0"/>
    <link:loc xlink:type="locator" xlink:href="dst.xsd#dst_RequestForFreeCopyOfStatisticsInReturnForHelp" xlink:label="RequestForFreeCopyOfStatisticsInReturnForHelp"/>
    <link:definitionArc xlink:type="arc" xlink:arcrole="http://xbrl.org/int/dim/arcrole/domain-member" xlink:from="FeedbackAbstract" xlink:to="RequestForFreeCopyOfStatisticsInReturnForHelp" use="optional" order="10.0"/>
    <link:loc xlink:type="locator" xlink:href="dst.xsd#dst_ContactEmailAddress" xlink:label="ContactEmailAddress"/>
    <link:definitionArc xlink:type="arc" xlink:arcrole="http://xbrl.org/int/dim/arcrole/domain-member" xlink:from="FeedbackAbstract" xlink:to="ContactEmailAddress" use="optional" order="30.0"/>
    <link:loc xlink:type="locator" xlink:href="dst.xsd#dst_ContactTelephoneNumber" xlink:label="ContactTelephoneNumber"/>
    <link:definitionArc xlink:type="arc" xlink:arcrole="http://xbrl.org/int/dim/arcrole/domain-member" xlink:from="FeedbackAbstract" xlink:to="ContactTelephoneNumber" use="optional" order="40.0"/>
    <link:loc xlink:type="locator" xlink:href="dst.xsd#dst_ContactTelephoneNumberExtension" xlink:label="ContactTelephoneNumberExtension"/>
    <link:definitionArc xlink:type="arc" xlink:arcrole="http://xbrl.org/int/dim/arcrole/domain-member" xlink:from="FeedbackAbstract" xlink:to="ContactTelephoneNumberExtension" use="optional" order="50.0"/>
    <link:loc xlink:type="locator" xlink:href="../gsd/gsd.xsd#gsd_ReportingPeriodEndDate" xlink:label="ReportingPeriodEndDate" xlink:title="ReportingPeriodEndDate"/>
    <link:definitionArc xlink:type="arc" xlink:arcrole="http://xbrl.org/int/dim/arcrole/domain-member" xlink:from="InformationForStatisticsDenmarkAbstract" xlink:to="ReportingPeriodEndDate" order="20.0"/>
    <link:loc xlink:type="locator" xlink:href="../gsd/gsd.xsd#gsd_ReportingPeriodStartDate" xlink:label="ReportingPeriodStartDate" xlink:title="ReportingPeriodStartDate"/>
    <link:definitionArc xlink:type="arc" xlink:arcrole="http://xbrl.org/int/dim/arcrole/domain-member" xlink:from="InformationForStatisticsDenmarkAbstract" xlink:to="ReportingPeriodStartDate" order="30.0"/>
    <link:loc xlink:type="locator" xlink:href="../gsd/gsd.xsd#gsd_InformationOnSubmissionReportAndReportingEntityAbstract" xlink:label="InformationOnSubmissionReportAndReportingEntityAbstract" xlink:title="InformationOnSubmissionReportAndReportingEntityAbstract"/>
    <link:definitionArc xlink:type="arc" xlink:arcrole="http://xbrl.org/int/dim/arcrole/domain-member" xlink:from="InformationForStatisticsDenmarkAbstract" xlink:to="InformationOnSubmissionReportAndReportingEntityAbstract" xlink:title="definition: InformationForStatisticsDenmarkAbstract to InformationOnSubmissionReportAndReportingEntityAbstract" order="10.0"/>
    <link:loc xlink:type="locator" xlink:href="../gsd/gsd.xsd#gsd_InformationOnTypeOfSubmittedReport" xlink:label="InformationOnTypeOfSubmittedReport" xlink:title="InformationOnTypeOfSubmittedReport"/>
    <link:definitionArc xlink:type="arc" xlink:arcrole="http://xbrl.org/int/dim/arcrole/domain-member" xlink:from="InformationOnSubmissionReportAndReportingEntityAbstract" xlink:to="InformationOnTypeOfSubmittedReport" xlink:title="definition: InformationOnSubmissionReportAndReportingEntityAbstract to InformationOnTypeOfSubmittedReport" order="10.0"/>
    <link:loc xlink:type="locator" xlink:href="../gsd/gsd.xsd#gsd_InformationOnEnterpriseSubmittingReportAbstract" xlink:label="InformationOnEnterpriseSubmittingReportAbstract" xlink:title="InformationOnEnterpriseSubmittingReportAbstract"/>
    <link:definitionArc xlink:type="arc" xlink:arcrole="http://xbrl.org/int/dim/arcrole/domain-member" xlink:from="InformationOnSubmissionReportAndReportingEntityAbstract" xlink:to="InformationOnEnterpriseSubmittingReportAbstract" xlink:title="definition: InformationOnSubmissionReportAndReportingEntityAbstract to InformationOnEnterpriseSubmittingReportAbstract" order="30.0"/>
    <link:loc xlink:type="locator" xlink:href="../gsd/gsd.xsd#gsd_IdentificationNumberCvrOfSubmittingEnterprise" xlink:label="IdentificationNumberCvrOfSubmittingEnterprise" xlink:title="IdentificationNumberCvrOfSubmittingEnterprise"/>
    <link:definitionArc xlink:type="arc" xlink:arcrole="http://xbrl.org/int/dim/arcrole/domain-member" xlink:from="InformationOnEnterpriseSubmittingReportAbstract" xlink:to="IdentificationNumberCvrOfSubmittingEnterprise" xlink:title="definition: InformationOnEnterpriseSubmittingReportAbstract to IdentificationNumberCvrOfSubmittingEnterprise" order="10.0"/>
    <link:loc xlink:type="locator" xlink:href="../gsd/gsd.xsd#gsd_NameOfSubmittingEnterprise" xlink:label="NameOfSubmittingEnterprise" xlink:title="NameOfSubmittingEnterprise"/>
    <link:definitionArc xlink:type="arc" xlink:arcrole="http://xbrl.org/int/dim/arcrole/domain-member" xlink:from="InformationOnEnterpriseSubmittingReportAbstract" xlink:to="NameOfSubmittingEnterprise" xlink:title="definition: InformationOnEnterpriseSubmittingReportAbstract to NameOfSubmittingEnterprise" order="20.0"/>
    <link:loc xlink:type="locator" xlink:href="../gsd/gsd.xsd#gsd_AddressOfSubmittingEnterpriseStreetAndNumber" xlink:label="AddressOfSubmittingEnterpriseStreetAndNumber" xlink:title="AddressOfSubmittingEnterpriseStreetAndNumber"/>
    <link:definitionArc xlink:type="arc" xlink:arcrole="http://xbrl.org/int/dim/arcrole/domain-member" xlink:from="InformationOnEnterpriseSubmittingReportAbstract" xlink:to="AddressOfSubmittingEnterpriseStreetAndNumber" xlink:title="definition: InformationOnEnterpriseSubmittingReportAbstract to AddressOfSubmittingEnterpriseStreetAndNumber" order="30.0"/>
    <link:loc xlink:type="locator" xlink:href="../gsd/gsd.xsd#gsd_AddressOfSubmittingEnterprisePostcodeAndTown" xlink:label="AddressOfSubmittingEnterprisePostcodeAndTown" xlink:title="AddressOfSubmittingEnterprisePostcodeAndTown"/>
    <link:definitionArc xlink:type="arc" xlink:arcrole="http://xbrl.org/int/dim/arcrole/domain-member" xlink:from="InformationOnEnterpriseSubmittingReportAbstract" xlink:to="AddressOfSubmittingEnterprisePostcodeAndTown" xlink:title="definition: InformationOnEnterpriseSubmittingReportAbstract to AddressOfSubmittingEnterprisePostcodeAndTown" order="40.0"/>
    <link:loc xlink:type="locator" xlink:href="../gsd/gsd.xsd#gsd_InformationOnReportingEntityAbstract" xlink:label="InformationOnReportingEntityAbstract" xlink:title="InformationOnReportingEntityAbstract"/>
    <link:definitionArc xlink:type="arc" xlink:arcrole="http://xbrl.org/int/dim/arcrole/domain-member" xlink:from="InformationOnSubmissionReportAndReportingEntityAbstract" xlink:to="InformationOnReportingEntityAbstract" xlink:title="definition: InformationOnSubmissionReportAndReportingEntityAbstract to InformationOnReportingEntityAbstract" order="20.0"/>
    <link:loc xlink:type="locator" xlink:href="../gsd/gsd.xsd#gsd_IdentificationNumberCvrOfReportingEntity" xlink:label="IdentificationNumberCvrOfReportingEntity"/>
    <link:definitionArc xlink:type="arc" xlink:arcrole="http://xbrl.org/int/dim/arcrole/domain-member" xlink:from="InformationOnReportingEntityAbstract" xlink:to="IdentificationNumberCvrOfReportingEntity" xlink:title="definition: InformationOnReportingEntityAbstract to IdentificationNumberCvrOfReportingEntity" order="10.0"/>
    <link:loc xlink:type="locator" xlink:href="../gsd/gsd.xsd#gsd_NameOfReportingEntity" xlink:label="NameOfReportingEntity" xlink:title="NameOfReportingEntity"/>
    <link:definitionArc xlink:type="arc" xlink:arcrole="http://xbrl.org/int/dim/arcrole/domain-member" xlink:from="InformationOnReportingEntityAbstract" xlink:to="NameOfReportingEntity" xlink:title="definition: InformationOnReportingEntityAbstract to NameOfReportingEntity" order="20.0"/>
    <link:loc xlink:type="locator" xlink:href="../gsd/gsd.xsd#gsd_DateOfGeneralMeeting" xlink:label="DateOfGeneralMeeting" xlink:title="DateOfGeneralMeeting"/>
    <link:definitionArc xlink:type="arc" xlink:arcrole="http://xbrl.org/int/dim/arcrole/domain-member" xlink:from="InformationOnSubmissionReportAndReportingEntityAbstract" xlink:to="DateOfGeneralMeeting" xlink:title="definition: InformationOnSubmissionReportAndReportingEntityAbstract to DateOfGeneralMeeting" order="31.0"/>
  </link:definitionLink>
</link:linkbase>
