<?xml version="1.0" encoding="UTF-8"?>
<!-- Generated by Fujitsu Interstage XWand B0251 -->
<?officialURI http://archprod.service.eogs.dk/taxonomy/20201001/dst/dst-lab-en.xml?>

<?taxonomy-version 1.7.0?>

<link:linkbase xmlns:xsi="http://www.w3.org/2001/XMLSchema-instance" xsi:schemaLocation="http://www.xbrl.org/2003/linkbase http://www.xbrl.org/2003/xbrl-linkbase-2003-12-31.xsd" xmlns:dst="http://xbrl.dcca.dk/dst" xmlns:tax="http://xbrl.dcca.dk/tax" xmlns:tch="http://xbrl.dcca.dk/tch" xmlns:gen="http://xbrl.org/2008/generic" xmlns:ref="http://www.xbrl.org/2006/ref" xmlns:xbrldt="http://xbrl.org/2005/xbrldt" xmlns:nonnum="http://www.xbrl.org/dtr/type/non-numeric" xmlns:variable="http://xbrl.org/2008/variable" xmlns:eogs="http://xbrl.dcca.dk/eogs" xmlns:xl="http://www.xbrl.org/2003/XLink" xmlns:gsd="http://xbrl.dcca.dk/gsd" xmlns:arr="http://xbrl.dcca.dk/arr" xmlns:xsd="http://www.w3.org/2001/XMLSchema" xmlns:valm="http://xbrl.org/2010/message/validation" xmlns:link="http://www.xbrl.org/2003/linkbase" xmlns:num="http://www.xbrl.org/dtr/type/numeric" xmlns:xlink="http://www.w3.org/1999/xlink" xmlns:msg="http://xbrl.org/2010/message" xmlns:fsa="http://xbrl.dcca.dk/fsa" xmlns:cmn="http://xbrl.dcca.dk/cmn" xmlns:label="http://xbrl.org/2008/label" xmlns:mrv="http://xbrl.dcca.dk/mrv" xmlns:xbrli="http://www.xbrl.org/2003/instance">
  <link:labelLink xlink:type="extended" xlink:role="http://www.xbrl.org/2003/role/link">
    <link:loc xlink:type="locator" xlink:href="../fsa/fsa.xsd#fsa_Inventories" xlink:label="Inventories"/>
    <link:label xlink:type="resource" xlink:label="label_Inventories" xlink:role="http://www.xbrl.org/2003/role/periodStartLabel" xml:lang="en" id="label_Inventories">Inventories, beginning balance</link:label>
    <link:labelArc xlink:type="arc" xlink:arcrole="http://www.xbrl.org/2003/arcrole/concept-label" xlink:from="Inventories" xlink:to="label_Inventories" order="10.0"/>
    <link:label xlink:type="resource" xlink:label="label_Inventories_2" xlink:role="http://www.xbrl.org/2003/role/periodEndLabel" xml:lang="en" id="label_Inventories_2">Inventories, ending balance</link:label>
    <link:labelArc xlink:type="arc" xlink:arcrole="http://www.xbrl.org/2003/arcrole/concept-label" xlink:from="Inventories" xlink:to="label_Inventories_2" order="10.0"/>
    <link:loc xlink:type="locator" xlink:href="../fsa/fsa.xsd#fsa_PrepaymentsForGoods" xlink:label="PrepaymentsForGoods"/>
    <link:label xlink:type="resource" xlink:label="label_PrepaymentsForGoods" xlink:role="http://www.xbrl.org/2003/role/periodStartLabel" xml:lang="en" id="label_PrepaymentsForGoods">Prepayments for goods, beginning balance</link:label>
    <link:labelArc xlink:type="arc" xlink:arcrole="http://www.xbrl.org/2003/arcrole/concept-label" xlink:from="PrepaymentsForGoods" xlink:to="label_PrepaymentsForGoods" order="10.0"/>
    <link:label xlink:type="resource" xlink:label="label_PrepaymentsForGoods_2" xlink:role="http://www.xbrl.org/2003/role/periodEndLabel" xml:lang="en" id="label_PrepaymentsForGoods_2">Prepayments for goods, ending balance</link:label>
    <link:labelArc xlink:type="arc" xlink:arcrole="http://www.xbrl.org/2003/arcrole/concept-label" xlink:from="PrepaymentsForGoods" xlink:to="label_PrepaymentsForGoods_2" order="10.0"/>
    <link:loc xlink:type="locator" xlink:href="../fsa/fsa.xsd#fsa_RawMaterialsAndConsumables" xlink:label="RawMaterialsAndConsumables"/>
    <link:label xlink:type="resource" xlink:label="label_RawMaterialsAndConsumables" xlink:role="http://www.xbrl.org/2003/role/periodStartLabel" xml:lang="en" id="label_RawMaterialsAndConsumables">Raw materials and consumables, beginning balance</link:label>
    <link:labelArc xlink:type="arc" xlink:arcrole="http://www.xbrl.org/2003/arcrole/concept-label" xlink:from="RawMaterialsAndConsumables" xlink:to="label_RawMaterialsAndConsumables" order="10.0"/>
    <link:label xlink:type="resource" xlink:label="label_RawMaterialsAndConsumables_2" xlink:role="http://www.xbrl.org/2003/role/periodEndLabel" xml:lang="en" id="label_RawMaterialsAndConsumables_2">Raw materials and consumables, ending balance</link:label>
    <link:labelArc xlink:type="arc" xlink:arcrole="http://www.xbrl.org/2003/arcrole/concept-label" xlink:from="RawMaterialsAndConsumables" xlink:to="label_RawMaterialsAndConsumables_2" order="10.0"/>
    <link:loc xlink:type="locator" xlink:href="../fsa/fsa.xsd#fsa_WorkInProgress" xlink:label="WorkInProgress"/>
    <link:label xlink:type="resource" xlink:label="label_WorkInProgress" xlink:role="http://www.xbrl.org/2003/role/periodStartLabel" xml:lang="en" id="label_WorkInProgress">Work in progress, beginning balance</link:label>
    <link:labelArc xlink:type="arc" xlink:arcrole="http://www.xbrl.org/2003/arcrole/concept-label" xlink:from="WorkInProgress" xlink:to="label_WorkInProgress" order="10.0"/>
    <link:label xlink:type="resource" xlink:label="label_WorkInProgress_2" xlink:role="http://www.xbrl.org/2003/role/periodEndLabel" xml:lang="en" id="label_WorkInProgress_2">Work in progress, ending balance</link:label>
    <link:labelArc xlink:type="arc" xlink:arcrole="http://www.xbrl.org/2003/arcrole/concept-label" xlink:from="WorkInProgress" xlink:to="label_WorkInProgress_2" order="10.0"/>
    <link:loc xlink:type="locator" xlink:href="dst.xsd#dst_ProfitLossBeforeFinancialAndExtraordinaryItems" xlink:label="ProfitLossBeforeFinancialAndExtraordinaryItems"/>
    <link:label xlink:type="resource" xlink:label="label_ProfitLossBeforeFinancialAndExtraordinaryItems_2" xlink:role="http://www.xbrl.org/2003/role/label" xml:lang="en" id="label_ProfitLossBeforeFinancialAndExtraordinaryItems_2">Profit (loss) before financial and extraordinary items</link:label>
    <link:labelArc xlink:type="arc" xlink:arcrole="http://www.xbrl.org/2003/arcrole/concept-label" xlink:from="ProfitLossBeforeFinancialAndExtraordinaryItems" xlink:to="label_ProfitLossBeforeFinancialAndExtraordinaryItems_2" order="10.0"/>
    <link:loc xlink:type="locator" xlink:href="dst.xsd#dst_AdditionsToNoncurrentAssets" xlink:label="AdditionsToNoncurrentAssets"/>
    <link:label xlink:type="resource" xlink:label="label_AdditionsToNoncurrentAssets" xlink:role="http://www.xbrl.org/2003/role/label" xml:lang="en" id="label_AdditionsToNoncurrentAssets">Additions to non-current assets</link:label>
    <link:labelArc xlink:type="arc" xlink:arcrole="http://www.xbrl.org/2003/arcrole/concept-label" xlink:from="AdditionsToNoncurrentAssets" xlink:to="label_AdditionsToNoncurrentAssets" order="10.0"/>
    <link:loc xlink:type="locator" xlink:href="dst.xsd#dst_AdditionsToOtherPlantOperatingAssetsFixturesAndFurniture" xlink:label="AdditionsToOtherPlantOperatingAssetsFixturesAndFurniture"/>
    <link:label xlink:type="resource" xlink:label="label_AdditionsToOtherPlantOperatingAssetsFixturesAndFurniture" xlink:role="http://www.xbrl.org/2003/role/label" xml:lang="en" id="label_AdditionsToOtherPlantOperatingAssetsFixturesAndFurniture">Additions to other plant, operating assets, fixtures and furniture</link:label>
    <link:labelArc xlink:type="arc" xlink:arcrole="http://www.xbrl.org/2003/arcrole/concept-label" xlink:from="AdditionsToOtherPlantOperatingAssetsFixturesAndFurniture" xlink:to="label_AdditionsToOtherPlantOperatingAssetsFixturesAndFurniture" order="10.0"/>
    <link:loc xlink:type="locator" xlink:href="dst.xsd#dst_AdditionsToProductionMachineryAndEquipment" xlink:label="AdditionsToProductionMachineryAndEquipment"/>
    <link:label xlink:type="resource" xlink:label="label_AdditionsToProductionMachineryAndEquipment" xlink:role="http://www.xbrl.org/2003/role/label" xml:lang="en" id="label_AdditionsToProductionMachineryAndEquipment">Additions to production machinery and equipment</link:label>
    <link:labelArc xlink:type="arc" xlink:arcrole="http://www.xbrl.org/2003/arcrole/concept-label" xlink:from="AdditionsToProductionMachineryAndEquipment" xlink:to="label_AdditionsToProductionMachineryAndEquipment" order="10.0"/>
    <link:loc xlink:type="locator" xlink:href="dst.xsd#dst_AdditionsToPropertyPlantAndEquipmentInProgressAndPrepaymentsForPropertyPlantAndEquipment" xlink:label="AdditionsToPropertyPlantAndEquipmentInProgressAndPrepaymentsForPropertyPlantAndEquipment"/>
    <link:label xlink:type="resource" xlink:label="label_AdditionsToPropertyPlantAndEquipmentInProgressAndPrepaymentsForPropertyPlantAndEquipment" xlink:role="http://www.xbrl.org/2003/role/label" xml:lang="en" id="label_AdditionsToPropertyPlantAndEquipmentInProgressAndPrepaymentsForPropertyPlantAndEquipment">Additions to property, plant and equipment in progress and prepayments for property, plant and equipment</link:label>
    <link:labelArc xlink:type="arc" xlink:arcrole="http://www.xbrl.org/2003/arcrole/concept-label" xlink:from="AdditionsToPropertyPlantAndEquipmentInProgressAndPrepaymentsForPropertyPlantAndEquipment" xlink:to="label_AdditionsToPropertyPlantAndEquipmentInProgressAndPrepaymentsForPropertyPlantAndEquipment" order="10.0"/>
    <link:loc xlink:type="locator" xlink:href="dst.xsd#dst_AlterationsAndImprovementsOfBuildingsAndInstallations" xlink:label="AlterationsAndImprovementsOfBuildingsAndInstallations"/>
    <link:label xlink:type="resource" xlink:label="label_AlterationsAndImprovementsOfBuildingsAndInstallations" xlink:role="http://www.xbrl.org/2003/role/label" xml:lang="en" id="label_AlterationsAndImprovementsOfBuildingsAndInstallations">Alterations and improvements of buildings and installations</link:label>
    <link:labelArc xlink:type="arc" xlink:arcrole="http://www.xbrl.org/2003/arcrole/concept-label" xlink:from="AlterationsAndImprovementsOfBuildingsAndInstallations" xlink:to="label_AlterationsAndImprovementsOfBuildingsAndInstallations" order="10.0"/>
    <link:loc xlink:type="locator" xlink:href="dst.xsd#dst_BondsAndSimilarDocumentsCurrentAssets" xlink:label="BondsAndSimilarDocumentsCurrentAssets"/>
    <link:label xlink:type="resource" xlink:label="label_BondsAndSimilarDocumentsCurrentAssets" xlink:role="http://www.xbrl.org/2003/role/label" xml:lang="en" id="label_BondsAndSimilarDocumentsCurrentAssets">Bonds and similar documents, current assets</link:label>
    <link:labelArc xlink:type="arc" xlink:arcrole="http://www.xbrl.org/2003/arcrole/concept-label" xlink:from="BondsAndSimilarDocumentsCurrentAssets" xlink:to="label_BondsAndSimilarDocumentsCurrentAssets" order="10.0"/>
    <link:loc xlink:type="locator" xlink:href="dst.xsd#dst_BondsAndSimilarDocumentsFinancialAssets" xlink:label="BondsAndSimilarDocumentsFinancialAssets"/>
    <link:label xlink:type="resource" xlink:label="label_BondsAndSimilarDocumentsFinancialAssets" xlink:role="http://www.xbrl.org/2003/role/label" xml:lang="en" id="label_BondsAndSimilarDocumentsFinancialAssets">Bonds and similar documents, financial assets</link:label>
    <link:labelArc xlink:type="arc" xlink:arcrole="http://www.xbrl.org/2003/arcrole/concept-label" xlink:from="BondsAndSimilarDocumentsFinancialAssets" xlink:to="label_BondsAndSimilarDocumentsFinancialAssets" order="10.0"/>
    <link:loc xlink:type="locator" xlink:href="dst.xsd#dst_ClaimsFinancialAssets" xlink:label="ClaimsFinancialAssets"/>
    <link:label xlink:type="resource" xlink:label="label_ClaimsFinancialAssets" xlink:role="http://www.xbrl.org/2003/role/label" xml:lang="en" id="label_ClaimsFinancialAssets">Claims, financial assets</link:label>
    <link:labelArc xlink:type="arc" xlink:arcrole="http://www.xbrl.org/2003/arcrole/concept-label" xlink:from="ClaimsFinancialAssets" xlink:to="label_ClaimsFinancialAssets" order="10.0"/>
    <link:loc xlink:type="locator" xlink:href="dst.xsd#dst_ConstructionAlterationAndImprovementOfRoadsHarboursSquaresAndSimilarAndDevelopmentAndImprovementOfLand" xlink:label="ConstructionAlterationAndImprovementOfRoadsHarboursSquaresAndSimilarAndDevelopmentAndImprovementOfLand"/>
    <link:label xlink:type="resource" xlink:label="label_ConstructionAlterationAndImprovementOfRoadsHarboursSquaresAndSimilarAndDevelopmentAndImprovementOfLand" xlink:role="http://www.xbrl.org/2003/role/label" xml:lang="en" id="label_ConstructionAlterationAndImprovementOfRoadsHarboursSquaresAndSimilarAndDevelopmentAndImprovementOfLand">Construction, alteration and improvement of roads, harbours, squares and similar and development and improvement of land</link:label>
    <link:labelArc xlink:type="arc" xlink:arcrole="http://www.xbrl.org/2003/arcrole/concept-label" xlink:from="ConstructionAlterationAndImprovementOfRoadsHarboursSquaresAndSimilarAndDevelopmentAndImprovementOfLand" xlink:to="label_ConstructionAlterationAndImprovementOfRoadsHarboursSquaresAndSimilarAndDevelopmentAndImprovementOfLand" order="10.0"/>
    <link:loc xlink:type="locator" xlink:href="dst.xsd#dst_ConstructionOfBuildingsExcludingLand" xlink:label="ConstructionOfBuildingsExcludingLand"/>
    <link:label xlink:type="resource" xlink:label="label_ConstructionOfBuildingsExcludingLand" xlink:role="http://www.xbrl.org/2003/role/label" xml:lang="en" id="label_ConstructionOfBuildingsExcludingLand">Construction of buildings excluding land</link:label>
    <link:labelArc xlink:type="arc" xlink:arcrole="http://www.xbrl.org/2003/arcrole/concept-label" xlink:from="ConstructionOfBuildingsExcludingLand" xlink:to="label_ConstructionOfBuildingsExcludingLand" order="10.0"/>
    <link:loc xlink:type="locator" xlink:href="dst.xsd#dst_ContactEmailAddress" xlink:label="ContactEmailAddress"/>
    <link:label xlink:type="resource" xlink:label="label_ContactEmailAddress" xlink:role="http://www.xbrl.org/2003/role/label" xml:lang="en" id="label_ContactEmailAddress">Contact e-mail address</link:label>
    <link:labelArc xlink:type="arc" xlink:arcrole="http://www.xbrl.org/2003/arcrole/concept-label" xlink:from="ContactEmailAddress" xlink:to="label_ContactEmailAddress" order="10.0"/>
    <link:loc xlink:type="locator" xlink:href="dst.xsd#dst_ContactTelephoneNumber" xlink:label="ContactTelephoneNumber"/>
    <link:label xlink:type="resource" xlink:label="label_ContactTelephoneNumber" xlink:role="http://www.xbrl.org/2003/role/label" xml:lang="en" id="label_ContactTelephoneNumber">Contact telephone number</link:label>
    <link:labelArc xlink:type="arc" xlink:arcrole="http://www.xbrl.org/2003/arcrole/concept-label" xlink:from="ContactTelephoneNumber" xlink:to="label_ContactTelephoneNumber" order="10.0"/>
    <link:loc xlink:type="locator" xlink:href="dst.xsd#dst_ContactTelephoneNumberExtension" xlink:label="ContactTelephoneNumberExtension"/>
    <link:label xlink:type="resource" xlink:label="label_ContactTelephoneNumberExtension" xlink:role="http://www.xbrl.org/2003/role/label" xml:lang="en" id="label_ContactTelephoneNumberExtension">Contact telephone number, extension</link:label>
    <link:labelArc xlink:type="arc" xlink:arcrole="http://www.xbrl.org/2003/arcrole/concept-label" xlink:from="ContactTelephoneNumberExtension" xlink:to="label_ContactTelephoneNumberExtension" order="10.0"/>
    <link:loc xlink:type="locator" xlink:href="dst.xsd#dst_CostOfMinorEquipmentAndFixturesNotCapitalised" xlink:label="CostOfMinorEquipmentAndFixturesNotCapitalised"/>
    <link:label xlink:type="resource" xlink:label="label_CostOfMinorEquipmentAndFixturesNotCapitalised" xlink:role="http://www.xbrl.org/2003/role/label" xml:lang="en" id="label_CostOfMinorEquipmentAndFixturesNotCapitalised">Cost of minor equipment and fixtures not capitalised</link:label>
    <link:labelArc xlink:type="arc" xlink:arcrole="http://www.xbrl.org/2003/arcrole/concept-label" xlink:from="CostOfMinorEquipmentAndFixturesNotCapitalised" xlink:to="label_CostOfMinorEquipmentAndFixturesNotCapitalised" order="10.0"/>
    <link:loc xlink:type="locator" xlink:href="dst.xsd#dst_CostOfSubcontractorsAndOtherWorkDoneByOthersNonemployeesOnEntityMaterials" xlink:label="CostOfSubcontractorsAndOtherWorkDoneByOthersNonemployeesOnEntityMaterials"/>
    <link:label xlink:type="resource" xlink:label="label_CostOfSubcontractorsAndOtherWorkDoneByOthersNonemployeesOnEntityMaterials" xlink:role="http://www.xbrl.org/2003/role/label" xml:lang="en" id="label_CostOfSubcontractorsAndOtherWorkDoneByOthersNonemployeesOnEntityMaterials">Cost of subcontractors and other work done by others (non-employees) on entity materials</link:label>
    <link:labelArc xlink:type="arc" xlink:arcrole="http://www.xbrl.org/2003/arcrole/concept-label" xlink:from="CostOfSubcontractorsAndOtherWorkDoneByOthersNonemployeesOnEntityMaterials" xlink:to="label_CostOfSubcontractorsAndOtherWorkDoneByOthersNonemployeesOnEntityMaterials" order="10.0"/>
    <link:loc xlink:type="locator" xlink:href="dst.xsd#dst_DividendsToShareholdersAndSimilarPaymentsToOwners" xlink:label="DividendsToShareholdersAndSimilarPaymentsToOwners"/>
    <link:label xlink:type="resource" xlink:label="label_DividendsToShareholdersAndSimilarPaymentsToOwners" xlink:role="http://www.xbrl.org/2003/role/label" xml:lang="en" id="label_DividendsToShareholdersAndSimilarPaymentsToOwners">Dividends to shareholders and similar payments to owners</link:label>
    <link:labelArc xlink:type="arc" xlink:arcrole="http://www.xbrl.org/2003/arcrole/concept-label" xlink:from="DividendsToShareholdersAndSimilarPaymentsToOwners" xlink:to="label_DividendsToShareholdersAndSimilarPaymentsToOwners" order="10.0"/>
    <link:loc xlink:type="locator" xlink:href="dst.xsd#dst_PurchasedGoodsForResale" xlink:label="PurchasedGoodsForResale"/>
    <link:label xlink:type="resource" xlink:label="label_PurchasedGoodsForResale_3" xlink:role="http://www.xbrl.org/2003/role/periodEndLabel" xml:lang="en" id="label_PurchasedGoodsForResale_3">Purchased goods for resale, ending balance</link:label>
    <link:labelArc xlink:type="arc" xlink:arcrole="http://www.xbrl.org/2003/arcrole/concept-label" xlink:from="PurchasedGoodsForResale" xlink:to="label_PurchasedGoodsForResale_3" order="10.0"/>
    <link:label xlink:type="resource" xlink:label="label_PurchasedGoodsForResale_2" xlink:role="http://www.xbrl.org/2003/role/periodStartLabel" xml:lang="en" id="label_PurchasedGoodsForResale_4">Purchased goods for resale, beginning balance</link:label>
    <link:labelArc xlink:type="arc" xlink:arcrole="http://www.xbrl.org/2003/arcrole/concept-label" xlink:from="PurchasedGoodsForResale" xlink:to="label_PurchasedGoodsForResale_2" order="10.0"/>
    <link:label xlink:type="resource" xlink:label="label_PurchasedGoodsForResale" xlink:role="http://www.xbrl.org/2003/role/label" xml:lang="en" id="label_PurchasedGoodsForResale_5">Purchased goods for resale</link:label>
    <link:labelArc xlink:type="arc" xlink:arcrole="http://www.xbrl.org/2003/arcrole/concept-label" xlink:from="PurchasedGoodsForResale" xlink:to="label_PurchasedGoodsForResale" order="10.0"/>
    <link:loc xlink:type="locator" xlink:href="dst.xsd#dst_IncomeFromParticipatingInterests" xlink:label="IncomeFromParticipatingInterests"/>
    <link:label xlink:type="resource" xlink:label="label_IncomeFromParticipatingInterests" xlink:role="http://www.xbrl.org/2003/role/label" xml:lang="en" id="label_IncomeFromParticipatingInterests">Income from participating interests and dividends received on other non-current financial assets</link:label>
    <link:labelArc xlink:type="arc" xlink:arcrole="http://www.xbrl.org/2003/arcrole/concept-label" xlink:from="IncomeFromParticipatingInterests" xlink:to="label_IncomeFromParticipatingInterests" order="10.0"/>
    <link:loc xlink:type="locator" xlink:href="dst.xsd#dst_InformationForStatisticsDenmarkAbstract" xlink:label="InformationForStatisticsDenmarkAbstract"/>
    <link:label xlink:type="resource" xlink:label="label_InformationForStatisticsDenmarkAbstract" xlink:role="http://www.xbrl.org/2003/role/label" xml:lang="en" id="label_InformationForStatisticsDenmarkAbstract">Information for Statistics Denmark</link:label>
    <link:labelArc xlink:type="arc" xlink:arcrole="http://www.xbrl.org/2003/arcrole/concept-label" xlink:from="InformationForStatisticsDenmarkAbstract" xlink:to="label_InformationForStatisticsDenmarkAbstract" order="10.0"/>
    <link:loc xlink:type="locator" xlink:href="dst.xsd#dst_InterestPayableAndSimilarCharges" xlink:label="InterestPayableAndSimilarCharges"/>
    <link:label xlink:type="resource" xlink:label="label_InterestPayableAndSimilarCharges" xlink:role="http://www.xbrl.org/2003/role/label" xml:lang="en" id="label_InterestPayableAndSimilarCharges">Interest payable and similar charges</link:label>
    <link:labelArc xlink:type="arc" xlink:arcrole="http://www.xbrl.org/2003/arcrole/concept-label" xlink:from="InterestPayableAndSimilarCharges" xlink:to="label_InterestPayableAndSimilarCharges" order="10.0"/>
    <link:loc xlink:type="locator" xlink:href="dst.xsd#dst_InterestReceivedOnNoncurrentFinancialAssetsAndCurrentAssets" xlink:label="InterestReceivedOnNoncurrentFinancialAssets"/>
    <link:label xlink:type="resource" xlink:label="label_InterestReceivedOnNoncurrentFinancialAssets" xlink:role="http://www.xbrl.org/2003/role/label" xml:lang="en" id="label_InterestReceivedOnNoncurrentFinancialAssets">Interest received on non-current financial assets and current assets</link:label>
    <link:labelArc xlink:type="arc" xlink:arcrole="http://www.xbrl.org/2003/arcrole/concept-label" xlink:from="InterestReceivedOnNoncurrentFinancialAssets" xlink:to="label_InterestReceivedOnNoncurrentFinancialAssets" order="10.0"/>
    <link:loc xlink:type="locator" xlink:href="dst.xsd#dst_ManufacturedGoods" xlink:label="ManufacturedGoods"/>
    <link:label xlink:type="resource" xlink:label="label_ManufacturedGoods" xlink:role="http://www.xbrl.org/2003/role/label" xml:lang="en" id="label_ManufacturedGoods">Manufactured goods</link:label>
    <link:labelArc xlink:type="arc" xlink:arcrole="http://www.xbrl.org/2003/arcrole/concept-label" xlink:from="ManufacturedGoods" xlink:to="label_ManufacturedGoods" order="10.0"/>
    <link:label xlink:type="resource" xlink:label="label_ManufacturedGoods_2" xlink:role="http://www.xbrl.org/2003/role/periodStartLabel" xml:lang="en" id="label_ManufacturedGoods_2">Manufactured goods, beginning balance</link:label>
    <link:labelArc xlink:type="arc" xlink:arcrole="http://www.xbrl.org/2003/arcrole/concept-label" xlink:from="ManufacturedGoods" xlink:to="label_ManufacturedGoods_2" order="10.0"/>
    <link:label xlink:type="resource" xlink:label="label_ManufacturedGoods_3" xlink:role="http://www.xbrl.org/2003/role/periodEndLabel" xml:lang="en" id="label_ManufacturedGoods_3">Manufactured goods, ending balance</link:label>
    <link:labelArc xlink:type="arc" xlink:arcrole="http://www.xbrl.org/2003/arcrole/concept-label" xlink:from="ManufacturedGoods" xlink:to="label_ManufacturedGoods_3" order="10.0"/>
    <link:loc xlink:type="locator" xlink:href="dst.xsd#dst_NameAndSurnameOfContactPerson" xlink:label="NameAndSurnameOfContactPerson"/>
    <link:label xlink:type="resource" xlink:label="label_NameAndSurnameOfContactPerson" xlink:role="http://www.xbrl.org/2003/role/label" xml:lang="en" id="label_NameAndSurnameOfContactPerson">Name and surname of contact person</link:label>
    <link:labelArc xlink:type="arc" xlink:arcrole="http://www.xbrl.org/2003/arcrole/concept-label" xlink:from="NameAndSurnameOfContactPerson" xlink:to="label_NameAndSurnameOfContactPerson" order="10.0"/>
    <link:loc xlink:type="locator" xlink:href="dst.xsd#dst_OtherExternalChargesExcludingSecondary" xlink:label="OtherExternalChargesExcludingSecondary"/>
    <link:label xlink:type="resource" xlink:label="label_OtherExternalChargesExcludingSecondary" xlink:role="http://www.xbrl.org/2003/role/label" xml:lang="en" id="label_OtherExternalChargesExcludingSecondary">Other external charges excluding secondary</link:label>
    <link:labelArc xlink:type="arc" xlink:arcrole="http://www.xbrl.org/2003/arcrole/concept-label" xlink:from="OtherExternalChargesExcludingSecondary" xlink:to="label_OtherExternalChargesExcludingSecondary" order="10.0"/>
    <link:loc xlink:type="locator" xlink:href="dst.xsd#dst_OtherOperatingChargesOfNontradingType" xlink:label="OtherOperatingChargesOfNontradingType"/>
    <link:label xlink:type="resource" xlink:label="label_OtherOperatingChargesOfNontradingType" xlink:role="http://www.xbrl.org/2003/role/label" xml:lang="en" id="label_OtherOperatingChargesOfNontradingType">Other operating charges of non-trading type</link:label>
    <link:labelArc xlink:type="arc" xlink:arcrole="http://www.xbrl.org/2003/arcrole/concept-label" xlink:from="OtherOperatingChargesOfNontradingType" xlink:to="label_OtherOperatingChargesOfNontradingType" order="10.0"/>
    <link:loc xlink:type="locator" xlink:href="dst.xsd#dst_PaymentsForLongtermRentalAndOperationalLeasingOfGoods" xlink:label="PaymentsForLongtermRentalAndOperationalLeasingOfGoods"/>
    <link:label xlink:type="resource" xlink:label="label_PaymentsForLongtermRentalAndOperationalLeasingOfGoods" xlink:role="http://www.xbrl.org/2003/role/label" xml:lang="en" id="label_PaymentsForLongtermRentalAndOperationalLeasingOfGoods">Payments for long-term rental and operational leasing of goods</link:label>
    <link:labelArc xlink:type="arc" xlink:arcrole="http://www.xbrl.org/2003/arcrole/concept-label" xlink:from="PaymentsForLongtermRentalAndOperationalLeasingOfGoods" xlink:to="label_PaymentsForLongtermRentalAndOperationalLeasingOfGoods" order="10.0"/>
    <link:loc xlink:type="locator" xlink:href="dst.xsd#dst_PaymentsForTemporaryWorkersProvidedFromAnotherEnterprise" xlink:label="PaymentsForTemporaryWorkersProvidedFromAnotherEnterprise"/>
    <link:label xlink:type="resource" xlink:label="label_PaymentsForTemporaryWorkersProvidedFromAnotherEnterprise" xlink:role="http://www.xbrl.org/2003/role/label" xml:lang="en" id="label_PaymentsForTemporaryWorkersProvidedFromAnotherEnterprise">Payments for temporary workers provided from another enterprise</link:label>
    <link:labelArc xlink:type="arc" xlink:arcrole="http://www.xbrl.org/2003/arcrole/concept-label" xlink:from="PaymentsForTemporaryWorkersProvidedFromAnotherEnterprise" xlink:to="label_PaymentsForTemporaryWorkersProvidedFromAnotherEnterprise" order="10.0"/>
    <link:loc xlink:type="locator" xlink:href="dst.xsd#dst_ProfitRetainedLossSustained" xlink:label="ProfitRetainedLossSustained"/>
    <link:label xlink:type="resource" xlink:label="label_ProfitRetainedLossSustained" xlink:role="http://www.xbrl.org/2003/role/label" xml:lang="en" id="label_ProfitRetainedLossSustained">Profit retained (loss sustained)</link:label>
    <link:labelArc xlink:type="arc" xlink:arcrole="http://www.xbrl.org/2003/arcrole/concept-label" xlink:from="ProfitRetainedLossSustained" xlink:to="label_ProfitRetainedLossSustained" order="10.0"/>
    <link:loc xlink:type="locator" xlink:href="dst.xsd#dst_PurchaseOfBuildingsIncludingLand" xlink:label="PurchaseOfBuildingsIncludingLand"/>
    <link:label xlink:type="resource" xlink:label="label_PurchaseOfBuildingsIncludingLand" xlink:role="http://www.xbrl.org/2003/role/label" xml:lang="en" id="label_PurchaseOfBuildingsIncludingLand">Purchase of buildings including land</link:label>
    <link:labelArc xlink:type="arc" xlink:arcrole="http://www.xbrl.org/2003/arcrole/concept-label" xlink:from="PurchaseOfBuildingsIncludingLand" xlink:to="label_PurchaseOfBuildingsIncludingLand" order="10.0"/>
    <link:loc xlink:type="locator" xlink:href="dst.xsd#dst_PurchaseOfLandNotBuiltUpon" xlink:label="PurchaseOfLandNotBuiltUpon"/>
    <link:label xlink:type="resource" xlink:label="label_PurchaseOfLandNotBuiltUpon" xlink:role="http://www.xbrl.org/2003/role/label" xml:lang="en" id="label_PurchaseOfLandNotBuiltUpon">Purchase of land not built upon</link:label>
    <link:labelArc xlink:type="arc" xlink:arcrole="http://www.xbrl.org/2003/arcrole/concept-label" xlink:from="PurchaseOfLandNotBuiltUpon" xlink:to="label_PurchaseOfLandNotBuiltUpon" order="10.0"/>
    <link:loc xlink:type="locator" xlink:href="dst.xsd#dst_CostOfRawMaterialsConsumablesAndPackagingMaterials" xlink:label="PurchaseOfRawMaterialsConsumablesAndPackagingMaterials"/>
    <link:label xlink:type="resource" xlink:label="label_PurchaseOfRawMaterialsConsumablesAndPackagingMaterials" xlink:role="http://www.xbrl.org/2003/role/label" xml:lang="en" id="label_PurchaseOfRawMaterialsConsumablesAndPackagingMaterials">Cost of raw materials, consumables and packaging materials</link:label>
    <link:labelArc xlink:type="arc" xlink:arcrole="http://www.xbrl.org/2003/arcrole/concept-label" xlink:from="PurchaseOfRawMaterialsConsumablesAndPackagingMaterials" xlink:to="label_PurchaseOfRawMaterialsConsumablesAndPackagingMaterials" order="10.0"/>
    <link:loc xlink:type="locator" xlink:href="dst.xsd#dst_RentPaidExcludingHeatingBill" xlink:label="RentPaidExcludingHeatingBill"/>
    <link:label xlink:type="resource" xlink:label="label_RentPaidExcludingHeatingBill" xlink:role="http://www.xbrl.org/2003/role/label" xml:lang="en" id="label_RentPaidExcludingHeatingBill">Rent paid excluding heating bill</link:label>
    <link:labelArc xlink:type="arc" xlink:arcrole="http://www.xbrl.org/2003/arcrole/concept-label" xlink:from="RentPaidExcludingHeatingBill" xlink:to="label_RentPaidExcludingHeatingBill" order="10.0"/>
    <link:loc xlink:type="locator" xlink:href="dst.xsd#dst_RequestForFreeCopyOfStatisticsInReturnForHelp" xlink:label="RequestForFreeCopyOfStatisticsInReturnForHelp"/>
    <link:label xlink:type="resource" xlink:label="label_RequestForFreeCopyOfStatisticsInReturnForHelp" xlink:role="http://www.xbrl.org/2003/role/label" xml:lang="en" id="label_RequestForFreeCopyOfStatisticsInReturnForHelp">Request for free copy of statistics in return for help</link:label>
    <link:labelArc xlink:type="arc" xlink:arcrole="http://www.xbrl.org/2003/arcrole/concept-label" xlink:from="RequestForFreeCopyOfStatisticsInReturnForHelp" xlink:to="label_RequestForFreeCopyOfStatisticsInReturnForHelp" order="10.0"/>
    <link:loc xlink:type="locator" xlink:href="dst.xsd#dst_SharesAndOtherOwnershipCertificatesFinancialAssets" xlink:label="SharesAndOtherOwnershipCertificatesFinancialAssets"/>
    <link:label xlink:type="resource" xlink:label="label_SharesAndOtherOwnershipCertificatesFinancialAssets" xlink:role="http://www.xbrl.org/2003/role/label" xml:lang="en" id="label_SharesAndOtherOwnershipCertificatesFinancialAssets">Shares and other ownership certificates, financial assets</link:label>
    <link:labelArc xlink:type="arc" xlink:arcrole="http://www.xbrl.org/2003/arcrole/concept-label" xlink:from="SharesAndOtherOwnershipCertificatesFinancialAssets" xlink:to="label_SharesAndOtherOwnershipCertificatesFinancialAssets" order="10.0"/>
    <link:loc xlink:type="locator" xlink:href="dst.xsd#dst_SharesAndOwnershipCertificatesCurrentAssets" xlink:label="SharesAndOwnershipCertificatesCurrentAssets"/>
    <link:label xlink:type="resource" xlink:label="label_SharesAndOwnershipCertificatesCurrentAssets" xlink:role="http://www.xbrl.org/2003/role/label" xml:lang="en" id="label_SharesAndOwnershipCertificatesCurrentAssets">Shares and ownership certificates, current assets</link:label>
    <link:labelArc xlink:type="arc" xlink:arcrole="http://www.xbrl.org/2003/arcrole/concept-label" xlink:from="SharesAndOwnershipCertificatesCurrentAssets" xlink:to="label_SharesAndOwnershipCertificatesCurrentAssets" order="10.0"/>
    <link:loc xlink:type="locator" xlink:href="dst.xsd#dst_TurnoverFormPurchasedGoodsForResale" xlink:label="TurnoverFormPurchasedGoodsForResale"/>
    <link:label xlink:type="resource" xlink:label="label_TurnoverFormPurchasedGoodsForResale" xlink:role="http://www.xbrl.org/2003/role/label" xml:lang="en" id="label_TurnoverFormPurchasedGoodsForResale">Turnover form purchased goods for resale</link:label>
    <link:labelArc xlink:type="arc" xlink:arcrole="http://www.xbrl.org/2003/arcrole/concept-label" xlink:from="TurnoverFormPurchasedGoodsForResale" xlink:to="label_TurnoverFormPurchasedGoodsForResale" order="10.0"/>
    <link:loc xlink:type="locator" xlink:href="dst.xsd#dst_TurnoverFromEntityProduction" xlink:label="TurnoverFromEntityProduction"/>
    <link:label xlink:type="resource" xlink:label="label_TurnoverFromEntityProduction" xlink:role="http://www.xbrl.org/2003/role/label" xml:lang="en" id="label_TurnoverFromEntityProduction">Turnover from entity production</link:label>
    <link:labelArc xlink:type="arc" xlink:arcrole="http://www.xbrl.org/2003/arcrole/concept-label" xlink:from="TurnoverFromEntityProduction" xlink:to="label_TurnoverFromEntityProduction" order="10.0"/>
    <link:loc xlink:type="locator" xlink:href="dst.xsd#dst_IncomeStatementAbstract" xlink:label="IncomeStatementAbstract"/>
    <link:label xlink:type="resource" xlink:label="label_IncomeStatementAbstract_2" xlink:role="http://www.xbrl.org/2003/role/label" xml:lang="en" id="label_IncomeStatementAbstract_2">Income statement</link:label>
    <link:labelArc xlink:type="arc" xlink:arcrole="http://www.xbrl.org/2003/arcrole/concept-label" xlink:from="IncomeStatementAbstract" xlink:to="label_IncomeStatementAbstract_2" order="10.0"/>
    <link:loc xlink:type="locator" xlink:href="dst.xsd#dst_FeedbackAbstract" xlink:label="FeedbackAbstract"/>
    <link:label xlink:type="resource" xlink:label="label_FeedbackAbstract_2" xlink:role="http://www.xbrl.org/2003/role/label" xml:lang="en" id="label_FeedbackAbstract_2">Feedback</link:label>
    <link:labelArc xlink:type="arc" xlink:arcrole="http://www.xbrl.org/2003/arcrole/concept-label" xlink:from="FeedbackAbstract" xlink:to="label_FeedbackAbstract_2" order="10.0"/>
    <link:loc xlink:type="locator" xlink:href="dst.xsd#dst_FinancialItemsAbstract" xlink:label="FinancialItemsAbstract"/>
    <link:label xlink:type="resource" xlink:label="label_FinancialItemsAbstract_2" xlink:role="http://www.xbrl.org/2003/role/label" xml:lang="en" id="label_FinancialItemsAbstract_2">Financial items</link:label>
    <link:labelArc xlink:type="arc" xlink:arcrole="http://www.xbrl.org/2003/arcrole/concept-label" xlink:from="FinancialItemsAbstract" xlink:to="label_FinancialItemsAbstract_2" order="10.0"/>
    <link:loc xlink:type="locator" xlink:href="dst.xsd#dst_ExtraordinaryItemsAbstract" xlink:label="ExtraordinaryItemsAbstract"/>
    <link:label xlink:type="resource" xlink:label="label_ExtraordinaryItemsAbstract_2" xlink:role="http://www.xbrl.org/2003/role/label" xml:lang="en" id="label_ExtraordinaryItemsAbstract_2">Extraordinary items</link:label>
    <link:labelArc xlink:type="arc" xlink:arcrole="http://www.xbrl.org/2003/arcrole/concept-label" xlink:from="ExtraordinaryItemsAbstract" xlink:to="label_ExtraordinaryItemsAbstract_2" order="10.0"/>
    <link:loc xlink:type="locator" xlink:href="dst.xsd#dst_TaxesAbstract" xlink:label="TaxesAbstract"/>
    <link:label xlink:type="resource" xlink:label="label_TaxesAbstract_2" xlink:role="http://www.xbrl.org/2003/role/label" xml:lang="en" id="label_TaxesAbstract_2">Taxes</link:label>
    <link:labelArc xlink:type="arc" xlink:arcrole="http://www.xbrl.org/2003/arcrole/concept-label" xlink:from="TaxesAbstract" xlink:to="label_TaxesAbstract_2" order="10.0"/>
    <link:loc xlink:type="locator" xlink:href="dst.xsd#dst_AppropriationOfProfitOrTreatmentOfLossAbstract" xlink:label="AppropriationOfProfitOrTreatmentOfLossAbstract"/>
    <link:label xlink:type="resource" xlink:label="label_AppropriationOfProfitOrTreatmentOfLossAbstract_2" xlink:role="http://www.xbrl.org/2003/role/label" xml:lang="en" id="label_AppropriationOfProfitOrTreatmentOfLossAbstract_2">Appropriation of profit or treatment of loss</link:label>
    <link:labelArc xlink:type="arc" xlink:arcrole="http://www.xbrl.org/2003/arcrole/concept-label" xlink:from="AppropriationOfProfitOrTreatmentOfLossAbstract" xlink:to="label_AppropriationOfProfitOrTreatmentOfLossAbstract_2" order="10.0"/>
    <link:loc xlink:type="locator" xlink:href="dst.xsd#dst_SharesBondsAndCash" xlink:label="SharesBondsAndCash"/>
    <link:label xlink:type="resource" xlink:label="label_SharesBondsAndCash_2" xlink:role="http://www.xbrl.org/2003/role/totalLabel" xml:lang="en" id="label_SharesBondsAndCash_2">Total shares, bonds and cash</link:label>
    <link:labelArc xlink:type="arc" xlink:arcrole="http://www.xbrl.org/2003/arcrole/concept-label" xlink:from="SharesBondsAndCash" xlink:to="label_SharesBondsAndCash_2" order="10.0"/>
    <link:label xlink:type="resource" xlink:label="label_SharesBondsAndCash_4" xlink:role="http://www.xbrl.org/2003/role/label" xml:lang="en" id="label_SharesBondsAndCash_4">Shares, bonds and cash</link:label>
    <link:labelArc xlink:type="arc" xlink:arcrole="http://www.xbrl.org/2003/arcrole/concept-label" xlink:from="SharesBondsAndCash" xlink:to="label_SharesBondsAndCash_4" order="10.0"/>
    <link:loc xlink:type="locator" xlink:href="dst.xsd#dst_OtherLongtermDebts" xlink:label="OtherLongtermDebts"/>
    <link:label xlink:type="resource" xlink:label="label_OtherLongtermDebts_2" xlink:role="http://www.xbrl.org/2003/role/label" xml:lang="en" id="label_OtherLongtermDebts_2">Other long-term debts</link:label>
    <link:labelArc xlink:type="arc" xlink:arcrole="http://www.xbrl.org/2003/arcrole/concept-label" xlink:from="OtherLongtermDebts" xlink:to="label_OtherLongtermDebts_2" order="10.0"/>
    <link:loc xlink:type="locator" xlink:href="dst.xsd#dst_OtherShorttermDebts" xlink:label="OtherShorttermDebts"/>
    <link:label xlink:type="resource" xlink:label="label_OtherShorttermDebts_2" xlink:role="http://www.xbrl.org/2003/role/label" xml:lang="en" id="label_OtherShorttermDebts_2">Other short-term debts</link:label>
    <link:labelArc xlink:type="arc" xlink:arcrole="http://www.xbrl.org/2003/arcrole/concept-label" xlink:from="OtherShorttermDebts" xlink:to="label_OtherShorttermDebts_2" order="10.0"/>
    <link:loc xlink:type="locator" xlink:href="dst.xsd#dst_BalanceSheetAbstract" xlink:label="BalanceSheetAbstract"/>
    <link:label xlink:type="resource" xlink:label="label_BalanceSheetAbstract" xlink:role="http://www.xbrl.org/2003/role/label" xml:lang="en" id="label_BalanceSheetAbstract">Balance sheet</link:label>
    <link:labelArc xlink:type="arc" xlink:arcrole="http://www.xbrl.org/2003/arcrole/concept-label" xlink:from="BalanceSheetAbstract" xlink:to="label_BalanceSheetAbstract" order="10.0"/>
    <link:loc xlink:type="locator" xlink:href="dst.xsd#dst_AssetsAbstract" xlink:label="AssetsAbstract"/>
    <link:label xlink:type="resource" xlink:label="label_AssetsAbstract" xlink:role="http://www.xbrl.org/2003/role/label" xml:lang="en" id="label_AssetsAbstract">Assets</link:label>
    <link:labelArc xlink:type="arc" xlink:arcrole="http://www.xbrl.org/2003/arcrole/concept-label" xlink:from="AssetsAbstract" xlink:to="label_AssetsAbstract" order="10.0"/>
    <link:loc xlink:type="locator" xlink:href="dst.xsd#dst_FixedAssetsAbstract" xlink:label="FixedAssetsAbstract"/>
    <link:label xlink:type="resource" xlink:label="label_FixedAssetsAbstract" xlink:role="http://www.xbrl.org/2003/role/label" xml:lang="en" id="label_FixedAssetsAbstract">Fixed assets</link:label>
    <link:labelArc xlink:type="arc" xlink:arcrole="http://www.xbrl.org/2003/arcrole/concept-label" xlink:from="FixedAssetsAbstract" xlink:to="label_FixedAssetsAbstract" order="10.0"/>
    <link:loc xlink:type="locator" xlink:href="dst.xsd#dst_TangibleFixedAssetsAbstract" xlink:label="TangibleFixedAssetsAbstract"/>
    <link:label xlink:type="resource" xlink:label="label_TangibleFixedAssetsAbstract" xlink:role="http://www.xbrl.org/2003/role/label" xml:lang="en" id="label_TangibleFixedAssetsAbstract">Tangible fixed assets</link:label>
    <link:labelArc xlink:type="arc" xlink:arcrole="http://www.xbrl.org/2003/arcrole/concept-label" xlink:from="TangibleFixedAssetsAbstract" xlink:to="label_TangibleFixedAssetsAbstract" order="10.0"/>
    <link:loc xlink:type="locator" xlink:href="dst.xsd#dst_FinancialFixedAssetsAbstract" xlink:label="FinancialFixedAssetsAbstract"/>
    <link:label xlink:type="resource" xlink:label="label_FinancialFixedAssetsAbstract" xlink:role="http://www.xbrl.org/2003/role/label" xml:lang="en" id="label_FinancialFixedAssetsAbstract">Financial fixed assets</link:label>
    <link:labelArc xlink:type="arc" xlink:arcrole="http://www.xbrl.org/2003/arcrole/concept-label" xlink:from="FinancialFixedAssetsAbstract" xlink:to="label_FinancialFixedAssetsAbstract" order="10.0"/>
    <link:loc xlink:type="locator" xlink:href="dst.xsd#dst_CurrentAssetsAbstract" xlink:label="CurrentAssetsAbstract"/>
    <link:label xlink:type="resource" xlink:label="label_CurrentAssetsAbstract" xlink:role="http://www.xbrl.org/2003/role/label" xml:lang="en" id="label_CurrentAssetsAbstract">Current assets</link:label>
    <link:labelArc xlink:type="arc" xlink:arcrole="http://www.xbrl.org/2003/arcrole/concept-label" xlink:from="CurrentAssetsAbstract" xlink:to="label_CurrentAssetsAbstract" order="10.0"/>
    <link:loc xlink:type="locator" xlink:href="dst.xsd#dst_StocksAbstract" xlink:label="StocksAbstract"/>
    <link:label xlink:type="resource" xlink:label="label_StocksAbstract" xlink:role="http://www.xbrl.org/2003/role/label" xml:lang="en" id="label_StocksAbstract">Stocks</link:label>
    <link:labelArc xlink:type="arc" xlink:arcrole="http://www.xbrl.org/2003/arcrole/concept-label" xlink:from="StocksAbstract" xlink:to="label_StocksAbstract" order="10.0"/>
    <link:loc xlink:type="locator" xlink:href="dst.xsd#dst_DebtsReceivableAbstract" xlink:label="DebtsReceivableAbstract"/>
    <link:label xlink:type="resource" xlink:label="label_DebtsReceivableAbstract" xlink:role="http://www.xbrl.org/2003/role/label" xml:lang="en" id="label_DebtsReceivableAbstract">Debts receivable</link:label>
    <link:labelArc xlink:type="arc" xlink:arcrole="http://www.xbrl.org/2003/arcrole/concept-label" xlink:from="DebtsReceivableAbstract" xlink:to="label_DebtsReceivableAbstract" order="10.0"/>
    <link:loc xlink:type="locator" xlink:href="dst.xsd#dst_SharesBondsAndCashAbstract" xlink:label="SharesBondsAndCashAbstract"/>
    <link:label xlink:type="resource" xlink:label="label_SharesBondsAndCashAbstract" xlink:role="http://www.xbrl.org/2003/role/label" xml:lang="en" id="label_SharesBondsAndCashAbstract">Shares, bonds and cash</link:label>
    <link:labelArc xlink:type="arc" xlink:arcrole="http://www.xbrl.org/2003/arcrole/concept-label" xlink:from="SharesBondsAndCashAbstract" xlink:to="label_SharesBondsAndCashAbstract" order="10.0"/>
    <link:loc xlink:type="locator" xlink:href="dst.xsd#dst_LiabilitiesAbstract" xlink:label="LiabilitiesAbstract"/>
    <link:label xlink:type="resource" xlink:label="label_LiabilitiesAbstract" xlink:role="http://www.xbrl.org/2003/role/label" xml:lang="en" id="label_LiabilitiesAbstract">Liabilities and equity</link:label>
    <link:labelArc xlink:type="arc" xlink:arcrole="http://www.xbrl.org/2003/arcrole/concept-label" xlink:from="LiabilitiesAbstract" xlink:to="label_LiabilitiesAbstract" order="10.0"/>
    <link:loc xlink:type="locator" xlink:href="dst.xsd#dst_InvestmentDuringTheYearAbstract" xlink:label="InvestmentDuringTheYearAbstract"/>
    <link:label xlink:type="resource" xlink:label="label_InvestmentDuringTheYearAbstract" xlink:role="http://www.xbrl.org/2003/role/label" xml:lang="en" id="label_InvestmentDuringTheYearAbstract">Investment during the year</link:label>
    <link:labelArc xlink:type="arc" xlink:arcrole="http://www.xbrl.org/2003/arcrole/concept-label" xlink:from="InvestmentDuringTheYearAbstract" xlink:to="label_InvestmentDuringTheYearAbstract" order="10.0"/>
    <link:loc xlink:type="locator" xlink:href="dst.xsd#dst_IncreaseAbstract" xlink:label="IncreaseAbstract"/>
    <link:label xlink:type="resource" xlink:label="label_IncreaseAbstract" xlink:role="http://www.xbrl.org/2003/role/label" xml:lang="en" id="label_IncreaseAbstract">Increase</link:label>
    <link:labelArc xlink:type="arc" xlink:arcrole="http://www.xbrl.org/2003/arcrole/concept-label" xlink:from="IncreaseAbstract" xlink:to="label_IncreaseAbstract" order="10.0"/>
    <link:loc xlink:type="locator" xlink:href="dst.xsd#dst_IncreaseOfRealEstateAbstract" xlink:label="IncreaseOfRealEstateAbstract"/>
    <link:label xlink:type="resource" xlink:label="label_IncreaseOfRealEstateAbstract_2" xlink:role="http://www.xbrl.org/2003/role/label" xml:lang="en" id="label_IncreaseOfRealEstateAbstract_2">Increase of real estate</link:label>
    <link:labelArc xlink:type="arc" xlink:arcrole="http://www.xbrl.org/2003/arcrole/concept-label" xlink:from="IncreaseOfRealEstateAbstract" xlink:to="label_IncreaseOfRealEstateAbstract_2" order="10.0"/>
    <link:loc xlink:type="locator" xlink:href="dst.xsd#dst_IncreaseOfMachineryPlantAndEquipmentAbstract" xlink:label="IncreaseOfMachineryPlantAndEquipmentAbstract"/>
    <link:label xlink:type="resource" xlink:label="label_IncreaseOfMachineryPlantAndEquipmentAbstract_2" xlink:role="http://www.xbrl.org/2003/role/label" xml:lang="en" id="label_IncreaseOfMachineryPlantAndEquipmentAbstract_2">Increase of machinery, plant and equipment</link:label>
    <link:labelArc xlink:type="arc" xlink:arcrole="http://www.xbrl.org/2003/arcrole/concept-label" xlink:from="IncreaseOfMachineryPlantAndEquipmentAbstract" xlink:to="label_IncreaseOfMachineryPlantAndEquipmentAbstract_2" order="10.0"/>
    <link:loc xlink:type="locator" xlink:href="dst.xsd#dst_DecreaseAbstract" xlink:label="DecreaseAbstract"/>
    <link:label xlink:type="resource" xlink:label="label_DecreaseAbstract" xlink:role="http://www.xbrl.org/2003/role/label" xml:lang="en" id="label_DecreaseAbstract">Decrease</link:label>
    <link:labelArc xlink:type="arc" xlink:arcrole="http://www.xbrl.org/2003/arcrole/concept-label" xlink:from="DecreaseAbstract" xlink:to="label_DecreaseAbstract" order="10.0"/>
    <link:loc xlink:type="locator" xlink:href="dst.xsd#dst_DecreaseOfRealEstateAbstract" xlink:label="DecreaseOfRealEstateAbstract"/>
    <link:label xlink:type="resource" xlink:label="label_DecreaseOfRealEstateAbstract_2" xlink:role="http://www.xbrl.org/2003/role/label" xml:lang="en" id="label_DecreaseOfRealEstateAbstract_2">Decrease of real estate</link:label>
    <link:labelArc xlink:type="arc" xlink:arcrole="http://www.xbrl.org/2003/arcrole/concept-label" xlink:from="DecreaseOfRealEstateAbstract" xlink:to="label_DecreaseOfRealEstateAbstract_2" order="10.0"/>
    <link:loc xlink:type="locator" xlink:href="dst.xsd#dst_DecreaseOfMachineryPlantAndEquipmentAbstract" xlink:label="DecreaseOfMachineryPlantAndEquipmentAbstract"/>
    <link:label xlink:type="resource" xlink:label="label_DecreaseOfMachineryPlantAndEquipmentAbstract_2" xlink:role="http://www.xbrl.org/2003/role/label" xml:lang="en" id="label_DecreaseOfMachineryPlantAndEquipmentAbstract_2">Decrease of machinery, plant and equipment</link:label>
    <link:labelArc xlink:type="arc" xlink:arcrole="http://www.xbrl.org/2003/arcrole/concept-label" xlink:from="DecreaseOfMachineryPlantAndEquipmentAbstract" xlink:to="label_DecreaseOfMachineryPlantAndEquipmentAbstract_2" order="10.0"/>
    <link:loc xlink:type="locator" xlink:href="dst.xsd#dst_IncreaseOfRealEstate" xlink:label="IncreaseOfRealEstate"/>
    <link:label xlink:type="resource" xlink:label="label_IncreaseOfRealEstate_2" xlink:role="http://www.xbrl.org/2003/role/label" xml:lang="en" id="label_IncreaseOfRealEstate_2">Increase of real estate</link:label>
    <link:labelArc xlink:type="arc" xlink:arcrole="http://www.xbrl.org/2003/arcrole/concept-label" xlink:from="IncreaseOfRealEstate" xlink:to="label_IncreaseOfRealEstate_2" order="10.0"/>
    <link:label xlink:type="resource" xlink:label="label_IncreaseOfRealEstate_3" xlink:role="http://www.xbrl.org/2003/role/totalLabel" xml:lang="en" id="label_IncreaseOfRealEstate_3">Total increase of real estate</link:label>
    <link:labelArc xlink:type="arc" xlink:arcrole="http://www.xbrl.org/2003/arcrole/concept-label" xlink:from="IncreaseOfRealEstate" xlink:to="label_IncreaseOfRealEstate_3" order="10.0"/>
    <link:loc xlink:type="locator" xlink:href="dst.xsd#dst_IncreaseOfMachineryPlantAndEquipment" xlink:label="IncreaseOfMachineryPlantAndEquipment"/>
    <link:label xlink:type="resource" xlink:label="label_IncreaseOfMachineryPlantAndEquipment_2" xlink:role="http://www.xbrl.org/2003/role/totalLabel" xml:lang="en" id="label_IncreaseOfMachineryPlantAndEquipment_2">Total increase of machinery, plant and equipment</link:label>
    <link:labelArc xlink:type="arc" xlink:arcrole="http://www.xbrl.org/2003/arcrole/concept-label" xlink:from="IncreaseOfMachineryPlantAndEquipment" xlink:to="label_IncreaseOfMachineryPlantAndEquipment_2" order="10.0"/>
    <link:label xlink:type="resource" xlink:label="label_IncreaseOfMachineryPlantAndEquipment_4" xlink:role="http://www.xbrl.org/2003/role/label" xml:lang="en" id="label_IncreaseOfMachineryPlantAndEquipment_4">Increase of machinery, plant and equipment</link:label>
    <link:labelArc xlink:type="arc" xlink:arcrole="http://www.xbrl.org/2003/arcrole/concept-label" xlink:from="IncreaseOfMachineryPlantAndEquipment" xlink:to="label_IncreaseOfMachineryPlantAndEquipment_4" order="10.0"/>
    <link:loc xlink:type="locator" xlink:href="dst.xsd#dst_DecreaseOfIntangibleAssets" xlink:label="DecreaseOfIntangibleAssets"/>
    <link:label xlink:type="resource" xlink:label="label_DecreaseOfIntangibleAssets_2" xlink:role="http://www.xbrl.org/2003/role/label" xml:lang="en" id="label_DecreaseOfIntangibleAssets_2">Decrease of intangible assets</link:label>
    <link:labelArc xlink:type="arc" xlink:arcrole="http://www.xbrl.org/2003/arcrole/concept-label" xlink:from="DecreaseOfIntangibleAssets" xlink:to="label_DecreaseOfIntangibleAssets_2" order="10.0"/>
    <link:loc xlink:type="locator" xlink:href="dst.xsd#dst_PurchaseOfSoftware" xlink:label="copyOfPurchaseOfBuildingsIncludingLand" xlink:title="copyOfPurchaseOfBuildingsIncludingLand"/>
    <link:label xlink:type="resource" xlink:label="label_copyOfPurchaseOfBuildingsIncludingLand_2" xlink:role="http://www.xbrl.org/2003/role/label" xlink:title="label_copyOfPurchaseOfBuildingsIncludingLand" xml:lang="en" id="label_copyOfPurchaseOfBuildingsIncludingLand_2">Purchase of software</link:label>
    <link:labelArc xlink:type="arc" xlink:arcrole="http://www.xbrl.org/2003/arcrole/concept-label" xlink:from="copyOfPurchaseOfBuildingsIncludingLand" xlink:to="label_copyOfPurchaseOfBuildingsIncludingLand_2" xlink:title="label: copyOfPurchaseOfBuildingsIncludingLand to label_copyOfPurchaseOfBuildingsIncludingLand"/>
    <link:loc xlink:type="locator" xlink:href="dst.xsd#dst_PurchaseOfGoodwill" xlink:label="copyOfPurchaseOfBuildingsIncludingLand2" xlink:title="copyOfPurchaseOfBuildingsIncludingLand2"/>
    <link:label xlink:type="resource" xlink:label="label_copyOfPurchaseOfBuildingsIncludingLand2_2" xlink:role="http://www.xbrl.org/2003/role/label" xlink:title="label_copyOfPurchaseOfBuildingsIncludingLand2" xml:lang="en" id="label_copyOfPurchaseOfBuildingsIncludingLand2_2">Purchase of goodwill</link:label>
    <link:labelArc xlink:type="arc" xlink:arcrole="http://www.xbrl.org/2003/arcrole/concept-label" xlink:from="copyOfPurchaseOfBuildingsIncludingLand2" xlink:to="label_copyOfPurchaseOfBuildingsIncludingLand2_2" xlink:title="label: copyOfPurchaseOfBuildingsIncludingLand2 to label_copyOfPurchaseOfBuildingsIncludingLand2"/>
    <link:loc xlink:type="locator" xlink:href="dst.xsd#dst_DepreciationAmortisationExpenseOfPropertyPlantAndEquipmentAndIntangibleAssetsRecognisedInProfitOrLoss" xlink:label="DepreciationAmortisationExpenseAndImpairmentLossesOfPropertyPlantAndEquipmentAndIntangibleAssetsRecognisedInProfitOrLoss" xlink:title="DepreciationAmortisationExpenseAndImpairmentLossesOfPropertyPlantAndEquipmentAndIntangibleAssetsRecognisedInProfitOrLoss"/>
    <link:label xlink:type="resource" xlink:label="label_DepreciationAmortisationExpenseAndImpairmentLossesOfPropertyPlantAndEquipmentAndIntangibleAssetsRecognisedInProfitOrLoss_2" xlink:role="http://www.xbrl.org/2003/role/label" xlink:title="label_DepreciationAmortisationExpenseAndImpairmentLossesOfPropertyPlantAndEquipmentAndIntangibleAssetsRecognisedInProfitOrLoss" xml:lang="en" id="label_DepreciationAmortisationExpenseAndImpairmentLossesOfPropertyPlantAndEquipmentAndIntangibleAssetsRecognisedInProfitOrLoss_2">Depreciation, amortisation expense of property, plant and equipment and intangible assets recognised in profit or loss</link:label>
    <link:labelArc xlink:type="arc" xlink:arcrole="http://www.xbrl.org/2003/arcrole/concept-label" xlink:from="DepreciationAmortisationExpenseAndImpairmentLossesOfPropertyPlantAndEquipmentAndIntangibleAssetsRecognisedInProfitOrLoss" xlink:to="label_DepreciationAmortisationExpenseAndImpairmentLossesOfPropertyPlantAndEquipmentAndIntangibleAssetsRecognisedInProfitOrLoss_2" xlink:title="label: DepreciationAmortisationExpenseAndImpairmentLossesOfPropertyPlantAndEquipmentAndIntangibleAssetsRecognisedInProfitOrLoss to label_DepreciationAmortisationExpenseAndImpairmentLossesOfPropertyPlantAndEquipmentAndIntangibleAssetsRecognisedInProfitOrLoss"/>
    <link:loc xlink:type="locator" xlink:href="dst.xsd#dst_ImpairmentLossesOfPropertyPlantAndEquipmentAndIntangibleAssetsRecognisedInProfitOrLoss" xlink:label="copyOfDepreciationAmortisationExpenseOfPropertyPlantAndEquipmentAndIntangibleAssetsRecognisedInProfitOrLoss" xlink:title="copyOfDepreciationAmortisationExpenseOfPropertyPlantAndEquipmentAndIntangibleAssetsRecognisedInProfitOrLoss"/>
    <link:label xlink:type="resource" xlink:label="label_copyOfDepreciationAmortisationExpenseOfPropertyPlantAndEquipmentAndIntangibleAssetsRecognisedInProfitOrLoss_2" xlink:role="http://www.xbrl.org/2003/role/label" xlink:title="label_copyOfDepreciationAmortisationExpenseOfPropertyPlantAndEquipmentAndIntangibleAssetsRecognisedInProfitOrLoss" xml:lang="en" id="label_copyOfDepreciationAmortisationExpenseOfPropertyPlantAndEquipmentAndIntangibleAssetsRecognisedInProfitOrLoss_2">Impairment losses of property, plant and equipment and intangible assets recognised in profit or loss</link:label>
    <link:labelArc xlink:type="arc" xlink:arcrole="http://www.xbrl.org/2003/arcrole/concept-label" xlink:from="copyOfDepreciationAmortisationExpenseOfPropertyPlantAndEquipmentAndIntangibleAssetsRecognisedInProfitOrLoss" xlink:to="label_copyOfDepreciationAmortisationExpenseOfPropertyPlantAndEquipmentAndIntangibleAssetsRecognisedInProfitOrLoss_2" xlink:title="label: copyOfDepreciationAmortisationExpenseOfPropertyPlantAndEquipmentAndIntangibleAssetsRecognisedInProfitOrLoss to label_copyOfDepreciationAmortisationExpenseOfPropertyPlantAndEquipmentAndIntangibleAssetsRecognisedInProfitOrLoss"/>
    <link:loc xlink:type="locator" xlink:href="dst.xsd#dst_IncreaseInCompletedDevelopmentProjects" xlink:label="newItem" xlink:title="newItem"/>
    <link:label xlink:type="resource" xlink:label="label_newItem_2" xlink:role="http://www.xbrl.org/2003/role/label" xlink:title="label_newItem" xml:lang="en" id="label_newItem_2">Increase in completed development projects</link:label>
    <link:labelArc xlink:type="arc" xlink:arcrole="http://www.xbrl.org/2003/arcrole/concept-label" xlink:from="newItem" xlink:to="label_newItem_2" xlink:title="label: newItem to label_newItem"/>
    <link:loc xlink:type="locator" xlink:href="dst.xsd#dst_AcquiredConcessionsPatentsLicencesTrademarksAndOtherSimilarRights" xlink:label="newItem2" xlink:title="newItem2"/>
    <link:label xlink:type="resource" xlink:label="label_newItem2_2" xlink:role="http://www.xbrl.org/2003/role/label" xlink:title="label_newItem2" xml:lang="en" id="label_newItem2_2">Acquired concessions, patents, licences, trademarks and other similar rights</link:label>
    <link:labelArc xlink:type="arc" xlink:arcrole="http://www.xbrl.org/2003/arcrole/concept-label" xlink:from="newItem2" xlink:to="label_newItem2_2" xlink:title="label: newItem2 to label_newItem2"/>
    <link:loc xlink:type="locator" xlink:href="dst.xsd#dst_IntangibleAssetsInProgress" xlink:label="newItem3" xlink:title="newItem3"/>
    <link:label xlink:type="resource" xlink:label="label_newItem3_2" xlink:role="http://www.xbrl.org/2003/role/label" xlink:title="label_newItem3" xml:lang="en" id="label_newItem3_2">Intangible assets in progress</link:label>
    <link:labelArc xlink:type="arc" xlink:arcrole="http://www.xbrl.org/2003/arcrole/concept-label" xlink:from="newItem3" xlink:to="label_newItem3_2" xlink:title="label: newItem3 to label_newItem3"/>
    <link:loc xlink:type="locator" xlink:href="dst.xsd#dst_DecreaseInCompletedDevelopmentProjects" xlink:label="newItem_2" xlink:title="newItem"/>
    <link:label xlink:type="resource" xlink:label="label_newItem_4" xlink:role="http://www.xbrl.org/2003/role/label" xlink:title="label_newItem" xml:lang="en" id="label_newItem_4">Decrease in completed development projects</link:label>
    <link:labelArc xlink:type="arc" xlink:arcrole="http://www.xbrl.org/2003/arcrole/concept-label" xlink:from="newItem_2" xlink:to="label_newItem_4" xlink:title="label: newItem to label_newItem"/>
    <link:loc xlink:type="locator" xlink:href="dst.xsd#dst_DecreaseOfConcessionsPatentsLicencesTrademarksAndOtherSimilarRights" xlink:label="newItem17" xlink:title="newItem17"/>
    <link:label xlink:type="resource" xlink:label="label_newItem17_2" xlink:role="http://www.xbrl.org/2003/role/label" xlink:title="label_newItem17" xml:lang="en" id="label_newItem17_2">Decrease of concessions, patents, licences, trademarks and other similar rights</link:label>
    <link:labelArc xlink:type="arc" xlink:arcrole="http://www.xbrl.org/2003/arcrole/concept-label" xlink:from="newItem17" xlink:to="label_newItem17_2" xlink:title="label: newItem17 to label_newItem17"/>
    <link:loc xlink:type="locator" xlink:href="dst.xsd#dst_DisposalOfSoftware" xlink:label="newItem19" xlink:title="newItem19"/>
    <link:label xlink:type="resource" xlink:label="label_newItem19_2" xlink:role="http://www.xbrl.org/2003/role/label" xlink:title="label_newItem19" xml:lang="en" id="label_newItem19_2">Disposal of software</link:label>
    <link:labelArc xlink:type="arc" xlink:arcrole="http://www.xbrl.org/2003/arcrole/concept-label" xlink:from="newItem19" xlink:to="label_newItem19_2" xlink:title="label: newItem19 to label_newItem19"/>
    <link:loc xlink:type="locator" xlink:href="dst.xsd#dst_DecreaseInGoodwill" xlink:label="newItem18" xlink:title="newItem18"/>
    <link:label xlink:type="resource" xlink:label="label_newItem18_2" xlink:role="http://www.xbrl.org/2003/role/label" xlink:title="label_newItem18" xml:lang="en" id="label_newItem18_2">Decrease in goodwill</link:label>
    <link:labelArc xlink:type="arc" xlink:arcrole="http://www.xbrl.org/2003/arcrole/concept-label" xlink:from="newItem18" xlink:to="label_newItem18_2" xlink:title="label: newItem18 to label_newItem18"/>
    <link:loc xlink:type="locator" xlink:href="dst.xsd#dst_DisposalsOfBuildingsIncludingLandAtBookValue" xlink:label="newItem20" xlink:title="newItem20"/>
    <link:label xlink:type="resource" xlink:label="label_newItem20_2" xlink:role="http://www.xbrl.org/2003/role/label" xlink:title="label_newItem20" xml:lang="en" id="label_newItem20_2">Disposals of buildings including land at book value</link:label>
    <link:labelArc xlink:type="arc" xlink:arcrole="http://www.xbrl.org/2003/arcrole/concept-label" xlink:from="newItem20" xlink:to="label_newItem20_2" xlink:title="label: newItem20 to label_newItem20"/>
    <link:loc xlink:type="locator" xlink:href="dst.xsd#dst_DisposalsOfLandNotBuiltUponAtBookValue" xlink:label="newItem2_2" xlink:title="newItem2"/>
    <link:label xlink:type="resource" xlink:label="label_newItem2_4" xlink:role="http://www.xbrl.org/2003/role/label" xlink:title="label_newItem2" xml:lang="en" id="label_newItem2_4">Disposals of land not built upon at book value</link:label>
    <link:labelArc xlink:type="arc" xlink:arcrole="http://www.xbrl.org/2003/arcrole/concept-label" xlink:from="newItem2_2" xlink:to="label_newItem2_4" xlink:title="label: newItem2 to label_newItem2"/>
    <link:loc xlink:type="locator" xlink:href="dst.xsd#dst_DisposalsOfRoadsHarboursSquaresAndSimilarAtBookValue" xlink:label="newItem3_2" xlink:title="newItem3"/>
    <link:label xlink:type="resource" xlink:label="label_newItem3_4" xlink:role="http://www.xbrl.org/2003/role/label" xlink:title="label_newItem3" xml:lang="en" id="label_newItem3_4">Disposals of roads, harbours, squares and similar at book value</link:label>
    <link:labelArc xlink:type="arc" xlink:arcrole="http://www.xbrl.org/2003/arcrole/concept-label" xlink:from="newItem3_2" xlink:to="label_newItem3_4" xlink:title="label: newItem3 to label_newItem3"/>
    <link:loc xlink:type="locator" xlink:href="dst.xsd#dst_TotalDecreaseOfRealEstateAtBookValue" xlink:label="newItem4" xlink:title="newItem4"/>
    <link:label xlink:type="resource" xlink:label="label_newItem4_2" xlink:role="http://www.xbrl.org/2003/role/label" xlink:title="label_newItem4" xml:lang="en" id="label_newItem4_2">Total decrease of real estate at book value</link:label>
    <link:labelArc xlink:type="arc" xlink:arcrole="http://www.xbrl.org/2003/arcrole/concept-label" xlink:from="newItem4" xlink:to="label_newItem4_2" xlink:title="label: newItem4 to label_newItem4"/>
    <link:loc xlink:type="locator" xlink:href="dst.xsd#dst_DisposalsOfProductionMachineryAndEquipmentAtBookValue" xlink:label="newItem5" xlink:title="newItem5"/>
    <link:label xlink:type="resource" xlink:label="label_newItem5_2" xlink:role="http://www.xbrl.org/2003/role/label" xlink:title="label_newItem5" xml:lang="en" id="label_newItem5_2">Disposals of production machinery and equipment at book value</link:label>
    <link:labelArc xlink:type="arc" xlink:arcrole="http://www.xbrl.org/2003/arcrole/concept-label" xlink:from="newItem5" xlink:to="label_newItem5_2" xlink:title="label: newItem5 to label_newItem5"/>
    <link:loc xlink:type="locator" xlink:href="dst.xsd#dst_DisposalsOfOtherPlantOperatingAssetsFixturesAndFurnitureAtBookValue" xlink:label="newItem6" xlink:title="newItem6"/>
    <link:label xlink:type="resource" xlink:label="label_newItem6_2" xlink:role="http://www.xbrl.org/2003/role/label" xlink:title="label_newItem6" xml:lang="en" id="label_newItem6_2">Disposals of other plant, operating assets, fixtures and furniture at book value</link:label>
    <link:labelArc xlink:type="arc" xlink:arcrole="http://www.xbrl.org/2003/arcrole/concept-label" xlink:from="newItem6" xlink:to="label_newItem6_2" xlink:title="label: newItem6 to label_newItem6"/>
    <link:loc xlink:type="locator" xlink:href="dst.xsd#dst_TotalDecreaseOfMachineryPlantAndEquipmentAtBookValue" xlink:label="newItem7" xlink:title="newItem7"/>
    <link:label xlink:type="resource" xlink:label="label_newItem7_2" xlink:role="http://www.xbrl.org/2003/role/label" xlink:title="label_newItem7" xml:lang="en" id="label_newItem7_2">Total decrease of machinery, plant and equipment at book value</link:label>
    <link:labelArc xlink:type="arc" xlink:arcrole="http://www.xbrl.org/2003/arcrole/concept-label" xlink:from="newItem7" xlink:to="label_newItem7_2" xlink:title="label: newItem7 to label_newItem7"/>
    <link:loc xlink:type="locator" xlink:href="dst.xsd#dst_ReversalOfAmortisationOnDisposalsOfBuildingsIncludingLand" xlink:label="newItem8" xlink:title="newItem8"/>
    <link:label xlink:type="resource" xlink:label="label_newItem8_2" xlink:role="http://www.xbrl.org/2003/role/label" xlink:title="label_newItem8" xml:lang="en" id="label_newItem8_2">Reversal of amortisation on disposals of buildings including land</link:label>
    <link:labelArc xlink:type="arc" xlink:arcrole="http://www.xbrl.org/2003/arcrole/concept-label" xlink:from="newItem8" xlink:to="label_newItem8_2" xlink:title="label: newItem8 to label_newItem8"/>
    <link:loc xlink:type="locator" xlink:href="dst.xsd#dst_ReversalOfAmortisationOnDisposalOfLandNotBuiltUponIncludingLand" xlink:label="newItem9" xlink:title="newItem9"/>
    <link:label xlink:type="resource" xlink:label="label_newItem9_2" xlink:role="http://www.xbrl.org/2003/role/label" xlink:title="label_newItem9" xml:lang="en" id="label_newItem9_2">Reversal of amortisation on disposal of land not built upon including land</link:label>
    <link:labelArc xlink:type="arc" xlink:arcrole="http://www.xbrl.org/2003/arcrole/concept-label" xlink:from="newItem9" xlink:to="label_newItem9_2" xlink:title="label: newItem9 to label_newItem9"/>
    <link:loc xlink:type="locator" xlink:href="dst.xsd#dst_ReversalOfAmortisationOnDisposalsOfRoadsHarboursSquaresAndSimilarIncludingLand" xlink:label="newItem10" xlink:title="newItem10"/>
    <link:label xlink:type="resource" xlink:label="label_newItem10_2" xlink:role="http://www.xbrl.org/2003/role/label" xlink:title="label_newItem10" xml:lang="en" id="label_newItem10_2">Reversal of amortisation on disposals of roads, harbours, squares and similar including land</link:label>
    <link:labelArc xlink:type="arc" xlink:arcrole="http://www.xbrl.org/2003/arcrole/concept-label" xlink:from="newItem10" xlink:to="label_newItem10_2" xlink:title="label: newItem10 to label_newItem10"/>
    <link:loc xlink:type="locator" xlink:href="dst.xsd#dst_ReversalOfAmortisationOnTotalDecreaseOfRealEstate" xlink:label="newItem11" xlink:title="newItem11"/>
    <link:label xlink:type="resource" xlink:label="label_newItem11_2" xlink:role="http://www.xbrl.org/2003/role/label" xlink:title="label_newItem11" xml:lang="en" id="label_newItem11_2">Reversal of amortisation on total decrease of real estate</link:label>
    <link:labelArc xlink:type="arc" xlink:arcrole="http://www.xbrl.org/2003/arcrole/concept-label" xlink:from="newItem11" xlink:to="label_newItem11_2" xlink:title="label: newItem11 to label_newItem11"/>
    <link:loc xlink:type="locator" xlink:href="dst.xsd#dst_ReversalOfAmortisationOnDisposalsOfProductionMachineryAndEquipment" xlink:label="newItem12" xlink:title="newItem12"/>
    <link:label xlink:type="resource" xlink:label="label_newItem12_2" xlink:role="http://www.xbrl.org/2003/role/label" xlink:title="label_newItem12" xml:lang="en" id="label_newItem12_2">Reversal of amortisation on disposals of production machinery and equipment</link:label>
    <link:labelArc xlink:type="arc" xlink:arcrole="http://www.xbrl.org/2003/arcrole/concept-label" xlink:from="newItem12" xlink:to="label_newItem12_2" xlink:title="label: newItem12 to label_newItem12"/>
    <link:loc xlink:type="locator" xlink:href="dst.xsd#dst_ReversalOfAmortisationOnDisposalsOfOthePlantOperatingAssetsFixturesAndFurniture" xlink:label="newItem13" xlink:title="newItem13"/>
    <link:label xlink:type="resource" xlink:label="label_newItem13_2" xlink:role="http://www.xbrl.org/2003/role/label" xlink:title="label_newItem13" xml:lang="en" id="label_newItem13_2">Reversal of amortisation on disposals of other plant, operating assets, fixtures and furniture</link:label>
    <link:labelArc xlink:type="arc" xlink:arcrole="http://www.xbrl.org/2003/arcrole/concept-label" xlink:from="newItem13" xlink:to="label_newItem13_2" xlink:title="label: newItem13 to label_newItem13"/>
    <link:loc xlink:type="locator" xlink:href="dst.xsd#dst_ReversalOfAmortisationOnTotalDecreaseOfMachineryPlantAndEquipment" xlink:label="newItem14" xlink:title="newItem14"/>
    <link:label xlink:type="resource" xlink:label="label_newItem14_2" xlink:role="http://www.xbrl.org/2003/role/label" xlink:title="label_newItem14" xml:lang="en" id="label_newItem14_2">Reversal of amortisation on total decrease of machinery, plant and equipment</link:label>
    <link:labelArc xlink:type="arc" xlink:arcrole="http://www.xbrl.org/2003/arcrole/concept-label" xlink:from="newItem14" xlink:to="label_newItem14_2" xlink:title="label: newItem14 to label_newItem14"/>
    <link:loc xlink:type="locator" xlink:href="dst.xsd#dst_TotalDisposalsOfAssets" xlink:label="newItem15" xlink:title="newItem15"/>
    <link:label xlink:type="resource" xlink:label="label_newItem15_2" xlink:role="http://www.xbrl.org/2003/role/label" xlink:title="label_newItem15" xml:lang="en" id="label_newItem15_2">Total disposals of assets</link:label>
    <link:labelArc xlink:type="arc" xlink:arcrole="http://www.xbrl.org/2003/arcrole/concept-label" xlink:from="newItem15" xlink:to="label_newItem15_2" xlink:title="label: newItem15 to label_newItem15"/>
    <link:loc xlink:type="locator" xlink:href="dst.xsd#dst_ReversalOfAmortisationOnDecreaseInCompletedDevelopmentProjects" xlink:label="newItem_3" xlink:title="newItem"/>
    <link:label xlink:type="resource" xlink:label="label_newItem_6" xlink:role="http://www.xbrl.org/2003/role/label" xlink:title="label_newItem" xml:lang="en" id="label_newItem_6">Reversal of amortisation on decrease in completed development projects</link:label>
    <link:labelArc xlink:type="arc" xlink:arcrole="http://www.xbrl.org/2003/arcrole/concept-label" xlink:from="newItem_3" xlink:to="label_newItem_6" xlink:title="label: newItem to label_newItem"/>
    <link:loc xlink:type="locator" xlink:href="dst.xsd#dst_ReversalOfAmortisationOnDecreaseOfConcessionsPatentsLicencesTrademarksAndOtherSimilarRights" xlink:label="newItem2_3" xlink:title="newItem2"/>
    <link:label xlink:type="resource" xlink:label="label_newItem2_6" xlink:role="http://www.xbrl.org/2003/role/label" xlink:title="label_newItem2" xml:lang="en" id="label_newItem2_6">Reversal of amortisation on decrease of concessions, patents, licences, trademarks and other similar rights</link:label>
    <link:labelArc xlink:type="arc" xlink:arcrole="http://www.xbrl.org/2003/arcrole/concept-label" xlink:from="newItem2_3" xlink:to="label_newItem2_6" xlink:title="label: newItem2 to label_newItem2"/>
    <link:loc xlink:type="locator" xlink:href="dst.xsd#dst_ReversalOfAmortisationOnDisposalOfSoftware" xlink:label="newItem3_3" xlink:title="newItem3"/>
    <link:label xlink:type="resource" xlink:label="label_newItem3_6" xlink:role="http://www.xbrl.org/2003/role/label" xlink:title="label_newItem3" xml:lang="en" id="label_newItem3_6">Reversal of amortisation on disposal of software</link:label>
    <link:labelArc xlink:type="arc" xlink:arcrole="http://www.xbrl.org/2003/arcrole/concept-label" xlink:from="newItem3_3" xlink:to="label_newItem3_6" xlink:title="label: newItem3 to label_newItem3"/>
    <link:loc xlink:type="locator" xlink:href="dst.xsd#dst_ReversalOfAmortisationOnDecreaseInGoodwill" xlink:label="newItem4_2" xlink:title="newItem4"/>
    <link:label xlink:type="resource" xlink:label="label_newItem4_4" xlink:role="http://www.xbrl.org/2003/role/label" xlink:title="label_newItem4" xml:lang="en" id="label_newItem4_4">Reversal of amortisation on decrease in goodwill</link:label>
    <link:labelArc xlink:type="arc" xlink:arcrole="http://www.xbrl.org/2003/arcrole/concept-label" xlink:from="newItem4_2" xlink:to="label_newItem4_4" xlink:title="label: newItem4 to label_newItem4"/>
    <link:loc xlink:type="locator" xlink:href="dst.xsd#dst_ReversalOfAmortisationOnTotalDecreaseOfIntangibleAssets" xlink:label="newItem5_2" xlink:title="newItem5"/>
    <link:label xlink:type="resource" xlink:label="label_newItem5_4" xlink:role="http://www.xbrl.org/2003/role/label" xlink:title="label_newItem5" xml:lang="en" id="label_newItem5_4">Reversal of amortisation on total decrease of intangible assets</link:label>
    <link:labelArc xlink:type="arc" xlink:arcrole="http://www.xbrl.org/2003/arcrole/concept-label" xlink:from="newItem5_2" xlink:to="label_newItem5_4" xlink:title="label: newItem5 to label_newItem5"/>
    <link:loc xlink:type="locator" xlink:href="dst.xsd#dst_fFixedAssets" xlink:label="copyOfFixedAssetsAbstract" xlink:title="copyOfFixedAssetsAbstract"/>
    <link:label xlink:type="resource" xlink:label="label_copyOfFixedAssetsAbstract_2" xlink:role="http://www.xbrl.org/2003/role/label" xlink:title="label_copyOfFixedAssetsAbstract" xml:lang="en" id="label_copyOfFixedAssetsAbstract_2">Fixed assets</link:label>
    <link:labelArc xlink:type="arc" xlink:arcrole="http://www.xbrl.org/2003/arcrole/concept-label" xlink:from="copyOfFixedAssetsAbstract" xlink:to="label_copyOfFixedAssetsAbstract_2" xlink:title="label: copyOfFixedAssetsAbstract to label_copyOfFixedAssetsAbstract"/>
  </link:labelLink>
</link:linkbase>
