<?xml version="1.0" encoding="UTF-8"?>
<!-- Generated by Fujitsu Interstage XWand B0251T -->
<?officialURI http://archprod.service.eogs.dk/taxonomy/20211001/fsa/556eft_def.xml?>

<?taxonomy-version 1.7.0?>

<link:linkbase xmlns:xsi="http://www.w3.org/2001/XMLSchema-instance" xsi:schemaLocation="http://www.xbrl.org/2003/linkbase http://www.xbrl.org/2003/xbrl-linkbase-2003-12-31.xsd" xmlns:entry="http://xbrl.dcca.dk/entryUvmEsk" xmlns:link="http://www.xbrl.org/2003/linkbase" xmlns:tch="http://xbrl.dcca.dk/tch" xmlns:xbrldt="http://xbrl.org/2005/xbrldt" xmlns:xbrli="http://www.xbrl.org/2003/instance" xmlns:xlink="http://www.w3.org/1999/xlink">
  <link:roleRef roleURI="http://xbrl.dcca.dk/role/901.01/DimensionConsolidatedSolo" xlink:type="simple" xlink:href="../cmn.xsd#cmn_RoleDimensionConsolidatedSolo"/>
  <link:roleRef roleURI="http://xbrl.dcca.dk/role/950.01/DimensionsUvm" xlink:type="simple" xlink:href="fsa.xsd#fsa_RoleDimensionUvm"/>
  <link:roleRef roleURI="http://xbrl.dcca.dk/role/556.00/IncomeStatementUvmEftDisclosures" xlink:type="simple" xlink:href="fsa.xsd#fsa_RoleIncomeStatementUvmEftDisclosures"/>
  <link:roleRef roleURI="http://xbrl.dcca.dk/role/556.00/IncomeStatementUvmEft" xlink:type="simple" xlink:href="fsa.xsd#fsa_RoleIncomeStatementUvmEft"/>
  <link:arcroleRef arcroleURI="http://xbrl.org/int/dim/arcrole/all" xlink:type="simple" xlink:href="http://www.xbrl.org/2005/xbrldt-2005.xsd#all"/>
  <link:arcroleRef arcroleURI="http://xbrl.org/int/dim/arcrole/domain-member" xlink:type="simple" xlink:href="http://www.xbrl.org/2005/xbrldt-2005.xsd#domain-member"/>
  <link:arcroleRef arcroleURI="http://xbrl.org/int/dim/arcrole/hypercube-dimension" xlink:type="simple" xlink:href="http://www.xbrl.org/2005/xbrldt-2005.xsd#hypercube-dimension"/>
  <link:arcroleRef arcroleURI="http://xbrl.org/int/dim/arcrole/dimension-domain" xlink:type="simple" xlink:href="http://www.xbrl.org/2005/xbrldt-2005.xsd#dimension-domain"/>
  <link:definitionLink xlink:type="extended" xlink:role="http://xbrl.dcca.dk/role/556.00/IncomeStatementUvmEftDisclosures">
    <link:loc xlink:type="locator" xlink:href="../cmn.xsd#cmn_CommonHypercube" xlink:label="CommonHypercube"/>
    <link:loc xlink:type="locator" xlink:href="../cmn.xsd#cmn_ConsolidatedSoloDimension" xlink:label="ConsolidatedSoloDimension"/>
    <link:definitionArc xlink:type="arc" xlink:arcrole="http://xbrl.org/int/dim/arcrole/hypercube-dimension" xlink:from="CommonHypercube" xlink:to="ConsolidatedSoloDimension" xlink:title="definition: CommonHypercube to ConsolidatedSoloDimension" order="1.0" xbrldt:targetRole="http://xbrl.dcca.dk/role/901.01/DimensionConsolidatedSolo"/>
    <link:loc xlink:type="locator" xlink:href="fsa.xsd#fsa_StateGrants" xlink:label="StateGrants" xlink:title="StateGrants"/>
    <link:loc xlink:type="locator" xlink:href="fsa.xsd#fsa_GeneralGrantsContinuationSchools" xlink:label="GeneralGrantsContinuationSchools" xlink:title="GeneralGrantsContinuationSchools"/>
    <link:definitionArc xlink:type="arc" xlink:arcrole="http://xbrl.org/int/dim/arcrole/domain-member" xlink:from="StateGrants" xlink:to="GeneralGrantsContinuationSchools" xlink:title="definition: StateGrants to GeneralGrantsContinuationSchools" order="1.0"/>
    <link:loc xlink:type="locator" xlink:href="fsa.xsd#fsa_GeographicalSchoolGrantContinuationSchools" xlink:label="GeographicalSchoolGrantContinuationSchools" xlink:title="GeographicalSchoolGrantContinuationSchools"/>
    <link:definitionArc xlink:type="arc" xlink:arcrole="http://xbrl.org/int/dim/arcrole/domain-member" xlink:from="StateGrants" xlink:to="GeographicalSchoolGrantContinuationSchools" xlink:title="definition: StateGrants to GeographicalSchoolGrantContinuationSchools" order="2.0"/>
    <link:loc xlink:type="locator" xlink:href="fsa.xsd#fsa_GrantsOperatingTariff1And2ContinuationSchools" xlink:label="GrantsOperatingTariff1And2ContinuationSchools" xlink:title="GrantsOperatingTariff1And2ContinuationSchools"/>
    <link:definitionArc xlink:type="arc" xlink:arcrole="http://xbrl.org/int/dim/arcrole/domain-member" xlink:from="StateGrants" xlink:to="GrantsOperatingTariff1And2ContinuationSchools" xlink:title="definition: StateGrants to GrantsOperatingTariff1And2ContinuationSchools" order="3.0"/>
    <link:loc xlink:type="locator" xlink:href="fsa.xsd#fsa_BuildingGrantsContinuationSchools" xlink:label="BuildingGrantsContinuationSchools" xlink:title="BuildingGrantsContinuationSchools"/>
    <link:definitionArc xlink:type="arc" xlink:arcrole="http://xbrl.org/int/dim/arcrole/domain-member" xlink:from="StateGrants" xlink:to="BuildingGrantsContinuationSchools" xlink:title="definition: StateGrants to BuildingGrantsContinuationSchools" order="4.0"/>
    <link:loc xlink:type="locator" xlink:href="fsa.xsd#fsa_GrantsForHighPrioityPupilGroupsContinuationSchools" xlink:label="GrantsForHighPrioityPupilGroupsContinuationSchools" xlink:title="GrantsForHighPrioityPupilGroupsContinuationSchools"/>
    <link:definitionArc xlink:type="arc" xlink:arcrole="http://xbrl.org/int/dim/arcrole/domain-member" xlink:from="StateGrants" xlink:to="GrantsForHighPrioityPupilGroupsContinuationSchools" xlink:title="definition: StateGrants to GrantsForHighPrioityPupilGroupsContinuationSchools" order="5.0"/>
    <link:loc xlink:type="locator" xlink:href="fsa.xsd#fsa_GrantsInclusionForStudentsWithSpecialNeedsContinuationSchools" xlink:label="GrantsInclusionForStudentsWithSpecialNeedsContinuationSchools" xlink:title="GrantsInclusionForStudentsWithSpecialNeedsContinuationSchools"/>
    <link:definitionArc xlink:type="arc" xlink:arcrole="http://xbrl.org/int/dim/arcrole/domain-member" xlink:from="StateGrants" xlink:to="GrantsInclusionForStudentsWithSpecialNeedsContinuationSchools" xlink:title="definition: StateGrants to GrantsInclusionForStudentsWithSpecialNeedsContinuationSchools" order="6.0"/>
    <link:loc xlink:type="locator" xlink:href="fsa.xsd#fsa_GrantsForSpecialNeedsTeachingAndOtherSpecielNeedsAssistanceContinuationSchools" xlink:label="GrantsForSpecialNeedsTeachingAndOtherSpecielNeedsAssistanceContinuationSchools" xlink:title="GrantsForSpecialNeedsTeachingAndOtherSpecielNeedsAssistanceContinuationSchools"/>
    <link:definitionArc xlink:type="arc" xlink:arcrole="http://xbrl.org/int/dim/arcrole/domain-member" xlink:from="StateGrants" xlink:to="GrantsForSpecialNeedsTeachingAndOtherSpecielNeedsAssistanceContinuationSchools" xlink:title="definition: StateGrants to GrantsForSpecialNeedsTeachingAndOtherSpecielNeedsAssistanceContinuationSchools" order="7.0"/>
    <link:loc xlink:type="locator" xlink:href="fsa.xsd#fsa_GrantsForSpecialNeedsTeachingAndOtherSpecielNeedsAssistanceApprovedSpecialSchoolsContinuationSchools" xlink:label="GrantsForSpecialNeedsTeachingAndOtherSpecielNeedsAssistanceApprovedSpecialSchoolsContinuationSchools" xlink:title="GrantsForSpecialNeedsTeachingAndOtherSpecielNeedsAssistanceApprovedSpecialSchoolsContinuationSchools"/>
    <link:definitionArc xlink:type="arc" xlink:arcrole="http://xbrl.org/int/dim/arcrole/domain-member" xlink:from="StateGrants" xlink:to="GrantsForSpecialNeedsTeachingAndOtherSpecielNeedsAssistanceApprovedSpecialSchoolsContinuationSchools" xlink:title="definition: StateGrants to GrantsForSpecialNeedsTeachingAndOtherSpecielNeedsAssistanceApprovedSpecialSchoolsContinuationSchools" order="8.0"/>
    <link:loc xlink:type="locator" xlink:href="fsa.xsd#fsa_SpecialPurposeGrantsContinuationSchools" xlink:label="SpecialPurposeGrantsContinuationSchools" xlink:title="SpecialPurposeGrantsContinuationSchools"/>
    <link:definitionArc xlink:type="arc" xlink:arcrole="http://xbrl.org/int/dim/arcrole/domain-member" xlink:from="StateGrants" xlink:to="SpecialPurposeGrantsContinuationSchools" xlink:title="definition: StateGrants to SpecialPurposeGrantsContinuationSchools" order="9.0"/>
    <link:loc xlink:type="locator" xlink:href="fsa.xsd#fsa_OtherGrantsContinuationSchools" xlink:label="OtherGrantsContinuationSchools" xlink:title="OtherGrantsContinuationSchools"/>
    <link:definitionArc xlink:type="arc" xlink:arcrole="http://xbrl.org/int/dim/arcrole/domain-member" xlink:from="StateGrants" xlink:to="OtherGrantsContinuationSchools" xlink:title="definition: StateGrants to OtherGrantsContinuationSchools" order="10.0"/>
    <link:loc xlink:type="locator" xlink:href="fsa.xsd#fsa_OtherIncomeAndGrants" xlink:label="OtherIncomeAndGrants" xlink:title="OtherIncomeAndGrants"/>
    <link:loc xlink:type="locator" xlink:href="fsa.xsd#fsa_OtherIncomeAndGrantsCoveredByAct" xlink:label="OtherIncomeAndGrantsCoveredByAct" xlink:title="OtherIncomeAndGrantsCoveredByAct"/>
    <link:definitionArc xlink:type="arc" xlink:arcrole="http://xbrl.org/int/dim/arcrole/domain-member" xlink:from="OtherIncomeAndGrants" xlink:to="OtherIncomeAndGrantsCoveredByAct" xlink:title="definition: OtherIncomeAndGrants to OtherIncomeAndGrantsCoveredByAct" order="1.0"/>
    <link:loc xlink:type="locator" xlink:href="fsa.xsd#fsa_SubscriptionForSchoolBoardMemberOtherIncomeAndGrants" xlink:label="SubscriptionForSchoolBoardMemberOtherIncomeAndGrants" xlink:title="SubscriptionForSchoolBoardMemberOtherIncomeAndGrants"/>
    <link:definitionArc xlink:type="arc" xlink:arcrole="http://xbrl.org/int/dim/arcrole/domain-member" xlink:from="OtherIncomeAndGrantsCoveredByAct" xlink:to="SubscriptionForSchoolBoardMemberOtherIncomeAndGrants" xlink:title="definition: OtherIncomeAndGrantsCoveredByAct to SubscriptionForSchoolBoardMemberOtherIncomeAndGrants" order="4.0"/>
    <link:loc xlink:type="locator" xlink:href="fsa.xsd#fsa_RentIncomeFromResidentialContributionEtcOtherIncomeAndGrants" xlink:label="RentIncomeFromResidentialContributionEtcOtherIncomeAndGrants" xlink:title="RentIncomeFromResidentialContributionEtcOtherIncomeAndGrants"/>
    <link:definitionArc xlink:type="arc" xlink:arcrole="http://xbrl.org/int/dim/arcrole/domain-member" xlink:from="OtherIncomeAndGrantsCoveredByAct" xlink:to="RentIncomeFromResidentialContributionEtcOtherIncomeAndGrants" xlink:title="definition: OtherIncomeAndGrantsCoveredByAct to RentIncomeFromResidentialContributionEtcOtherIncomeAndGrants" order="1.0"/>
    <link:loc xlink:type="locator" xlink:href="fsa.xsd#fsa_EmployeesPaymentForLightHeatEtcOtherIncomeAndGrants" xlink:label="EmployeesPaymentForLightHeatEtcOtherIncomeAndGrants" xlink:title="EmployeesPaymentForLightHeatEtcOtherIncomeAndGrants"/>
    <link:definitionArc xlink:type="arc" xlink:arcrole="http://xbrl.org/int/dim/arcrole/domain-member" xlink:from="OtherIncomeAndGrantsCoveredByAct" xlink:to="EmployeesPaymentForLightHeatEtcOtherIncomeAndGrants" xlink:title="definition: OtherIncomeAndGrantsCoveredByAct to EmployeesPaymentForLightHeatEtcOtherIncomeAndGrants" order="2.0"/>
    <link:loc xlink:type="locator" xlink:href="fsa.xsd#fsa_EmployeesPaymentForBoardOtherIncomeAndGrants" xlink:label="EmployeesPaymentForBoardOtherIncomeAndGrants" xlink:title="EmployeesPaymentForBoardOtherIncomeAndGrants"/>
    <link:definitionArc xlink:type="arc" xlink:arcrole="http://xbrl.org/int/dim/arcrole/domain-member" xlink:from="OtherIncomeAndGrantsCoveredByAct" xlink:to="EmployeesPaymentForBoardOtherIncomeAndGrants" xlink:title="definition: OtherIncomeAndGrantsCoveredByAct to EmployeesPaymentForBoardOtherIncomeAndGrants" order="3.0"/>
    <link:loc xlink:type="locator" xlink:href="fsa.xsd#fsa_IncomeFromAdministrativeOperationForOtherSchoolsOtherIncomeAndGrants" xlink:label="IncomeFromAdministrativeOperationForOtherSchoolsOtherIncomeAndGrants" xlink:title="IncomeFromAdministrativeOperationForOtherSchoolsOtherIncomeAndGrants"/>
    <link:definitionArc xlink:type="arc" xlink:arcrole="http://xbrl.org/int/dim/arcrole/domain-member" xlink:from="OtherIncomeAndGrantsCoveredByAct" xlink:to="IncomeFromAdministrativeOperationForOtherSchoolsOtherIncomeAndGrants" xlink:title="definition: OtherIncomeAndGrantsCoveredByAct to IncomeFromAdministrativeOperationForOtherSchoolsOtherIncomeAndGrants" order="70.0"/>
    <link:loc xlink:type="locator" xlink:href="fsa.xsd#fsa_ContributionsForContinuingEducationOtherIncomeAndGrants" xlink:label="ContributionsForContinuingEducationOtherIncomeAndGrants" xlink:title="ContributionsForContinuingEducationOtherIncomeAndGrants"/>
    <link:definitionArc xlink:type="arc" xlink:arcrole="http://xbrl.org/int/dim/arcrole/domain-member" xlink:from="OtherIncomeAndGrantsCoveredByAct" xlink:to="ContributionsForContinuingEducationOtherIncomeAndGrants" xlink:title="definition: OtherIncomeAndGrantsCoveredByAct to ContributionsForContinuingEducationOtherIncomeAndGrants" order="90.0"/>
    <link:loc xlink:type="locator" xlink:href="fsa.xsd#fsa_OtherIncomeOtherIncomeAndGrants" xlink:label="OtherIncomeOtherIncomeAndGrants" xlink:title="OtherIncomeOtherIncomeAndGrants"/>
    <link:definitionArc xlink:type="arc" xlink:arcrole="http://xbrl.org/int/dim/arcrole/domain-member" xlink:from="OtherIncomeAndGrantsCoveredByAct" xlink:to="OtherIncomeOtherIncomeAndGrants" xlink:title="definition: OtherIncomeAndGrantsCoveredByAct to OtherIncomeOtherIncomeAndGrants" order="100.0"/>
    <link:loc xlink:type="locator" xlink:href="fsa.xsd#fsa_DonationsOtherIncomeAndGrants" xlink:label="DonationsOtherIncomeAndGrants" xlink:title="DonationsOtherIncomeAndGrants"/>
    <link:definitionArc xlink:type="arc" xlink:arcrole="http://xbrl.org/int/dim/arcrole/domain-member" xlink:from="OtherIncomeAndGrantsCoveredByAct" xlink:to="DonationsOtherIncomeAndGrants" xlink:title="definition: OtherIncomeAndGrantsCoveredByAct to DonationsOtherIncomeAndGrants" order="5.0"/>
    <link:loc xlink:type="locator" xlink:href="fsa.xsd#fsa_GrantsFromMunicipalOtherIncomeAndGrants" xlink:label="GrantsFromMunicipalOtherIncomeAndGrants" xlink:title="GrantsFromMunicipalOtherIncomeAndGrants"/>
    <link:definitionArc xlink:type="arc" xlink:arcrole="http://xbrl.org/int/dim/arcrole/domain-member" xlink:from="OtherIncomeAndGrantsCoveredByAct" xlink:to="GrantsFromMunicipalOtherIncomeAndGrants" xlink:title="definition: OtherIncomeAndGrantsCoveredByAct to GrantsFromMunicipalOtherIncomeAndGrants" order="80.0"/>
    <link:loc xlink:type="locator" xlink:href="fsa.xsd#fsa_DonationsFromPreviousPeriodsOtherIncomeAndGrants" xlink:label="DonationsFromPreviousPeriodsOtherIncomeAndGrants" xlink:title="DonationsFromPreviousPeriodsOtherIncomeAndGrants"/>
    <link:definitionArc xlink:type="arc" xlink:arcrole="http://xbrl.org/int/dim/arcrole/domain-member" xlink:from="OtherIncomeAndGrantsCoveredByAct" xlink:to="DonationsFromPreviousPeriodsOtherIncomeAndGrants" xlink:title="definition: OtherIncomeAndGrantsCoveredByAct to DonationsFromPreviousPeriodsOtherIncomeAndGrants" order="10.0"/>
    <link:loc xlink:type="locator" xlink:href="fsa.xsd#fsa_OtherIncomeAndGrantsNotCoveredByAct" xlink:label="OtherIncomeAndGrantsNotCoveredByAct" xlink:title="OtherIncomeAndGrantsNotCoveredByAct"/>
    <link:definitionArc xlink:type="arc" xlink:arcrole="http://xbrl.org/int/dim/arcrole/domain-member" xlink:from="OtherIncomeAndGrants" xlink:to="OtherIncomeAndGrantsNotCoveredByAct" xlink:title="definition: OtherIncomeAndGrants to OtherIncomeAndGrantsNotCoveredByAct" order="2.0"/>
    <link:loc xlink:type="locator" xlink:href="fsa.xsd#fsa_IncomeFromCoursesNotCoveredByActOtherIncomeAndGrantsNotCoveredByAct" xlink:label="IncomeFromCoursesNotCoveredByActOtherIncomeAndGrantsNotCoveredByAct" xlink:title="IncomeFromCoursesNotCoveredByActOtherIncomeAndGrantsNotCoveredByAct"/>
    <link:definitionArc xlink:type="arc" xlink:arcrole="http://xbrl.org/int/dim/arcrole/domain-member" xlink:from="OtherIncomeAndGrantsNotCoveredByAct" xlink:to="IncomeFromCoursesNotCoveredByActOtherIncomeAndGrantsNotCoveredByAct" xlink:title="definition: OtherIncomeAndGrantsNotCoveredByAct to IncomeFromCoursesNotCoveredByActOtherIncomeAndGrantsNotCoveredByAct" order="1.0"/>
    <link:loc xlink:type="locator" xlink:href="fsa.xsd#fsa_RentIncomeFromBuildingsRoomsAndAreasOtherIncomeAndGrantsNotCoveredByAct" xlink:label="RentIncomeFromBuildingsRoomsAndAreasOtherIncomeAndGrantsNotCoveredByAct" xlink:title="RentIncomeFromBuildingsRoomsAndAreasOtherIncomeAndGrantsNotCoveredByAct"/>
    <link:definitionArc xlink:type="arc" xlink:arcrole="http://xbrl.org/int/dim/arcrole/domain-member" xlink:from="OtherIncomeAndGrantsNotCoveredByAct" xlink:to="RentIncomeFromBuildingsRoomsAndAreasOtherIncomeAndGrantsNotCoveredByAct" xlink:title="definition: OtherIncomeAndGrantsNotCoveredByAct to RentIncomeFromBuildingsRoomsAndAreasOtherIncomeAndGrantsNotCoveredByAct" order="2.0"/>
    <link:loc xlink:type="locator" xlink:href="fsa.xsd#fsa_OtherIncomeFromActivityOtherIncomeAndGrantsNotCoveredByAct" xlink:label="OtherIncomeFromActivityOtherIncomeAndGrantsNotCoveredByAct" xlink:title="OtherIncomeFromActivityOtherIncomeAndGrantsNotCoveredByAct"/>
    <link:definitionArc xlink:type="arc" xlink:arcrole="http://xbrl.org/int/dim/arcrole/domain-member" xlink:from="OtherIncomeAndGrantsNotCoveredByAct" xlink:to="OtherIncomeFromActivityOtherIncomeAndGrantsNotCoveredByAct" xlink:title="definition: OtherIncomeAndGrantsNotCoveredByAct to OtherIncomeFromActivityOtherIncomeAndGrantsNotCoveredByAct" order="3.0"/>
    <link:loc xlink:type="locator" xlink:href="fsa.xsd#fsa_TuitionFees" xlink:label="TuitionFees" xlink:title="TuitionFees"/>
    <link:loc xlink:type="locator" xlink:href="fsa.xsd#fsa_TuitionFeesTutionFees" xlink:label="TuitionFeesTutionFees" xlink:title="TuitionFeesTutionFees"/>
    <link:definitionArc xlink:type="arc" xlink:arcrole="http://xbrl.org/int/dim/arcrole/domain-member" xlink:from="TuitionFees" xlink:to="TuitionFeesTutionFees" xlink:title="definition: TuitionFees to TuitionFeesTutionFees" order="1.0"/>
    <link:loc xlink:type="locator" xlink:href="fsa.xsd#fsa_GovermentsPupilSupportTutionFees" xlink:label="GovermentsPupilSupportTutionFees" xlink:title="GovermentsPupilSupportTutionFees"/>
    <link:definitionArc xlink:type="arc" xlink:arcrole="http://xbrl.org/int/dim/arcrole/domain-member" xlink:from="TuitionFees" xlink:to="GovermentsPupilSupportTutionFees" xlink:title="definition: TuitionFees to GovermentsPupilSupportTutionFees" order="2.0"/>
    <link:loc xlink:type="locator" xlink:href="fsa.xsd#fsa_IndividuallyAditionalPupilSupportTutionFees" xlink:label="IndividuallyAditionalPupilSupportTutionFees" xlink:title="IndividuallyAditionalPupilSupportTutionFees"/>
    <link:definitionArc xlink:type="arc" xlink:arcrole="http://xbrl.org/int/dim/arcrole/domain-member" xlink:from="TuitionFees" xlink:to="IndividuallyAditionalPupilSupportTutionFees" xlink:title="definition: TuitionFees to IndividuallyAditionalPupilSupportTutionFees" order="3.0"/>
    <link:loc xlink:type="locator" xlink:href="fsa.xsd#fsa_MunicipalPaymentForParticipantsCoveredByLawAboutActiveEmploymentMeasuresTutionFees" xlink:label="MunicipalPaymentForParticipantsCoveredByLawAboutActiveEmploymentMeasuresTutionFees" xlink:title="MunicipalPaymentForParticipantsCoveredByLawAboutActiveEmploymentMeasuresTutionFees"/>
    <link:definitionArc xlink:type="arc" xlink:arcrole="http://xbrl.org/int/dim/arcrole/domain-member" xlink:from="TuitionFees" xlink:to="MunicipalPaymentForParticipantsCoveredByLawAboutActiveEmploymentMeasuresTutionFees" xlink:title="definition: TuitionFees to MunicipalPaymentForParticipantsCoveredByLawAboutActiveEmploymentMeasuresTutionFees" order="4.0"/>
    <link:loc xlink:type="locator" xlink:href="fsa.xsd#fsa_PaymentForMaterialsFieldTripsTravellingEtcTutionFees" xlink:label="PaymentForMaterialsFieldTripsTravellingEtcTutionFees" xlink:title="PaymentForMaterialsFieldTripsTravellingEtcTutionFees"/>
    <link:definitionArc xlink:type="arc" xlink:arcrole="http://xbrl.org/int/dim/arcrole/domain-member" xlink:from="TuitionFees" xlink:to="PaymentForMaterialsFieldTripsTravellingEtcTutionFees" xlink:title="definition: TuitionFees to PaymentForMaterialsFieldTripsTravellingEtcTutionFees" order="5.0"/>
    <link:loc xlink:type="locator" xlink:href="fsa.xsd#fsa_WagesAndSalariesBuildingOperating" xlink:label="WagesAndSalariesBuildingOperating" xlink:title="WagesAndSalariesBuildingOperating"/>
    <link:loc xlink:type="locator" xlink:href="fsa.xsd#fsa_WagesAnSalariesBuildingOperating" xlink:label="WagesAnSalariesBuildingOperating" xlink:title="WagesAnSalariesBuildingOperating"/>
    <link:definitionArc xlink:type="arc" xlink:arcrole="http://xbrl.org/int/dim/arcrole/domain-member" xlink:from="WagesAndSalariesBuildingOperating" xlink:to="WagesAnSalariesBuildingOperating" xlink:title="definition: WagesAndSalariesBuildingOperating to WagesAnSalariesBuildingOperating" order="1.0"/>
    <link:loc xlink:type="locator" xlink:href="fsa.xsd#fsa_WagesAnsSalariesRefundsBuildingOperating" xlink:label="WagesAnsSalariesRefundsBuildingOperating" xlink:title="WagesAnsSalariesRefundsBuildingOperating"/>
    <link:definitionArc xlink:type="arc" xlink:arcrole="http://xbrl.org/int/dim/arcrole/domain-member" xlink:from="WagesAndSalariesBuildingOperating" xlink:to="WagesAnsSalariesRefundsBuildingOperating" xlink:title="definition: WagesAndSalariesBuildingOperating to WagesAnsSalariesRefundsBuildingOperating" order="2.0"/>
    <link:loc xlink:type="locator" xlink:href="fsa.xsd#fsa_ContributionsAccordingToMaternityEliminationActBuildingOperating" xlink:label="ContributionsAccordingToMaternityEliminationActBuildingOperating" xlink:title="ContributionsAccordingToMaternityEliminationActBuildingOperating"/>
    <link:definitionArc xlink:type="arc" xlink:arcrole="http://xbrl.org/int/dim/arcrole/domain-member" xlink:from="WagesAndSalariesBuildingOperating" xlink:to="ContributionsAccordingToMaternityEliminationActBuildingOperating" xlink:title="definition: WagesAndSalariesBuildingOperating to ContributionsAccordingToMaternityEliminationActBuildingOperating" order="3.0"/>
    <link:loc xlink:type="locator" xlink:href="fsa.xsd#fsa_OtherExpensesBuildingOperating" xlink:label="OtherExpensesBuildingOperating" xlink:title="OtherExpensesBuildingOperating"/>
    <link:loc xlink:type="locator" xlink:href="fsa.xsd#fsa_RentOfBuildingsAndAreasOtherCostsPropertyManagement" xlink:label="RentOfBuildingsAndAreasOtherCostsPropertyManagement" xlink:title="RentOfBuildingsAndAreasOtherCostsPropertyManagement"/>
    <link:definitionArc xlink:type="arc" xlink:arcrole="http://xbrl.org/int/dim/arcrole/domain-member" xlink:from="OtherExpensesBuildingOperating" xlink:to="RentOfBuildingsAndAreasOtherCostsPropertyManagement" xlink:title="definition: OtherExpensesBuildingOperating to RentOfBuildingsAndAreasOtherCostsPropertyManagement" order="1.0"/>
    <link:loc xlink:type="locator" xlink:href="fsa.xsd#fsa_HourlyLeaseOtherCostsPropertyManagement" xlink:label="HourlyLeaseOtherCostsPropertyManagement" xlink:title="HourlyLeaseOtherCostsPropertyManagement"/>
    <link:definitionArc xlink:type="arc" xlink:arcrole="http://xbrl.org/int/dim/arcrole/domain-member" xlink:from="OtherExpensesBuildingOperating" xlink:to="HourlyLeaseOtherCostsPropertyManagement" xlink:title="definition: OtherExpensesBuildingOperating to HourlyLeaseOtherCostsPropertyManagement" order="2.0"/>
    <link:loc xlink:type="locator" xlink:href="fsa.xsd#fsa_RealPropertyTaxesOtherCostsPropertyManagement" xlink:label="RealPropertyTaxesOtherCostsPropertyManagement" xlink:title="RealPropertyTaxesOtherCostsPropertyManagement"/>
    <link:definitionArc xlink:type="arc" xlink:arcrole="http://xbrl.org/int/dim/arcrole/domain-member" xlink:from="OtherExpensesBuildingOperating" xlink:to="RealPropertyTaxesOtherCostsPropertyManagement" xlink:title="definition: OtherExpensesBuildingOperating to RealPropertyTaxesOtherCostsPropertyManagement" order="3.0"/>
    <link:loc xlink:type="locator" xlink:href="fsa.xsd#fsa_PropertyInsurancesOtherCostsPropertyManagement" xlink:label="PropertyInsurancesOtherCostsPropertyManagement" xlink:title="PropertyInsurancesOtherCostsPropertyManagement"/>
    <link:definitionArc xlink:type="arc" xlink:arcrole="http://xbrl.org/int/dim/arcrole/domain-member" xlink:from="OtherExpensesBuildingOperating" xlink:to="PropertyInsurancesOtherCostsPropertyManagement" xlink:title="definition: OtherExpensesBuildingOperating to PropertyInsurancesOtherCostsPropertyManagement" order="4.0"/>
    <link:loc xlink:type="locator" xlink:href="fsa.xsd#fsa_AlarmSystemsOtherCostsPropertyManagement" xlink:label="AlarmSystemsOtherCostsPropertyManagement" xlink:title="AlarmSystemsOtherCostsPropertyManagement"/>
    <link:definitionArc xlink:type="arc" xlink:arcrole="http://xbrl.org/int/dim/arcrole/domain-member" xlink:from="OtherExpensesBuildingOperating" xlink:to="AlarmSystemsOtherCostsPropertyManagement" xlink:title="definition: OtherExpensesBuildingOperating to AlarmSystemsOtherCostsPropertyManagement" order="5.0"/>
    <link:loc xlink:type="locator" xlink:href="fsa.xsd#fsa_HeatingElectricityWaterInclRelatedChargesOtherCostsPropertyManagement" xlink:label="HeatingElectricityWaterInclRelatedChargesOtherCostsPropertyManagement" xlink:title="HeatingElectricityWaterInclRelatedChargesOtherCostsPropertyManagement"/>
    <link:definitionArc xlink:type="arc" xlink:arcrole="http://xbrl.org/int/dim/arcrole/domain-member" xlink:from="OtherExpensesBuildingOperating" xlink:to="HeatingElectricityWaterInclRelatedChargesOtherCostsPropertyManagement" xlink:title="definition: OtherExpensesBuildingOperating to HeatingElectricityWaterInclRelatedChargesOtherCostsPropertyManagement" order="6.0"/>
    <link:loc xlink:type="locator" xlink:href="fsa.xsd#fsa_CleaningServicesAndWasteCollectionOtherCostsPropertyManagement" xlink:label="CleaningServicesAndWasteCollectionOtherCostsPropertyManagement" xlink:title="CleaningServicesAndWasteCollectionOtherCostsPropertyManagement"/>
    <link:definitionArc xlink:type="arc" xlink:arcrole="http://xbrl.org/int/dim/arcrole/domain-member" xlink:from="OtherExpensesBuildingOperating" xlink:to="CleaningServicesAndWasteCollectionOtherCostsPropertyManagement" xlink:title="definition: OtherExpensesBuildingOperating to CleaningServicesAndWasteCollectionOtherCostsPropertyManagement" order="7.0"/>
    <link:loc xlink:type="locator" xlink:href="fsa.xsd#fsa_CourseClassOreSeminarOtherCostsPropertyManagement" xlink:label="CourseClassOreSeminarOtherCostsPropertyManagement" xlink:title="CourseClassOreSeminarOtherCostsPropertyManagement"/>
    <link:definitionArc xlink:type="arc" xlink:arcrole="http://xbrl.org/int/dim/arcrole/domain-member" xlink:from="OtherExpensesBuildingOperating" xlink:to="CourseClassOreSeminarOtherCostsPropertyManagement" xlink:title="definition: OtherExpensesBuildingOperating to CourseClassOreSeminarOtherCostsPropertyManagement" order="8.0"/>
    <link:loc xlink:type="locator" xlink:href="fsa.xsd#fsa_BusinessTripsOtherCostsPropertyManagement" xlink:label="BusinessTripsOtherCostsPropertyManagement" xlink:title="BusinessTripsOtherCostsPropertyManagement"/>
    <link:definitionArc xlink:type="arc" xlink:arcrole="http://xbrl.org/int/dim/arcrole/domain-member" xlink:from="OtherExpensesBuildingOperating" xlink:to="BusinessTripsOtherCostsPropertyManagement" xlink:title="definition: OtherExpensesBuildingOperating to BusinessTripsOtherCostsPropertyManagement" order="9.0"/>
    <link:loc xlink:type="locator" xlink:href="fsa.xsd#fsa_RentAndLeaseFixturesAndFittingsToolsAndEquipmentOtherCostsPropertyManagement" xlink:label="RentAndLeaseFixturesAndFittingsToolsAndEquipmentOtherCostsPropertyManagement" xlink:title="RentAndLeaseFixturesAndFittingsToolsAndEquipmentOtherCostsPropertyManagement"/>
    <link:definitionArc xlink:type="arc" xlink:arcrole="http://xbrl.org/int/dim/arcrole/domain-member" xlink:from="OtherExpensesBuildingOperating" xlink:to="RentAndLeaseFixturesAndFittingsToolsAndEquipmentOtherCostsPropertyManagement" xlink:title="definition: OtherExpensesBuildingOperating to RentAndLeaseFixturesAndFittingsToolsAndEquipmentOtherCostsPropertyManagement" order="10.0"/>
    <link:loc xlink:type="locator" xlink:href="fsa.xsd#fsa_MinorAcquisitionsFixturesAndFittingsToolsAndEquipmentOtherCostsPropertyManagement" xlink:label="MinorAcquisitionsFixturesAndFittingsToolsAndEquipmentOtherCostsPropertyManagement" xlink:title="MinorAcquisitionsFixturesAndFittingsToolsAndEquipmentOtherCostsPropertyManagement"/>
    <link:definitionArc xlink:type="arc" xlink:arcrole="http://xbrl.org/int/dim/arcrole/domain-member" xlink:from="OtherExpensesBuildingOperating" xlink:to="MinorAcquisitionsFixturesAndFittingsToolsAndEquipmentOtherCostsPropertyManagement" xlink:title="definition: OtherExpensesBuildingOperating to MinorAcquisitionsFixturesAndFittingsToolsAndEquipmentOtherCostsPropertyManagement" order="11.0"/>
    <link:loc xlink:type="locator" xlink:href="fsa.xsd#fsa_MaintenanceBuildingsLeaseholdImprovementsEquipmentFixturesAndFittingsOtherCostsPropertyManagement" xlink:label="MaintenanceBuildingsLeaseholdImprovementsEquipmentFixturesAndFittingsOtherCostsPropertyManagement" xlink:title="MaintenanceBuildingsLeaseholdImprovementsEquipmentFixturesAndFittingsOtherCostsPropertyManagement"/>
    <link:definitionArc xlink:type="arc" xlink:arcrole="http://xbrl.org/int/dim/arcrole/domain-member" xlink:from="OtherExpensesBuildingOperating" xlink:to="MaintenanceBuildingsLeaseholdImprovementsEquipmentFixturesAndFittingsOtherCostsPropertyManagement" xlink:title="definition: OtherExpensesBuildingOperating to MaintenanceBuildingsLeaseholdImprovementsEquipmentFixturesAndFittingsOtherCostsPropertyManagement" order="12.0"/>
    <link:loc xlink:type="locator" xlink:href="fsa.xsd#fsa_DepreciationBuildingsLeaseholdImprovementsEquipmentFixturesAndFittingsOtherCostsPropertyManagement" xlink:label="DepreciationBuildingsLeaseholdImprovementsEquipmentFixturesAndFittingsOtherCostsPropertyManagement" xlink:title="DepreciationBuildingsLeaseholdImprovementsEquipmentFixturesAndFittingsOtherCostsPropertyManagement"/>
    <link:definitionArc xlink:type="arc" xlink:arcrole="http://xbrl.org/int/dim/arcrole/domain-member" xlink:from="OtherExpensesBuildingOperating" xlink:to="DepreciationBuildingsLeaseholdImprovementsEquipmentFixturesAndFittingsOtherCostsPropertyManagement" xlink:title="definition: OtherExpensesBuildingOperating to DepreciationBuildingsLeaseholdImprovementsEquipmentFixturesAndFittingsOtherCostsPropertyManagement" order="13.0"/>
    <link:loc xlink:type="locator" xlink:href="fsa.xsd#fsa_OtherCostsOtherCostsPropertyManagement" xlink:label="OtherCostsOtherCostsPropertyManagement" xlink:title="OtherCostsOtherCostsPropertyManagement"/>
    <link:definitionArc xlink:type="arc" xlink:arcrole="http://xbrl.org/int/dim/arcrole/domain-member" xlink:from="OtherExpensesBuildingOperating" xlink:to="OtherCostsOtherCostsPropertyManagement" xlink:title="definition: OtherExpensesBuildingOperating to OtherCostsOtherCostsPropertyManagement" order="14.0"/>
    <link:loc xlink:type="locator" xlink:href="fsa.xsd#fsa_WagesAndSalariesConductionOfEducation" xlink:label="WagesAndSalariesConductionOfEducation" xlink:title="WagesAndSalariesConductionOfEducation"/>
    <link:loc xlink:type="locator" xlink:href="fsa.xsd#fsa_WagesAndSalariesConductionOfEducationSk" xlink:label="WagesAndSalariesConductionOfEducationSk" xlink:title="WagesAndSalariesConductionOfEducationSk"/>
    <link:definitionArc xlink:type="arc" xlink:arcrole="http://xbrl.org/int/dim/arcrole/domain-member" xlink:from="WagesAndSalariesConductionOfEducation" xlink:to="WagesAndSalariesConductionOfEducationSk" xlink:title="definition: WagesAndSalariesConductionOfEducation to WagesAndSalariesConductionOfEducationSk" order="1.0"/>
    <link:loc xlink:type="locator" xlink:href="fsa.xsd#fsa_WagesAndSalariesRefundsConductionOfEducation" xlink:label="WagesAndSalariesRefundsConductionOfEducation" xlink:title="WagesAndSalariesRefundsConductionOfEducation"/>
    <link:definitionArc xlink:type="arc" xlink:arcrole="http://xbrl.org/int/dim/arcrole/domain-member" xlink:from="WagesAndSalariesConductionOfEducation" xlink:to="WagesAndSalariesRefundsConductionOfEducation" xlink:title="definition: WagesAndSalariesConductionOfEducation to WagesAndSalariesRefundsConductionOfEducation" order="2.0"/>
    <link:loc xlink:type="locator" xlink:href="fsa.xsd#fsa_ContributionsAccordingToMaternityEliminationActConductionOfEducation" xlink:label="ContributionsAccordingToMaternityEliminationActConductionOfEducation" xlink:title="ContributionsAccordingToMaternityEliminationActConductionOfEducation"/>
    <link:definitionArc xlink:type="arc" xlink:arcrole="http://xbrl.org/int/dim/arcrole/domain-member" xlink:from="WagesAndSalariesConductionOfEducation" xlink:to="ContributionsAccordingToMaternityEliminationActConductionOfEducation" xlink:title="definition: WagesAndSalariesConductionOfEducation to ContributionsAccordingToMaternityEliminationActConductionOfEducation" order="3.0"/>
    <link:loc xlink:type="locator" xlink:href="fsa.xsd#fsa_OtherExpensesConductionOfEducation" xlink:label="OtherExpensesConductionOfEducation" xlink:title="OtherExpensesConductionOfEducation"/>
    <link:loc xlink:type="locator" xlink:href="fsa.xsd#fsa_TeachingMaterialsIncl.BooksEtcOtherCostsTeaching" xlink:label="TeachingMaterialsIncl.BooksEtcOtherCostsTeaching" xlink:title="TeachingMaterialsIncl.BooksEtcOtherCostsTeaching"/>
    <link:definitionArc xlink:type="arc" xlink:arcrole="http://xbrl.org/int/dim/arcrole/domain-member" xlink:from="OtherExpensesConductionOfEducation" xlink:to="TeachingMaterialsIncl.BooksEtcOtherCostsTeaching" xlink:title="definition: OtherExpensesConductionOfEducation to TeachingMaterialsIncl.BooksEtcOtherCostsTeaching" order="2.0"/>
    <link:loc xlink:type="locator" xlink:href="fsa.xsd#fsa_PhotocopyingOtherCostsTeaching" xlink:label="PhotocopyingOtherCostsTeaching" xlink:title="PhotocopyingOtherCostsTeaching"/>
    <link:definitionArc xlink:type="arc" xlink:arcrole="http://xbrl.org/int/dim/arcrole/domain-member" xlink:from="OtherExpensesConductionOfEducation" xlink:to="PhotocopyingOtherCostsTeaching" xlink:title="definition: OtherExpensesConductionOfEducation to PhotocopyingOtherCostsTeaching" order="3.0"/>
    <link:loc xlink:type="locator" xlink:href="fsa.xsd#fsa_CampSchoolsTripsAndOutingsOtherCostsTeaching" xlink:label="CampSchoolsTripsAndOutingsOtherCostsTeaching" xlink:title="CampSchoolsTripsAndOutingsOtherCostsTeaching"/>
    <link:definitionArc xlink:type="arc" xlink:arcrole="http://xbrl.org/int/dim/arcrole/domain-member" xlink:from="OtherExpensesConductionOfEducation" xlink:to="CampSchoolsTripsAndOutingsOtherCostsTeaching" xlink:title="definition: OtherExpensesConductionOfEducation to CampSchoolsTripsAndOutingsOtherCostsTeaching" order="4.0"/>
    <link:loc xlink:type="locator" xlink:href="fsa.xsd#fsa_NetExpensesTransportIncl.OperationOfBusesNetOtherCostsTeaching" xlink:label="NetExpensesTransportIncl.OperationOfBusesNetOtherCostsTeaching" xlink:title="NetExpensesTransportIncl.OperationOfBusesNetOtherCostsTeaching"/>
    <link:definitionArc xlink:type="arc" xlink:arcrole="http://xbrl.org/int/dim/arcrole/domain-member" xlink:from="OtherExpensesConductionOfEducation" xlink:to="NetExpensesTransportIncl.OperationOfBusesNetOtherCostsTeaching" xlink:title="definition: OtherExpensesConductionOfEducation to NetExpensesTransportIncl.OperationOfBusesNetOtherCostsTeaching" order="5.0"/>
    <link:loc xlink:type="locator" xlink:href="fsa.xsd#fsa_PedagogicTrainingNetOtherCostsTeaching" xlink:label="PedagogicTrainingNetOtherCostsTeaching" xlink:title="PedagogicTrainingNetOtherCostsTeaching"/>
    <link:definitionArc xlink:type="arc" xlink:arcrole="http://xbrl.org/int/dim/arcrole/domain-member" xlink:from="OtherExpensesConductionOfEducation" xlink:to="PedagogicTrainingNetOtherCostsTeaching" xlink:title="definition: OtherExpensesConductionOfEducation to PedagogicTrainingNetOtherCostsTeaching" order="6.0"/>
    <link:loc xlink:type="locator" xlink:href="fsa.xsd#fsa_BusinessTripsOtherCostsTeaching" xlink:label="BusinessTripsOtherCostsTeaching" xlink:title="BusinessTripsOtherCostsTeaching"/>
    <link:definitionArc xlink:type="arc" xlink:arcrole="http://xbrl.org/int/dim/arcrole/domain-member" xlink:from="OtherExpensesConductionOfEducation" xlink:to="BusinessTripsOtherCostsTeaching" xlink:title="definition: OtherExpensesConductionOfEducation to BusinessTripsOtherCostsTeaching" order="7.0"/>
    <link:loc xlink:type="locator" xlink:href="fsa.xsd#fsa_RentAndLeaseFixturesAndFittingsToolsAndEquipmentOtherCostsTeaching" xlink:label="RentAndLeaseFixturesAndFittingsToolsAndEquipmentOtherCostsTeaching" xlink:title="RentAndLeaseFixturesAndFittingsToolsAndEquipmentOtherCostsTeaching"/>
    <link:definitionArc xlink:type="arc" xlink:arcrole="http://xbrl.org/int/dim/arcrole/domain-member" xlink:from="OtherExpensesConductionOfEducation" xlink:to="RentAndLeaseFixturesAndFittingsToolsAndEquipmentOtherCostsTeaching" xlink:title="definition: OtherExpensesConductionOfEducation to RentAndLeaseFixturesAndFittingsToolsAndEquipmentOtherCostsTeaching" order="8.0"/>
    <link:loc xlink:type="locator" xlink:href="fsa.xsd#fsa_MinorAcquisitionsFixturesAndFittingsToolsAndEquipmentOtherCostsTeaching" xlink:label="MinorAcquisitionsFixturesAndFittingsToolsAndEquipmentOtherCostsTeaching" xlink:title="MinorAcquisitionsFixturesAndFittingsToolsAndEquipmentOtherCostsTeaching"/>
    <link:definitionArc xlink:type="arc" xlink:arcrole="http://xbrl.org/int/dim/arcrole/domain-member" xlink:from="OtherExpensesConductionOfEducation" xlink:to="MinorAcquisitionsFixturesAndFittingsToolsAndEquipmentOtherCostsTeaching" xlink:title="definition: OtherExpensesConductionOfEducation to MinorAcquisitionsFixturesAndFittingsToolsAndEquipmentOtherCostsTeaching" order="9.0"/>
    <link:loc xlink:type="locator" xlink:href="fsa.xsd#fsa_MaintenanceFixturesAndFittingsToolsAndEquipmentOtherCostsTeaching" xlink:label="MaintenanceFixturesAndFittingsToolsAndEquipmentOtherCostsTeaching" xlink:title="MaintenanceFixturesAndFittingsToolsAndEquipmentOtherCostsTeaching"/>
    <link:definitionArc xlink:type="arc" xlink:arcrole="http://xbrl.org/int/dim/arcrole/domain-member" xlink:from="OtherExpensesConductionOfEducation" xlink:to="MaintenanceFixturesAndFittingsToolsAndEquipmentOtherCostsTeaching" xlink:title="definition: OtherExpensesConductionOfEducation to MaintenanceFixturesAndFittingsToolsAndEquipmentOtherCostsTeaching" order="10.0"/>
    <link:loc xlink:type="locator" xlink:href="fsa.xsd#fsa_DepreciationEquipmentAndFixturesAndFittingsOtherCostsTeaching" xlink:label="DepreciationEquipmentAndFixturesAndFittingsOtherCostsTeaching" xlink:title="DepreciationEquipmentAndFixturesAndFittingsOtherCostsTeaching"/>
    <link:definitionArc xlink:type="arc" xlink:arcrole="http://xbrl.org/int/dim/arcrole/domain-member" xlink:from="OtherExpensesConductionOfEducation" xlink:to="DepreciationEquipmentAndFixturesAndFittingsOtherCostsTeaching" xlink:title="definition: OtherExpensesConductionOfEducation to DepreciationEquipmentAndFixturesAndFittingsOtherCostsTeaching" order="12.0"/>
    <link:loc xlink:type="locator" xlink:href="fsa.xsd#fsa_PurchaseOfAidsForStudentsWithSpecialNeedsContinuationSchoolIndependentBasicSchoolsAndFolkHighSchoolOtherCostsTeaching" xlink:label="PurchaseOfAidsForStudentsWithSpecialNeedsContinuationSchoolIndependentBasicSchoolsAndFolkHighSchoolOtherCostsTeaching" xlink:title="PurchaseOfAidsForStudentsWithSpecialNeedsContinuationSchoolIndependentBasicSchoolsAndFolkHighSchoolOtherCostsTeaching"/>
    <link:definitionArc xlink:type="arc" xlink:arcrole="http://xbrl.org/int/dim/arcrole/domain-member" xlink:from="OtherExpensesConductionOfEducation" xlink:to="PurchaseOfAidsForStudentsWithSpecialNeedsContinuationSchoolIndependentBasicSchoolsAndFolkHighSchoolOtherCostsTeaching" xlink:title="definition: OtherExpensesConductionOfEducation to PurchaseOfAidsForStudentsWithSpecialNeedsContinuationSchoolIndependentBasicSchoolsAndFolkHighSchoolOtherCostsTeaching" order="14.0"/>
    <link:loc xlink:type="locator" xlink:href="fsa.xsd#fsa_OtherCostsOtherCostsTeaching" xlink:label="OtherCostsOtherCostsTeaching" xlink:title="OtherCostsOtherCostsTeaching"/>
    <link:definitionArc xlink:type="arc" xlink:arcrole="http://xbrl.org/int/dim/arcrole/domain-member" xlink:from="OtherExpensesConductionOfEducation" xlink:to="OtherCostsOtherCostsTeaching" xlink:title="definition: OtherExpensesConductionOfEducation to OtherCostsOtherCostsTeaching" order="15.0"/>
    <link:loc xlink:type="locator" xlink:href="fsa.xsd#fsa_DepreciationIntangibleFixedAssetsOtherCostsTeaching" xlink:label="DepreciationIntangibleFixedAssetsOtherCostsTeaching" xlink:title="DepreciationIntangibleFixedAssetsOtherCostsTeaching"/>
    <link:definitionArc xlink:type="arc" xlink:arcrole="http://xbrl.org/int/dim/arcrole/domain-member" xlink:from="OtherExpensesConductionOfEducation" xlink:to="DepreciationIntangibleFixedAssetsOtherCostsTeaching" xlink:title="definition: OtherExpensesConductionOfEducation to DepreciationIntangibleFixedAssetsOtherCostsTeaching" order="11.0"/>
    <link:loc xlink:type="locator" xlink:href="fsa.xsd#fsa_AgreementWithProvidersOfVocationalEducationAndTrainingOtherCostsTeaching" xlink:label="AgreementWithProvidersOfVocationalEducationAndTrainingOtherCostsTeaching" xlink:title="AgreementWithProvidersOfVocationalEducationAndTrainingOtherCostsTeaching"/>
    <link:definitionArc xlink:type="arc" xlink:arcrole="http://xbrl.org/int/dim/arcrole/domain-member" xlink:from="OtherExpensesConductionOfEducation" xlink:to="AgreementWithProvidersOfVocationalEducationAndTrainingOtherCostsTeaching" xlink:title="definition: OtherExpensesConductionOfEducation to AgreementWithProvidersOfVocationalEducationAndTrainingOtherCostsTeaching" order="1.0"/>
    <link:loc xlink:type="locator" xlink:href="fsa.xsd#fsa_WagesAndSalariesBoardingDepartment" xlink:label="WagesAndSalariesBoardingDepartment" xlink:title="WagesAndSalariesBoardingDepartment"/>
    <link:loc xlink:type="locator" xlink:href="fsa.xsd#fsa_WagesAndSalariesBoardingDepartmentSk" xlink:label="WagesAndSalariesBoardingDepartmentSk" xlink:title="WagesAndSalariesBoardingDepartmentSk"/>
    <link:definitionArc xlink:type="arc" xlink:arcrole="http://xbrl.org/int/dim/arcrole/domain-member" xlink:from="WagesAndSalariesBoardingDepartment" xlink:to="WagesAndSalariesBoardingDepartmentSk" xlink:title="definition: WagesAndSalariesBoardingDepartment to WagesAndSalariesBoardingDepartmentSk" order="1.0"/>
    <link:loc xlink:type="locator" xlink:href="fsa.xsd#fsa_WagesAndSalariesRefundsBoardingDepartment" xlink:label="WagesAndSalariesRefundsBoardingDepartment" xlink:title="WagesAndSalariesRefundsBoardingDepartment"/>
    <link:definitionArc xlink:type="arc" xlink:arcrole="http://xbrl.org/int/dim/arcrole/domain-member" xlink:from="WagesAndSalariesBoardingDepartment" xlink:to="WagesAndSalariesRefundsBoardingDepartment" xlink:title="definition: WagesAndSalariesBoardingDepartment to WagesAndSalariesRefundsBoardingDepartment" order="2.0"/>
    <link:loc xlink:type="locator" xlink:href="fsa.xsd#fsa_ContributionsAccordingToMaternityEliminationActBoardingDepartment" xlink:label="ContributionsAccordingToMaternityEliminationActBoardingDepartment" xlink:title="ContributionsAccordingToMaternityEliminationActBoardingDepartment"/>
    <link:definitionArc xlink:type="arc" xlink:arcrole="http://xbrl.org/int/dim/arcrole/domain-member" xlink:from="WagesAndSalariesBoardingDepartment" xlink:to="ContributionsAccordingToMaternityEliminationActBoardingDepartment" xlink:title="definition: WagesAndSalariesBoardingDepartment to ContributionsAccordingToMaternityEliminationActBoardingDepartment" order="3.0"/>
    <link:loc xlink:type="locator" xlink:href="fsa.xsd#fsa_OtherExpensesBoardingDepartment" xlink:label="OtherExpensesBoardingDepartment" xlink:title="OtherExpensesBoardingDepartment"/>
    <link:loc xlink:type="locator" xlink:href="fsa.xsd#fsa_FoodProductsOtherCostsBoardingDepartment" xlink:label="FoodProductsOtherCostsBoardingDepartment" xlink:title="FoodProductsOtherCostsBoardingDepartment"/>
    <link:definitionArc xlink:type="arc" xlink:arcrole="http://xbrl.org/int/dim/arcrole/domain-member" xlink:from="OtherExpensesBoardingDepartment" xlink:to="FoodProductsOtherCostsBoardingDepartment" xlink:title="definition: OtherExpensesBoardingDepartment to FoodProductsOtherCostsBoardingDepartment" order="1.0"/>
    <link:loc xlink:type="locator" xlink:href="fsa.xsd#fsa_CourseClassOreSeminarOtherCostsBoardingDepartment" xlink:label="CourseClassOreSeminarOtherCostsBoardingDepartment" xlink:title="CourseClassOreSeminarOtherCostsBoardingDepartment"/>
    <link:definitionArc xlink:type="arc" xlink:arcrole="http://xbrl.org/int/dim/arcrole/domain-member" xlink:from="OtherExpensesBoardingDepartment" xlink:to="CourseClassOreSeminarOtherCostsBoardingDepartment" xlink:title="definition: OtherExpensesBoardingDepartment to CourseClassOreSeminarOtherCostsBoardingDepartment" order="3.0"/>
    <link:loc xlink:type="locator" xlink:href="fsa.xsd#fsa_BusinessTripsOtherCostsBoardingDepartment" xlink:label="BusinessTripsOtherCostsBoardingDepartment" xlink:title="BusinessTripsOtherCostsBoardingDepartment"/>
    <link:definitionArc xlink:type="arc" xlink:arcrole="http://xbrl.org/int/dim/arcrole/domain-member" xlink:from="OtherExpensesBoardingDepartment" xlink:to="BusinessTripsOtherCostsBoardingDepartment" xlink:title="definition: OtherExpensesBoardingDepartment to BusinessTripsOtherCostsBoardingDepartment" order="4.0"/>
    <link:loc xlink:type="locator" xlink:href="fsa.xsd#fsa_RentAndLeaseFixturesAndFittingsToolsAndEquipmentOtherCostsBoardingDepartment" xlink:label="RentAndLeaseFixturesAndFittingsToolsAndEquipmentOtherCostsBoardingDepartment" xlink:title="RentAndLeaseFixturesAndFittingsToolsAndEquipmentOtherCostsBoardingDepartment"/>
    <link:definitionArc xlink:type="arc" xlink:arcrole="http://xbrl.org/int/dim/arcrole/domain-member" xlink:from="OtherExpensesBoardingDepartment" xlink:to="RentAndLeaseFixturesAndFittingsToolsAndEquipmentOtherCostsBoardingDepartment" xlink:title="definition: OtherExpensesBoardingDepartment to RentAndLeaseFixturesAndFittingsToolsAndEquipmentOtherCostsBoardingDepartment" order="5.0"/>
    <link:loc xlink:type="locator" xlink:href="fsa.xsd#fsa_MinorAcquisitionsFixturesAndFittingsToolsAndEquipmentOtherCostsBoardingDepartment" xlink:label="MinorAcquisitionsFixturesAndFittingsToolsAndEquipmentOtherCostsBoardingDepartment" xlink:title="MinorAcquisitionsFixturesAndFittingsToolsAndEquipmentOtherCostsBoardingDepartment"/>
    <link:definitionArc xlink:type="arc" xlink:arcrole="http://xbrl.org/int/dim/arcrole/domain-member" xlink:from="OtherExpensesBoardingDepartment" xlink:to="MinorAcquisitionsFixturesAndFittingsToolsAndEquipmentOtherCostsBoardingDepartment" xlink:title="definition: OtherExpensesBoardingDepartment to MinorAcquisitionsFixturesAndFittingsToolsAndEquipmentOtherCostsBoardingDepartment" order="6.0"/>
    <link:loc xlink:type="locator" xlink:href="fsa.xsd#fsa_MaintenanceFixturesAndFittingsToolsAndEquipmentOtherCostsBoardingDepartment" xlink:label="MaintenanceFixturesAndFittingsToolsAndEquipmentOtherCostsBoardingDepartment" xlink:title="MaintenanceFixturesAndFittingsToolsAndEquipmentOtherCostsBoardingDepartment"/>
    <link:definitionArc xlink:type="arc" xlink:arcrole="http://xbrl.org/int/dim/arcrole/domain-member" xlink:from="OtherExpensesBoardingDepartment" xlink:to="MaintenanceFixturesAndFittingsToolsAndEquipmentOtherCostsBoardingDepartment" xlink:title="definition: OtherExpensesBoardingDepartment to MaintenanceFixturesAndFittingsToolsAndEquipmentOtherCostsBoardingDepartment" order="7.0"/>
    <link:loc xlink:type="locator" xlink:href="fsa.xsd#fsa_DepreciationEquipmentAndFixturesAndFittingsOtherCostsBoardingDepartment" xlink:label="DepreciationEquipmentAndFixturesAndFittingsOtherCostsBoardingDepartment" xlink:title="DepreciationEquipmentAndFixturesAndFittingsOtherCostsBoardingDepartment"/>
    <link:definitionArc xlink:type="arc" xlink:arcrole="http://xbrl.org/int/dim/arcrole/domain-member" xlink:from="OtherExpensesBoardingDepartment" xlink:to="DepreciationEquipmentAndFixturesAndFittingsOtherCostsBoardingDepartment" xlink:title="definition: OtherExpensesBoardingDepartment to DepreciationEquipmentAndFixturesAndFittingsOtherCostsBoardingDepartment" order="8.0"/>
    <link:loc xlink:type="locator" xlink:href="fsa.xsd#fsa_OtherCostsOtherCostsBoardingDepartment" xlink:label="OtherCostsOtherCostsBoardingDepartment" xlink:title="OtherCostsOtherCostsBoardingDepartment"/>
    <link:definitionArc xlink:type="arc" xlink:arcrole="http://xbrl.org/int/dim/arcrole/domain-member" xlink:from="OtherExpensesBoardingDepartment" xlink:to="OtherCostsOtherCostsBoardingDepartment" xlink:title="definition: OtherExpensesBoardingDepartment to OtherCostsOtherCostsBoardingDepartment" order="9.0"/>
    <link:loc xlink:type="locator" xlink:href="fsa.xsd#fsa_RecreationalActivityWeekendEventOtherCostsBoardingDepartment" xlink:label="RecreationalActivityWeekendEventOtherCostsBoardingDepartment" xlink:title="RecreationalActivityWeekendEventOtherCostsBoardingDepartment"/>
    <link:definitionArc xlink:type="arc" xlink:arcrole="http://xbrl.org/int/dim/arcrole/domain-member" xlink:from="OtherExpensesBoardingDepartment" xlink:to="RecreationalActivityWeekendEventOtherCostsBoardingDepartment" xlink:title="definition: OtherExpensesBoardingDepartment to RecreationalActivityWeekendEventOtherCostsBoardingDepartment" order="2.0"/>
    <link:loc xlink:type="locator" xlink:href="fsa.xsd#fsa_WagesAndSalariesAdministration" xlink:label="WagesAndSalariesAdministration" xlink:title="WagesAndSalariesAdministration"/>
    <link:loc xlink:type="locator" xlink:href="fsa.xsd#fsa_WagesAndSalariesAdministrationSk" xlink:label="WagesAndSalariesAdministrationSk" xlink:title="WagesAndSalariesAdministrationSk"/>
    <link:definitionArc xlink:type="arc" xlink:arcrole="http://xbrl.org/int/dim/arcrole/domain-member" xlink:from="WagesAndSalariesAdministration" xlink:to="WagesAndSalariesAdministrationSk" xlink:title="definition: WagesAndSalariesAdministration to WagesAndSalariesAdministrationSk" order="1.0"/>
    <link:loc xlink:type="locator" xlink:href="fsa.xsd#fsa_WagesAndSalariesRefundsAdministration" xlink:label="WagesAndSalariesRefundsAdministration" xlink:title="WagesAndSalariesRefundsAdministration"/>
    <link:definitionArc xlink:type="arc" xlink:arcrole="http://xbrl.org/int/dim/arcrole/domain-member" xlink:from="WagesAndSalariesAdministration" xlink:to="WagesAndSalariesRefundsAdministration" xlink:title="definition: WagesAndSalariesAdministration to WagesAndSalariesRefundsAdministration" order="2.0"/>
    <link:loc xlink:type="locator" xlink:href="fsa.xsd#fsa_ContributionsAccordingToMaternityEliminationActAdministration" xlink:label="ContributionsAccordingToMaternityEliminationActAdministration" xlink:title="ContributionsAccordingToMaternityEliminationActAdministration"/>
    <link:definitionArc xlink:type="arc" xlink:arcrole="http://xbrl.org/int/dim/arcrole/domain-member" xlink:from="WagesAndSalariesAdministration" xlink:to="ContributionsAccordingToMaternityEliminationActAdministration" xlink:title="definition: WagesAndSalariesAdministration to ContributionsAccordingToMaternityEliminationActAdministration" order="3.0"/>
    <link:loc xlink:type="locator" xlink:href="fsa.xsd#fsa_OtherExpensesAdministration" xlink:label="OtherExpensesAdministration" xlink:title="OtherExpensesAdministration"/>
    <link:loc xlink:type="locator" xlink:href="fsa.xsd#fsa_AuditFeesOtherCostsAdministration" xlink:label="AuditFeesOtherCostsAdministration" xlink:title="AuditFeesOtherCostsAdministration"/>
    <link:definitionArc xlink:type="arc" xlink:arcrole="http://xbrl.org/int/dim/arcrole/domain-member" xlink:from="OtherExpensesAdministration" xlink:to="AuditFeesOtherCostsAdministration" xlink:title="definition: OtherExpensesAdministration to AuditFeesOtherCostsAdministration" order="1.0"/>
    <link:loc xlink:type="locator" xlink:href="fsa.xsd#fsa_AccountingAssistanceOtherCostsAdministration" xlink:label="AccountingAssistanceOtherCostsAdministration" xlink:title="AccountingAssistanceOtherCostsAdministration"/>
    <link:definitionArc xlink:type="arc" xlink:arcrole="http://xbrl.org/int/dim/arcrole/domain-member" xlink:from="OtherExpensesAdministration" xlink:to="AccountingAssistanceOtherCostsAdministration" xlink:title="definition: OtherExpensesAdministration to AccountingAssistanceOtherCostsAdministration" order="2.0"/>
    <link:loc xlink:type="locator" xlink:href="fsa.xsd#fsa_OtherAdvisoryServicesOtherCostsAdministration" xlink:label="OtherAdvisoryServicesOtherCostsAdministration" xlink:title="OtherAdvisoryServicesOtherCostsAdministration"/>
    <link:definitionArc xlink:type="arc" xlink:arcrole="http://xbrl.org/int/dim/arcrole/domain-member" xlink:from="OtherExpensesAdministration" xlink:to="OtherAdvisoryServicesOtherCostsAdministration" xlink:title="definition: OtherExpensesAdministration to OtherAdvisoryServicesOtherCostsAdministration" order="3.0"/>
    <link:loc xlink:type="locator" xlink:href="fsa.xsd#fsa_InsuranceOtherCostsAdministration" xlink:label="InsuranceOtherCostsAdministration" xlink:title="InsuranceOtherCostsAdministration"/>
    <link:definitionArc xlink:type="arc" xlink:arcrole="http://xbrl.org/int/dim/arcrole/domain-member" xlink:from="OtherExpensesAdministration" xlink:to="InsuranceOtherCostsAdministration" xlink:title="definition: OtherExpensesAdministration to InsuranceOtherCostsAdministration" order="4.0"/>
    <link:loc xlink:type="locator" xlink:href="fsa.xsd#fsa_MarketingOtherCostsAdministration" xlink:label="MarketingOtherCostsAdministration" xlink:title="MarketingOtherCostsAdministration"/>
    <link:definitionArc xlink:type="arc" xlink:arcrole="http://xbrl.org/int/dim/arcrole/domain-member" xlink:from="OtherExpensesAdministration" xlink:to="MarketingOtherCostsAdministration" xlink:title="definition: OtherExpensesAdministration to MarketingOtherCostsAdministration" order="5.0"/>
    <link:loc xlink:type="locator" xlink:href="fsa.xsd#fsa_ExpensesRelatedToTheEmploymentOfStaffOtherCostsAdministration" xlink:label="ExpensesRelatedToTheEmploymentOfStaffOtherCostsAdministration" xlink:title="ExpensesRelatedToTheEmploymentOfStaffOtherCostsAdministration"/>
    <link:definitionArc xlink:type="arc" xlink:arcrole="http://xbrl.org/int/dim/arcrole/domain-member" xlink:from="OtherExpensesAdministration" xlink:to="ExpensesRelatedToTheEmploymentOfStaffOtherCostsAdministration" xlink:title="definition: OtherExpensesAdministration to ExpensesRelatedToTheEmploymentOfStaffOtherCostsAdministration" order="6.0"/>
    <link:loc xlink:type="locator" xlink:href="fsa.xsd#fsa_StaffExpensesOtherCostsAdministration" xlink:label="StaffExpensesOtherCostsAdministration" xlink:title="StaffExpensesOtherCostsAdministration"/>
    <link:definitionArc xlink:type="arc" xlink:arcrole="http://xbrl.org/int/dim/arcrole/domain-member" xlink:from="OtherExpensesAdministration" xlink:to="StaffExpensesOtherCostsAdministration" xlink:title="definition: OtherExpensesAdministration to StaffExpensesOtherCostsAdministration" order="7.0"/>
    <link:loc xlink:type="locator" xlink:href="fsa.xsd#fsa_SchoolBoardExpensesOtherCostsAdministration" xlink:label="SchoolBoardExpensesOtherCostsAdministration" xlink:title="SchoolBoardExpensesOtherCostsAdministration"/>
    <link:definitionArc xlink:type="arc" xlink:arcrole="http://xbrl.org/int/dim/arcrole/domain-member" xlink:from="OtherExpensesAdministration" xlink:to="SchoolBoardExpensesOtherCostsAdministration" xlink:title="definition: OtherExpensesAdministration to SchoolBoardExpensesOtherCostsAdministration" order="8.0"/>
    <link:loc xlink:type="locator" xlink:href="fsa.xsd#fsa_CourseClassOreSeminarOtherCostsAdministration" xlink:label="CourseClassOreSeminarOtherCostsAdministration" xlink:title="CourseClassOreSeminarOtherCostsAdministration"/>
    <link:definitionArc xlink:type="arc" xlink:arcrole="http://xbrl.org/int/dim/arcrole/domain-member" xlink:from="OtherExpensesAdministration" xlink:to="CourseClassOreSeminarOtherCostsAdministration" xlink:title="definition: OtherExpensesAdministration to CourseClassOreSeminarOtherCostsAdministration" order="9.0"/>
    <link:loc xlink:type="locator" xlink:href="fsa.xsd#fsa_BusinessTripsOtherCostsAdministration" xlink:label="BusinessTripsOtherCostsAdministration" xlink:title="BusinessTripsOtherCostsAdministration"/>
    <link:definitionArc xlink:type="arc" xlink:arcrole="http://xbrl.org/int/dim/arcrole/domain-member" xlink:from="OtherExpensesAdministration" xlink:to="BusinessTripsOtherCostsAdministration" xlink:title="definition: OtherExpensesAdministration to BusinessTripsOtherCostsAdministration" order="10.0"/>
    <link:loc xlink:type="locator" xlink:href="fsa.xsd#fsa_StatutoryTaxesStaffOtherCostsAdministration" xlink:label="StatutoryTaxesStaffOtherCostsAdministration" xlink:title="StatutoryTaxesStaffOtherCostsAdministration"/>
    <link:definitionArc xlink:type="arc" xlink:arcrole="http://xbrl.org/int/dim/arcrole/domain-member" xlink:from="OtherExpensesAdministration" xlink:to="StatutoryTaxesStaffOtherCostsAdministration" xlink:title="definition: OtherExpensesAdministration to StatutoryTaxesStaffOtherCostsAdministration" order="11.0"/>
    <link:loc xlink:type="locator" xlink:href="fsa.xsd#fsa_EntertainmentOtherCostsAdministration" xlink:label="EntertainmentOtherCostsAdministration" xlink:title="EntertainmentOtherCostsAdministration"/>
    <link:definitionArc xlink:type="arc" xlink:arcrole="http://xbrl.org/int/dim/arcrole/domain-member" xlink:from="OtherExpensesAdministration" xlink:to="EntertainmentOtherCostsAdministration" xlink:title="definition: OtherExpensesAdministration to EntertainmentOtherCostsAdministration" order="12.0"/>
    <link:loc xlink:type="locator" xlink:href="fsa.xsd#fsa_OfficeSuppliesPostageAndTelephoneOtherCostsAdministration" xlink:label="OfficeSuppliesPostageAndTelephoneOtherCostsAdministration" xlink:title="OfficeSuppliesPostageAndTelephoneOtherCostsAdministration"/>
    <link:definitionArc xlink:type="arc" xlink:arcrole="http://xbrl.org/int/dim/arcrole/domain-member" xlink:from="OtherExpensesAdministration" xlink:to="OfficeSuppliesPostageAndTelephoneOtherCostsAdministration" xlink:title="definition: OtherExpensesAdministration to OfficeSuppliesPostageAndTelephoneOtherCostsAdministration" order="13.0"/>
    <link:loc xlink:type="locator" xlink:href="fsa.xsd#fsa_MembershipFeesToSchoolAssociationsOtherCostsAdministration" xlink:label="MembershipFeesToSchoolAssociationsOtherCostsAdministration" xlink:title="MembershipFeesToSchoolAssociationsOtherCostsAdministration"/>
    <link:definitionArc xlink:type="arc" xlink:arcrole="http://xbrl.org/int/dim/arcrole/domain-member" xlink:from="OtherExpensesAdministration" xlink:to="MembershipFeesToSchoolAssociationsOtherCostsAdministration" xlink:title="definition: OtherExpensesAdministration to MembershipFeesToSchoolAssociationsOtherCostsAdministration" order="14.0"/>
    <link:loc xlink:type="locator" xlink:href="fsa.xsd#fsa_RentAndLeaseFixturesAndFittingsToolsAndEquipmentOtherCostsAdministration" xlink:label="RentAndLeaseFixturesAndFittingsToolsAndEquipmentOtherCostsAdministration" xlink:title="RentAndLeaseFixturesAndFittingsToolsAndEquipmentOtherCostsAdministration"/>
    <link:definitionArc xlink:type="arc" xlink:arcrole="http://xbrl.org/int/dim/arcrole/domain-member" xlink:from="OtherExpensesAdministration" xlink:to="RentAndLeaseFixturesAndFittingsToolsAndEquipmentOtherCostsAdministration" xlink:title="definition: OtherExpensesAdministration to RentAndLeaseFixturesAndFittingsToolsAndEquipmentOtherCostsAdministration" order="15.0"/>
    <link:loc xlink:type="locator" xlink:href="fsa.xsd#fsa_MinorAcquisitionsFixturesAndFittingsToolsAndEquipmentOtherCostsAdministration" xlink:label="MinorAcquisitionsFixturesAndFittingsToolsAndEquipmentOtherCostsAdministration" xlink:title="MinorAcquisitionsFixturesAndFittingsToolsAndEquipmentOtherCostsAdministration"/>
    <link:definitionArc xlink:type="arc" xlink:arcrole="http://xbrl.org/int/dim/arcrole/domain-member" xlink:from="OtherExpensesAdministration" xlink:to="MinorAcquisitionsFixturesAndFittingsToolsAndEquipmentOtherCostsAdministration" xlink:title="definition: OtherExpensesAdministration to MinorAcquisitionsFixturesAndFittingsToolsAndEquipmentOtherCostsAdministration" order="16.0"/>
    <link:loc xlink:type="locator" xlink:href="fsa.xsd#fsa_MaintenanceFixturesAndFittingsToolsAndEquipmentOtherCostsAdministration" xlink:label="MaintenanceFixturesAndFittingsToolsAndEquipmentOtherCostsAdministration" xlink:title="MaintenanceFixturesAndFittingsToolsAndEquipmentOtherCostsAdministration"/>
    <link:definitionArc xlink:type="arc" xlink:arcrole="http://xbrl.org/int/dim/arcrole/domain-member" xlink:from="OtherExpensesAdministration" xlink:to="MaintenanceFixturesAndFittingsToolsAndEquipmentOtherCostsAdministration" xlink:title="definition: OtherExpensesAdministration to MaintenanceFixturesAndFittingsToolsAndEquipmentOtherCostsAdministration" order="17.0"/>
    <link:loc xlink:type="locator" xlink:href="fsa.xsd#fsa_DepreciationEquipmentAndFixturesAndFittingsOtherCostsAdministration" xlink:label="DepreciationEquipmentAndFixturesAndFittingsOtherCostsAdministration" xlink:title="DepreciationEquipmentAndFixturesAndFittingsOtherCostsAdministration"/>
    <link:definitionArc xlink:type="arc" xlink:arcrole="http://xbrl.org/int/dim/arcrole/domain-member" xlink:from="OtherExpensesAdministration" xlink:to="DepreciationEquipmentAndFixturesAndFittingsOtherCostsAdministration" xlink:title="definition: OtherExpensesAdministration to DepreciationEquipmentAndFixturesAndFittingsOtherCostsAdministration" order="19.0"/>
    <link:loc xlink:type="locator" xlink:href="fsa.xsd#fsa_It-CostsOtherCostsAdministration" xlink:label="It-CostsOtherCostsAdministration" xlink:title="It-CostsOtherCostsAdministration"/>
    <link:definitionArc xlink:type="arc" xlink:arcrole="http://xbrl.org/int/dim/arcrole/domain-member" xlink:from="OtherExpensesAdministration" xlink:to="It-CostsOtherCostsAdministration" xlink:title="definition: OtherExpensesAdministration to It-CostsOtherCostsAdministration" order="20.0"/>
    <link:loc xlink:type="locator" xlink:href="fsa.xsd#fsa_LossTuitionFeeOtherCostsAdministration" xlink:label="LossTuitionFeeOtherCostsAdministration" xlink:title="LossTuitionFeeOtherCostsAdministration"/>
    <link:definitionArc xlink:type="arc" xlink:arcrole="http://xbrl.org/int/dim/arcrole/domain-member" xlink:from="OtherExpensesAdministration" xlink:to="LossTuitionFeeOtherCostsAdministration" xlink:title="definition: OtherExpensesAdministration to LossTuitionFeeOtherCostsAdministration" order="21.0"/>
    <link:loc xlink:type="locator" xlink:href="fsa.xsd#fsa_OtherCostsOtherCostsAdministration" xlink:label="OtherCostsOtherCostsAdministration" xlink:title="OtherCostsOtherCostsAdministration"/>
    <link:definitionArc xlink:type="arc" xlink:arcrole="http://xbrl.org/int/dim/arcrole/domain-member" xlink:from="OtherExpensesAdministration" xlink:to="OtherCostsOtherCostsAdministration" xlink:title="definition: OtherExpensesAdministration to OtherCostsOtherCostsAdministration" order="25.0"/>
    <link:loc xlink:type="locator" xlink:href="fsa.xsd#fsa_DepreciationIntangibleFixedAssetsOtherCostsAdministration" xlink:label="DepreciationIntangibleFixedAssetsOtherCostsAdministration" xlink:title="DepreciationIntangibleFixedAssetsOtherCostsAdministration"/>
    <link:definitionArc xlink:type="arc" xlink:arcrole="http://xbrl.org/int/dim/arcrole/domain-member" xlink:from="OtherExpensesAdministration" xlink:to="DepreciationIntangibleFixedAssetsOtherCostsAdministration" xlink:title="definition: OtherExpensesAdministration to DepreciationIntangibleFixedAssetsOtherCostsAdministration" order="18.0"/>
    <link:loc xlink:type="locator" xlink:href="fsa.xsd#fsa_AdultLiberalEducationCostsOtherCostsAdministration" xlink:label="AdultLiberalEducationCostsOtherCostsAdministration" xlink:title="AdultLiberalEducationCostsOtherCostsAdministration"/>
    <link:definitionArc xlink:type="arc" xlink:arcrole="http://xbrl.org/int/dim/arcrole/domain-member" xlink:from="OtherExpensesAdministration" xlink:to="AdultLiberalEducationCostsOtherCostsAdministration" xlink:title="definition: OtherExpensesAdministration to AdultLiberalEducationCostsOtherCostsAdministration" order="22.0"/>
    <link:loc xlink:type="locator" xlink:href="fsa.xsd#fsa_FinanceIncome" xlink:label="FinanceIncome" xlink:title="FinanceIncome"/>
    <link:loc xlink:type="locator" xlink:href="fsa.xsd#fsa_InterestIncomeBankDepostisEtcFinancialIncomeEtc" xlink:label="InterestIncomeBankDepostisEtcFinancialIncomeEtc" xlink:title="InterestIncomeBankDepostisEtcFinancialIncomeEtc"/>
    <link:definitionArc xlink:type="arc" xlink:arcrole="http://xbrl.org/int/dim/arcrole/domain-member" xlink:from="FinanceIncome" xlink:to="InterestIncomeBankDepostisEtcFinancialIncomeEtc" xlink:title="definition: FinanceIncome to InterestIncomeBankDepostisEtcFinancialIncomeEtc" order="1.0"/>
    <link:loc xlink:type="locator" xlink:href="fsa.xsd#fsa_DerivedFinancialInstrumentsGainOnRedemptionFinancialIncomeEtc" xlink:label="DerivedFinancialInstrumentsGainOnRedemptionFinancialIncomeEtc" xlink:title="DerivedFinancialInstrumentsGainOnRedemptionFinancialIncomeEtc"/>
    <link:definitionArc xlink:type="arc" xlink:arcrole="http://xbrl.org/int/dim/arcrole/domain-member" xlink:from="FinanceIncome" xlink:to="DerivedFinancialInstrumentsGainOnRedemptionFinancialIncomeEtc" xlink:title="definition: FinanceIncome to DerivedFinancialInstrumentsGainOnRedemptionFinancialIncomeEtc" order="2.0"/>
    <link:loc xlink:type="locator" xlink:href="fsa.xsd#fsa_InterestAndDividendsSecuritiesFinancialIncomeEtc" xlink:label="InterestAndDividendsSecuritiesFinancialIncomeEtc" xlink:title="InterestAndDividendsSecuritiesFinancialIncomeEtc"/>
    <link:definitionArc xlink:type="arc" xlink:arcrole="http://xbrl.org/int/dim/arcrole/domain-member" xlink:from="FinanceIncome" xlink:to="InterestAndDividendsSecuritiesFinancialIncomeEtc" xlink:title="definition: FinanceIncome to InterestAndDividendsSecuritiesFinancialIncomeEtc" order="3.0"/>
    <link:loc xlink:type="locator" xlink:href="fsa.xsd#fsa_RealizedAndUnrealizedSecuritiesGainsFinancialIncomeEtc" xlink:label="RealizedAndUnrealizedSecuritiesGainsFinancialIncomeEtc" xlink:title="RealizedAndUnrealizedSecuritiesGainsFinancialIncomeEtc"/>
    <link:definitionArc xlink:type="arc" xlink:arcrole="http://xbrl.org/int/dim/arcrole/domain-member" xlink:from="FinanceIncome" xlink:to="RealizedAndUnrealizedSecuritiesGainsFinancialIncomeEtc" xlink:title="definition: FinanceIncome to RealizedAndUnrealizedSecuritiesGainsFinancialIncomeEtc" order="4.0"/>
    <link:loc xlink:type="locator" xlink:href="fsa.xsd#fsa_FinanceExpenses" xlink:label="FinanceExpenses" xlink:title="FinanceExpenses"/>
    <link:loc xlink:type="locator" xlink:href="fsa.xsd#fsa_InterestExpensesFinancialInstitutionFinancialExpensesEtc" xlink:label="InterestExpensesFinancialInstitutionFinancialExpensesEtc" xlink:title="InterestExpensesFinancialInstitutionFinancialExpensesEtc"/>
    <link:definitionArc xlink:type="arc" xlink:arcrole="http://xbrl.org/int/dim/arcrole/domain-member" xlink:from="FinanceExpenses" xlink:to="InterestExpensesFinancialInstitutionFinancialExpensesEtc" xlink:title="definition: FinanceExpenses to InterestExpensesFinancialInstitutionFinancialExpensesEtc" order="1.0"/>
    <link:loc xlink:type="locator" xlink:href="fsa.xsd#fsa_MortgageInterestRatesFinancialExpensesEtc" xlink:label="MortgageInterestRatesFinancialExpensesEtc" xlink:title="MortgageInterestRatesFinancialExpensesEtc"/>
    <link:definitionArc xlink:type="arc" xlink:arcrole="http://xbrl.org/int/dim/arcrole/domain-member" xlink:from="FinanceExpenses" xlink:to="MortgageInterestRatesFinancialExpensesEtc" xlink:title="definition: FinanceExpenses to MortgageInterestRatesFinancialExpensesEtc" order="2.0"/>
    <link:loc xlink:type="locator" xlink:href="fsa.xsd#fsa_DerivedFinancialInstrumentsLossOnRedemptionFinancialExpensesEtc" xlink:label="DerivedFinancialInstrumentsLossOnRedemptionFinancialExpensesEtc" xlink:title="DerivedFinancialInstrumentsLossOnRedemptionFinancialExpensesEtc"/>
    <link:definitionArc xlink:type="arc" xlink:arcrole="http://xbrl.org/int/dim/arcrole/domain-member" xlink:from="FinanceExpenses" xlink:to="DerivedFinancialInstrumentsLossOnRedemptionFinancialExpensesEtc" xlink:title="definition: FinanceExpenses to DerivedFinancialInstrumentsLossOnRedemptionFinancialExpensesEtc" order="3.0"/>
    <link:loc xlink:type="locator" xlink:href="fsa.xsd#fsa_InterestExpensesEtcOtherFinancialExpensesEtc" xlink:label="InterestExpensesEtcOtherFinancialExpensesEtc" xlink:title="InterestExpensesEtcOtherFinancialExpensesEtc"/>
    <link:definitionArc xlink:type="arc" xlink:arcrole="http://xbrl.org/int/dim/arcrole/domain-member" xlink:from="FinanceExpenses" xlink:to="InterestExpensesEtcOtherFinancialExpensesEtc" xlink:title="definition: FinanceExpenses to InterestExpensesEtcOtherFinancialExpensesEtc" order="4.0"/>
    <link:loc xlink:type="locator" xlink:href="fsa.xsd#fsa_RealizedAndUnrealizedSecuritiesLossesFinancialExpensesEtc" xlink:label="RealizedAndUnrealizedSecuritiesLossesFinancialExpensesEtc" xlink:title="RealizedAndUnrealizedSecuritiesLossesFinancialExpensesEtc"/>
    <link:definitionArc xlink:type="arc" xlink:arcrole="http://xbrl.org/int/dim/arcrole/domain-member" xlink:from="FinanceExpenses" xlink:to="RealizedAndUnrealizedSecuritiesLossesFinancialExpensesEtc" xlink:title="definition: FinanceExpenses to RealizedAndUnrealizedSecuritiesLossesFinancialExpensesEtc" order="5.0"/>
    <link:loc xlink:type="locator" xlink:href="fsa.xsd#fsa_DisclosuresOfIncomeStatementAbstract" xlink:label="DisclosuresOfIncomeStatementAbstract" xlink:title="DisclosuresOfIncomeStatementAbstract"/>
    <link:definitionArc xlink:type="arc" xlink:arcrole="http://xbrl.org/int/dim/arcrole/all" xlink:from="DisclosuresOfIncomeStatementAbstract" xlink:to="CommonHypercube" xlink:title="definition: DisclosuresOfIncomeStatementAbstract to CommonHypercube" order="99.0" xbrldt:contextElement="scenario" xbrldt:closed="true"/>
    <link:loc xlink:type="locator" xlink:href="fsa.xsd#fsa_DisclosureOfStateGrants" xlink:label="DisclosureOfStateGrants" xlink:title="DisclosureOfStateGrants"/>
    <link:definitionArc xlink:type="arc" xlink:arcrole="http://xbrl.org/int/dim/arcrole/domain-member" xlink:from="DisclosuresOfIncomeStatementAbstract" xlink:to="DisclosureOfStateGrants" xlink:title="definition: DisclosuresOfIncomeStatementAbstract to DisclosureOfStateGrants" order="1.0"/>
    <link:definitionArc xlink:type="arc" xlink:arcrole="http://xbrl.org/int/dim/arcrole/domain-member" xlink:from="DisclosureOfStateGrants" xlink:to="StateGrants" xlink:title="definition: DisclosureOfStateGrants to StateGrants" order="2.0"/>
    <link:loc xlink:type="locator" xlink:href="fsa.xsd#fsa_DisclosureOfFinanceIncomeAbstract" xlink:label="DisclosureOfFinanceIncomeAbstract" xlink:title="DisclosureOfFinanceIncomeAbstract"/>
    <link:definitionArc xlink:type="arc" xlink:arcrole="http://xbrl.org/int/dim/arcrole/domain-member" xlink:from="DisclosuresOfIncomeStatementAbstract" xlink:to="DisclosureOfFinanceIncomeAbstract" xlink:title="definition: DisclosuresOfIncomeStatementAbstract to DisclosureOfFinanceIncomeAbstract" order="12.0"/>
    <link:definitionArc xlink:type="arc" xlink:arcrole="http://xbrl.org/int/dim/arcrole/domain-member" xlink:from="DisclosureOfFinanceIncomeAbstract" xlink:to="FinanceIncome" xlink:title="definition: DisclosureOfFinanceIncomeAbstract to FinanceIncome" order="1.0"/>
    <link:loc xlink:type="locator" xlink:href="fsa.xsd#fsa_DisclosureOfFinanceExpensesAbstract" xlink:label="DisclosureOfFinanceExpensesAbstract" xlink:title="DisclosureOfFinanceExpensesAbstract"/>
    <link:definitionArc xlink:type="arc" xlink:arcrole="http://xbrl.org/int/dim/arcrole/domain-member" xlink:from="DisclosuresOfIncomeStatementAbstract" xlink:to="DisclosureOfFinanceExpensesAbstract" xlink:title="definition: DisclosuresOfIncomeStatementAbstract to DisclosureOfFinanceExpensesAbstract" order="13.0"/>
    <link:definitionArc xlink:type="arc" xlink:arcrole="http://xbrl.org/int/dim/arcrole/domain-member" xlink:from="DisclosureOfFinanceExpensesAbstract" xlink:to="FinanceExpenses" xlink:title="definition: DisclosureOfFinanceExpensesAbstract to FinanceExpenses" order="1.0"/>
    <link:loc xlink:type="locator" xlink:href="fsa.xsd#fsa_DisclosureOfTuitionFeesAbstract" xlink:label="DisclosureOfTuitionFeesAbstract" xlink:title="DisclosureOfTuitionFeesAbstract"/>
    <link:definitionArc xlink:type="arc" xlink:arcrole="http://xbrl.org/int/dim/arcrole/domain-member" xlink:from="DisclosuresOfIncomeStatementAbstract" xlink:to="DisclosureOfTuitionFeesAbstract" xlink:title="definition: DisclosuresOfIncomeStatementAbstract to DisclosureOfTuitionFeesAbstract" order="2.0"/>
    <link:definitionArc xlink:type="arc" xlink:arcrole="http://xbrl.org/int/dim/arcrole/domain-member" xlink:from="DisclosureOfTuitionFeesAbstract" xlink:to="TuitionFees" xlink:title="definition: DisclosureOfTuitionFeesAbstract to TuitionFees" order="1.0"/>
    <link:loc xlink:type="locator" xlink:href="fsa.xsd#fsa_DisclosureOnOtherIncomeAndGrantsAbstract" xlink:label="DisclosureOnOtherIncomeAndGrantsAbstract" xlink:title="DisclosureOnOtherIncomeAndGrantsAbstract"/>
    <link:definitionArc xlink:type="arc" xlink:arcrole="http://xbrl.org/int/dim/arcrole/domain-member" xlink:from="DisclosuresOfIncomeStatementAbstract" xlink:to="DisclosureOnOtherIncomeAndGrantsAbstract" xlink:title="definition: DisclosuresOfIncomeStatementAbstract to DisclosureOnOtherIncomeAndGrantsAbstract" order="3.0"/>
    <link:definitionArc xlink:type="arc" xlink:arcrole="http://xbrl.org/int/dim/arcrole/domain-member" xlink:from="DisclosureOnOtherIncomeAndGrantsAbstract" xlink:to="OtherIncomeAndGrants" xlink:title="definition: DisclosureOnOtherIncomeAndGrantsAbstract to OtherIncomeAndGrants" order="1.0"/>
    <link:loc xlink:type="locator" xlink:href="fsa.xsd#fsa_DisclosureOfWagesAndSalaryExpensesFromConductionOfEducationSchoolsAbstract" xlink:label="DisclosureOfWagesAndSalaryExpensesFromConductionOfEducationSchoolsAbstract" xlink:title="DisclosureOfWagesAndSalaryExpensesFromConductionOfEducationSchoolsAbstract"/>
    <link:definitionArc xlink:type="arc" xlink:arcrole="http://xbrl.org/int/dim/arcrole/domain-member" xlink:from="DisclosuresOfIncomeStatementAbstract" xlink:to="DisclosureOfWagesAndSalaryExpensesFromConductionOfEducationSchoolsAbstract" xlink:title="definition: DisclosuresOfIncomeStatementAbstract to DisclosureOfWagesAndSalaryExpensesFromConductionOfEducationSchoolsAbstract" order="4.0"/>
    <link:definitionArc xlink:type="arc" xlink:arcrole="http://xbrl.org/int/dim/arcrole/domain-member" xlink:from="DisclosureOfWagesAndSalaryExpensesFromConductionOfEducationSchoolsAbstract" xlink:to="WagesAndSalariesConductionOfEducation" xlink:title="definition: DisclosureOfWagesAndSalaryExpensesFromConductionOfEducationSchoolsAbstract to WagesAndSalariesConductionOfEducation" order="1.0"/>
    <link:loc xlink:type="locator" xlink:href="fsa.xsd#fsa_DisclosureOfOtherCostsFromConductionOfEducationSchools" xlink:label="DisclosureOfOtherCostsFromConductionOfEducationSchools" xlink:title="DisclosureOfOtherCostsFromConductionOfEducationSchools"/>
    <link:definitionArc xlink:type="arc" xlink:arcrole="http://xbrl.org/int/dim/arcrole/domain-member" xlink:from="DisclosuresOfIncomeStatementAbstract" xlink:to="DisclosureOfOtherCostsFromConductionOfEducationSchools" xlink:title="definition: DisclosuresOfIncomeStatementAbstract to DisclosureOfOtherCostsFromConductionOfEducationSchools" order="5.0"/>
    <link:definitionArc xlink:type="arc" xlink:arcrole="http://xbrl.org/int/dim/arcrole/domain-member" xlink:from="DisclosureOfOtherCostsFromConductionOfEducationSchools" xlink:to="OtherExpensesConductionOfEducation" xlink:title="definition: DisclosureOfOtherCostsFromConductionOfEducationSchools to OtherExpensesConductionOfEducation" order="1.0"/>
    <link:loc xlink:type="locator" xlink:href="fsa.xsd#fsa_DisclosureOfWagesAndSalaryExpensesFromBuildingOperatingSchoolsAbstract" xlink:label="DisclosureOfWagesAndSalaryExpensesFromBuildingOperatingSchoolsAbstract" xlink:title="DisclosureOfWagesAndSalaryExpensesFromBuildingOperatingSchoolsAbstract"/>
    <link:definitionArc xlink:type="arc" xlink:arcrole="http://xbrl.org/int/dim/arcrole/domain-member" xlink:from="DisclosuresOfIncomeStatementAbstract" xlink:to="DisclosureOfWagesAndSalaryExpensesFromBuildingOperatingSchoolsAbstract" xlink:title="definition: DisclosuresOfIncomeStatementAbstract to DisclosureOfWagesAndSalaryExpensesFromBuildingOperatingSchoolsAbstract" order="6.0"/>
    <link:definitionArc xlink:type="arc" xlink:arcrole="http://xbrl.org/int/dim/arcrole/domain-member" xlink:from="DisclosureOfWagesAndSalaryExpensesFromBuildingOperatingSchoolsAbstract" xlink:to="WagesAndSalariesBuildingOperating" xlink:title="definition: DisclosureOfWagesAndSalaryExpensesFromBuildingOperatingSchoolsAbstract to WagesAndSalariesBuildingOperating" order="1.0"/>
    <link:loc xlink:type="locator" xlink:href="fsa.xsd#fsa_DisclosureOfOtherCostsFromBuildingOperatingSchoolsAbstract" xlink:label="DisclosureOfOtherCostsFromBuildingOperatingSchoolsAbstract" xlink:title="DisclosureOfOtherCostsFromBuildingOperatingSchoolsAbstract"/>
    <link:definitionArc xlink:type="arc" xlink:arcrole="http://xbrl.org/int/dim/arcrole/domain-member" xlink:from="DisclosuresOfIncomeStatementAbstract" xlink:to="DisclosureOfOtherCostsFromBuildingOperatingSchoolsAbstract" xlink:title="definition: DisclosuresOfIncomeStatementAbstract to DisclosureOfOtherCostsFromBuildingOperatingSchoolsAbstract" order="7.0"/>
    <link:definitionArc xlink:type="arc" xlink:arcrole="http://xbrl.org/int/dim/arcrole/domain-member" xlink:from="DisclosureOfOtherCostsFromBuildingOperatingSchoolsAbstract" xlink:to="OtherExpensesBuildingOperating" xlink:title="definition: DisclosureOfOtherCostsFromBuildingOperatingSchoolsAbstract to OtherExpensesBuildingOperating" order="1.0"/>
    <link:loc xlink:type="locator" xlink:href="fsa.xsd#fsa_DisclosureOfWagesAndSalaryExpensesFromAdministrationSchoolsAbstract" xlink:label="DisclosureOfWagesAndSalaryExpensesFromAdministrationSchoolsAbstract" xlink:title="DisclosureOfWagesAndSalaryExpensesFromAdministrationSchoolsAbstract"/>
    <link:definitionArc xlink:type="arc" xlink:arcrole="http://xbrl.org/int/dim/arcrole/domain-member" xlink:from="DisclosuresOfIncomeStatementAbstract" xlink:to="DisclosureOfWagesAndSalaryExpensesFromAdministrationSchoolsAbstract" xlink:title="definition: DisclosuresOfIncomeStatementAbstract to DisclosureOfWagesAndSalaryExpensesFromAdministrationSchoolsAbstract" order="10.0"/>
    <link:definitionArc xlink:type="arc" xlink:arcrole="http://xbrl.org/int/dim/arcrole/domain-member" xlink:from="DisclosureOfWagesAndSalaryExpensesFromAdministrationSchoolsAbstract" xlink:to="WagesAndSalariesAdministration" xlink:title="definition: DisclosureOfWagesAndSalaryExpensesFromAdministrationSchoolsAbstract to WagesAndSalariesAdministration" order="1.0"/>
    <link:loc xlink:type="locator" xlink:href="fsa.xsd#fsa_DisclosureOfWagesAndSalaryExpensesFromBordingSchoolsAbstract" xlink:label="DisclosureOfWagesAndSalaryExpensesFromBordingSchoolsAbstract" xlink:title="DisclosureOfWagesAndSalaryExpensesFromBordingSchoolsAbstract"/>
    <link:definitionArc xlink:type="arc" xlink:arcrole="http://xbrl.org/int/dim/arcrole/domain-member" xlink:from="DisclosuresOfIncomeStatementAbstract" xlink:to="DisclosureOfWagesAndSalaryExpensesFromBordingSchoolsAbstract" xlink:title="definition: DisclosuresOfIncomeStatementAbstract to DisclosureOfWagesAndSalaryExpensesFromBordingSchoolsAbstract" order="8.0"/>
    <link:definitionArc xlink:type="arc" xlink:arcrole="http://xbrl.org/int/dim/arcrole/domain-member" xlink:from="DisclosureOfWagesAndSalaryExpensesFromBordingSchoolsAbstract" xlink:to="WagesAndSalariesBoardingDepartment" xlink:title="definition: DisclosureOfWagesAndSalaryExpensesFromBordingSchoolsAbstract to WagesAndSalariesBoardingDepartment" order="1.0"/>
    <link:loc xlink:type="locator" xlink:href="fsa.xsd#fsa_DisclosureOfOtherCostsFromBordingSchoolsAbstract" xlink:label="DisclosureOfOtherCostsFromBordingSchoolsAbstract" xlink:title="DisclosureOfOtherCostsFromBordingSchoolsAbstract"/>
    <link:definitionArc xlink:type="arc" xlink:arcrole="http://xbrl.org/int/dim/arcrole/domain-member" xlink:from="DisclosuresOfIncomeStatementAbstract" xlink:to="DisclosureOfOtherCostsFromBordingSchoolsAbstract" xlink:title="definition: DisclosuresOfIncomeStatementAbstract to DisclosureOfOtherCostsFromBordingSchoolsAbstract" order="9.0"/>
    <link:definitionArc xlink:type="arc" xlink:arcrole="http://xbrl.org/int/dim/arcrole/domain-member" xlink:from="DisclosureOfOtherCostsFromBordingSchoolsAbstract" xlink:to="OtherExpensesBoardingDepartment" xlink:title="definition: DisclosureOfOtherCostsFromBordingSchoolsAbstract to OtherExpensesBoardingDepartment" order="2.0"/>
    <link:loc xlink:type="locator" xlink:href="fsa.xsd#fsa_DisclosureOfOtherCostsFromAdministrationSchoolsAbstract" xlink:label="DisclosureOfOtherCostsFromAdministrationSchoolsAbstract" xlink:title="DisclosureOfOtherCostsFromAdministrationSchoolsAbstract"/>
    <link:definitionArc xlink:type="arc" xlink:arcrole="http://xbrl.org/int/dim/arcrole/domain-member" xlink:from="DisclosuresOfIncomeStatementAbstract" xlink:to="DisclosureOfOtherCostsFromAdministrationSchoolsAbstract" xlink:title="definition: DisclosuresOfIncomeStatementAbstract to DisclosureOfOtherCostsFromAdministrationSchoolsAbstract" order="11.0"/>
    <link:definitionArc xlink:type="arc" xlink:arcrole="http://xbrl.org/int/dim/arcrole/domain-member" xlink:from="DisclosureOfOtherCostsFromAdministrationSchoolsAbstract" xlink:to="OtherExpensesAdministration" xlink:title="definition: DisclosureOfOtherCostsFromAdministrationSchoolsAbstract to OtherExpensesAdministration" order="1.0"/>
  </link:definitionLink>
  <link:definitionLink xlink:type="extended" xlink:role="http://xbrl.dcca.dk/role/556.00/IncomeStatementUvmEft">
    <link:loc xlink:type="locator" xlink:href="../cmn.xsd#cmn_CommonHypercube" xlink:label="CommonHypercube"/>
    <link:loc xlink:type="locator" xlink:href="../cmn.xsd#cmn_ConsolidatedSoloDimension" xlink:label="ConsolidatedSoloDimension"/>
    <link:definitionArc xlink:type="arc" xlink:arcrole="http://xbrl.org/int/dim/arcrole/hypercube-dimension" xlink:from="CommonHypercube" xlink:to="ConsolidatedSoloDimension" xlink:title="definition: CommonHypercube to ConsolidatedSoloDimension" order="1.0" xbrldt:targetRole="http://xbrl.dcca.dk/role/901.01/DimensionConsolidatedSolo"/>
    <link:loc xlink:type="locator" xlink:href="fsa.xsd#fsa_IncomeStatementRegAbstract" xlink:label="IncomeStatementRegAbstract" xlink:title="IncomeStatementRegAbstract"/>
    <link:loc xlink:type="locator" xlink:href="fsa.xsd#fsa_Revenue" xlink:label="Revenue" xlink:title="Revenue"/>
    <link:definitionArc xlink:type="arc" xlink:arcrole="http://xbrl.org/int/dim/arcrole/domain-member" xlink:from="IncomeStatementRegAbstract" xlink:to="Revenue" xlink:title="definition: IncomeStatementRegAbstract to Revenue" order="1.0"/>
    <link:loc xlink:type="locator" xlink:href="fsa.xsd#fsa_StateGrants" xlink:label="StateGrants" xlink:title="StateGrants"/>
    <link:definitionArc xlink:type="arc" xlink:arcrole="http://xbrl.org/int/dim/arcrole/domain-member" xlink:from="Revenue" xlink:to="StateGrants" xlink:title="definition: Revenue to StateGrants" order="1.0"/>
    <link:loc xlink:type="locator" xlink:href="fsa.xsd#fsa_OtherIncomeAndGrants" xlink:label="OtherIncomeAndGrants" xlink:title="OtherIncomeAndGrants"/>
    <link:definitionArc xlink:type="arc" xlink:arcrole="http://xbrl.org/int/dim/arcrole/domain-member" xlink:from="Revenue" xlink:to="OtherIncomeAndGrants" xlink:title="definition: Revenue to OtherIncomeAndGrants" order="3.0"/>
    <link:loc xlink:type="locator" xlink:href="fsa.xsd#fsa_TuitionFees" xlink:label="TuitionFees" xlink:title="TuitionFees"/>
    <link:definitionArc xlink:type="arc" xlink:arcrole="http://xbrl.org/int/dim/arcrole/domain-member" xlink:from="Revenue" xlink:to="TuitionFees" xlink:title="definition: Revenue to TuitionFees" order="2.0"/>
    <link:loc xlink:type="locator" xlink:href="fsa.xsd#fsa_Expenses" xlink:label="Expenses" xlink:title="Expenses"/>
    <link:definitionArc xlink:type="arc" xlink:arcrole="http://xbrl.org/int/dim/arcrole/domain-member" xlink:from="IncomeStatementRegAbstract" xlink:to="Expenses" xlink:title="definition: IncomeStatementRegAbstract to Expenses" order="2.0"/>
    <link:loc xlink:type="locator" xlink:href="fsa.xsd#fsa_BuildingOperatingExpensesSk" xlink:label="BuildingOperatingExpensesSk" xlink:title="BuildingOperatingExpensesSk"/>
    <link:definitionArc xlink:type="arc" xlink:arcrole="http://xbrl.org/int/dim/arcrole/domain-member" xlink:from="Expenses" xlink:to="BuildingOperatingExpensesSk" xlink:title="definition: Expenses to BuildingOperatingExpensesSk" order="2.0"/>
    <link:loc xlink:type="locator" xlink:href="fsa.xsd#fsa_WagesAndSalariesBuildingOperating" xlink:label="WagesAndSalariesBuildingOperating" xlink:title="WagesAndSalariesBuildingOperating"/>
    <link:definitionArc xlink:type="arc" xlink:arcrole="http://xbrl.org/int/dim/arcrole/domain-member" xlink:from="BuildingOperatingExpensesSk" xlink:to="WagesAndSalariesBuildingOperating" xlink:title="definition: BuildingOperatingExpensesSk to WagesAndSalariesBuildingOperating" order="1.0"/>
    <link:loc xlink:type="locator" xlink:href="fsa.xsd#fsa_OtherExpensesBuildingOperating" xlink:label="OtherExpensesBuildingOperating" xlink:title="OtherExpensesBuildingOperating"/>
    <link:definitionArc xlink:type="arc" xlink:arcrole="http://xbrl.org/int/dim/arcrole/domain-member" xlink:from="BuildingOperatingExpensesSk" xlink:to="OtherExpensesBuildingOperating" xlink:title="definition: BuildingOperatingExpensesSk to OtherExpensesBuildingOperating" order="2.0"/>
    <link:loc xlink:type="locator" xlink:href="fsa.xsd#fsa_ConductionOfEducationExpenses" xlink:label="ConductionOfEducationExpenses" xlink:title="ConductionOfEducationExpenses"/>
    <link:definitionArc xlink:type="arc" xlink:arcrole="http://xbrl.org/int/dim/arcrole/domain-member" xlink:from="Expenses" xlink:to="ConductionOfEducationExpenses" xlink:title="definition: Expenses to ConductionOfEducationExpenses" order="1.0"/>
    <link:loc xlink:type="locator" xlink:href="fsa.xsd#fsa_WagesAndSalariesConductionOfEducation" xlink:label="WagesAndSalariesConductionOfEducation" xlink:title="WagesAndSalariesConductionOfEducation"/>
    <link:definitionArc xlink:type="arc" xlink:arcrole="http://xbrl.org/int/dim/arcrole/domain-member" xlink:from="ConductionOfEducationExpenses" xlink:to="WagesAndSalariesConductionOfEducation" xlink:title="definition: ConductionOfEducationExpenses to WagesAndSalariesConductionOfEducation" order="1.0"/>
    <link:loc xlink:type="locator" xlink:href="fsa.xsd#fsa_OtherExpensesConductionOfEducation" xlink:label="OtherExpensesConductionOfEducation" xlink:title="OtherExpensesConductionOfEducation"/>
    <link:definitionArc xlink:type="arc" xlink:arcrole="http://xbrl.org/int/dim/arcrole/domain-member" xlink:from="ConductionOfEducationExpenses" xlink:to="OtherExpensesConductionOfEducation" xlink:title="definition: ConductionOfEducationExpenses to OtherExpensesConductionOfEducation" order="2.0"/>
    <link:loc xlink:type="locator" xlink:href="fsa.xsd#fsa_BoardingDepartmentExpenses" xlink:label="BoardingDepartmentExpenses" xlink:title="BoardingDepartmentExpenses"/>
    <link:definitionArc xlink:type="arc" xlink:arcrole="http://xbrl.org/int/dim/arcrole/domain-member" xlink:from="Expenses" xlink:to="BoardingDepartmentExpenses" xlink:title="definition: Expenses to BoardingDepartmentExpenses" order="3.0"/>
    <link:loc xlink:type="locator" xlink:href="fsa.xsd#fsa_WagesAndSalariesBoardingDepartment" xlink:label="WagesAndSalariesBoardingDepartment" xlink:title="WagesAndSalariesBoardingDepartment"/>
    <link:definitionArc xlink:type="arc" xlink:arcrole="http://xbrl.org/int/dim/arcrole/domain-member" xlink:from="BoardingDepartmentExpenses" xlink:to="WagesAndSalariesBoardingDepartment" xlink:title="definition: BoardingDepartmentExpenses to WagesAndSalariesBoardingDepartment" order="1.0"/>
    <link:loc xlink:type="locator" xlink:href="fsa.xsd#fsa_OtherExpensesBoardingDepartment" xlink:label="OtherExpensesBoardingDepartment" xlink:title="OtherExpensesBoardingDepartment"/>
    <link:definitionArc xlink:type="arc" xlink:arcrole="http://xbrl.org/int/dim/arcrole/domain-member" xlink:from="BoardingDepartmentExpenses" xlink:to="OtherExpensesBoardingDepartment" xlink:title="definition: BoardingDepartmentExpenses to OtherExpensesBoardingDepartment" order="2.0"/>
    <link:loc xlink:type="locator" xlink:href="fsa.xsd#fsa_AdministrationExpenses" xlink:label="AdministrationExpenses" xlink:title="AdministrationExpenses"/>
    <link:definitionArc xlink:type="arc" xlink:arcrole="http://xbrl.org/int/dim/arcrole/domain-member" xlink:from="Expenses" xlink:to="AdministrationExpenses" xlink:title="definition: Expenses to AdministrationExpenses" order="4.0"/>
    <link:loc xlink:type="locator" xlink:href="fsa.xsd#fsa_WagesAndSalariesAdministration" xlink:label="WagesAndSalariesAdministration" xlink:title="WagesAndSalariesAdministration"/>
    <link:definitionArc xlink:type="arc" xlink:arcrole="http://xbrl.org/int/dim/arcrole/domain-member" xlink:from="AdministrationExpenses" xlink:to="WagesAndSalariesAdministration" xlink:title="definition: AdministrationExpenses to WagesAndSalariesAdministration" order="1.0"/>
    <link:loc xlink:type="locator" xlink:href="fsa.xsd#fsa_OtherExpensesAdministration" xlink:label="OtherExpensesAdministration" xlink:title="OtherExpensesAdministration"/>
    <link:definitionArc xlink:type="arc" xlink:arcrole="http://xbrl.org/int/dim/arcrole/domain-member" xlink:from="AdministrationExpenses" xlink:to="OtherExpensesAdministration" xlink:title="definition: AdministrationExpenses to OtherExpensesAdministration" order="2.0"/>
    <link:loc xlink:type="locator" xlink:href="../dst/dst.xsd#dst_ProfitLossBeforeFinancialAndExtraordinaryItems" xlink:label="ProfitLossBeforeFinancialAndExtraordinaryItems" xlink:title="ProfitLossBeforeFinancialAndExtraordinaryItems"/>
    <link:definitionArc xlink:type="arc" xlink:arcrole="http://xbrl.org/int/dim/arcrole/domain-member" xlink:from="IncomeStatementRegAbstract" xlink:to="ProfitLossBeforeFinancialAndExtraordinaryItems" xlink:title="definition: IncomeStatementRegAbstract to ProfitLossBeforeFinancialAndExtraordinaryItems" order="3.0"/>
    <link:loc xlink:type="locator" xlink:href="fsa.xsd#fsa_ProfitLoss" xlink:label="ProfitLoss" xlink:title="ProfitLoss"/>
    <link:definitionArc xlink:type="arc" xlink:arcrole="http://xbrl.org/int/dim/arcrole/domain-member" xlink:from="IncomeStatementRegAbstract" xlink:to="ProfitLoss" xlink:title="definition: IncomeStatementRegAbstract to ProfitLoss" order="5.0"/>
    <link:loc xlink:type="locator" xlink:href="fsa.xsd#fsa_ResultsFromNetFinancials" xlink:label="ResultsFromNetFinancials" xlink:title="ResultsFromNetFinancials"/>
    <link:definitionArc xlink:type="arc" xlink:arcrole="http://xbrl.org/int/dim/arcrole/domain-member" xlink:from="IncomeStatementRegAbstract" xlink:to="ResultsFromNetFinancials" xlink:title="definition: IncomeStatementRegAbstract to ResultsFromNetFinancials" order="4.0"/>
    <link:loc xlink:type="locator" xlink:href="fsa.xsd#fsa_FinanceIncome" xlink:label="FinanceIncome" xlink:title="FinanceIncome"/>
    <link:definitionArc xlink:type="arc" xlink:arcrole="http://xbrl.org/int/dim/arcrole/domain-member" xlink:from="ResultsFromNetFinancials" xlink:to="FinanceIncome" xlink:title="definition: ResultsFromNetFinancials to FinanceIncome" order="1.0"/>
    <link:loc xlink:type="locator" xlink:href="fsa.xsd#fsa_FinanceExpenses" xlink:label="FinanceExpenses" xlink:title="FinanceExpenses"/>
    <link:definitionArc xlink:type="arc" xlink:arcrole="http://xbrl.org/int/dim/arcrole/domain-member" xlink:from="ResultsFromNetFinancials" xlink:to="FinanceExpenses" xlink:title="definition: ResultsFromNetFinancials to FinanceExpenses" order="2.0"/>
    <link:loc xlink:type="locator" xlink:href="fsa.xsd#fsa_ProfitLossExcludingSpecialItems" xlink:label="ProfitLossExcludingSpecialItems" xlink:title="ProfitLossExcludingSpecialItems"/>
    <link:definitionArc xlink:type="arc" xlink:arcrole="http://xbrl.org/int/dim/arcrole/domain-member" xlink:from="IncomeStatementRegAbstract" xlink:to="ProfitLossExcludingSpecialItems" xlink:title="definition: IncomeStatementRegAbstract to ProfitLossExcludingSpecialItems" order="6.0"/>
    <link:definitionArc xlink:type="arc" xlink:arcrole="http://xbrl.org/int/dim/arcrole/all" xlink:from="IncomeStatementRegAbstract" xlink:to="CommonHypercube" xlink:title="definition: IncomeStatementRegAbstract to CommonHypercube" order="7.0" xbrldt:contextElement="scenario" xbrldt:closed="true"/>
  </link:definitionLink>
</link:linkbase>
