<?xml version="1.0" encoding="UTF-8"?>
<!-- Generated by Fujitsu Interstage XWand B0251T -->
<?officialURI http://archprod.service.eogs.dk/taxonomy/20211001/fsa/650reg_pre.xml?>

<?taxonomy-version 1.7.0?>

<link:linkbase xmlns:xsi="http://www.w3.org/2001/XMLSchema-instance" xsi:schemaLocation="http://www.xbrl.org/2003/linkbase http://www.xbrl.org/2003/xbrl-linkbase-2003-12-31.xsd" xmlns:link="http://www.xbrl.org/2003/linkbase" xmlns:entry="http://xbrl.dcca.dk/entryBalanceSheetAccountByCurrentAndLongTermFormIncomeStatementByFunction" xmlns:xlink="http://www.w3.org/1999/xlink" xmlns:xbrli="http://www.xbrl.org/2003/instance">
  <link:roleRef roleURI="http://uvm.dk/" xlink:type="simple" xlink:href="fsa.xsd#uvm_Uvm"/>
  <link:roleRef roleURI="http://xbrl.dcca.dk/role/650.00/CashFlowStatementUvmReg" xlink:type="simple" xlink:href="fsa.xsd#fsa_RoleCashFlowStatementUvmReg"/>
  <link:roleRef roleURI="http://uvm.dk/beginningPeriod" xlink:type="simple" xlink:href="fsa.xsd#uvm_Uvm_beginningPeriod"/>
  <link:roleRef roleURI="http://uvm.dk/endingPeriod" xlink:type="simple" xlink:href="fsa.xsd#uvm_Uvm_endingPeriod"/>
  <link:presentationLink xlink:type="extended" xlink:role="http://xbrl.dcca.dk/role/650.00/CashFlowStatementUvmReg">
    <link:loc xlink:type="locator" xlink:href="../cmn.xsd#cmn_CommonHypercube" xlink:label="CommonHypercube"/>
    <link:loc xlink:type="locator" xlink:href="../cmn.xsd#cmn_ConsolidatedSoloDimension" xlink:label="ConsolidatedSoloDimension"/>
    <link:presentationArc xlink:type="arc" xlink:arcrole="http://www.xbrl.org/2003/arcrole/parent-child" xlink:from="CommonHypercube" xlink:to="ConsolidatedSoloDimension" xlink:title="presentation: CommonHypercube to ConsolidatedSoloDimension" order="1.0"/>
    <link:loc xlink:type="locator" xlink:href="../cmn.xsd#cmn_ConsolidatedMember" xlink:label="ConsolidatedMember"/>
    <link:presentationArc xlink:type="arc" xlink:arcrole="http://www.xbrl.org/2003/arcrole/parent-child" xlink:from="ConsolidatedSoloDimension" xlink:to="ConsolidatedMember" xlink:title="presentation: ConsolidatedSoloDimension to ConsolidatedMember" order="1.0"/>
    <link:loc xlink:type="locator" xlink:href="../cmn.xsd#cmn_SoloMember" xlink:label="SoloMember"/>
    <link:presentationArc xlink:type="arc" xlink:arcrole="http://www.xbrl.org/2003/arcrole/parent-child" xlink:from="ConsolidatedSoloDimension" xlink:to="SoloMember" xlink:title="presentation: ConsolidatedSoloDimension to SoloMember" order="2.0"/>
    <link:loc xlink:type="locator" xlink:href="fsa.xsd#fsa_CashFlowsFromUsedInOperatingActivities" xlink:label="CashFlowsFromUsedInOperatingActivities" xlink:title="CashFlowsFromUsedInOperatingActivities"/>
    <link:loc xlink:type="locator" xlink:href="fsa.xsd#fsa_ProfitLoss" xlink:label="ProfitLoss"/>
    <link:presentationArc xlink:type="arc" xlink:arcrole="http://www.xbrl.org/2003/arcrole/parent-child" xlink:from="CashFlowsFromUsedInOperatingActivities" xlink:to="ProfitLoss" xlink:title="presentation: CashFlowsFromUsedInOperatingActivities to ProfitLoss" order="10.0"/>
    <link:loc xlink:type="locator" xlink:href="fsa.xsd#fsa_AdjustmentsRegardingNoncashItemsAbstract" xlink:label="AdjustmentsRegardingNoncashItemsAbstract" xlink:title="AdjustmentsRegardingNoncashItemsAbstract"/>
    <link:presentationArc xlink:type="arc" xlink:arcrole="http://www.xbrl.org/2003/arcrole/parent-child" xlink:from="CashFlowsFromUsedInOperatingActivities" xlink:to="AdjustmentsRegardingNoncashItemsAbstract" xlink:title="presentation: CashFlowsFromUsedInOperatingActivities to AdjustmentsRegardingNoncashItemsAbstract" order="20.0"/>
    <link:loc xlink:type="locator" xlink:href="fsa.xsd#fsa_DepreciationAmortisationExpenseAndImpairmentLossesFromIntangibleAssetsAndPropertyPlanAndEquipmentInReportingPeriod" xlink:label="DepreciationAmortisationExpenseAndImpairmentLossesFromIntangibleAssetsAndPropertyPlanAndEquipmentInReportingPeriod" xlink:title="DepreciationAmortisationExpenseAndImpairmentLossesFromIntangibleAssetsAndPropertyPlanAndEquipmentInReportingPeriod"/>
    <link:presentationArc xlink:type="arc" xlink:arcrole="http://www.xbrl.org/2003/arcrole/parent-child" xlink:from="AdjustmentsRegardingNoncashItemsAbstract" xlink:to="DepreciationAmortisationExpenseAndImpairmentLossesFromIntangibleAssetsAndPropertyPlanAndEquipmentInReportingPeriod" xlink:title="presentation: AdjustmentsRegardingNoncashItemsAbstract to DepreciationAmortisationExpenseAndImpairmentLossesFromIntangibleAssetsAndPropertyPlanAndEquipmentInReportingPeriod" order="1.0" preferredLabel="http://uvm.dk/"/>
    <link:loc xlink:type="locator" xlink:href="fsa.xsd#fsa_OtherNonCashItems" xlink:label="OtherNonCashItems" xlink:title="OtherNonCashItems"/>
    <link:presentationArc xlink:type="arc" xlink:arcrole="http://www.xbrl.org/2003/arcrole/parent-child" xlink:from="AdjustmentsRegardingNoncashItemsAbstract" xlink:to="OtherNonCashItems" xlink:title="presentation: AdjustmentsRegardingNoncashItemsAbstract to OtherNonCashItems" order="3.0"/>
    <link:loc xlink:type="locator" xlink:href="fsa.xsd#fsa_SpecificationOfOtherNonCashItems" xlink:label="SpecificationOfOtherNonCashItems" xlink:title="SpecificationOfOtherNonCashItems"/>
    <link:presentationArc xlink:type="arc" xlink:arcrole="http://www.xbrl.org/2003/arcrole/parent-child" xlink:from="OtherNonCashItems" xlink:to="SpecificationOfOtherNonCashItems" xlink:title="presentation: OtherNonCashItems to SpecificationOfOtherNonCashItems" order="1.0"/>
    <link:loc xlink:type="locator" xlink:href="fsa.xsd#fsa_DecreaseInWorkingCapitalAbstract" xlink:label="DecreaseInWorkingCapitalAbstract" xlink:title="DecreaseInWorkingCapitalAbstract"/>
    <link:presentationArc xlink:type="arc" xlink:arcrole="http://www.xbrl.org/2003/arcrole/parent-child" xlink:from="CashFlowsFromUsedInOperatingActivities" xlink:to="DecreaseInWorkingCapitalAbstract" xlink:title="presentation: CashFlowsFromUsedInOperatingActivities to DecreaseInWorkingCapitalAbstract" order="30.0"/>
    <link:loc xlink:type="locator" xlink:href="fsa.xsd#fsa_DecreaseIncreaseInInventories" xlink:label="DecreaseIncreaseInInventories"/>
    <link:presentationArc xlink:type="arc" xlink:arcrole="http://www.xbrl.org/2003/arcrole/parent-child" xlink:from="DecreaseInWorkingCapitalAbstract" xlink:to="DecreaseIncreaseInInventories" xlink:title="presentation: DecreaseInWorkingCapitalAbstract to DecreaseIncreaseInInventories" use="optional" order="1.0"/>
    <link:loc xlink:type="locator" xlink:href="fsa.xsd#fsa_DecreaseIncreaseInReceivables" xlink:label="DecreaseIncreaseInReceivables"/>
    <link:presentationArc xlink:type="arc" xlink:arcrole="http://www.xbrl.org/2003/arcrole/parent-child" xlink:from="DecreaseInWorkingCapitalAbstract" xlink:to="DecreaseIncreaseInReceivables" xlink:title="presentation: DecreaseInWorkingCapitalAbstract to DecreaseIncreaseInReceivables" use="optional" order="2.0"/>
    <link:loc xlink:type="locator" xlink:href="fsa.xsd#fsa_AdjustmentsForDecreaseIncreaseShorttermPayables" xlink:label="AdjustmentsForDecreaseIncreaseShorttermPayables" xlink:title="AdjustmentsForDecreaseIncreaseShorttermPayables"/>
    <link:presentationArc xlink:type="arc" xlink:arcrole="http://www.xbrl.org/2003/arcrole/parent-child" xlink:from="DecreaseInWorkingCapitalAbstract" xlink:to="AdjustmentsForDecreaseIncreaseShorttermPayables" xlink:title="presentation: DecreaseInWorkingCapitalAbstract to AdjustmentsForDecreaseIncreaseShorttermPayables" order="3.0"/>
    <link:loc xlink:type="locator" xlink:href="fsa.xsd#fsa_CashFlowsFromUsedInInvestingActivities" xlink:label="CashFlowsFromUsedInInvestingActivities" xlink:title="CashFlowsFromUsedInInvestingActivities"/>
    <link:loc xlink:type="locator" xlink:href="fsa.xsd#fsa_PurchaseOfPropertyPlantAndEquipmentClassifiedAsInvestingActivities" xlink:label="PurchaseOfPropertyPlantAndEquipmentClassifiedAsInvestingActivities"/>
    <link:presentationArc xlink:type="arc" xlink:arcrole="http://www.xbrl.org/2003/arcrole/parent-child" xlink:from="CashFlowsFromUsedInInvestingActivities" xlink:to="PurchaseOfPropertyPlantAndEquipmentClassifiedAsInvestingActivities" xlink:title="presentation: CashFlowsFromUsedInInvestingActivities to PurchaseOfPropertyPlantAndEquipmentClassifiedAsInvestingActivities" order="20.0" preferredLabel="http://uvm.dk/"/>
    <link:loc xlink:type="locator" xlink:href="fsa.xsd#fsa_ProceedsFromSalesOfPropertyPlantAndEquipmentClassifiedAsInvestingActivities" xlink:label="ProceedsFromSalesOfPropertyPlantAndEquipmentClassifiedAsInvestingActivities"/>
    <link:presentationArc xlink:type="arc" xlink:arcrole="http://www.xbrl.org/2003/arcrole/parent-child" xlink:from="CashFlowsFromUsedInInvestingActivities" xlink:to="ProceedsFromSalesOfPropertyPlantAndEquipmentClassifiedAsInvestingActivities" xlink:title="presentation: CashFlowsFromUsedInInvestingActivities to ProceedsFromSalesOfPropertyPlantAndEquipmentClassifiedAsInvestingActivities" order="30.0" preferredLabel="http://uvm.dk/"/>
    <link:loc xlink:type="locator" xlink:href="fsa.xsd#fsa_AdjustmentsForLongtermInvestmentsAndReceivables" xlink:label="AdjustmentsForLongtermInvestmentsAndReceivables" xlink:title="AdjustmentsForLongtermInvestmentsAndReceivables"/>
    <link:presentationArc xlink:type="arc" xlink:arcrole="http://www.xbrl.org/2003/arcrole/parent-child" xlink:from="CashFlowsFromUsedInInvestingActivities" xlink:to="AdjustmentsForLongtermInvestmentsAndReceivables" xlink:title="presentation: CashFlowsFromUsedInInvestingActivities to AdjustmentsForLongtermInvestmentsAndReceivables" order="90.0"/>
    <link:loc xlink:type="locator" xlink:href="fsa.xsd#fsa_PurchaseOfIntangibleAssetsClassifiedAsInvestingActivities" xlink:label="PurchaseOfIntangibleAssetsClassifiedAsInvestingActivities" xlink:title="PurchaseOfIntangibleAssetsClassifiedAsInvestingActivities"/>
    <link:presentationArc xlink:type="arc" xlink:arcrole="http://www.xbrl.org/2003/arcrole/parent-child" xlink:from="CashFlowsFromUsedInInvestingActivities" xlink:to="PurchaseOfIntangibleAssetsClassifiedAsInvestingActivities" xlink:title="presentation: CashFlowsFromUsedInInvestingActivities to PurchaseOfIntangibleAssetsClassifiedAsInvestingActivities" order="10.0" preferredLabel="http://uvm.dk/"/>
    <link:loc xlink:type="locator" xlink:href="fsa.xsd#fsa_PurchaseOfShortTermInvestments" xlink:label="PurchaseOfShortTermInvestments" xlink:title="PurchaseOfShortTermInvestments"/>
    <link:presentationArc xlink:type="arc" xlink:arcrole="http://www.xbrl.org/2003/arcrole/parent-child" xlink:from="CashFlowsFromUsedInInvestingActivities" xlink:to="PurchaseOfShortTermInvestments" xlink:title="presentation: CashFlowsFromUsedInInvestingActivities to PurchaseOfShortTermInvestments" order="40.0"/>
    <link:loc xlink:type="locator" xlink:href="fsa.xsd#fsa_SalesOfShortTermInvestments" xlink:label="SalesOfShortTermInvestments" xlink:title="SalesOfShortTermInvestments"/>
    <link:presentationArc xlink:type="arc" xlink:arcrole="http://www.xbrl.org/2003/arcrole/parent-child" xlink:from="CashFlowsFromUsedInInvestingActivities" xlink:to="SalesOfShortTermInvestments" xlink:title="presentation: CashFlowsFromUsedInInvestingActivities to SalesOfShortTermInvestments" order="50.0"/>
    <link:loc xlink:type="locator" xlink:href="fsa.xsd#fsa_CashFlowsFromUsedInFinancingActivities" xlink:label="CashFlowsFromUsedInFinancingActivities" xlink:title="CashFlowsFromUsedInFinancingActivities"/>
    <link:loc xlink:type="locator" xlink:href="fsa.xsd#fsa_AdjustmentsForGovernmentLoan" xlink:label="AdjustmentsForGovernmentLoan" xlink:title="AdjustmentsForGovernmentLoan"/>
    <link:presentationArc xlink:type="arc" xlink:arcrole="http://www.xbrl.org/2003/arcrole/parent-child" xlink:from="CashFlowsFromUsedInFinancingActivities" xlink:to="AdjustmentsForGovernmentLoan" xlink:title="presentation: CashFlowsFromUsedInFinancingActivities to AdjustmentsForGovernmentLoan" order="10.0"/>
    <link:loc xlink:type="locator" xlink:href="fsa.xsd#fsa_AdjustmentsForLongtermMortgageDebt" xlink:label="AdjustmentsForLongtermMortgageDebt" xlink:title="AdjustmentsForLongtermMortgageDebt"/>
    <link:presentationArc xlink:type="arc" xlink:arcrole="http://www.xbrl.org/2003/arcrole/parent-child" xlink:from="CashFlowsFromUsedInFinancingActivities" xlink:to="AdjustmentsForLongtermMortgageDebt" xlink:title="presentation: CashFlowsFromUsedInFinancingActivities to AdjustmentsForLongtermMortgageDebt" order="30.0" preferredLabel="http://uvm.dk/"/>
    <link:loc xlink:type="locator" xlink:href="fsa.xsd#fsa_AdjustmentsForOtherLongtermPayables" xlink:label="AdjustmentsForOtherLongtermPayables" xlink:title="AdjustmentsForOtherLongtermPayables"/>
    <link:presentationArc xlink:type="arc" xlink:arcrole="http://www.xbrl.org/2003/arcrole/parent-child" xlink:from="CashFlowsFromUsedInFinancingActivities" xlink:to="AdjustmentsForOtherLongtermPayables" xlink:title="presentation: CashFlowsFromUsedInFinancingActivities to AdjustmentsForOtherLongtermPayables" order="60.0"/>
    <link:loc xlink:type="locator" xlink:href="fsa.xsd#fsa_IncurrenceOfGovernmentLoan" xlink:label="IncurrenceOfGovernmentLoan" xlink:title="IncurrenceOfGovernmentLoan"/>
    <link:presentationArc xlink:type="arc" xlink:arcrole="http://www.xbrl.org/2003/arcrole/parent-child" xlink:from="CashFlowsFromUsedInFinancingActivities" xlink:to="IncurrenceOfGovernmentLoan" xlink:title="presentation: CashFlowsFromUsedInFinancingActivities to IncurrenceOfGovernmentLoan" order="20.0"/>
    <link:loc xlink:type="locator" xlink:href="fsa.xsd#fsa_IncurrenceOfLongtermMortgageDebt" xlink:label="IncurrenceOfLongtermMortgageDebt" xlink:title="IncurrenceOfLongtermMortgageDebt"/>
    <link:presentationArc xlink:type="arc" xlink:arcrole="http://www.xbrl.org/2003/arcrole/parent-child" xlink:from="CashFlowsFromUsedInFinancingActivities" xlink:to="IncurrenceOfLongtermMortgageDebt" xlink:title="presentation: CashFlowsFromUsedInFinancingActivities to IncurrenceOfLongtermMortgageDebt" order="40.0"/>
    <link:loc xlink:type="locator" xlink:href="fsa.xsd#fsa_IncurrenceOfOtherLongtermPayables" xlink:label="IncurrenceOfOtherLongtermPayables" xlink:title="IncurrenceOfOtherLongtermPayables"/>
    <link:presentationArc xlink:type="arc" xlink:arcrole="http://www.xbrl.org/2003/arcrole/parent-child" xlink:from="CashFlowsFromUsedInFinancingActivities" xlink:to="IncurrenceOfOtherLongtermPayables" xlink:title="presentation: CashFlowsFromUsedInFinancingActivities to IncurrenceOfOtherLongtermPayables" order="70.0"/>
    <link:loc xlink:type="locator" xlink:href="fsa.xsd#fsa_TotalLiquidityAtHand" xlink:label="TotalLiquidityAtHand" xlink:title="TotalLiquidityAtHand"/>
    <link:loc xlink:type="locator" xlink:href="fsa.xsd#fsa_RemaininPartOfOverdraftFacilityNotUsedEndingBalance" xlink:label="RemaininPartOfOverdraftFacilityNotUsedEndingBalance" xlink:title="RemaininPartOfOverdraftFacilityNotUsedEndingBalance"/>
    <link:presentationArc xlink:type="arc" xlink:arcrole="http://www.xbrl.org/2003/arcrole/parent-child" xlink:from="TotalLiquidityAtHand" xlink:to="RemaininPartOfOverdraftFacilityNotUsedEndingBalance" xlink:title="presentation: TotalLiquidityAtHand to RemaininPartOfOverdraftFacilityNotUsedEndingBalance" order="1.0"/>
    <link:loc xlink:type="locator" xlink:href="fsa.xsd#fsa_RemainingPartOfConstructionCreditNotUsedEndingBalance" xlink:label="RemainingPartOfConstructionCreditNotUsedEndingBalance" xlink:title="RemainingPartOfConstructionCreditNotUsedEndingBalance"/>
    <link:presentationArc xlink:type="arc" xlink:arcrole="http://www.xbrl.org/2003/arcrole/parent-child" xlink:from="TotalLiquidityAtHand" xlink:to="RemainingPartOfConstructionCreditNotUsedEndingBalance" xlink:title="presentation: TotalLiquidityAtHand to RemainingPartOfConstructionCreditNotUsedEndingBalance" order="2.0"/>
    <link:loc xlink:type="locator" xlink:href="fsa.xsd#fsa_ShorttermInvestments" xlink:label="ShorttermInvestments" xlink:title="ShorttermInvestments"/>
    <link:presentationArc xlink:type="arc" xlink:arcrole="http://www.xbrl.org/2003/arcrole/parent-child" xlink:from="TotalLiquidityAtHand" xlink:to="ShorttermInvestments" xlink:title="presentation: TotalLiquidityAtHand to ShorttermInvestments" order="3.0" preferredLabel="http://uvm.dk/"/>
    <link:loc xlink:type="locator" xlink:href="fsa.xsd#fsa_CashFlowsStatement" xlink:label="CashFlowsStatement" xlink:title="CashFlowsStatement"/>
    <link:presentationArc xlink:type="arc" xlink:arcrole="http://www.xbrl.org/2003/arcrole/parent-child" xlink:from="CashFlowsStatement" xlink:to="CashFlowsFromUsedInOperatingActivities" xlink:title="presentation: CashFlowsStatement to CashFlowsFromUsedInOperatingActivities" order="2.0" preferredLabel="http://www.xbrl.org/2003/role/totalLabel"/>
    <link:presentationArc xlink:type="arc" xlink:arcrole="http://www.xbrl.org/2003/arcrole/parent-child" xlink:from="CashFlowsStatement" xlink:to="CashFlowsFromUsedInInvestingActivities" xlink:title="presentation: CashFlowsStatement to CashFlowsFromUsedInInvestingActivities" order="3.0" preferredLabel="http://www.xbrl.org/2003/role/totalLabel"/>
    <link:presentationArc xlink:type="arc" xlink:arcrole="http://www.xbrl.org/2003/arcrole/parent-child" xlink:from="CashFlowsStatement" xlink:to="CashFlowsFromUsedInFinancingActivities" xlink:title="presentation: CashFlowsStatement to CashFlowsFromUsedInFinancingActivities" order="4.0" preferredLabel="http://www.xbrl.org/2003/role/totalLabel"/>
    <link:loc xlink:type="locator" xlink:href="fsa.xsd#fsa_NetIncreaseDecreaseInCashAndCashEquivalents" xlink:label="NetIncreaseDecreaseInCashAndCashEquivalents" xlink:title="NetIncreaseDecreaseInCashAndCashEquivalents"/>
    <link:presentationArc xlink:type="arc" xlink:arcrole="http://www.xbrl.org/2003/arcrole/parent-child" xlink:from="CashFlowsStatement" xlink:to="NetIncreaseDecreaseInCashAndCashEquivalents" xlink:title="presentation: CashFlowsStatement to NetIncreaseDecreaseInCashAndCashEquivalents" order="5.0"/>
    <link:presentationArc xlink:type="arc" xlink:arcrole="http://www.xbrl.org/2003/arcrole/parent-child" xlink:from="CashFlowsStatement" xlink:to="CommonHypercube" xlink:title="presentation: CashFlowsStatement to CommonHypercube" order="99.0"/>
    <link:loc xlink:type="locator" xlink:href="fsa.xsd#fsa_CashAndCashEquivalentsInCachflow" xlink:label="CashAndCashEquivalentsInCachflow" xlink:title="CashAndCashEquivalentsInCachflow"/>
    <link:presentationArc xlink:type="arc" xlink:arcrole="http://www.xbrl.org/2003/arcrole/parent-child" xlink:from="CashFlowsStatement" xlink:to="CashAndCashEquivalentsInCachflow" xlink:title="presentation: CashFlowsStatement to CashAndCashEquivalentsInCachflow" order="6.0" preferredLabel="http://www.xbrl.org/2003/role/periodStartLabel"/>
    <link:loc xlink:type="locator" xlink:href="fsa.xsd#fsa_CashAndCashEquivalentsInCachflow" xlink:label="CashAndCashEquivalentsInCachflow_2" xlink:title="CashAndCashEquivalentsInCachflow"/>
    <link:presentationArc xlink:type="arc" xlink:arcrole="http://www.xbrl.org/2003/arcrole/parent-child" xlink:from="CashFlowsStatement" xlink:to="CashAndCashEquivalentsInCachflow_2" xlink:title="presentation: CashFlowsStatement to CashAndCashEquivalentsInCachflow" order="7.0" preferredLabel="http://www.xbrl.org/2003/role/periodEndLabel"/>
    <link:presentationArc xlink:type="arc" xlink:arcrole="http://www.xbrl.org/2003/arcrole/parent-child" xlink:from="CashFlowsStatement" xlink:to="TotalLiquidityAtHand" xlink:title="presentation: CashFlowsStatement to TotalLiquidityAtHand" order="8.0" preferredLabel="http://www.xbrl.org/2003/role/periodEndLabel"/>
  </link:presentationLink>
</link:linkbase>
