<?xml version="1.0" encoding="UTF-8"?>
<!-- Generated by Fujitsu Interstage XWand B0251T -->
<?officialURI http://archprod.service.eogs.dk/taxonomy/20211001/fsa/701scs_pre.xml?>

<?taxonomy-version 1.7.0?>

<link:linkbase xmlns:xsi="http://www.w3.org/2001/XMLSchema-instance" xsi:schemaLocation="http://www.xbrl.org/2003/linkbase http://www.xbrl.org/2003/xbrl-linkbase-2003-12-31.xsd" xmlns:link="http://www.xbrl.org/2003/linkbase" xmlns:entry="http://xbrl.dcca.dk/entryBalanceSheetAccountByCurrentAndLongTermFormIncomeStatementByNature" xmlns:xbrli="http://www.xbrl.org/2003/instance" xmlns:xlink="http://www.w3.org/1999/xlink">
  <link:roleRef roleURI="http://xbrl.dcca.dk/role/701.00/StatementOfChangesInEquityShortVersion" xlink:type="simple" xlink:href="fsa.xsd#fsa_RoleStatementOfChangesInEquityShortVersion"/>
  <link:presentationLink xlink:type="extended" xlink:role="http://xbrl.dcca.dk/role/701.00/StatementOfChangesInEquityShortVersion">
    <link:loc xlink:type="locator" xlink:href="../cmn.xsd#cmn_ConsolidatedSoloDimension" xlink:label="ConsolidatedSoloDimension"/>
    <link:loc xlink:type="locator" xlink:href="../cmn.xsd#cmn_ConsolidatedMember" xlink:label="ConsolidatedMember"/>
    <link:presentationArc xlink:type="arc" xlink:arcrole="http://www.xbrl.org/2003/arcrole/parent-child" xlink:from="ConsolidatedSoloDimension" xlink:to="ConsolidatedMember" order="10.0"/>
    <link:loc xlink:type="locator" xlink:href="../cmn.xsd#cmn_SoloMember" xlink:label="SoloMember"/>
    <link:presentationArc xlink:type="arc" xlink:arcrole="http://www.xbrl.org/2003/arcrole/parent-child" xlink:from="ConsolidatedSoloDimension" xlink:to="SoloMember" order="20.0"/>
    <link:loc xlink:type="locator" xlink:href="fsa.xsd#fsa_ProposedDividendRecognisedInEquityMember" xlink:label="ProposedDividendRecognisedInEquityMember"/>
    <link:loc xlink:type="locator" xlink:href="fsa.xsd#fsa_ProposedExtraordinaryDividendRecognisedInEquityMember" xlink:label="ProposedExtraordinaryDividendRecognisedInEquityMember"/>
    <link:presentationArc xlink:type="arc" xlink:arcrole="http://www.xbrl.org/2003/arcrole/parent-child" xlink:from="ProposedDividendRecognisedInEquityMember" xlink:to="ProposedExtraordinaryDividendRecognisedInEquityMember" order="10.0"/>
    <link:loc xlink:type="locator" xlink:href="fsa.xsd#fsa_StatementOfChangesInEquity" xlink:label="StatementOfChangesInEquity"/>
    <link:loc xlink:type="locator" xlink:href="fsa.xsd#fsa_DetailsOnStatementOfChangesInEquityAbstract" xlink:label="DetailsOnStatementOfChangesInEquityAbstract"/>
    <link:presentationArc xlink:type="arc" xlink:arcrole="http://www.xbrl.org/2003/arcrole/parent-child" xlink:from="StatementOfChangesInEquity" xlink:to="DetailsOnStatementOfChangesInEquityAbstract" order="10.0"/>
    <link:loc xlink:type="locator" xlink:href="fsa.xsd#fsa_DetailsOnStatementOfChangesInEquityHypercube" xlink:label="DetailsOnStatementOfChangesInEquityHypercube"/>
    <link:presentationArc xlink:type="arc" xlink:arcrole="http://www.xbrl.org/2003/arcrole/parent-child" xlink:from="DetailsOnStatementOfChangesInEquityAbstract" xlink:to="DetailsOnStatementOfChangesInEquityHypercube" order="10.0"/>
    <link:loc xlink:type="locator" xlink:href="fsa.xsd#fsa_ClassesOfEquityDimension" xlink:label="ClassesOfEquityDimension"/>
    <link:presentationArc xlink:type="arc" xlink:arcrole="http://www.xbrl.org/2003/arcrole/parent-child" xlink:from="DetailsOnStatementOfChangesInEquityHypercube" xlink:to="ClassesOfEquityDimension" order="10.0"/>
    <link:loc xlink:type="locator" xlink:href="fsa.xsd#fsa_AllClassesOfEquityMember" xlink:label="AllClassesOfEquityMember"/>
    <link:presentationArc xlink:type="arc" xlink:arcrole="http://www.xbrl.org/2003/arcrole/parent-child" xlink:from="ClassesOfEquityDimension" xlink:to="AllClassesOfEquityMember" order="10.0"/>
    <link:loc xlink:type="locator" xlink:href="fsa.xsd#fsa_ContributedCapitalMember" xlink:label="ContributedCapitalMember"/>
    <link:presentationArc xlink:type="arc" xlink:arcrole="http://www.xbrl.org/2003/arcrole/parent-child" xlink:from="AllClassesOfEquityMember" xlink:to="ContributedCapitalMember" order="10.0"/>
    <link:loc xlink:type="locator" xlink:href="fsa.xsd#fsa_SharePremiumMember" xlink:label="SharePremiumMember"/>
    <link:presentationArc xlink:type="arc" xlink:arcrole="http://www.xbrl.org/2003/arcrole/parent-child" xlink:from="AllClassesOfEquityMember" xlink:to="SharePremiumMember" order="30.0"/>
    <link:loc xlink:type="locator" xlink:href="fsa.xsd#fsa_RevaluationReserveMember" xlink:label="RevaluationReserveMember"/>
    <link:presentationArc xlink:type="arc" xlink:arcrole="http://www.xbrl.org/2003/arcrole/parent-child" xlink:from="AllClassesOfEquityMember" xlink:to="RevaluationReserveMember" order="40.0"/>
    <link:loc xlink:type="locator" xlink:href="fsa.xsd#fsa_OtherReservesMember" xlink:label="OtherReservesMember"/>
    <link:presentationArc xlink:type="arc" xlink:arcrole="http://www.xbrl.org/2003/arcrole/parent-child" xlink:from="AllClassesOfEquityMember" xlink:to="OtherReservesMember" order="50.0"/>
    <link:loc xlink:type="locator" xlink:href="fsa.xsd#fsa_ReserveForNetRevaluationAccordingToEquityMethodMember" xlink:label="ReserveForNetRevaluationAccordingToEquityMethodMember"/>
    <link:presentationArc xlink:type="arc" xlink:arcrole="http://www.xbrl.org/2003/arcrole/parent-child" xlink:from="OtherReservesMember" xlink:to="ReserveForNetRevaluationAccordingToEquityMethodMember" order="10.0"/>
    <link:loc xlink:type="locator" xlink:href="fsa.xsd#fsa_ReserveForTreasurySharesMember" xlink:label="ReserveForTreasurySharesMember"/>
    <link:presentationArc xlink:type="arc" xlink:arcrole="http://www.xbrl.org/2003/arcrole/parent-child" xlink:from="OtherReservesMember" xlink:to="ReserveForTreasurySharesMember" order="20.0"/>
    <link:loc xlink:type="locator" xlink:href="fsa.xsd#fsa_ReserveForLoansAndCollateralsMember" xlink:label="ReserveForLoansAndCollateralsMember"/>
    <link:presentationArc xlink:type="arc" xlink:arcrole="http://www.xbrl.org/2003/arcrole/parent-child" xlink:from="OtherReservesMember" xlink:to="ReserveForLoansAndCollateralsMember" order="30.0"/>
    <link:loc xlink:type="locator" xlink:href="fsa.xsd#fsa_ReserveForUnpaidContributedCapitalMember" xlink:label="ReserveForUnpaidContributedCapitalMember"/>
    <link:presentationArc xlink:type="arc" xlink:arcrole="http://www.xbrl.org/2003/arcrole/parent-child" xlink:from="OtherReservesMember" xlink:to="ReserveForUnpaidContributedCapitalMember" order="40.0"/>
    <link:loc xlink:type="locator" xlink:href="fsa.xsd#fsa_OtherStatutoryReservesMember" xlink:label="OtherStatutoryReservesMember"/>
    <link:presentationArc xlink:type="arc" xlink:arcrole="http://www.xbrl.org/2003/arcrole/parent-child" xlink:from="OtherReservesMember" xlink:to="OtherStatutoryReservesMember" order="70.0"/>
    <link:loc xlink:type="locator" xlink:href="fsa.xsd#fsa_ReserveAccordingToArticlesOfAssociationMember" xlink:label="ReserveAccordingToArticlesOfAssociationMember"/>
    <link:presentationArc xlink:type="arc" xlink:arcrole="http://www.xbrl.org/2003/arcrole/parent-child" xlink:from="OtherReservesMember" xlink:to="ReserveAccordingToArticlesOfAssociationMember" order="80.0"/>
    <link:loc xlink:type="locator" xlink:href="fsa.xsd#fsa_ReserveForBiologicalAssetsMember" xlink:label="ReserveForBiologicalAssetsMember"/>
    <link:presentationArc xlink:type="arc" xlink:arcrole="http://www.xbrl.org/2003/arcrole/parent-child" xlink:from="OtherReservesMember" xlink:to="ReserveForBiologicalAssetsMember" order="90.0"/>
    <link:loc xlink:type="locator" xlink:href="fsa.xsd#fsa_RestOfOtherReservesMember" xlink:label="RestOfOtherReservesMember"/>
    <link:presentationArc xlink:type="arc" xlink:arcrole="http://www.xbrl.org/2003/arcrole/parent-child" xlink:from="OtherReservesMember" xlink:to="RestOfOtherReservesMember" order="100.0"/>
    <link:loc xlink:type="locator" xlink:href="fsa.xsd#fsa_ReserveForNetRevaluationOfInvestmentAssetsMember" xlink:label="ReserveForNetRevaluationOfInvestmentAssetsMember" xlink:title="ReserveForNetRevaluationOfInvestmentAssetsMember"/>
    <link:presentationArc xlink:type="arc" xlink:arcrole="http://www.xbrl.org/2003/arcrole/parent-child" xlink:from="OtherReservesMember" xlink:to="ReserveForNetRevaluationOfInvestmentAssetsMember" xlink:title="presentation: OtherReservesMember to ReserveForNetRevaluationOfInvestmentAssetsMember" order="110.0"/>
    <link:loc xlink:type="locator" xlink:href="fsa.xsd#fsa_ReserveForEntrepreneurialCompanyMember" xlink:label="ReserveForEntrepreneurialCompanyMember" xlink:title="ReserveForEntrepreneurialCompanyMember"/>
    <link:presentationArc xlink:type="arc" xlink:arcrole="http://www.xbrl.org/2003/arcrole/parent-child" xlink:from="OtherReservesMember" xlink:to="ReserveForEntrepreneurialCompanyMember" xlink:title="presentation: OtherReservesMember to ReserveForEntrepreneurialCompanyMember" order="50.0"/>
    <link:loc xlink:type="locator" xlink:href="fsa.xsd#fsa_ReserveForDevelopmentExpenditureMember" xlink:label="ReserveForDevelopmentExpenditureMember" xlink:title="ReserveForDevelopmentExpenditureMember"/>
    <link:presentationArc xlink:type="arc" xlink:arcrole="http://www.xbrl.org/2003/arcrole/parent-child" xlink:from="OtherReservesMember" xlink:to="ReserveForDevelopmentExpenditureMember" xlink:title="presentation: OtherReservesMember to ReserveForDevelopmentExpenditureMember" order="60.0"/>
    <link:loc xlink:type="locator" xlink:href="fsa.xsd#fsa_ReserveForCurrentValueAdjustmentsOfCurrencyGainsMember" xlink:label="ReserveForCurrentValueAdjustmentsOfCurrencyGainsMember" xlink:title="ReserveForCurrentValueAdjustmentsOfCurrencyGainsMember"/>
    <link:presentationArc xlink:type="arc" xlink:arcrole="http://www.xbrl.org/2003/arcrole/parent-child" xlink:from="OtherReservesMember" xlink:to="ReserveForCurrentValueAdjustmentsOfCurrencyGainsMember" xlink:title="presentation: OtherReservesMember to ReserveForCurrentValueAdjustmentsOfCurrencyGainsMember" order="65.0"/>
    <link:loc xlink:type="locator" xlink:href="fsa.xsd#fsa_ReserveForCurrentValueOfHedgingMember" xlink:label="ReserveForCurrentValueOfHedgingMember" xlink:title="ReserveForCurrentValueOfHedgingMember"/>
    <link:presentationArc xlink:type="arc" xlink:arcrole="http://www.xbrl.org/2003/arcrole/parent-child" xlink:from="OtherReservesMember" xlink:to="ReserveForCurrentValueOfHedgingMember" xlink:title="presentation: OtherReservesMember to ReserveForCurrentValueOfHedgingMember" order="68.0"/>
    <link:loc xlink:type="locator" xlink:href="fsa.xsd#fsa_RetainedEarningsMember" xlink:label="RetainedEarningsMember"/>
    <link:presentationArc xlink:type="arc" xlink:arcrole="http://www.xbrl.org/2003/arcrole/parent-child" xlink:from="AllClassesOfEquityMember" xlink:to="RetainedEarningsMember" order="111.0"/>
    <link:presentationArc xlink:type="arc" xlink:arcrole="http://www.xbrl.org/2003/arcrole/parent-child" xlink:from="AllClassesOfEquityMember" xlink:to="ProposedDividendRecognisedInEquityMember" order="100.0"/>
    <link:loc xlink:type="locator" xlink:href="fsa.xsd#fsa_UnpaidContributedCapitalMember" xlink:label="UnpaidContributedCapitalMember"/>
    <link:presentationArc xlink:type="arc" xlink:arcrole="http://www.xbrl.org/2003/arcrole/parent-child" xlink:from="AllClassesOfEquityMember" xlink:to="UnpaidContributedCapitalMember" order="20.0"/>
    <link:loc xlink:type="locator" xlink:href="fsa.xsd#fsa_PaidContributedCapitalMember" xlink:label="PaidContributedCapitalMember" xlink:title="PaidContributedCapitalMember"/>
    <link:presentationArc xlink:type="arc" xlink:arcrole="http://www.xbrl.org/2003/arcrole/parent-child" xlink:from="AllClassesOfEquityMember" xlink:to="PaidContributedCapitalMember" xlink:title="presentation: AllClassesOfEquityMember to PaidContributedCapitalMember" order="110.0"/>
    <link:loc xlink:type="locator" xlink:href="fsa.xsd#fsa_HedgeFundMember" xlink:label="HedgeFundMember" xlink:title="HedgeFundMember"/>
    <link:presentationArc xlink:type="arc" xlink:arcrole="http://www.xbrl.org/2003/arcrole/parent-child" xlink:from="AllClassesOfEquityMember" xlink:to="HedgeFundMember" xlink:title="presentation: AllClassesOfEquityMember to HedgeFundMember" order="120.0"/>
    <link:loc xlink:type="locator" xlink:href="fsa.xsd#fsa_ReserveFundMember" xlink:label="ReserveFundMember" xlink:title="ReserveFundMember"/>
    <link:presentationArc xlink:type="arc" xlink:arcrole="http://www.xbrl.org/2003/arcrole/parent-child" xlink:from="AllClassesOfEquityMember" xlink:to="ReserveFundMember" xlink:title="presentation: AllClassesOfEquityMember to ReserveFundMember" order="130.0"/>
    <link:loc xlink:type="locator" xlink:href="fsa.xsd#fsa_TransferredToFromReservesAvailableMember" xlink:label="TransferredToFromReservesAvailableMember" xlink:title="TransferredToFromReservesAvailableMember"/>
    <link:presentationArc xlink:type="arc" xlink:arcrole="http://www.xbrl.org/2003/arcrole/parent-child" xlink:from="AllClassesOfEquityMember" xlink:to="TransferredToFromReservesAvailableMember" xlink:title="presentation: AllClassesOfEquityMember to TransferredToFromReservesAvailableMember" order="140.0"/>
    <link:loc xlink:type="locator" xlink:href="fsa.xsd#fsa_ProvisionForDistributionsMember" xlink:label="ProvisionForDistributionsMember" xlink:title="ProvisionForDistributionsMember"/>
    <link:presentationArc xlink:type="arc" xlink:arcrole="http://www.xbrl.org/2003/arcrole/parent-child" xlink:from="AllClassesOfEquityMember" xlink:to="ProvisionForDistributionsMember" xlink:title="presentation: AllClassesOfEquityMember to ProvisionForDistributionsMember" order="90.0"/>
    <link:loc xlink:type="locator" xlink:href="fsa.xsd#fsa_LiquidationAccountMember" xlink:label="LiquidationAccountMember" xlink:title="LiquidationAccountMember"/>
    <link:presentationArc xlink:type="arc" xlink:arcrole="http://www.xbrl.org/2003/arcrole/parent-child" xlink:from="AllClassesOfEquityMember" xlink:to="LiquidationAccountMember" xlink:title="presentation: AllClassesOfEquityMember to LiquidationAccountMember" order="150.0"/>
    <link:loc xlink:type="locator" xlink:href="fsa.xsd#fsa_DistributionsMember" xlink:label="DistributionsMember"/>
    <link:presentationArc xlink:type="arc" xlink:arcrole="http://www.xbrl.org/2003/arcrole/parent-child" xlink:from="AllClassesOfEquityMember" xlink:to="DistributionsMember" xlink:title="presentation: AllClassesOfEquityMember to DistributionsMember" order="70.0"/>
    <link:loc xlink:type="locator" xlink:href="fsa.xsd#fsa_ExtraordinaryDistributionsMember" xlink:label="ExtraordinaryDistributionsMember" xlink:title="ExtraordinaryDistributionsMember"/>
    <link:presentationArc xlink:type="arc" xlink:arcrole="http://www.xbrl.org/2003/arcrole/parent-child" xlink:from="AllClassesOfEquityMember" xlink:to="ExtraordinaryDistributionsMember" xlink:title="presentation: AllClassesOfEquityMember to ExtraordinaryDistributionsMember" order="80.0"/>
    <link:loc xlink:type="locator" xlink:href="fsa.xsd#fsa_ActuarialProfitLossWhichIsAPartOfTheCalculationOfContingentPensionsMember" xlink:label="ActuarialProfitLossWhichIsAPartOfTheCalculationOfContingentPensionsMember" xlink:title="ActuarialProfitLossWhichIsAPartOfTheCalculationOfContingentPensionsMember"/>
    <link:presentationArc xlink:type="arc" xlink:arcrole="http://www.xbrl.org/2003/arcrole/parent-child" xlink:from="AllClassesOfEquityMember" xlink:to="ActuarialProfitLossWhichIsAPartOfTheCalculationOfContingentPensionsMember" xlink:title="presentation: AllClassesOfEquityMember to ActuarialProfitLossWhichIsAPartOfTheCalculationOfContingentPensionsMember" order="160.0"/>
    <link:loc xlink:type="locator" xlink:href="fsa.xsd#fsa_MinorityInterestsMember" xlink:label="MinorityInterestsMember" xlink:title="MinorityInterestsMember"/>
    <link:presentationArc xlink:type="arc" xlink:arcrole="http://www.xbrl.org/2003/arcrole/parent-child" xlink:from="AllClassesOfEquityMember" xlink:to="MinorityInterestsMember" xlink:title="presentation: AllClassesOfEquityMember to MinorityInterestsMember" order="180.0"/>
    <link:loc xlink:type="locator" xlink:href="fsa.xsd#fsa_EquityAttributableToParentMember" xlink:label="EquityAttributableToParentMember" xlink:title="EquityAttributableToParentMember"/>
    <link:presentationArc xlink:type="arc" xlink:arcrole="http://www.xbrl.org/2003/arcrole/parent-child" xlink:from="AllClassesOfEquityMember" xlink:to="EquityAttributableToParentMember" xlink:title="presentation: AllClassesOfEquityMember to EquityAttributableToParentMember" order="170.0"/>
    <link:presentationArc xlink:type="arc" xlink:arcrole="http://www.xbrl.org/2003/arcrole/parent-child" xlink:from="DetailsOnStatementOfChangesInEquityHypercube" xlink:to="ConsolidatedSoloDimension" order="20.0"/>
    <link:loc xlink:type="locator" xlink:href="fsa.xsd#fsa_Equity" xlink:label="Equity"/>
    <link:presentationArc xlink:type="arc" xlink:arcrole="http://www.xbrl.org/2003/arcrole/parent-child" xlink:from="DetailsOnStatementOfChangesInEquityAbstract" xlink:to="Equity" order="20.0" preferredLabel="http://www.xbrl.org/2003/role/periodStartLabel"/>
    <link:loc xlink:type="locator" xlink:href="fsa.xsd#fsa_Equity" xlink:label="Equity_2"/>
    <link:presentationArc xlink:type="arc" xlink:arcrole="http://www.xbrl.org/2003/arcrole/parent-child" xlink:from="DetailsOnStatementOfChangesInEquityAbstract" xlink:to="Equity_2" priority="1" order="60.0" preferredLabel="http://www.xbrl.org/2003/role/periodEndLabel"/>
    <link:loc xlink:type="locator" xlink:href="fsa.xsd#fsa_IncreaseDecreaseOfEquityThroughCorrectionsOfErrors" xlink:label="IncreaseDecreaseOfEquityThroughCorrectionsOfErrors"/>
    <link:presentationArc xlink:type="arc" xlink:arcrole="http://www.xbrl.org/2003/arcrole/parent-child" xlink:from="DetailsOnStatementOfChangesInEquityAbstract" xlink:to="IncreaseDecreaseOfEquityThroughCorrectionsOfErrors" order="30.0"/>
    <link:loc xlink:type="locator" xlink:href="fsa.xsd#fsa_IncreaseDecreaseOfEquityThroughChangesInAccountingPolicies" xlink:label="IncreaseDecreaseOfEquityThroughChangesInAccountingPolicies"/>
    <link:presentationArc xlink:type="arc" xlink:arcrole="http://www.xbrl.org/2003/arcrole/parent-child" xlink:from="DetailsOnStatementOfChangesInEquityAbstract" xlink:to="IncreaseDecreaseOfEquityThroughChangesInAccountingPolicies" order="40.0"/>
    <link:loc xlink:type="locator" xlink:href="fsa.xsd#fsa_IncreaseDecreaseOfEquity" xlink:label="IncreaseDecreaseOfEquity"/>
    <link:presentationArc xlink:type="arc" xlink:arcrole="http://www.xbrl.org/2003/arcrole/parent-child" xlink:from="DetailsOnStatementOfChangesInEquityAbstract" xlink:to="IncreaseDecreaseOfEquity" order="50.0"/>
    <link:loc xlink:type="locator" xlink:href="fsa.xsd#fsa_IncreaseOfEquity" xlink:label="IncreaseOfEquity"/>
    <link:presentationArc xlink:type="arc" xlink:arcrole="http://www.xbrl.org/2003/arcrole/parent-child" xlink:from="IncreaseDecreaseOfEquity" xlink:to="IncreaseOfEquity" order="10.0"/>
    <link:loc xlink:type="locator" xlink:href="fsa.xsd#fsa_DecreaseOfEquity" xlink:label="DecreaseOfEquity"/>
    <link:presentationArc xlink:type="arc" xlink:arcrole="http://www.xbrl.org/2003/arcrole/parent-child" xlink:from="IncreaseDecreaseOfEquity" xlink:to="DecreaseOfEquity" order="20.0"/>
  </link:presentationLink>
</link:linkbase>
