<?xml version="1.0" encoding="UTF-8"?>
<!-- Generated by Fujitsu Interstage XWand B0251T -->
<?officialURI http://archprod.service.eogs.dk/taxonomy/20211001/fsa/844sk_def.xml?>

<?taxonomy-version 1.7.0?>

<link:linkbase xmlns:xsi="http://www.w3.org/2001/XMLSchema-instance" xsi:schemaLocation="http://www.xbrl.org/2003/linkbase http://www.xbrl.org/2003/xbrl-linkbase-2003-12-31.xsd" xmlns:link="http://www.xbrl.org/2003/linkbase" xmlns:tch="http://xbrl.dcca.dk/tch" xmlns:entry="http://xbrl.dcca.dk/entryBalanceSheetAccountByCurrentAndLongTermFormIncomeStatementByNature" xmlns:xbrldt="http://xbrl.org/2005/xbrldt" xmlns:xbrli="http://www.xbrl.org/2003/instance" xmlns:xlink="http://www.w3.org/1999/xlink">
  <link:roleRef roleURI="http://xbrl.dcca.dk/role/902.01/DimensionRetrospectiveInformation" xlink:type="simple" xlink:href="../cmn.xsd#cmn_RoleDimensionRetrospectiveInformation"/>
  <link:roleRef roleURI="http://xbrl.dcca.dk/role/901.01/DimensionConsolidatedSolo" xlink:type="simple" xlink:href="../cmn.xsd#cmn_RoleDimensionConsolidatedSolo"/>
  <link:roleRef roleURI="http://xbrl.dcca.dk/role/844.00/DisclosureOfAccountingPoliciesUvmSk" xlink:type="simple" xlink:href="fsa.xsd#fsa_RoleDisclosureOfAccountingPoliciesUvmSk"/>
  <link:arcroleRef arcroleURI="http://xbrl.org/int/dim/arcrole/all" xlink:type="simple" xlink:href="http://www.xbrl.org/2005/xbrldt-2005.xsd#all"/>
  <link:arcroleRef arcroleURI="http://xbrl.org/int/dim/arcrole/dimension-domain" xlink:type="simple" xlink:href="http://www.xbrl.org/2005/xbrldt-2005.xsd#dimension-domain"/>
  <link:arcroleRef arcroleURI="http://xbrl.org/int/dim/arcrole/domain-member" xlink:type="simple" xlink:href="http://www.xbrl.org/2005/xbrldt-2005.xsd#domain-member"/>
  <link:arcroleRef arcroleURI="http://xbrl.org/int/dim/arcrole/hypercube-dimension" xlink:type="simple" xlink:href="http://www.xbrl.org/2005/xbrldt-2005.xsd#hypercube-dimension"/>
  <link:definitionLink xlink:type="extended" xlink:role="http://xbrl.dcca.dk/role/844.00/DisclosureOfAccountingPoliciesUvmSk">
    <link:loc xlink:type="locator" xlink:href="../cmn.xsd#cmn_CommonHypercube" xlink:label="CommonHypercube"/>
    <link:loc xlink:type="locator" xlink:href="../cmn.xsd#cmn_ConsolidatedSoloDimension" xlink:label="ConsolidatedSoloDimension"/>
    <link:definitionArc xlink:type="arc" xlink:arcrole="http://xbrl.org/int/dim/arcrole/hypercube-dimension" xlink:from="CommonHypercube" xlink:to="ConsolidatedSoloDimension" xlink:title="definition: CommonHypercube to ConsolidatedSoloDimension" order="1.0" xbrldt:targetRole="http://xbrl.dcca.dk/role/901.01/DimensionConsolidatedSolo"/>
    <link:loc xlink:type="locator" xlink:href="fsa.xsd#fsa_DisclosureOfAccountingPolicies" xlink:label="DisclosureOfAccountingPolicies" xlink:title="DisclosureOfAccountingPolicies"/>
    <link:loc xlink:type="locator" xlink:href="fsa.xsd#fsa_BasisOfAccounting" xlink:label="BasisOfAccounting" xlink:title="BasisOfAccounting"/>
    <link:definitionArc xlink:type="arc" xlink:arcrole="http://xbrl.org/int/dim/arcrole/domain-member" xlink:from="DisclosureOfAccountingPolicies" xlink:to="BasisOfAccounting" xlink:title="definition: DisclosureOfAccountingPolicies to BasisOfAccounting" order="1.0"/>
    <link:loc xlink:type="locator" xlink:href="fsa.xsd#fsa_ChangesInAccountingPolicies" xlink:label="ChangesInAccountingPolicies" xlink:title="ChangesInAccountingPolicies"/>
    <link:definitionArc xlink:type="arc" xlink:arcrole="http://xbrl.org/int/dim/arcrole/domain-member" xlink:from="DisclosureOfAccountingPolicies" xlink:to="ChangesInAccountingPolicies" xlink:title="definition: DisclosureOfAccountingPolicies to ChangesInAccountingPolicies" order="2.0"/>
    <link:loc xlink:type="locator" xlink:href="fsa.xsd#fsa_AccountingPoliciesAreUnchangedFromPreviousPeriod" xlink:label="AccountingPoliciesAreUnchangedFromPreviousPeriod" xlink:title="AccountingPoliciesAreUnchangedFromPreviousPeriod"/>
    <link:definitionArc xlink:type="arc" xlink:arcrole="http://xbrl.org/int/dim/arcrole/domain-member" xlink:from="ChangesInAccountingPolicies" xlink:to="AccountingPoliciesAreUnchangedFromPreviousPeriod" xlink:title="definition: ChangesInAccountingPolicies to AccountingPoliciesAreUnchangedFromPreviousPeriod" order="1.0"/>
    <link:loc xlink:type="locator" xlink:href="fsa.xsd#fsa_DescriptionOfEffectOfDerogationFromProvisionsOfDanishFinancialStatementsActOnAssetsLiabilitiesEquityFinancialPositionAndResults" xlink:label="DescriptionOfEffectOfDerogationFromProvisionsOfDanishFinancialStatementsActOnAssetsLiabilitiesEquityFinancialPositionAndResults" xlink:title="DescriptionOfEffectOfDerogationFromProvisionsOfDanishFinancialStatementsActOnAssetsLiabilitiesEquityFinancialPositionAndResults"/>
    <link:definitionArc xlink:type="arc" xlink:arcrole="http://xbrl.org/int/dim/arcrole/domain-member" xlink:from="DisclosureOfAccountingPolicies" xlink:to="DescriptionOfEffectOfDerogationFromProvisionsOfDanishFinancialStatementsActOnAssetsLiabilitiesEquityFinancialPositionAndResults" xlink:title="definition: DisclosureOfAccountingPolicies to DescriptionOfEffectOfDerogationFromProvisionsOfDanishFinancialStatementsActOnAssetsLiabilitiesEquityFinancialPositionAndResults" order="3.0"/>
    <link:loc xlink:type="locator" xlink:href="fsa.xsd#fsa_DescriptionOfGeneralMattersRelatedToRecognitionMeasurementAndChangesInAccountingPolicies" xlink:label="DescriptionOfGeneralMattersRelatedToRecognitionMeasurementAndChangesInAccountingPolicies" xlink:title="DescriptionOfGeneralMattersRelatedToRecognitionMeasurementAndChangesInAccountingPolicies"/>
    <link:definitionArc xlink:type="arc" xlink:arcrole="http://xbrl.org/int/dim/arcrole/domain-member" xlink:from="DisclosureOfAccountingPolicies" xlink:to="DescriptionOfGeneralMattersRelatedToRecognitionMeasurementAndChangesInAccountingPolicies" xlink:title="definition: DisclosureOfAccountingPolicies to DescriptionOfGeneralMattersRelatedToRecognitionMeasurementAndChangesInAccountingPolicies" order="4.0"/>
    <link:loc xlink:type="locator" xlink:href="fsa.xsd#fsa_DescriptionOfMethodsOfLeases" xlink:label="DescriptionOfMethodsOfLeases" xlink:title="DescriptionOfMethodsOfLeases"/>
    <link:definitionArc xlink:type="arc" xlink:arcrole="http://xbrl.org/int/dim/arcrole/domain-member" xlink:from="DisclosureOfAccountingPolicies" xlink:to="DescriptionOfMethodsOfLeases" xlink:title="definition: DisclosureOfAccountingPolicies to DescriptionOfMethodsOfLeases" order="5.0"/>
    <link:loc xlink:type="locator" xlink:href="fsa.xsd#fsa_DescriptionOfMethodsOfTranslationOfForeignCurrencies" xlink:label="DescriptionOfMethodsOfTranslationOfForeignCurrencies" xlink:title="DescriptionOfMethodsOfTranslationOfForeignCurrencies"/>
    <link:definitionArc xlink:type="arc" xlink:arcrole="http://xbrl.org/int/dim/arcrole/domain-member" xlink:from="DisclosureOfAccountingPolicies" xlink:to="DescriptionOfMethodsOfTranslationOfForeignCurrencies" xlink:title="definition: DisclosureOfAccountingPolicies to DescriptionOfMethodsOfTranslationOfForeignCurrencies" order="6.0"/>
    <link:loc xlink:type="locator" xlink:href="fsa.xsd#fsa_DescriptionOfMethodsOfRecognitionAndMeasurementBasisOfIncomeStatementItems" xlink:label="DescriptionOfMethodsOfRecognitionAndMeasurementBasisOfIncomeStatementItems" xlink:title="DescriptionOfMethodsOfRecognitionAndMeasurementBasisOfIncomeStatementItems"/>
    <link:definitionArc xlink:type="arc" xlink:arcrole="http://xbrl.org/int/dim/arcrole/domain-member" xlink:from="DisclosureOfAccountingPolicies" xlink:to="DescriptionOfMethodsOfRecognitionAndMeasurementBasisOfIncomeStatementItems" xlink:title="definition: DisclosureOfAccountingPolicies to DescriptionOfMethodsOfRecognitionAndMeasurementBasisOfIncomeStatementItems" order="7.0"/>
    <link:loc xlink:type="locator" xlink:href="fsa.xsd#fsa_DescriptionOfMethodsOfRecognitionAndMeasurementBasisOfRevenue" xlink:label="DescriptionOfMethodsOfRecognitionAndMeasurementBasisOfRevenue" xlink:title="DescriptionOfMethodsOfRecognitionAndMeasurementBasisOfRevenue"/>
    <link:definitionArc xlink:type="arc" xlink:arcrole="http://xbrl.org/int/dim/arcrole/domain-member" xlink:from="DescriptionOfMethodsOfRecognitionAndMeasurementBasisOfIncomeStatementItems" xlink:to="DescriptionOfMethodsOfRecognitionAndMeasurementBasisOfRevenue" xlink:title="definition: DescriptionOfMethodsOfRecognitionAndMeasurementBasisOfIncomeStatementItems to DescriptionOfMethodsOfRecognitionAndMeasurementBasisOfRevenue" order="1.0"/>
    <link:loc xlink:type="locator" xlink:href="fsa.xsd#fsa_DescriptionOfMethodsOfRecognitionAndMeasurementBasisOfExpenses" xlink:label="DescriptionOfMethodsOfRecognitionAndMeasurementBasisOfExpenses" xlink:title="DescriptionOfMethodsOfRecognitionAndMeasurementBasisOfExpenses"/>
    <link:definitionArc xlink:type="arc" xlink:arcrole="http://xbrl.org/int/dim/arcrole/domain-member" xlink:from="DescriptionOfMethodsOfRecognitionAndMeasurementBasisOfIncomeStatementItems" xlink:to="DescriptionOfMethodsOfRecognitionAndMeasurementBasisOfExpenses" xlink:title="definition: DescriptionOfMethodsOfRecognitionAndMeasurementBasisOfIncomeStatementItems to DescriptionOfMethodsOfRecognitionAndMeasurementBasisOfExpenses" order="2.0"/>
    <link:loc xlink:type="locator" xlink:href="fsa.xsd#fsa_DescriptionOfMethodsOfRecognitionAndMeasurementBasisOfFinanceIncomeAndExpenses" xlink:label="DescriptionOfMethodsOfRecognitionAndMeasurementBasisOfFinanceIncomeAndExpenses" xlink:title="DescriptionOfMethodsOfRecognitionAndMeasurementBasisOfFinanceIncomeAndExpenses"/>
    <link:definitionArc xlink:type="arc" xlink:arcrole="http://xbrl.org/int/dim/arcrole/domain-member" xlink:from="DescriptionOfMethodsOfRecognitionAndMeasurementBasisOfIncomeStatementItems" xlink:to="DescriptionOfMethodsOfRecognitionAndMeasurementBasisOfFinanceIncomeAndExpenses" xlink:title="definition: DescriptionOfMethodsOfRecognitionAndMeasurementBasisOfIncomeStatementItems to DescriptionOfMethodsOfRecognitionAndMeasurementBasisOfFinanceIncomeAndExpenses" order="3.0"/>
    <link:loc xlink:type="locator" xlink:href="fsa.xsd#fsa_DescriptionOfMethodsOfRecognitionAndMeasurementBasisOfAssetsAndLiabilities" xlink:label="DescriptionOfMethodsOfRecognitionAndMeasurementBasisOfAssetsAndLiabilities" xlink:title="DescriptionOfMethodsOfRecognitionAndMeasurementBasisOfAssetsAndLiabilities"/>
    <link:definitionArc xlink:type="arc" xlink:arcrole="http://xbrl.org/int/dim/arcrole/domain-member" xlink:from="DisclosureOfAccountingPolicies" xlink:to="DescriptionOfMethodsOfRecognitionAndMeasurementBasisOfAssetsAndLiabilities" xlink:title="definition: DisclosureOfAccountingPolicies to DescriptionOfMethodsOfRecognitionAndMeasurementBasisOfAssetsAndLiabilities" order="8.0"/>
    <link:loc xlink:type="locator" xlink:href="fsa.xsd#fsa_DescriptionOfMethodsOfRecognitionAndMeasurementBasisOfIntangibleAssets" xlink:label="DescriptionOfMethodsOfRecognitionAndMeasurementBasisOfIntangibleAssets" xlink:title="DescriptionOfMethodsOfRecognitionAndMeasurementBasisOfIntangibleAssets"/>
    <link:definitionArc xlink:type="arc" xlink:arcrole="http://xbrl.org/int/dim/arcrole/domain-member" xlink:from="DescriptionOfMethodsOfRecognitionAndMeasurementBasisOfAssetsAndLiabilities" xlink:to="DescriptionOfMethodsOfRecognitionAndMeasurementBasisOfIntangibleAssets" xlink:title="definition: DescriptionOfMethodsOfRecognitionAndMeasurementBasisOfAssetsAndLiabilities to DescriptionOfMethodsOfRecognitionAndMeasurementBasisOfIntangibleAssets" order="1.0"/>
    <link:loc xlink:type="locator" xlink:href="fsa.xsd#fsa_DescriptionOfMethodsOfRecognitionAndMeasurementBasisOfPropertyPlantAndEquipment" xlink:label="DescriptionOfMethodsOfRecognitionAndMeasurementBasisOfPropertyPlantAndEquipment" xlink:title="DescriptionOfMethodsOfRecognitionAndMeasurementBasisOfPropertyPlantAndEquipment"/>
    <link:definitionArc xlink:type="arc" xlink:arcrole="http://xbrl.org/int/dim/arcrole/domain-member" xlink:from="DescriptionOfMethodsOfRecognitionAndMeasurementBasisOfAssetsAndLiabilities" xlink:to="DescriptionOfMethodsOfRecognitionAndMeasurementBasisOfPropertyPlantAndEquipment" xlink:title="definition: DescriptionOfMethodsOfRecognitionAndMeasurementBasisOfAssetsAndLiabilities to DescriptionOfMethodsOfRecognitionAndMeasurementBasisOfPropertyPlantAndEquipment" order="2.0"/>
    <link:loc xlink:type="locator" xlink:href="fsa.xsd#fsa_DescriptionOfMethodsOfRecognitionAndMeasurementBasisOfInvestments" xlink:label="DescriptionOfMethodsOfRecognitionAndMeasurementBasisOfInvestments" xlink:title="DescriptionOfMethodsOfRecognitionAndMeasurementBasisOfInvestments"/>
    <link:definitionArc xlink:type="arc" xlink:arcrole="http://xbrl.org/int/dim/arcrole/domain-member" xlink:from="DescriptionOfMethodsOfRecognitionAndMeasurementBasisOfAssetsAndLiabilities" xlink:to="DescriptionOfMethodsOfRecognitionAndMeasurementBasisOfInvestments" xlink:title="definition: DescriptionOfMethodsOfRecognitionAndMeasurementBasisOfAssetsAndLiabilities to DescriptionOfMethodsOfRecognitionAndMeasurementBasisOfInvestments" order="3.0"/>
    <link:loc xlink:type="locator" xlink:href="fsa.xsd#fsa_DescriptionOfMethodsOfRecognitionAndMeasurementBasisOfInventories" xlink:label="DescriptionOfMethodsOfRecognitionAndMeasurementBasisOfInventories" xlink:title="DescriptionOfMethodsOfRecognitionAndMeasurementBasisOfInventories"/>
    <link:definitionArc xlink:type="arc" xlink:arcrole="http://xbrl.org/int/dim/arcrole/domain-member" xlink:from="DescriptionOfMethodsOfRecognitionAndMeasurementBasisOfAssetsAndLiabilities" xlink:to="DescriptionOfMethodsOfRecognitionAndMeasurementBasisOfInventories" xlink:title="definition: DescriptionOfMethodsOfRecognitionAndMeasurementBasisOfAssetsAndLiabilities to DescriptionOfMethodsOfRecognitionAndMeasurementBasisOfInventories" order="4.0"/>
    <link:loc xlink:type="locator" xlink:href="fsa.xsd#fsa_DescriptionOfMethodsOfRecognitionAndMeasurementBasisOfReceivables" xlink:label="DescriptionOfMethodsOfRecognitionAndMeasurementBasisOfReceivables" xlink:title="DescriptionOfMethodsOfRecognitionAndMeasurementBasisOfReceivables"/>
    <link:definitionArc xlink:type="arc" xlink:arcrole="http://xbrl.org/int/dim/arcrole/domain-member" xlink:from="DescriptionOfMethodsOfRecognitionAndMeasurementBasisOfAssetsAndLiabilities" xlink:to="DescriptionOfMethodsOfRecognitionAndMeasurementBasisOfReceivables" xlink:title="definition: DescriptionOfMethodsOfRecognitionAndMeasurementBasisOfAssetsAndLiabilities to DescriptionOfMethodsOfRecognitionAndMeasurementBasisOfReceivables" order="5.0"/>
    <link:loc xlink:type="locator" xlink:href="fsa.xsd#fsa_DescriptionOfMethodsOfRecognitionAndMeasurementBasisOfDeferredIncomeAssets" xlink:label="DescriptionOfMethodsOfRecognitionAndMeasurementBasisOfDeferredIncomeAssets" xlink:title="DescriptionOfMethodsOfRecognitionAndMeasurementBasisOfDeferredIncomeAssets"/>
    <link:definitionArc xlink:type="arc" xlink:arcrole="http://xbrl.org/int/dim/arcrole/domain-member" xlink:from="DescriptionOfMethodsOfRecognitionAndMeasurementBasisOfAssetsAndLiabilities" xlink:to="DescriptionOfMethodsOfRecognitionAndMeasurementBasisOfDeferredIncomeAssets" xlink:title="definition: DescriptionOfMethodsOfRecognitionAndMeasurementBasisOfAssetsAndLiabilities to DescriptionOfMethodsOfRecognitionAndMeasurementBasisOfDeferredIncomeAssets" order="6.0"/>
    <link:loc xlink:type="locator" xlink:href="fsa.xsd#fsa_DescriptionOfMethodsOfInvestments" xlink:label="DescriptionOfMethodsOfInvestments" xlink:title="DescriptionOfMethodsOfInvestments"/>
    <link:definitionArc xlink:type="arc" xlink:arcrole="http://xbrl.org/int/dim/arcrole/domain-member" xlink:from="DescriptionOfMethodsOfRecognitionAndMeasurementBasisOfAssetsAndLiabilities" xlink:to="DescriptionOfMethodsOfInvestments" xlink:title="definition: DescriptionOfMethodsOfRecognitionAndMeasurementBasisOfAssetsAndLiabilities to DescriptionOfMethodsOfInvestments" order="7.0"/>
    <link:loc xlink:type="locator" xlink:href="fsa.xsd#fsa_DescriptionOfMethodsOfRecognitionAndMeasurementBasisOfEquity" xlink:label="DescriptionOfMethodsOfRecognitionAndMeasurementBasisOfEquity" xlink:title="DescriptionOfMethodsOfRecognitionAndMeasurementBasisOfEquity"/>
    <link:definitionArc xlink:type="arc" xlink:arcrole="http://xbrl.org/int/dim/arcrole/domain-member" xlink:from="DescriptionOfMethodsOfRecognitionAndMeasurementBasisOfAssetsAndLiabilities" xlink:to="DescriptionOfMethodsOfRecognitionAndMeasurementBasisOfEquity" xlink:title="definition: DescriptionOfMethodsOfRecognitionAndMeasurementBasisOfAssetsAndLiabilities to DescriptionOfMethodsOfRecognitionAndMeasurementBasisOfEquity" order="8.0"/>
    <link:loc xlink:type="locator" xlink:href="fsa.xsd#fsa_DescriptionOfMethodsOfRecognitionAndMeasurementBasisOfProvisions" xlink:label="DescriptionOfMethodsOfRecognitionAndMeasurementBasisOfProvisions" xlink:title="DescriptionOfMethodsOfRecognitionAndMeasurementBasisOfProvisions"/>
    <link:definitionArc xlink:type="arc" xlink:arcrole="http://xbrl.org/int/dim/arcrole/domain-member" xlink:from="DescriptionOfMethodsOfRecognitionAndMeasurementBasisOfAssetsAndLiabilities" xlink:to="DescriptionOfMethodsOfRecognitionAndMeasurementBasisOfProvisions" xlink:title="definition: DescriptionOfMethodsOfRecognitionAndMeasurementBasisOfAssetsAndLiabilities to DescriptionOfMethodsOfRecognitionAndMeasurementBasisOfProvisions" order="9.0"/>
    <link:loc xlink:type="locator" xlink:href="fsa.xsd#fsa_DescriptionOfMethodsOfRecognitionAndMeasurementBasisOfLiabilitiesOtherThanProvisions" xlink:label="DescriptionOfMethodsOfRecognitionAndMeasurementBasisOfLiabilitiesOtherThanProvisions" xlink:title="DescriptionOfMethodsOfRecognitionAndMeasurementBasisOfLiabilitiesOtherThanProvisions"/>
    <link:definitionArc xlink:type="arc" xlink:arcrole="http://xbrl.org/int/dim/arcrole/domain-member" xlink:from="DescriptionOfMethodsOfRecognitionAndMeasurementBasisOfAssetsAndLiabilities" xlink:to="DescriptionOfMethodsOfRecognitionAndMeasurementBasisOfLiabilitiesOtherThanProvisions" xlink:title="definition: DescriptionOfMethodsOfRecognitionAndMeasurementBasisOfAssetsAndLiabilities to DescriptionOfMethodsOfRecognitionAndMeasurementBasisOfLiabilitiesOtherThanProvisions" order="10.0"/>
    <link:loc xlink:type="locator" xlink:href="fsa.xsd#fsa_DescriptionOfAccountingPoliciesRelatedToDerivativeFinancialInstruments" xlink:label="DescriptionOfAccountingPoliciesRelatedToDerivativeFinancialInstruments" xlink:title="DescriptionOfAccountingPoliciesRelatedToDerivativeFinancialInstruments"/>
    <link:definitionArc xlink:type="arc" xlink:arcrole="http://xbrl.org/int/dim/arcrole/domain-member" xlink:from="DescriptionOfMethodsOfRecognitionAndMeasurementBasisOfAssetsAndLiabilities" xlink:to="DescriptionOfAccountingPoliciesRelatedToDerivativeFinancialInstruments" xlink:title="definition: DescriptionOfMethodsOfRecognitionAndMeasurementBasisOfAssetsAndLiabilities to DescriptionOfAccountingPoliciesRelatedToDerivativeFinancialInstruments" order="11.0"/>
    <link:loc xlink:type="locator" xlink:href="fsa.xsd#fsa_DescriptionOfMethodsOfRecognitionAndMeasurementBasisOfDeferredIncomeLiabilities" xlink:label="DescriptionOfMethodsOfRecognitionAndMeasurementBasisOfDeferredIncomeLiabilities" xlink:title="DescriptionOfMethodsOfRecognitionAndMeasurementBasisOfDeferredIncomeLiabilities"/>
    <link:definitionArc xlink:type="arc" xlink:arcrole="http://xbrl.org/int/dim/arcrole/domain-member" xlink:from="DescriptionOfMethodsOfRecognitionAndMeasurementBasisOfAssetsAndLiabilities" xlink:to="DescriptionOfMethodsOfRecognitionAndMeasurementBasisOfDeferredIncomeLiabilities" xlink:title="definition: DescriptionOfMethodsOfRecognitionAndMeasurementBasisOfAssetsAndLiabilities to DescriptionOfMethodsOfRecognitionAndMeasurementBasisOfDeferredIncomeLiabilities" order="12.0"/>
    <link:loc xlink:type="locator" xlink:href="fsa.xsd#fsa_DescriptionMethodsOfRecognitionAndMeasurementBasisForCashFlowsStatement" xlink:label="DescriptionMethodsOfRecognitionAndMeasurementBasisForCashFlowsStatement" xlink:title="DescriptionMethodsOfRecognitionAndMeasurementBasisForCashFlowsStatement"/>
    <link:definitionArc xlink:type="arc" xlink:arcrole="http://xbrl.org/int/dim/arcrole/domain-member" xlink:from="DisclosureOfAccountingPolicies" xlink:to="DescriptionMethodsOfRecognitionAndMeasurementBasisForCashFlowsStatement" xlink:title="definition: DisclosureOfAccountingPolicies to DescriptionMethodsOfRecognitionAndMeasurementBasisForCashFlowsStatement" order="9.0"/>
    <link:loc xlink:type="locator" xlink:href="fsa.xsd#fsa_CashFlowsFromUsedInOperatingActivitiesAccountingPolicies" xlink:label="CashFlowsFromUsedInOperatingActivitiesAccountingPolicies" xlink:title="CashFlowsFromUsedInOperatingActivitiesAccountingPolicies"/>
    <link:definitionArc xlink:type="arc" xlink:arcrole="http://xbrl.org/int/dim/arcrole/domain-member" xlink:from="DescriptionMethodsOfRecognitionAndMeasurementBasisForCashFlowsStatement" xlink:to="CashFlowsFromUsedInOperatingActivitiesAccountingPolicies" xlink:title="definition: DescriptionMethodsOfRecognitionAndMeasurementBasisForCashFlowsStatement to CashFlowsFromUsedInOperatingActivitiesAccountingPolicies" order="1.0"/>
    <link:loc xlink:type="locator" xlink:href="fsa.xsd#fsa_CashFlowsFromUsedInInvestingActivitiesAccountingPolicies" xlink:label="CashFlowsFromUsedInInvestingActivitiesAccountingPolicies" xlink:title="CashFlowsFromUsedInInvestingActivitiesAccountingPolicies"/>
    <link:definitionArc xlink:type="arc" xlink:arcrole="http://xbrl.org/int/dim/arcrole/domain-member" xlink:from="DescriptionMethodsOfRecognitionAndMeasurementBasisForCashFlowsStatement" xlink:to="CashFlowsFromUsedInInvestingActivitiesAccountingPolicies" xlink:title="definition: DescriptionMethodsOfRecognitionAndMeasurementBasisForCashFlowsStatement to CashFlowsFromUsedInInvestingActivitiesAccountingPolicies" order="2.0"/>
    <link:loc xlink:type="locator" xlink:href="fsa.xsd#fsa_CashFlowsFromUsedInFinancingActivitiesAccountingPolicies" xlink:label="CashFlowsFromUsedInFinancingActivitiesAccountingPolicies" xlink:title="CashFlowsFromUsedInFinancingActivitiesAccountingPolicies"/>
    <link:definitionArc xlink:type="arc" xlink:arcrole="http://xbrl.org/int/dim/arcrole/domain-member" xlink:from="DescriptionMethodsOfRecognitionAndMeasurementBasisForCashFlowsStatement" xlink:to="CashFlowsFromUsedInFinancingActivitiesAccountingPolicies" xlink:title="definition: DescriptionMethodsOfRecognitionAndMeasurementBasisForCashFlowsStatement to CashFlowsFromUsedInFinancingActivitiesAccountingPolicies" order="3.0"/>
    <link:loc xlink:type="locator" xlink:href="fsa.xsd#fsa_ExplanationOfEntitysDefinitionOfCashAndCashEquivalents" xlink:label="ExplanationOfEntitysDefinitionOfCashAndCashEquivalents" xlink:title="ExplanationOfEntitysDefinitionOfCashAndCashEquivalents"/>
    <link:definitionArc xlink:type="arc" xlink:arcrole="http://xbrl.org/int/dim/arcrole/domain-member" xlink:from="DescriptionMethodsOfRecognitionAndMeasurementBasisForCashFlowsStatement" xlink:to="ExplanationOfEntitysDefinitionOfCashAndCashEquivalents" xlink:title="definition: DescriptionMethodsOfRecognitionAndMeasurementBasisForCashFlowsStatement to ExplanationOfEntitysDefinitionOfCashAndCashEquivalents" order="4.0"/>
    <link:definitionArc xlink:type="arc" xlink:arcrole="http://xbrl.org/int/dim/arcrole/all" xlink:from="DisclosureOfAccountingPolicies" xlink:to="CommonHypercube" xlink:title="definition: DisclosureOfAccountingPolicies to CommonHypercube" order="10.0" xbrldt:contextElement="scenario" xbrldt:closed="true"/>
  </link:definitionLink>
</link:linkbase>
