<?xml version="1.0" encoding="UTF-8"?>
<!-- Generated by Fujitsu Interstage XWand B0251T -->
<?officialURI http://archprod.service.eogs.dk/taxonomy/20211001/fsa/859pgym_pre.xml?>

<?taxonomy-version 1.7.0?>

<link:linkbase xmlns:xsi="http://www.w3.org/2001/XMLSchema-instance" xsi:schemaLocation="http://www.xbrl.org/2003/linkbase http://www.xbrl.org/2003/xbrl-linkbase-2003-12-31.xsd" xmlns:link="http://www.xbrl.org/2003/linkbase" xmlns:entry="http://xbrl.dcca.dk/entryBalanceSheetAccountByCurrentAndLongTermFormIncomeStatementByFunction" xmlns:xlink="http://www.w3.org/1999/xlink" xmlns:xbrli="http://www.xbrl.org/2003/instance">
  <link:roleRef roleURI="http://uvm.dk/" xlink:type="simple" xlink:href="fsa.xsd#uvm_Uvm"/>
  <link:roleRef roleURI="http://xbrl.dcca.dk/role/859.00/DisclosuresUvmPgym" xlink:type="simple" xlink:href="fsa.xsd#fsa_DisclosuresuvmPgym"/>
  <link:presentationLink xlink:type="extended" xlink:role="http://xbrl.dcca.dk/role/859.00/DisclosuresUvmPgym">
    <link:loc xlink:type="locator" xlink:href="../cmn.xsd#cmn_CommonHypercube" xlink:label="CommonHypercube" xlink:title="CommonHypercube"/>
    <link:loc xlink:type="locator" xlink:href="../cmn.xsd#cmn_ConsolidatedSoloDimension" xlink:label="ConsolidatedSoloDimension"/>
    <link:presentationArc xlink:type="arc" xlink:arcrole="http://www.xbrl.org/2003/arcrole/parent-child" xlink:from="CommonHypercube" xlink:to="ConsolidatedSoloDimension" xlink:title="presentation: CommonHypercube to ConsolidatedSoloDimension" order="1.0"/>
    <link:loc xlink:type="locator" xlink:href="../cmn.xsd#cmn_ConsolidatedMember" xlink:label="ConsolidatedMember"/>
    <link:presentationArc xlink:type="arc" xlink:arcrole="http://www.xbrl.org/2003/arcrole/parent-child" xlink:from="ConsolidatedSoloDimension" xlink:to="ConsolidatedMember" xlink:title="presentation: ConsolidatedSoloDimension to ConsolidatedMember" order="1.0"/>
    <link:loc xlink:type="locator" xlink:href="../cmn.xsd#cmn_SoloMember" xlink:label="SoloMember"/>
    <link:presentationArc xlink:type="arc" xlink:arcrole="http://www.xbrl.org/2003/arcrole/parent-child" xlink:from="ConsolidatedSoloDimension" xlink:to="SoloMember" xlink:title="presentation: ConsolidatedSoloDimension to SoloMember" order="2.0"/>
    <link:loc xlink:type="locator" xlink:href="fsa.xsd#fsa_SpecialSpecificationsAbstract" xlink:label="SpecialSpecificationsAbstract" xlink:title="SpecialSpecificationsAbstract"/>
    <link:loc xlink:type="locator" xlink:href="fsa.xsd#fsa_DisclosureOfWagesAndSalariesExecutiesAbstract" xlink:label="DisclosureOfWagesAndSalariesExecutiesAbstract" xlink:title="DisclosureOfWagesAndSalariesExecutiesAbstract"/>
    <link:presentationArc xlink:type="arc" xlink:arcrole="http://www.xbrl.org/2003/arcrole/parent-child" xlink:from="SpecialSpecificationsAbstract" xlink:to="DisclosureOfWagesAndSalariesExecutiesAbstract" xlink:title="presentation: SpecialSpecificationsAbstract to DisclosureOfWagesAndSalariesExecutiesAbstract" order="3.0"/>
    <link:loc xlink:type="locator" xlink:href="fsa.xsd#fsa_TotalWagesAndSaleriesForAllManagementOfTheInstitutionCoveredByCollectiveAgreementForManagement" xlink:label="TotalWagesAndSaleriesForAllManagementOfTheInstitutionCoveredByCollectiveAgreementForManagement" xlink:title="TotalWagesAndSaleriesForAllManagementOfTheInstitutionCoveredByCollectiveAgreementForManagement"/>
    <link:presentationArc xlink:type="arc" xlink:arcrole="http://www.xbrl.org/2003/arcrole/parent-child" xlink:from="DisclosureOfWagesAndSalariesExecutiesAbstract" xlink:to="TotalWagesAndSaleriesForAllManagementOfTheInstitutionCoveredByCollectiveAgreementForManagement" xlink:title="presentation: DisclosureOfWagesAndSalariesExecutiesAbstract to TotalWagesAndSaleriesForAllManagementOfTheInstitutionCoveredByCollectiveAgreementForManagement" order="1.0"/>
    <link:loc xlink:type="locator" xlink:href="fsa.xsd#fsa_TotalWagesAndSaleriesForAllManagementOfTheInstitutionEmployedInAccordanceWithTheCollectiveAgreementForManagement" xlink:label="TotalWagesAndSaleriesForAllManagementOfTheInstitutionEmployedInAccordanceWithTheCollectiveAgreementForManagement" xlink:title="TotalWagesAndSaleriesForAllManagementOfTheInstitutionEmployedInAccordanceWithTheCollectiveAgreementForManagement"/>
    <link:presentationArc xlink:type="arc" xlink:arcrole="http://www.xbrl.org/2003/arcrole/parent-child" xlink:from="DisclosureOfWagesAndSalariesExecutiesAbstract" xlink:to="TotalWagesAndSaleriesForAllManagementOfTheInstitutionEmployedInAccordanceWithTheCollectiveAgreementForManagement" xlink:title="presentation: DisclosureOfWagesAndSalariesExecutiesAbstract to TotalWagesAndSaleriesForAllManagementOfTheInstitutionEmployedInAccordanceWithTheCollectiveAgreementForManagement" order="2.0"/>
    <link:loc xlink:type="locator" xlink:href="fsa.xsd#fsa_TotalWagesAndSaleriesForAllManagementInTheExecutiveBoardOrReferingToTheSeniorManagementIncludingSeniorManagementItSelf" xlink:label="TotalWagesAndSaleriesForAllManagementInTheExecutiveBoardOrReferingToTheSeniorManagementIncludingSeniorManagementItSelf" xlink:title="TotalWagesAndSaleriesForAllManagementInTheExecutiveBoardOrReferingToTheSeniorManagementIncludingSeniorManagementItSelf"/>
    <link:presentationArc xlink:type="arc" xlink:arcrole="http://www.xbrl.org/2003/arcrole/parent-child" xlink:from="DisclosureOfWagesAndSalariesExecutiesAbstract" xlink:to="TotalWagesAndSaleriesForAllManagementInTheExecutiveBoardOrReferingToTheSeniorManagementIncludingSeniorManagementItSelf" xlink:title="presentation: DisclosureOfWagesAndSalariesExecutiesAbstract to TotalWagesAndSaleriesForAllManagementInTheExecutiveBoardOrReferingToTheSeniorManagementIncludingSeniorManagementItSelf" order="3.0"/>
    <link:loc xlink:type="locator" xlink:href="fsa.xsd#fsa_BonusesPerformancePayAndOnetimeRemunerationToAllManagementInTheExecutiveBoardOrReferingToTheSeniorManagementIncludingSeniorManagementItSelf" xlink:label="BonusesPerformancePayAndOnetimeRemunerationToAllManagementInTheExecutiveBoardOrReferingToTheSeniorManagementIncludingSeniorManagementItSelf" xlink:title="BonusesPerformancePayAndOnetimeRemunerationToAllManagementInTheExecutiveBoardOrReferingToTheSeniorManagementIncludingSeniorManagementItSelf"/>
    <link:presentationArc xlink:type="arc" xlink:arcrole="http://www.xbrl.org/2003/arcrole/parent-child" xlink:from="DisclosureOfWagesAndSalariesExecutiesAbstract" xlink:to="BonusesPerformancePayAndOnetimeRemunerationToAllManagementInTheExecutiveBoardOrReferingToTheSeniorManagementIncludingSeniorManagementItSelf" xlink:title="presentation: DisclosureOfWagesAndSalariesExecutiesAbstract to BonusesPerformancePayAndOnetimeRemunerationToAllManagementInTheExecutiveBoardOrReferingToTheSeniorManagementIncludingSeniorManagementItSelf" order="4.0"/>
    <link:presentationArc xlink:type="arc" xlink:arcrole="http://www.xbrl.org/2003/arcrole/parent-child" xlink:from="SpecialSpecificationsAbstract" xlink:to="CommonHypercube" xlink:title="presentation: SpecialSpecificationsAbstract to CommonHypercube" order="99.0"/>
    <link:loc xlink:type="locator" xlink:href="fsa.xsd#fsa_DisclosureOfCalculationOfSelfCoveragePrivateUpperSecondarySchoolsAbstract" xlink:label="DisclosureOfCalculationOfSelfCoveragePrivateUpperSecondarySchoolsAbstract" xlink:title="DisclosureOfCalculationOfSelfCoveragePrivateUpperSecondarySchoolsAbstract"/>
    <link:presentationArc xlink:type="arc" xlink:arcrole="http://www.xbrl.org/2003/arcrole/parent-child" xlink:from="SpecialSpecificationsAbstract" xlink:to="DisclosureOfCalculationOfSelfCoveragePrivateUpperSecondarySchoolsAbstract" xlink:title="presentation: SpecialSpecificationsAbstract to DisclosureOfCalculationOfSelfCoveragePrivateUpperSecondarySchoolsAbstract" order="1.0"/>
    <link:loc xlink:type="locator" xlink:href="fsa.xsd#fsa_SelfCoverageTotalPrivateUpperSecondarySchools" xlink:label="SelfCoverageTotalPrivateUpperSecondarySchools" xlink:title="SelfCoverageTotalPrivateUpperSecondarySchools"/>
    <link:presentationArc xlink:type="arc" xlink:arcrole="http://www.xbrl.org/2003/arcrole/parent-child" xlink:from="DisclosureOfCalculationOfSelfCoveragePrivateUpperSecondarySchoolsAbstract" xlink:to="SelfCoverageTotalPrivateUpperSecondarySchools" xlink:title="presentation: DisclosureOfCalculationOfSelfCoveragePrivateUpperSecondarySchoolsAbstract to SelfCoverageTotalPrivateUpperSecondarySchools" order="1.0"/>
    <link:loc xlink:type="locator" xlink:href="fsa.xsd#fsa_NetPaymentsTutionFeesTutionFees" xlink:label="NetPaymentsTutionFeesTutionFees" xlink:title="NetPaymentsTutionFeesTutionFees"/>
    <link:presentationArc xlink:type="arc" xlink:arcrole="http://www.xbrl.org/2003/arcrole/parent-child" xlink:from="SelfCoverageTotalPrivateUpperSecondarySchools" xlink:to="NetPaymentsTutionFeesTutionFees" xlink:title="presentation: SelfCoverageTotalPrivateUpperSecondarySchools to NetPaymentsTutionFeesTutionFees" order="10.0"/>
    <link:loc xlink:type="locator" xlink:href="fsa.xsd#fsa_OtherIncomeSelfCoveragePrivateUpperSecondarySchools" xlink:label="OtherIncomeSelfCoveragePrivateUpperSecondarySchools" xlink:title="OtherIncomeSelfCoveragePrivateUpperSecondarySchools"/>
    <link:presentationArc xlink:type="arc" xlink:arcrole="http://www.xbrl.org/2003/arcrole/parent-child" xlink:from="SelfCoverageTotalPrivateUpperSecondarySchools" xlink:to="OtherIncomeSelfCoveragePrivateUpperSecondarySchools" xlink:title="presentation: SelfCoverageTotalPrivateUpperSecondarySchools to OtherIncomeSelfCoveragePrivateUpperSecondarySchools" order="30.0"/>
    <link:loc xlink:type="locator" xlink:href="fsa.xsd#fsa_RentIncomeFromResidentialContributionEtcOtherIncomeAndGrantsPrivateUpperSecondarySchools" xlink:label="RentIncomeFromResidentialContributionEtcOtherIncomeAndGrantsPrivateUpperSecondarySchools" xlink:title="RentIncomeFromResidentialContributionEtcOtherIncomeAndGrantsPrivateUpperSecondarySchools"/>
    <link:presentationArc xlink:type="arc" xlink:arcrole="http://www.xbrl.org/2003/arcrole/parent-child" xlink:from="OtherIncomeSelfCoveragePrivateUpperSecondarySchools" xlink:to="RentIncomeFromResidentialContributionEtcOtherIncomeAndGrantsPrivateUpperSecondarySchools" xlink:title="presentation: OtherIncomeSelfCoveragePrivateUpperSecondarySchools to RentIncomeFromResidentialContributionEtcOtherIncomeAndGrantsPrivateUpperSecondarySchools" order="1.0"/>
    <link:loc xlink:type="locator" xlink:href="fsa.xsd#fsa_EmployeesPaymentForLightHeatEtcOtherIncomeAndGrants" xlink:label="EmployeesPaymentForLightHeatEtcOtherIncomeAndGrants" xlink:title="EmployeesPaymentForLightHeatEtcOtherIncomeAndGrants"/>
    <link:presentationArc xlink:type="arc" xlink:arcrole="http://www.xbrl.org/2003/arcrole/parent-child" xlink:from="OtherIncomeSelfCoveragePrivateUpperSecondarySchools" xlink:to="EmployeesPaymentForLightHeatEtcOtherIncomeAndGrants" xlink:title="presentation: OtherIncomeSelfCoveragePrivateUpperSecondarySchools to EmployeesPaymentForLightHeatEtcOtherIncomeAndGrants" order="2.0"/>
    <link:loc xlink:type="locator" xlink:href="fsa.xsd#fsa_EmployeesPaymentForBoardOtherIncomeAndGrants" xlink:label="EmployeesPaymentForBoardOtherIncomeAndGrants" xlink:title="EmployeesPaymentForBoardOtherIncomeAndGrants"/>
    <link:presentationArc xlink:type="arc" xlink:arcrole="http://www.xbrl.org/2003/arcrole/parent-child" xlink:from="OtherIncomeSelfCoveragePrivateUpperSecondarySchools" xlink:to="EmployeesPaymentForBoardOtherIncomeAndGrants" xlink:title="presentation: OtherIncomeSelfCoveragePrivateUpperSecondarySchools to EmployeesPaymentForBoardOtherIncomeAndGrants" order="3.0"/>
    <link:loc xlink:type="locator" xlink:href="fsa.xsd#fsa_ContributionToReduceTuitionFeesFromTheFundForScholarshipsAndPaymentOfSubstitutesForPrivateUpperSecondarySchools" xlink:label="ContributionToReduceTuitionFeesFromTheFundForScholarshipsAndPaymentOfSubstitutesForPrivateUpperSecondarySchools" xlink:title="ContributionToReduceTuitionFeesFromTheFundForScholarshipsAndPaymentOfSubstitutesForPrivateUpperSecondarySchools"/>
    <link:presentationArc xlink:type="arc" xlink:arcrole="http://www.xbrl.org/2003/arcrole/parent-child" xlink:from="SelfCoverageTotalPrivateUpperSecondarySchools" xlink:to="ContributionToReduceTuitionFeesFromTheFundForScholarshipsAndPaymentOfSubstitutesForPrivateUpperSecondarySchools" xlink:title="presentation: SelfCoverageTotalPrivateUpperSecondarySchools to ContributionToReduceTuitionFeesFromTheFundForScholarshipsAndPaymentOfSubstitutesForPrivateUpperSecondarySchools" order="20.0"/>
    <link:loc xlink:type="locator" xlink:href="fsa.xsd#fsa_FinanceIncome" xlink:label="FinanceIncome" xlink:title="FinanceIncome"/>
    <link:presentationArc xlink:type="arc" xlink:arcrole="http://www.xbrl.org/2003/arcrole/parent-child" xlink:from="SelfCoverageTotalPrivateUpperSecondarySchools" xlink:to="FinanceIncome" xlink:title="presentation: SelfCoverageTotalPrivateUpperSecondarySchools to FinanceIncome" order="40.0"/>
    <link:loc xlink:type="locator" xlink:href="../mrv/mrv.xsd#mrv_FTEsStudentsFulltimeEducationInReportingPeriod" xlink:label="FTEsStudentsFulltimeEducationInReportingPeriod" xlink:title="FTEsStudentsFulltimeEducationInReportingPeriod"/>
    <link:presentationArc xlink:type="arc" xlink:arcrole="http://www.xbrl.org/2003/arcrole/parent-child" xlink:from="DisclosureOfCalculationOfSelfCoveragePrivateUpperSecondarySchoolsAbstract" xlink:to="FTEsStudentsFulltimeEducationInReportingPeriod" xlink:title="presentation: DisclosureOfCalculationOfSelfCoveragePrivateUpperSecondarySchoolsAbstract to FTEsStudentsFulltimeEducationInReportingPeriod" order="2.0"/>
    <link:loc xlink:type="locator" xlink:href="../mrv/mrv.xsd#mrv_FTEsStudentsSinglecourseInReportingPeriodOrdinaryRate" xlink:label="FTEsStudentsSinglecourseInReportingPeriodOrdinaryRate" xlink:title="FTEsStudentsSinglecourseInReportingPeriodOrdinaryRate"/>
    <link:presentationArc xlink:type="arc" xlink:arcrole="http://www.xbrl.org/2003/arcrole/parent-child" xlink:from="DisclosureOfCalculationOfSelfCoveragePrivateUpperSecondarySchoolsAbstract" xlink:to="FTEsStudentsSinglecourseInReportingPeriodOrdinaryRate" xlink:title="presentation: DisclosureOfCalculationOfSelfCoveragePrivateUpperSecondarySchoolsAbstract to FTEsStudentsSinglecourseInReportingPeriodOrdinaryRate" order="3.0"/>
    <link:loc xlink:type="locator" xlink:href="../mrv/mrv.xsd#mrv_FTEsStudentsSinglecourseInReportingPeriodHigherRate" xlink:label="FTEsStudentsSinglecourseInReportingPeriodHigherRate" xlink:title="FTEsStudentsSinglecourseInReportingPeriodHigherRate"/>
    <link:presentationArc xlink:type="arc" xlink:arcrole="http://www.xbrl.org/2003/arcrole/parent-child" xlink:from="DisclosureOfCalculationOfSelfCoveragePrivateUpperSecondarySchoolsAbstract" xlink:to="FTEsStudentsSinglecourseInReportingPeriodHigherRate" xlink:title="presentation: DisclosureOfCalculationOfSelfCoveragePrivateUpperSecondarySchoolsAbstract to FTEsStudentsSinglecourseInReportingPeriodHigherRate" order="4.0"/>
    <link:loc xlink:type="locator" xlink:href="fsa.xsd#fsa_CalculatedMinimumSelfCoverageAbstract" xlink:label="CalculatedMinimumSelfCoverageAbstract" xlink:title="CalculatedMinimumSelfCoverageAbstract"/>
    <link:presentationArc xlink:type="arc" xlink:arcrole="http://www.xbrl.org/2003/arcrole/parent-child" xlink:from="DisclosureOfCalculationOfSelfCoveragePrivateUpperSecondarySchoolsAbstract" xlink:to="CalculatedMinimumSelfCoverageAbstract" xlink:title="presentation: DisclosureOfCalculationOfSelfCoveragePrivateUpperSecondarySchoolsAbstract to CalculatedMinimumSelfCoverageAbstract" order="5.0"/>
    <link:loc xlink:type="locator" xlink:href="fsa.xsd#fsa_TotalMinimumSelfCoverage" xlink:label="TotalMinimumSelfCoverage" xlink:title="TotalMinimumSelfCoverage"/>
    <link:presentationArc xlink:type="arc" xlink:arcrole="http://www.xbrl.org/2003/arcrole/parent-child" xlink:from="CalculatedMinimumSelfCoverageAbstract" xlink:to="TotalMinimumSelfCoverage" xlink:title="presentation: CalculatedMinimumSelfCoverageAbstract to TotalMinimumSelfCoverage" order="1.0"/>
  </link:presentationLink>
</link:linkbase>
