<?xml version="1.0" encoding="UTF-8"?>
<!-- Generated by Fujitsu Interstage XWand B0251T -->
<?officialURI http://archprod.service.eogs.dk/taxonomy/20211001/gsd/000rii_pre.xml?>

<?taxonomy-version 1.7.0?>

<link:linkbase xmlns:xsi="http://www.w3.org/2001/XMLSchema-instance" xsi:schemaLocation="http://www.xbrl.org/2003/linkbase http://www.xbrl.org/2003/xbrl-linkbase-2003-12-31.xsd" xmlns:link="http://www.xbrl.org/2003/linkbase" xmlns:entry="http://xbrl.dcca.dk/entryBalanceSheetAccountByCurrentAndLongTermFormIncomeStatementByNature" xmlns:xbrldt="http://xbrl.org/2005/xbrldt" xmlns:xlink="http://www.w3.org/1999/xlink" xmlns:xbrli="http://www.xbrl.org/2003/instance">
  <link:roleRef roleURI="http://xbrl.dcca.dk/role/000.00/GeneralAndSubmissionData/RequiredInformation" xlink:type="simple" xlink:href="gsd.xsd#gsd_RoleGeneralAndSubmissionDataRequiredInformation"/>
  <link:presentationLink xlink:type="extended" xlink:role="http://xbrl.dcca.dk/role/000.00/GeneralAndSubmissionData/RequiredInformation">
    <link:loc xlink:type="locator" xlink:href="../cmn.xsd#cmn_CommonHypercube" xlink:label="CommonHypercube"/>
    <link:loc xlink:type="locator" xlink:href="../cmn.xsd#cmn_ConsolidatedSoloDimension" xlink:label="ConsolidatedSoloDimension"/>
    <link:presentationArc xlink:type="arc" xlink:arcrole="http://www.xbrl.org/2003/arcrole/parent-child" xlink:from="CommonHypercube" xlink:to="ConsolidatedSoloDimension" xlink:title="presentation: CommonHypercube to ConsolidatedSoloDimension" order="1.0"/>
    <link:loc xlink:type="locator" xlink:href="../cmn.xsd#cmn_ConsolidatedMember" xlink:label="ConsolidatedMember"/>
    <link:presentationArc xlink:type="arc" xlink:arcrole="http://www.xbrl.org/2003/arcrole/parent-child" xlink:from="ConsolidatedSoloDimension" xlink:to="ConsolidatedMember" xlink:title="presentation: ConsolidatedSoloDimension to ConsolidatedMember" order="1.0"/>
    <link:loc xlink:type="locator" xlink:href="../cmn.xsd#cmn_SoloMember" xlink:label="SoloMember"/>
    <link:presentationArc xlink:type="arc" xlink:arcrole="http://www.xbrl.org/2003/arcrole/parent-child" xlink:from="ConsolidatedSoloDimension" xlink:to="SoloMember" xlink:title="presentation: ConsolidatedSoloDimension to SoloMember" order="2.0"/>
    <link:loc xlink:type="locator" xlink:href="gsd.xsd#gsd_InformationOnSubmissionReportAndReportingEntityAbstract" xlink:label="InformationOnSubmissionReportAndReportingEntityAbstract" xlink:title="InformationOnSubmissionReportAndReportingEntityAbstract"/>
    <link:loc xlink:type="locator" xlink:href="gsd.xsd#gsd_InformationOnTypeOfSubmittedReport" xlink:label="InformationOnTypeOfSubmittedReport" xlink:title="InformationOnTypeOfSubmittedReport"/>
    <link:presentationArc xlink:type="arc" xlink:arcrole="http://www.xbrl.org/2003/arcrole/parent-child" xlink:from="InformationOnSubmissionReportAndReportingEntityAbstract" xlink:to="InformationOnTypeOfSubmittedReport" xlink:title="presentation: InformationOnSubmissionReportAndReportingEntityAbstract to InformationOnTypeOfSubmittedReport" order="1.0"/>
    <link:loc xlink:type="locator" xlink:href="gsd.xsd#gsd_InformationOnTypeOfRelatedSubmittedReport" xlink:label="InformationOnTypeOfRelatedSubmittedReport" xlink:title="InformationOnTypeOfRelatedSubmittedReport"/>
    <link:presentationArc xlink:type="arc" xlink:arcrole="http://www.xbrl.org/2003/arcrole/parent-child" xlink:from="InformationOnTypeOfSubmittedReport" xlink:to="InformationOnTypeOfRelatedSubmittedReport" xlink:title="presentation: InformationOnTypeOfSubmittedReport to InformationOnTypeOfRelatedSubmittedReport" order="1.0"/>
    <link:loc xlink:type="locator" xlink:href="gsd.xsd#gsd_InformationOnReportingEntityAbstract" xlink:label="InformationOnReportingEntityAbstract" xlink:title="InformationOnReportingEntityAbstract"/>
    <link:presentationArc xlink:type="arc" xlink:arcrole="http://www.xbrl.org/2003/arcrole/parent-child" xlink:from="InformationOnSubmissionReportAndReportingEntityAbstract" xlink:to="InformationOnReportingEntityAbstract" xlink:title="presentation: InformationOnSubmissionReportAndReportingEntityAbstract to InformationOnReportingEntityAbstract" order="2.0"/>
    <link:loc xlink:type="locator" xlink:href="gsd.xsd#gsd_IdentificationNumberCvrOfReportingEntity" xlink:label="IdentificationNumberCvrOfReportingEntity" xlink:title="IdentificationNumberCvrOfReportingEntity"/>
    <link:presentationArc xlink:type="arc" xlink:arcrole="http://www.xbrl.org/2003/arcrole/parent-child" xlink:from="InformationOnReportingEntityAbstract" xlink:to="IdentificationNumberCvrOfReportingEntity" xlink:title="presentation: InformationOnReportingEntityAbstract to IdentificationNumberCvrOfReportingEntity" order="1.0"/>
    <link:presentationArc xlink:type="arc" xlink:arcrole="http://www.xbrl.org/2003/arcrole/parent-child" xlink:from="InformationOnSubmissionReportAndReportingEntityAbstract" xlink:to="CommonHypercube" xlink:title="presentation: InformationOnSubmissionReportAndReportingEntityAbstract to CommonHypercube" order="4.0"/>
    <link:loc xlink:type="locator" xlink:href="gsd.xsd#gsd_InformationOnReportingPeriodAbstract" xlink:label="InformationOnReportingPeriodAbstract" xlink:title="InformationOnReportingPeriodAbstract"/>
    <link:presentationArc xlink:type="arc" xlink:arcrole="http://www.xbrl.org/2003/arcrole/parent-child" xlink:from="InformationOnSubmissionReportAndReportingEntityAbstract" xlink:to="InformationOnReportingPeriodAbstract" xlink:title="presentation: InformationOnSubmissionReportAndReportingEntityAbstract to InformationOnReportingPeriodAbstract" order="3.0"/>
    <link:loc xlink:type="locator" xlink:href="gsd.xsd#gsd_ReportingPeriodStartDate" xlink:label="ReportingPeriodStartDate" xlink:title="ReportingPeriodStartDate"/>
    <link:presentationArc xlink:type="arc" xlink:arcrole="http://www.xbrl.org/2003/arcrole/parent-child" xlink:from="InformationOnReportingPeriodAbstract" xlink:to="ReportingPeriodStartDate" xlink:title="presentation: InformationOnReportingPeriodAbstract to ReportingPeriodStartDate" order="1.0"/>
    <link:loc xlink:type="locator" xlink:href="gsd.xsd#gsd_ReportingPeriodEndDate" xlink:label="ReportingPeriodEndDate" xlink:title="ReportingPeriodEndDate"/>
    <link:presentationArc xlink:type="arc" xlink:arcrole="http://www.xbrl.org/2003/arcrole/parent-child" xlink:from="InformationOnReportingPeriodAbstract" xlink:to="ReportingPeriodEndDate" xlink:title="presentation: InformationOnReportingPeriodAbstract to ReportingPeriodEndDate" order="2.0"/>
    <link:loc xlink:type="locator" xlink:href="gsd.xsd#gsd_PrecedingReportingPeriodStartDate" xlink:label="PrecedingReportingPeriodStartDate" xlink:title="PrecedingReportingPeriodStartDate"/>
    <link:presentationArc xlink:type="arc" xlink:arcrole="http://www.xbrl.org/2003/arcrole/parent-child" xlink:from="InformationOnReportingPeriodAbstract" xlink:to="PrecedingReportingPeriodStartDate" xlink:title="presentation: InformationOnReportingPeriodAbstract to PrecedingReportingPeriodStartDate" order="3.0"/>
    <link:loc xlink:type="locator" xlink:href="gsd.xsd#gsd_PredingReportingPeriodEndDate" xlink:label="PredingReportingPeriodEndDate" xlink:title="PredingReportingPeriodEndDate"/>
    <link:presentationArc xlink:type="arc" xlink:arcrole="http://www.xbrl.org/2003/arcrole/parent-child" xlink:from="InformationOnReportingPeriodAbstract" xlink:to="PredingReportingPeriodEndDate" xlink:title="presentation: InformationOnReportingPeriodAbstract to PredingReportingPeriodEndDate" order="4.0"/>
  </link:presentationLink>
</link:linkbase>
