<?xml version="1.0" encoding="UTF-8"?>
<!-- Generated by Fujitsu Interstage XWand B0255T -->
<link:linkbase xmlns:xsi="http://www.w3.org/2001/XMLSchema-instance" xsi:schemaLocation="http://www.xbrl.org/2003/linkbase http://www.xbrl.org/2003/xbrl-linkbase-2003-12-31.xsd http://xbrl.org/2008/generic http://www.xbrl.org/2008/generic-link.xsd http://xbrl.org/2008/formula http://www.xbrl.org/2008/formula.xsd http://xbrl.org/2008/label http://www.xbrl.org/2008/generic-label.xsd http://xbrl.org/2008/reference http://www.xbrl.org/2008/generic-reference.xsd http://xbrl.org/2008/assertion/consistency http://www.xbrl.org/2008/consistency-assertion.xsd http://xbrl.org/2008/assertion/existence http://www.xbrl.org/2008/existence-assertion.xsd http://xbrl.org/2008/assertion/value http://www.xbrl.org/2008/value-assertion.xsd http://xbrl.org/2008/validation http://www.xbrl.org/2008/validation.xsd http://xbrl.org/2008/filter/concept http://www.xbrl.org/2008/concept-filter.xsd http://xbrl.org/2008/variable http://www.xbrl.org/2008/variable.xsd http://xbrl.org/2008/filter/match http://www.xbrl.org/2008/match-filter.xsd http://xbrl.org/2010/message http://www.xbrl.org/2010/generic-message.xsd http://xbrl.org/2010/message/validation http://www.xbrl.org/2010/validation-message.xsd" xmlns:ca="http://xbrl.org/2008/assertion/consistency" xmlns:gen="http://xbrl.org/2008/generic" xmlns:fn="http://www.w3.org/2005/xpath-functions" xmlns:variable="http://xbrl.org/2008/variable" xmlns:xfi="http://www.xbrl.org/2008/function/instance" xmlns:cf="http://xbrl.org/2008/filter/concept" xmlns:xs="http://www.w3.org/2001/XMLSchema" xmlns:valm="http://xbrl.org/2010/message/validation" xmlns:mf="http://xbrl.org/2008/filter/match" xmlns:link="http://www.xbrl.org/2003/linkbase" xmlns:ea="http://xbrl.org/2008/assertion/existence" xmlns:xlink="http://www.w3.org/1999/xlink" xmlns:validation="http://xbrl.org/2008/validation" xmlns:formula="http://xbrl.org/2008/formula" xmlns:msg="http://xbrl.org/2010/message" xmlns:va="http://xbrl.org/2008/assertion/value" xmlns:fsa="http://xbrl.dcca.dk/fsa" xmlns:label="http://xbrl.org/2008/label">
  <link:roleRef roleURI="http://www.xbrl.org/2008/role/label" xlink:type="simple" xlink:href="http://www.xbrl.org/2008/generic-label.xsd#standard-label"/>
  <link:roleRef roleURI="http://www.xbrl.org/2008/role/link" xlink:type="simple" xlink:href="http://www.xbrl.org/2008/generic-link.xsd#standard-link-role"/>
  <link:roleRef roleURI="http://www.xbrl.org/2010/role/message" xlink:type="simple" xlink:href="http://www.xbrl.org/2010/generic-message.xsd#standard-message"/>
  <link:arcroleRef arcroleURI="http://xbrl.org/arcrole/2008/assertion-set" xlink:type="simple" xlink:href="http://www.xbrl.org/2008/validation.xsd#assertion-set"/>
  <link:arcroleRef arcroleURI="http://xbrl.org/arcrole/2008/element-label" xlink:type="simple" xlink:href="http://www.xbrl.org/2008/generic-label.xsd#element-label"/>
  <link:arcroleRef arcroleURI="http://xbrl.org/arcrole/2008/variable-filter" xlink:type="simple" xlink:href="http://www.xbrl.org/2008/variable.xsd#variable-filter"/>
  <link:arcroleRef arcroleURI="http://xbrl.org/arcrole/2008/variable-set" xlink:type="simple" xlink:href="http://www.xbrl.org/2008/variable.xsd#variable-set"/>
  <link:arcroleRef arcroleURI="http://xbrl.org/arcrole/2008/variable-set-precondition" xlink:type="simple" xlink:href="http://www.xbrl.org/2008/variable.xsd#variable-set-precondition"/>
  <link:arcroleRef arcroleURI="http://xbrl.org/arcrole/2016/assertion-unsatisfied-severity" xlink:type="simple" xlink:href="http://www.xbrl.org/2016/assertion-severity.xsd#assertion-unsatisfied-severity"/>
  <link:arcroleRef arcroleURI="http://xbrl.org/arcrole/2010/assertion-unsatisfied-message" xlink:type="simple" xlink:href="http://www.xbrl.org/2010/validation-message.xsd#assertion-unsatisfied-message"/>
  <gen:link xlink:type="extended" xlink:role="http://www.xbrl.org/2008/role/link">
    <validation:assertionSet xlink:type="resource" xlink:label="aS01" xlink:title="aS01" id="FSA_01"/>
    <label:label xlink:type="resource" xlink:label="label" xlink:role="http://www.xbrl.org/2008/role/label" xlink:title="label" xml:lang="da" id="label">Resultatopgorelse</label:label>
    <gen:arc xlink:type="arc" xlink:arcrole="http://xbrl.org/arcrole/2008/element-label" xlink:from="aS01" xlink:to="label" xlink:title="aS01 to label" priority="0" order="1.0"/>
    <va:valueAssertion xlink:type="resource" xlink:label="fj_v0001" xlink:title="fj_v0001" id="v500.0100" implicitFiltering="true" aspectModel="non-dimensional" test="($GrossResult =  $GrossProfitLoss)"/>
    <gen:arc xlink:type="arc" xlink:arcrole="http://xbrl.org/arcrole/2008/assertion-set" xlink:from="aS01" xlink:to="fj_v0001" xlink:title="aS01 to fj_v0001" priority="0" order="1.0"/>
    <variable:factVariable xlink:type="resource" xlink:label="v500.0100.a" xlink:title="v500.0100.a" id="v500.0100.a" bindAsSequence="false" fallbackValue="999999999999"/>
    <variable:variableArc xlink:type="arc" xlink:arcrole="http://xbrl.org/arcrole/2008/variable-set" xlink:from="fj_v0001" xlink:to="v500.0100.a" xlink:title="fj_v0001 to v500.0100.a" priority="0" order="1.0" name="GrossResult"/>
    <cf:conceptName xlink:type="resource" xlink:label="v500.0100.a.f01" xlink:title="v500.0100.a.f01" id="v500.0100.a.f01">
      <cf:concept>
        <cf:qname>fsa:GrossResult</cf:qname>
      </cf:concept>
    </cf:conceptName>
    <variable:variableFilterArc xlink:type="arc" xlink:arcrole="http://xbrl.org/arcrole/2008/variable-filter" xlink:from="v500.0100.a" xlink:to="v500.0100.a.f01" xlink:title="v500.0100.a to v500.0100.a.f01" priority="0" order="1.0" complement="false" cover="true"/>
    <variable:factVariable xlink:type="resource" xlink:label="v500.0100.b" xlink:title="v500.0100.b" id="v500.0100.b" bindAsSequence="false" fallbackValue="999999999999"/>
    <variable:variableArc xlink:type="arc" xlink:arcrole="http://xbrl.org/arcrole/2008/variable-set" xlink:from="fj_v0001" xlink:to="v500.0100.b" xlink:title="fj_v0001 to v500.0100.b" priority="0" order="2.0" name="GrossProfitLoss"/>
    <cf:conceptName xlink:type="resource" xlink:label="v500.0100.b.f01" xlink:title="v500.0100.b.f01" id="v500.0100.b.f01">
      <cf:concept>
        <cf:qname>fsa:GrossProfitLoss</cf:qname>
      </cf:concept>
    </cf:conceptName>
    <variable:variableFilterArc xlink:type="arc" xlink:arcrole="http://xbrl.org/arcrole/2008/variable-filter" xlink:from="v500.0100.b" xlink:to="v500.0100.b.f01" xlink:title="v500.0100.b to v500.0100.b.f01" priority="0" order="1.0" cover="true" complement="false"/>
    <variable:precondition xlink:type="resource" xlink:label="precondition" xlink:title="precondition" id="precondition" test="($GrossResult !=  999999999999) and ( $GrossProfitLoss  !=  999999999999) "/>
    <gen:arc xlink:type="arc" xlink:arcrole="http://xbrl.org/arcrole/2008/variable-set-precondition" xlink:from="fj_v0001" xlink:to="precondition" xlink:title="fj_v0001 to precondition" priority="0" order="1.0"/>
    <link:loc xlink:type="locator" xlink:href="http://www.xbrl.org/2016/severities.xml#ERROR" xlink:label="error" xlink:title="error"/>
    <gen:arc xlink:type="arc" xlink:arcrole="http://xbrl.org/arcrole/2016/assertion-unsatisfied-severity" xlink:from="fj_v0001" xlink:to="error" xlink:title="fj_v0001 to error" priority="0" order="1.0"/>
    <msg:message xlink:type="resource" xlink:label="label_2" xlink:role="http://www.xbrl.org/2010/role/message" xlink:title="label_2" xml:lang="da" id="label_2">Både Bruttoresultat og Bruttofortjeneste/Bruttotab opmærket, men med forskellige værdier:&#13;
Bruttoresultat (GrossResult):  {$GrossResult }&#13;
 Bruttofortjeneste/Bruttotab (GrossProfitLoss):  {$GrossProfitLoss}&#13;
</msg:message>
    <gen:arc xlink:type="arc" xlink:arcrole="http://xbrl.org/arcrole/2010/assertion-unsatisfied-message" xlink:from="fj_v0001" xlink:to="label_2" xlink:title="fj_v0001 to label_2" priority="0" order="1.0"/>
  </gen:link>
</link:linkbase>
