<?xml version="1.0" encoding="UTF-8"?>
<!-- Generated by Fujitsu Interstage XWand B0251 -->
<?officialURI http://archprod.service.eogs.dk/taxonomy/20201001/fsa/450reg_pre.xml?>

<?taxonomy-version 1.7.0?>

<link:linkbase xmlns:xsi="http://www.w3.org/2001/XMLSchema-instance" xsi:schemaLocation="http://www.xbrl.org/2003/linkbase http://www.xbrl.org/2003/xbrl-linkbase-2003-12-31.xsd" xmlns:link="http://www.xbrl.org/2003/linkbase" xmlns:xbrli="http://www.xbrl.org/2003/instance" xmlns:xlink="http://www.w3.org/1999/xlink">
  <link:roleRef roleURI="http://xbrl.dcca.dk/role/450.00/BalanceSheetUvmReg" xlink:type="simple" xlink:href="fsa.xsd#fsa_RoleBalanceSheetUvmReg"/>
  <link:roleRef roleURI="http://uvm.dk/" xlink:type="simple" xlink:href="fsa.xsd#uvm_Uvm"/>
  <link:roleRef roleURI="http://xbrl.dcca.dk/role/450.00/BalanceSheetUvmRegDisclosures" xlink:type="simple" xlink:href="fsa.xsd#fsa_RoleBalanceSheetUvmRegDisclosures"/>
  <link:roleRef roleURI="http://xbrl.dcca.dk/role/250.00/ManagementsReviewUvmReg" xlink:type="simple" xlink:href="../mrv/mrv.xsd#mrv_RoleManagementsReviewUvmReg"/>
  <link:presentationLink xlink:type="extended" xlink:role="http://xbrl.dcca.dk/role/450.00/BalanceSheetUvmReg">
    <link:loc xlink:type="locator" xlink:href="../cmn.xsd#cmn_CommonHypercube" xlink:label="CommonHypercube"/>
    <link:loc xlink:type="locator" xlink:href="../cmn.xsd#cmn_ConsolidatedSoloDimension" xlink:label="ConsolidatedSoloDimension"/>
    <link:presentationArc xlink:type="arc" xlink:arcrole="http://www.xbrl.org/2003/arcrole/parent-child" xlink:from="CommonHypercube" xlink:to="ConsolidatedSoloDimension" xlink:title="presentation: CommonHypercube to ConsolidatedSoloDimension" order="1.0"/>
    <link:loc xlink:type="locator" xlink:href="../cmn.xsd#cmn_ConsolidatedMember" xlink:label="ConsolidatedMember"/>
    <link:presentationArc xlink:type="arc" xlink:arcrole="http://www.xbrl.org/2003/arcrole/parent-child" xlink:from="ConsolidatedSoloDimension" xlink:to="ConsolidatedMember" xlink:title="presentation: ConsolidatedSoloDimension to ConsolidatedMember" order="1.0"/>
    <link:loc xlink:type="locator" xlink:href="../cmn.xsd#cmn_SoloMember" xlink:label="SoloMember"/>
    <link:presentationArc xlink:type="arc" xlink:arcrole="http://www.xbrl.org/2003/arcrole/parent-child" xlink:from="ConsolidatedSoloDimension" xlink:to="SoloMember" xlink:title="presentation: ConsolidatedSoloDimension to SoloMember" order="2.0"/>
    <link:loc xlink:type="locator" xlink:href="fsa.xsd#fsa_BalanceSheetUvmRegAbstract" xlink:label="BalanceSheetUvmRegAbstract" xlink:title="BalanceSheetUvmRegAbstract"/>
    <link:loc xlink:type="locator" xlink:href="fsa.xsd#fsa_Assets" xlink:label="Assets" xlink:title="Assets"/>
    <link:presentationArc xlink:type="arc" xlink:arcrole="http://www.xbrl.org/2003/arcrole/parent-child" xlink:from="BalanceSheetUvmRegAbstract" xlink:to="Assets" xlink:title="presentation: BalanceSheetUvmRegAbstract to Assets" order="1.0"/>
    <link:loc xlink:type="locator" xlink:href="fsa.xsd#fsa_NoncurrentAssets" xlink:label="NoncurrentAssets" xlink:title="NoncurrentAssets"/>
    <link:presentationArc xlink:type="arc" xlink:arcrole="http://www.xbrl.org/2003/arcrole/parent-child" xlink:from="Assets" xlink:to="NoncurrentAssets" xlink:title="presentation: Assets to NoncurrentAssets" order="1.0" preferredLabel="http://www.xbrl.org/2003/role/totalLabel"/>
    <link:loc xlink:type="locator" xlink:href="fsa.xsd#fsa_IntangibleAssetsAndPropertyPlanAndEquipment" xlink:label="IntangibleAssetsAndPropertyPlanAndEquipment" xlink:title="IntangibleAssetsAndPropertyPlanAndEquipment"/>
    <link:presentationArc xlink:type="arc" xlink:arcrole="http://www.xbrl.org/2003/arcrole/parent-child" xlink:from="NoncurrentAssets" xlink:to="IntangibleAssetsAndPropertyPlanAndEquipment" xlink:title="presentation: NoncurrentAssets to IntangibleAssetsAndPropertyPlanAndEquipment" order="1.0" preferredLabel="http://www.xbrl.org/2003/role/totalLabel"/>
    <link:loc xlink:type="locator" xlink:href="fsa.xsd#fsa_IntangibleAssets" xlink:label="IntangibleAssets" xlink:title="IntangibleAssets"/>
    <link:presentationArc xlink:type="arc" xlink:arcrole="http://www.xbrl.org/2003/arcrole/parent-child" xlink:from="IntangibleAssetsAndPropertyPlanAndEquipment" xlink:to="IntangibleAssets" xlink:title="presentation: IntangibleAssetsAndPropertyPlanAndEquipment to IntangibleAssets" order="1.0"/>
    <link:loc xlink:type="locator" xlink:href="fsa.xsd#fsa_LandAndBuildings" xlink:label="LandAndBuildings" xlink:title="LandAndBuildings"/>
    <link:presentationArc xlink:type="arc" xlink:arcrole="http://www.xbrl.org/2003/arcrole/parent-child" xlink:from="IntangibleAssetsAndPropertyPlanAndEquipment" xlink:to="LandAndBuildings" xlink:title="presentation: IntangibleAssetsAndPropertyPlanAndEquipment to LandAndBuildings" order="2.0"/>
    <link:loc xlink:type="locator" xlink:href="fsa.xsd#fsa_PropertyPlantAndEquipmentInProgress" xlink:label="PropertyPlantAndEquipmentInProgress" xlink:title="PropertyPlantAndEquipmentInProgress"/>
    <link:presentationArc xlink:type="arc" xlink:arcrole="http://www.xbrl.org/2003/arcrole/parent-child" xlink:from="IntangibleAssetsAndPropertyPlanAndEquipment" xlink:to="PropertyPlantAndEquipmentInProgress" xlink:title="presentation: IntangibleAssetsAndPropertyPlanAndEquipment to PropertyPlantAndEquipmentInProgress" order="3.0" preferredLabel="http://uvm.dk/"/>
    <link:loc xlink:type="locator" xlink:href="fsa.xsd#fsa_LeaseholdImprovements" xlink:label="LeaseholdImprovements" xlink:title="LeaseholdImprovements"/>
    <link:presentationArc xlink:type="arc" xlink:arcrole="http://www.xbrl.org/2003/arcrole/parent-child" xlink:from="IntangibleAssetsAndPropertyPlanAndEquipment" xlink:to="LeaseholdImprovements" xlink:title="presentation: IntangibleAssetsAndPropertyPlanAndEquipment to LeaseholdImprovements" order="4.0"/>
    <link:loc xlink:type="locator" xlink:href="fsa.xsd#fsa_Equipment" xlink:label="Equipment" xlink:title="Equipment"/>
    <link:presentationArc xlink:type="arc" xlink:arcrole="http://www.xbrl.org/2003/arcrole/parent-child" xlink:from="IntangibleAssetsAndPropertyPlanAndEquipment" xlink:to="Equipment" xlink:title="presentation: IntangibleAssetsAndPropertyPlanAndEquipment to Equipment" order="6.0"/>
    <link:loc xlink:type="locator" xlink:href="fsa.xsd#fsa_Inventory" xlink:label="Inventory" xlink:title="Inventory"/>
    <link:presentationArc xlink:type="arc" xlink:arcrole="http://www.xbrl.org/2003/arcrole/parent-child" xlink:from="IntangibleAssetsAndPropertyPlanAndEquipment" xlink:to="Inventory" xlink:title="presentation: IntangibleAssetsAndPropertyPlanAndEquipment to Inventory" order="7.0"/>
    <link:loc xlink:type="locator" xlink:href="fsa.xsd#fsa_LongtermInvestmentsAndReceivables" xlink:label="LongtermInvestmentsAndReceivables" xlink:title="LongtermInvestmentsAndReceivables"/>
    <link:presentationArc xlink:type="arc" xlink:arcrole="http://www.xbrl.org/2003/arcrole/parent-child" xlink:from="NoncurrentAssets" xlink:to="LongtermInvestmentsAndReceivables" xlink:title="presentation: NoncurrentAssets to LongtermInvestmentsAndReceivables" order="2.0" preferredLabel="http://www.xbrl.org/2003/role/totalLabel"/>
    <link:loc xlink:type="locator" xlink:href="fsa.xsd#fsa_DepositsLongtermInvestmentsAndReceivables" xlink:label="DepositsLongtermInvestmentsAndReceivables" xlink:title="DepositsLongtermInvestmentsAndReceivables"/>
    <link:presentationArc xlink:type="arc" xlink:arcrole="http://www.xbrl.org/2003/arcrole/parent-child" xlink:from="LongtermInvestmentsAndReceivables" xlink:to="DepositsLongtermInvestmentsAndReceivables" xlink:title="presentation: LongtermInvestmentsAndReceivables to DepositsLongtermInvestmentsAndReceivables" order="1.0"/>
    <link:loc xlink:type="locator" xlink:href="fsa.xsd#fsa_FinancialInstrumentsAssets" xlink:label="FinancialInstrumentsAssets" xlink:title="FinancialInstrumentsAssets"/>
    <link:presentationArc xlink:type="arc" xlink:arcrole="http://www.xbrl.org/2003/arcrole/parent-child" xlink:from="LongtermInvestmentsAndReceivables" xlink:to="FinancialInstrumentsAssets" xlink:title="presentation: LongtermInvestmentsAndReceivables to FinancialInstrumentsAssets" order="4.0"/>
    <link:loc xlink:type="locator" xlink:href="fsa.xsd#fsa_CurrentAssets" xlink:label="CurrentAssets" xlink:title="CurrentAssets"/>
    <link:presentationArc xlink:type="arc" xlink:arcrole="http://www.xbrl.org/2003/arcrole/parent-child" xlink:from="Assets" xlink:to="CurrentAssets" xlink:title="presentation: Assets to CurrentAssets" order="2.0" preferredLabel="http://www.xbrl.org/2003/role/totalLabel"/>
    <link:loc xlink:type="locator" xlink:href="fsa.xsd#fsa_Inventories" xlink:label="Inventories" xlink:title="Inventories"/>
    <link:presentationArc xlink:type="arc" xlink:arcrole="http://www.xbrl.org/2003/arcrole/parent-child" xlink:from="CurrentAssets" xlink:to="Inventories" xlink:title="presentation: CurrentAssets to Inventories" order="1.0"/>
    <link:loc xlink:type="locator" xlink:href="fsa.xsd#fsa_ShorttermReceivables" xlink:label="ShorttermReceivables" xlink:title="ShorttermReceivables"/>
    <link:presentationArc xlink:type="arc" xlink:arcrole="http://www.xbrl.org/2003/arcrole/parent-child" xlink:from="CurrentAssets" xlink:to="ShorttermReceivables" xlink:title="presentation: CurrentAssets to ShorttermReceivables" order="2.0" preferredLabel="http://www.xbrl.org/2003/role/totalLabel"/>
    <link:loc xlink:type="locator" xlink:href="fsa.xsd#fsa_ShorttermTradeReceivables" xlink:label="ShorttermTradeReceivables" xlink:title="ShorttermTradeReceivables"/>
    <link:presentationArc xlink:type="arc" xlink:arcrole="http://www.xbrl.org/2003/arcrole/parent-child" xlink:from="ShorttermReceivables" xlink:to="ShorttermTradeReceivables" xlink:title="presentation: ShorttermReceivables to ShorttermTradeReceivables" order="1.0"/>
    <link:loc xlink:type="locator" xlink:href="fsa.xsd#fsa_ReceivablesFromMinistry" xlink:label="ReceivablesFromMinistry" xlink:title="ReceivablesFromMinistry"/>
    <link:presentationArc xlink:type="arc" xlink:arcrole="http://www.xbrl.org/2003/arcrole/parent-child" xlink:from="ShorttermReceivables" xlink:to="ReceivablesFromMinistry" xlink:title="presentation: ShorttermReceivables to ReceivablesFromMinistry" order="2.0"/>
    <link:loc xlink:type="locator" xlink:href="fsa.xsd#fsa_OtherShorttermReceivables" xlink:label="OtherShorttermReceivables" xlink:title="OtherShorttermReceivables"/>
    <link:presentationArc xlink:type="arc" xlink:arcrole="http://www.xbrl.org/2003/arcrole/parent-child" xlink:from="ShorttermReceivables" xlink:to="OtherShorttermReceivables" xlink:title="presentation: ShorttermReceivables to OtherShorttermReceivables" order="3.0"/>
    <link:loc xlink:type="locator" xlink:href="fsa.xsd#fsa_DeferredIncomeAssets" xlink:label="DeferredIncomeAssets" xlink:title="DeferredIncomeAssets"/>
    <link:presentationArc xlink:type="arc" xlink:arcrole="http://www.xbrl.org/2003/arcrole/parent-child" xlink:from="ShorttermReceivables" xlink:to="DeferredIncomeAssets" xlink:title="presentation: ShorttermReceivables to DeferredIncomeAssets" order="4.0"/>
    <link:loc xlink:type="locator" xlink:href="fsa.xsd#fsa_ShorttermInvestments" xlink:label="ShorttermInvestments" xlink:title="ShorttermInvestments"/>
    <link:presentationArc xlink:type="arc" xlink:arcrole="http://www.xbrl.org/2003/arcrole/parent-child" xlink:from="CurrentAssets" xlink:to="ShorttermInvestments" xlink:title="presentation: CurrentAssets to ShorttermInvestments" order="3.0" preferredLabel="http://uvm.dk/"/>
    <link:loc xlink:type="locator" xlink:href="fsa.xsd#fsa_CashAndCashEquivalents" xlink:label="CashAndCashEquivalents" xlink:title="CashAndCashEquivalents"/>
    <link:presentationArc xlink:type="arc" xlink:arcrole="http://www.xbrl.org/2003/arcrole/parent-child" xlink:from="CurrentAssets" xlink:to="CashAndCashEquivalents" xlink:title="presentation: CurrentAssets to CashAndCashEquivalents" order="4.0"/>
    <link:loc xlink:type="locator" xlink:href="fsa.xsd#fsa_LongtermLiabilitiesOtherThanProvisions" xlink:label="LongtermLiabilitiesOtherThanProvisions" xlink:title="LongtermLiabilitiesOtherThanProvisions"/>
    <link:loc xlink:type="locator" xlink:href="fsa.xsd#fsa_GovernmentLoan" xlink:label="GovernmentLoan" xlink:title="GovernmentLoan"/>
    <link:presentationArc xlink:type="arc" xlink:arcrole="http://www.xbrl.org/2003/arcrole/parent-child" xlink:from="LongtermLiabilitiesOtherThanProvisions" xlink:to="GovernmentLoan" xlink:title="presentation: LongtermLiabilitiesOtherThanProvisions to GovernmentLoan" order="1.0"/>
    <link:loc xlink:type="locator" xlink:href="fsa.xsd#fsa_MunicipalDebt" xlink:label="MunicipalDebt" xlink:title="MunicipalDebt"/>
    <link:presentationArc xlink:type="arc" xlink:arcrole="http://www.xbrl.org/2003/arcrole/parent-child" xlink:from="LongtermLiabilitiesOtherThanProvisions" xlink:to="MunicipalDebt" xlink:title="presentation: LongtermLiabilitiesOtherThanProvisions to MunicipalDebt" order="2.0"/>
    <link:loc xlink:type="locator" xlink:href="fsa.xsd#fsa_LongtermMortgageDebt" xlink:label="LongtermMortgageDebt" xlink:title="LongtermMortgageDebt"/>
    <link:presentationArc xlink:type="arc" xlink:arcrole="http://www.xbrl.org/2003/arcrole/parent-child" xlink:from="LongtermLiabilitiesOtherThanProvisions" xlink:to="LongtermMortgageDebt" xlink:title="presentation: LongtermLiabilitiesOtherThanProvisions to LongtermMortgageDebt" order="3.0" preferredLabel="http://uvm.dk/"/>
    <link:loc xlink:type="locator" xlink:href="fsa.xsd#fsa_FinancialInstrumentsProvisions" xlink:label="FinancialInstrumentsProvisions" xlink:title="FinancialInstrumentsProvisions"/>
    <link:presentationArc xlink:type="arc" xlink:arcrole="http://www.xbrl.org/2003/arcrole/parent-child" xlink:from="LongtermLiabilitiesOtherThanProvisions" xlink:to="FinancialInstrumentsProvisions" xlink:title="presentation: LongtermLiabilitiesOtherThanProvisions to FinancialInstrumentsProvisions" order="4.0"/>
    <link:loc xlink:type="locator" xlink:href="fsa.xsd#fsa_LongtermLeaseDebt" xlink:label="LongtermLeaseDebt" xlink:title="LongtermLeaseDebt"/>
    <link:presentationArc xlink:type="arc" xlink:arcrole="http://www.xbrl.org/2003/arcrole/parent-child" xlink:from="LongtermLiabilitiesOtherThanProvisions" xlink:to="LongtermLeaseDebt" xlink:title="presentation: LongtermLiabilitiesOtherThanProvisions to LongtermLeaseDebt" order="5.0"/>
    <link:loc xlink:type="locator" xlink:href="fsa.xsd#fsa_OtherLongtermPayables" xlink:label="OtherLongtermPayables" xlink:title="OtherLongtermPayables"/>
    <link:presentationArc xlink:type="arc" xlink:arcrole="http://www.xbrl.org/2003/arcrole/parent-child" xlink:from="LongtermLiabilitiesOtherThanProvisions" xlink:to="OtherLongtermPayables" xlink:title="presentation: LongtermLiabilitiesOtherThanProvisions to OtherLongtermPayables" order="6.0"/>
    <link:loc xlink:type="locator" xlink:href="fsa.xsd#fsa_StartupSubsidy" xlink:label="StartupSubsidy" xlink:title="StartupSubsidy"/>
    <link:presentationArc xlink:type="arc" xlink:arcrole="http://www.xbrl.org/2003/arcrole/parent-child" xlink:from="LongtermLiabilitiesOtherThanProvisions" xlink:to="StartupSubsidy" xlink:title="presentation: LongtermLiabilitiesOtherThanProvisions to StartupSubsidy" order="7.0"/>
    <link:loc xlink:type="locator" xlink:href="fsa.xsd#fsa_AccrualConstructionSubsidy" xlink:label="AccrualConstructionSubsidy" xlink:title="AccrualConstructionSubsidy"/>
    <link:presentationArc xlink:type="arc" xlink:arcrole="http://www.xbrl.org/2003/arcrole/parent-child" xlink:from="LongtermLiabilitiesOtherThanProvisions" xlink:to="AccrualConstructionSubsidy" xlink:title="presentation: LongtermLiabilitiesOtherThanProvisions to AccrualConstructionSubsidy" order="8.0"/>
    <link:loc xlink:type="locator" xlink:href="fsa.xsd#fsa_RetainedHolidayAllowance" xlink:label="RetainedHolidayAllowance" xlink:title="RetainedHolidayAllowance"/>
    <link:presentationArc xlink:type="arc" xlink:arcrole="http://www.xbrl.org/2003/arcrole/parent-child" xlink:from="LongtermLiabilitiesOtherThanProvisions" xlink:to="RetainedHolidayAllowance" xlink:title="presentation: LongtermLiabilitiesOtherThanProvisions to RetainedHolidayAllowance" order="9.0"/>
    <link:loc xlink:type="locator" xlink:href="fsa.xsd#fsa_ShorttermLiabilitiesOtherThanProvisions" xlink:label="ShorttermLiabilitiesOtherThanProvisions" xlink:title="ShorttermLiabilitiesOtherThanProvisions"/>
    <link:loc xlink:type="locator" xlink:href="fsa.xsd#fsa_ShorttermPartOfLongtermLiabilitiesOtherThanProvisions" xlink:label="ShorttermPartOfLongtermLiabilitiesOtherThanProvisions" xlink:title="ShorttermPartOfLongtermLiabilitiesOtherThanProvisions"/>
    <link:presentationArc xlink:type="arc" xlink:arcrole="http://www.xbrl.org/2003/arcrole/parent-child" xlink:from="ShorttermLiabilitiesOtherThanProvisions" xlink:to="ShorttermPartOfLongtermLiabilitiesOtherThanProvisions" xlink:title="presentation: ShorttermLiabilitiesOtherThanProvisions to ShorttermPartOfLongtermLiabilitiesOtherThanProvisions" order="10.0" preferredLabel="http://uvm.dk/"/>
    <link:loc xlink:type="locator" xlink:href="fsa.xsd#fsa_ShorttermDebtToBanks" xlink:label="ShorttermDebtToBanks" xlink:title="ShorttermDebtToBanks"/>
    <link:presentationArc xlink:type="arc" xlink:arcrole="http://www.xbrl.org/2003/arcrole/parent-child" xlink:from="ShorttermLiabilitiesOtherThanProvisions" xlink:to="ShorttermDebtToBanks" xlink:title="presentation: ShorttermLiabilitiesOtherThanProvisions to ShorttermDebtToBanks" order="20.0" preferredLabel="http://uvm.dk/"/>
    <link:loc xlink:type="locator" xlink:href="fsa.xsd#fsa_WagesAndSalariesPersonalIncomeTaxSocialSecurityCostsAndSimilarPayables" xlink:label="WagesAndSalariesPersonalIncomeTaxSocialSecurityCostsAndSimilarPayables" xlink:title="WagesAndSalariesPersonalIncomeTaxSocialSecurityCostsAndSimilarPayables"/>
    <link:presentationArc xlink:type="arc" xlink:arcrole="http://www.xbrl.org/2003/arcrole/parent-child" xlink:from="ShorttermLiabilitiesOtherThanProvisions" xlink:to="WagesAndSalariesPersonalIncomeTaxSocialSecurityCostsAndSimilarPayables" xlink:title="presentation: ShorttermLiabilitiesOtherThanProvisions to WagesAndSalariesPersonalIncomeTaxSocialSecurityCostsAndSimilarPayables" order="40.0" preferredLabel="http://uvm.dk/"/>
    <link:loc xlink:type="locator" xlink:href="fsa.xsd#fsa_HolidayAllowance" xlink:label="HolidayAllowance" xlink:title="HolidayAllowance"/>
    <link:presentationArc xlink:type="arc" xlink:arcrole="http://www.xbrl.org/2003/arcrole/parent-child" xlink:from="ShorttermLiabilitiesOtherThanProvisions" xlink:to="HolidayAllowance" xlink:title="presentation: ShorttermLiabilitiesOtherThanProvisions to HolidayAllowance" order="50.0" preferredLabel="http://uvm.dk/"/>
    <link:loc xlink:type="locator" xlink:href="fsa.xsd#fsa_LiabilitiesMinistry" xlink:label="LiabilitiesMinistry" xlink:title="LiabilitiesMinistry"/>
    <link:presentationArc xlink:type="arc" xlink:arcrole="http://www.xbrl.org/2003/arcrole/parent-child" xlink:from="ShorttermLiabilitiesOtherThanProvisions" xlink:to="LiabilitiesMinistry" xlink:title="presentation: ShorttermLiabilitiesOtherThanProvisions to LiabilitiesMinistry" order="70.0"/>
    <link:loc xlink:type="locator" xlink:href="fsa.xsd#fsa_ShorttermTradePayables" xlink:label="ShorttermTradePayables" xlink:title="ShorttermTradePayables"/>
    <link:presentationArc xlink:type="arc" xlink:arcrole="http://www.xbrl.org/2003/arcrole/parent-child" xlink:from="ShorttermLiabilitiesOtherThanProvisions" xlink:to="ShorttermTradePayables" xlink:title="presentation: ShorttermLiabilitiesOtherThanProvisions to ShorttermTradePayables" order="80.0"/>
    <link:loc xlink:type="locator" xlink:href="fsa.xsd#fsa_OtherShorttermPayables" xlink:label="OtherShorttermPayables" xlink:title="OtherShorttermPayables"/>
    <link:presentationArc xlink:type="arc" xlink:arcrole="http://www.xbrl.org/2003/arcrole/parent-child" xlink:from="ShorttermLiabilitiesOtherThanProvisions" xlink:to="OtherShorttermPayables" xlink:title="presentation: ShorttermLiabilitiesOtherThanProvisions to OtherShorttermPayables" order="90.0"/>
    <link:loc xlink:type="locator" xlink:href="fsa.xsd#fsa_ShorttermDeferredIncome" xlink:label="ShorttermDeferredIncome" xlink:title="ShorttermDeferredIncome"/>
    <link:presentationArc xlink:type="arc" xlink:arcrole="http://www.xbrl.org/2003/arcrole/parent-child" xlink:from="ShorttermLiabilitiesOtherThanProvisions" xlink:to="ShorttermDeferredIncome" xlink:title="presentation: ShorttermLiabilitiesOtherThanProvisions to ShorttermDeferredIncome" order="100.0" preferredLabel="http://uvm.dk/"/>
    <link:loc xlink:type="locator" xlink:href="fsa.xsd#fsa_RetainedHolidayAllowanceShortTerm" xlink:label="RetainedHolidayAllowanceShortTerm" xlink:title="RetainedHolidayAllowanceShortTerm"/>
    <link:presentationArc xlink:type="arc" xlink:arcrole="http://www.xbrl.org/2003/arcrole/parent-child" xlink:from="ShorttermLiabilitiesOtherThanProvisions" xlink:to="RetainedHolidayAllowanceShortTerm" xlink:title="presentation: ShorttermLiabilitiesOtherThanProvisions to RetainedHolidayAllowanceShortTerm" order="60.0"/>
    <link:loc xlink:type="locator" xlink:href="fsa.xsd#fsa_Equity" xlink:label="Equity" xlink:title="Equity"/>
    <link:loc xlink:type="locator" xlink:href="fsa.xsd#fsa_RevaluationEquity" xlink:label="RevaluationEquity" xlink:title="RevaluationEquity"/>
    <link:presentationArc xlink:type="arc" xlink:arcrole="http://www.xbrl.org/2003/arcrole/parent-child" xlink:from="Equity" xlink:to="RevaluationEquity" xlink:title="presentation: Equity to RevaluationEquity" order="2.0"/>
    <link:loc xlink:type="locator" xlink:href="fsa.xsd#fsa_EquityOther" xlink:label="EquityOther" xlink:title="EquityOther"/>
    <link:presentationArc xlink:type="arc" xlink:arcrole="http://www.xbrl.org/2003/arcrole/parent-child" xlink:from="Equity" xlink:to="EquityOther" xlink:title="presentation: Equity to EquityOther" order="3.0"/>
    <link:loc xlink:type="locator" xlink:href="fsa.xsd#fsa_LiabilitiesAndEquity" xlink:label="LiabilitiesAndEquity" xlink:title="LiabilitiesAndEquity"/>
    <link:presentationArc xlink:type="arc" xlink:arcrole="http://www.xbrl.org/2003/arcrole/parent-child" xlink:from="BalanceSheetUvmRegAbstract" xlink:to="LiabilitiesAndEquity" xlink:title="presentation: BalanceSheetUvmRegAbstract to LiabilitiesAndEquity" order="2.0"/>
    <link:presentationArc xlink:type="arc" xlink:arcrole="http://www.xbrl.org/2003/arcrole/parent-child" xlink:from="LiabilitiesAndEquity" xlink:to="Equity" xlink:title="presentation: LiabilitiesAndEquity to Equity" order="1.0" preferredLabel="http://www.xbrl.org/2003/role/totalLabel"/>
    <link:loc xlink:type="locator" xlink:href="fsa.xsd#fsa_Provisions" xlink:label="Provisions" xlink:title="Provisions"/>
    <link:presentationArc xlink:type="arc" xlink:arcrole="http://www.xbrl.org/2003/arcrole/parent-child" xlink:from="LiabilitiesAndEquity" xlink:to="Provisions" xlink:title="presentation: LiabilitiesAndEquity to Provisions" order="2.0"/>
    <link:loc xlink:type="locator" xlink:href="fsa.xsd#fsa_LiabilitiesOtherThanProvisions" xlink:label="LiabilitiesOtherThanProvisions" xlink:title="LiabilitiesOtherThanProvisions"/>
    <link:presentationArc xlink:type="arc" xlink:arcrole="http://www.xbrl.org/2003/arcrole/parent-child" xlink:from="LiabilitiesAndEquity" xlink:to="LiabilitiesOtherThanProvisions" xlink:title="presentation: LiabilitiesAndEquity to LiabilitiesOtherThanProvisions" order="3.0" preferredLabel="http://www.xbrl.org/2003/role/totalLabel"/>
    <link:presentationArc xlink:type="arc" xlink:arcrole="http://www.xbrl.org/2003/arcrole/parent-child" xlink:from="LiabilitiesOtherThanProvisions" xlink:to="LongtermLiabilitiesOtherThanProvisions" xlink:title="presentation: LiabilitiesOtherThanProvisions to LongtermLiabilitiesOtherThanProvisions" order="1.0" preferredLabel="http://www.xbrl.org/2003/role/totalLabel"/>
    <link:presentationArc xlink:type="arc" xlink:arcrole="http://www.xbrl.org/2003/arcrole/parent-child" xlink:from="LiabilitiesOtherThanProvisions" xlink:to="ShorttermLiabilitiesOtherThanProvisions" xlink:title="presentation: LiabilitiesOtherThanProvisions to ShorttermLiabilitiesOtherThanProvisions" order="2.0" preferredLabel="http://www.xbrl.org/2003/role/totalLabel"/>
    <link:loc xlink:type="locator" xlink:href="fsa.xsd#fsa_MortgagesAndCollaterals" xlink:label="MortgagesAndCollaterals" xlink:title="MortgagesAndCollaterals"/>
    <link:presentationArc xlink:type="arc" xlink:arcrole="http://www.xbrl.org/2003/arcrole/parent-child" xlink:from="BalanceSheetUvmRegAbstract" xlink:to="MortgagesAndCollaterals" xlink:title="presentation: BalanceSheetUvmRegAbstract to MortgagesAndCollaterals" order="3.0"/>
    <link:loc xlink:type="locator" xlink:href="fsa.xsd#fsa_OtherLiabilities" xlink:label="OtherLiabilities" xlink:title="OtherLiabilities"/>
    <link:presentationArc xlink:type="arc" xlink:arcrole="http://www.xbrl.org/2003/arcrole/parent-child" xlink:from="BalanceSheetUvmRegAbstract" xlink:to="OtherLiabilities" xlink:title="presentation: BalanceSheetUvmRegAbstract to OtherLiabilities" order="4.0"/>
    <link:loc xlink:type="locator" xlink:href="fsa.xsd#fsa_DisclosureOfUncertaintiesRelatingToGoingConcern" xlink:label="DisclosureOfUncertaintiesRelatingToGoingConcern" xlink:title="DisclosureOfUncertaintiesRelatingToGoingConcern"/>
    <link:presentationArc xlink:type="arc" xlink:arcrole="http://www.xbrl.org/2003/arcrole/parent-child" xlink:from="BalanceSheetUvmRegAbstract" xlink:to="DisclosureOfUncertaintiesRelatingToGoingConcern" xlink:title="presentation: BalanceSheetUvmRegAbstract to DisclosureOfUncertaintiesRelatingToGoingConcern" order="5.0" preferredLabel="http://uvm.dk/"/>
    <link:loc xlink:type="locator" xlink:href="../mrv/mrv.xsd#mrv_DescriptionOfAnyUncertaintyConnectedWithRecognitionOrMeasurement" xlink:label="DescriptionOfAnyUncertaintyConnectedWithRecognitionOrMeasurement" xlink:title="DescriptionOfAnyUncertaintyConnectedWithRecognitionOrMeasurement"/>
    <link:presentationArc xlink:type="arc" xlink:arcrole="http://www.xbrl.org/2003/arcrole/parent-child" xlink:from="BalanceSheetUvmRegAbstract" xlink:to="DescriptionOfAnyUncertaintyConnectedWithRecognitionOrMeasurement" xlink:title="presentation: BalanceSheetUvmRegAbstract to DescriptionOfAnyUncertaintyConnectedWithRecognitionOrMeasurement" order="6.0" preferredLabel="http://xbrl.dcca.dk/role/250.00/ManagementsReviewUvmReg"/>
    <link:loc xlink:type="locator" xlink:href="fsa.xsd#fsa_DisclosureOfAnyUnusualMatters" xlink:label="DisclosureOfAnyUnusualMatters" xlink:title="DisclosureOfAnyUnusualMatters"/>
    <link:presentationArc xlink:type="arc" xlink:arcrole="http://www.xbrl.org/2003/arcrole/parent-child" xlink:from="BalanceSheetUvmRegAbstract" xlink:to="DisclosureOfAnyUnusualMatters" xlink:title="presentation: BalanceSheetUvmRegAbstract to DisclosureOfAnyUnusualMatters" order="7.0" preferredLabel="http://uvm.dk/"/>
    <link:loc xlink:type="locator" xlink:href="fsa.xsd#fsa_DisclosureOfSignificantEventsOccurringAfterEndOfReportingPeriod" xlink:label="DisclosureOfSignificantEventsOccurringAfterEndOfReportingPeriod" xlink:title="DisclosureOfSignificantEventsOccurringAfterEndOfReportingPeriod"/>
    <link:presentationArc xlink:type="arc" xlink:arcrole="http://www.xbrl.org/2003/arcrole/parent-child" xlink:from="BalanceSheetUvmRegAbstract" xlink:to="DisclosureOfSignificantEventsOccurringAfterEndOfReportingPeriod" xlink:title="presentation: BalanceSheetUvmRegAbstract to DisclosureOfSignificantEventsOccurringAfterEndOfReportingPeriod" order="8.0" preferredLabel="http://uvm.dk/"/>
    <link:presentationArc xlink:type="arc" xlink:arcrole="http://www.xbrl.org/2003/arcrole/parent-child" xlink:from="BalanceSheetUvmRegAbstract" xlink:to="CommonHypercube" xlink:title="presentation: BalanceSheetUvmRegAbstract to CommonHypercube" order="9.0"/>
  </link:presentationLink>
  <link:presentationLink xlink:type="extended" xlink:role="http://xbrl.dcca.dk/role/450.00/BalanceSheetUvmRegDisclosures">
    <link:loc xlink:type="locator" xlink:href="../cmn.xsd#cmn_CommonHypercube" xlink:label="CommonHypercube"/>
    <link:loc xlink:type="locator" xlink:href="../cmn.xsd#cmn_ConsolidatedSoloDimension" xlink:label="ConsolidatedSoloDimension"/>
    <link:presentationArc xlink:type="arc" xlink:arcrole="http://www.xbrl.org/2003/arcrole/parent-child" xlink:from="CommonHypercube" xlink:to="ConsolidatedSoloDimension" xlink:title="presentation: CommonHypercube to ConsolidatedSoloDimension" order="1.0"/>
    <link:loc xlink:type="locator" xlink:href="../cmn.xsd#cmn_ConsolidatedMember" xlink:label="ConsolidatedMember"/>
    <link:presentationArc xlink:type="arc" xlink:arcrole="http://www.xbrl.org/2003/arcrole/parent-child" xlink:from="ConsolidatedSoloDimension" xlink:to="ConsolidatedMember" xlink:title="presentation: ConsolidatedSoloDimension to ConsolidatedMember" order="1.0"/>
    <link:loc xlink:type="locator" xlink:href="../cmn.xsd#cmn_SoloMember" xlink:label="SoloMember"/>
    <link:presentationArc xlink:type="arc" xlink:arcrole="http://www.xbrl.org/2003/arcrole/parent-child" xlink:from="ConsolidatedSoloDimension" xlink:to="SoloMember" xlink:title="presentation: ConsolidatedSoloDimension to SoloMember" order="2.0"/>
    <link:loc xlink:type="locator" xlink:href="fsa.xsd#fsa_ShorttermInvestments" xlink:label="ShorttermInvestments" xlink:title="ShorttermInvestments"/>
    <link:loc xlink:type="locator" xlink:href="fsa.xsd#fsa_SharesAndOtherOwnershipCertificatesInBanks" xlink:label="SharesAndOtherOwnershipCertificatesInBanks" xlink:title="SharesAndOtherOwnershipCertificatesInBanks"/>
    <link:presentationArc xlink:type="arc" xlink:arcrole="http://www.xbrl.org/2003/arcrole/parent-child" xlink:from="ShorttermInvestments" xlink:to="SharesAndOtherOwnershipCertificatesInBanks" xlink:title="presentation: ShorttermInvestments to SharesAndOtherOwnershipCertificatesInBanks" order="1.0"/>
    <link:loc xlink:type="locator" xlink:href="fsa.xsd#fsa_OwnershipCertificatesInUtilityEntities" xlink:label="OwnershipCertificatesInUtilityEntities" xlink:title="OwnershipCertificatesInUtilityEntities"/>
    <link:presentationArc xlink:type="arc" xlink:arcrole="http://www.xbrl.org/2003/arcrole/parent-child" xlink:from="ShorttermInvestments" xlink:to="OwnershipCertificatesInUtilityEntities" xlink:title="presentation: ShorttermInvestments to OwnershipCertificatesInUtilityEntities" order="2.0"/>
    <link:loc xlink:type="locator" xlink:href="fsa.xsd#fsa_Bonds" xlink:label="Bonds" xlink:title="Bonds"/>
    <link:presentationArc xlink:type="arc" xlink:arcrole="http://www.xbrl.org/2003/arcrole/parent-child" xlink:from="ShorttermInvestments" xlink:to="Bonds" xlink:title="presentation: ShorttermInvestments to Bonds" order="3.0"/>
    <link:loc xlink:type="locator" xlink:href="fsa.xsd#fsa_IntangibleAssetsAndPropertyPlanAndEquipment" xlink:label="IntangibleAssetsAndPropertyPlanAndEquipment" xlink:title="IntangibleAssetsAndPropertyPlanAndEquipment"/>
    <link:loc xlink:type="locator" xlink:href="fsa.xsd#fsa_AccountingValueOnInvestmentsWhichAreRecognisedAtAHigherValueThanFairValue" xlink:label="AccountingValueOnInvestmentsWhichAreRecognisedAtAHigherValueThanFairValue" xlink:title="AccountingValueOnInvestmentsWhichAreRecognisedAtAHigherValueThanFairValue"/>
    <link:presentationArc xlink:type="arc" xlink:arcrole="http://www.xbrl.org/2003/arcrole/parent-child" xlink:from="IntangibleAssetsAndPropertyPlanAndEquipment" xlink:to="AccountingValueOnInvestmentsWhichAreRecognisedAtAHigherValueThanFairValue" xlink:title="presentation: IntangibleAssetsAndPropertyPlanAndEquipment to AccountingValueOnInvestmentsWhichAreRecognisedAtAHigherValueThanFairValue" order="1.0" preferredLabel="http://uvm.dk/"/>
    <link:loc xlink:type="locator" xlink:href="fsa.xsd#fsa_GovernmentLoan" xlink:label="GovernmentLoan" xlink:title="GovernmentLoan"/>
    <link:loc xlink:type="locator" xlink:href="fsa.xsd#fsa_GovernmentLoanWithoutInterestAndRepayment" xlink:label="GovernmentLoanWithoutInterestAndRepayment" xlink:title="GovernmentLoanWithoutInterestAndRepayment"/>
    <link:presentationArc xlink:type="arc" xlink:arcrole="http://www.xbrl.org/2003/arcrole/parent-child" xlink:from="GovernmentLoan" xlink:to="GovernmentLoanWithoutInterestAndRepayment" xlink:title="presentation: GovernmentLoan to GovernmentLoanWithoutInterestAndRepayment" order="1.0"/>
    <link:loc xlink:type="locator" xlink:href="fsa.xsd#fsa_OtherGovernmentLoan" xlink:label="OtherGovernmentLoan" xlink:title="OtherGovernmentLoan"/>
    <link:presentationArc xlink:type="arc" xlink:arcrole="http://www.xbrl.org/2003/arcrole/parent-child" xlink:from="GovernmentLoan" xlink:to="OtherGovernmentLoan" xlink:title="presentation: GovernmentLoan to OtherGovernmentLoan" order="2.0"/>
    <link:loc xlink:type="locator" xlink:href="fsa.xsd#fsa_MunicipalDebt" xlink:label="MunicipalDebt" xlink:title="MunicipalDebt"/>
    <link:loc xlink:type="locator" xlink:href="fsa.xsd#fsa_MunicipalDebtWithoutInterestAndRepayment" xlink:label="MunicipalDebtWithoutInterestAndRepayment" xlink:title="MunicipalDebtWithoutInterestAndRepayment"/>
    <link:presentationArc xlink:type="arc" xlink:arcrole="http://www.xbrl.org/2003/arcrole/parent-child" xlink:from="MunicipalDebt" xlink:to="MunicipalDebtWithoutInterestAndRepayment" xlink:title="presentation: MunicipalDebt to MunicipalDebtWithoutInterestAndRepayment" order="1.0"/>
    <link:loc xlink:type="locator" xlink:href="fsa.xsd#fsa_OtherMunicipalDebt" xlink:label="OtherMunicipalDebt" xlink:title="OtherMunicipalDebt"/>
    <link:presentationArc xlink:type="arc" xlink:arcrole="http://www.xbrl.org/2003/arcrole/parent-child" xlink:from="MunicipalDebt" xlink:to="OtherMunicipalDebt" xlink:title="presentation: MunicipalDebt to OtherMunicipalDebt" order="2.0"/>
    <link:loc xlink:type="locator" xlink:href="fsa.xsd#fsa_LongtermMortgageDebt" xlink:label="LongtermMortgageDebt" xlink:title="LongtermMortgageDebt"/>
    <link:loc xlink:type="locator" xlink:href="fsa.xsd#fsa_DetailsOfLongtermMortgageDebtAbstract" xlink:label="DetailsOfLongtermMortgageDebtAbstract" xlink:title="DetailsOfLongtermMortgageDebtAbstract"/>
    <link:presentationArc xlink:type="arc" xlink:arcrole="http://www.xbrl.org/2003/arcrole/parent-child" xlink:from="LongtermMortgageDebt" xlink:to="DetailsOfLongtermMortgageDebtAbstract" xlink:title="presentation: LongtermMortgageDebt to DetailsOfLongtermMortgageDebtAbstract" order="1.0"/>
    <link:loc xlink:type="locator" xlink:href="fsa.xsd#fsa_LongtermMortgageLoanHypercube" xlink:label="LongtermMortgageLoanHypercube" xlink:title="LongtermMortgageLoanHypercube"/>
    <link:presentationArc xlink:type="arc" xlink:arcrole="http://www.xbrl.org/2003/arcrole/parent-child" xlink:from="DetailsOfLongtermMortgageDebtAbstract" xlink:to="LongtermMortgageLoanHypercube" xlink:title="presentation: DetailsOfLongtermMortgageDebtAbstract to LongtermMortgageLoanHypercube" order="1.0"/>
    <link:loc xlink:type="locator" xlink:href="fsa.xsd#fsa_IdentificationOfLongtermMortgageLoanDimension" xlink:label="IdentificationOfLongtermMortgageLoanDimension" xlink:title="IdentificationOfLongtermMortgageLoanDimension"/>
    <link:presentationArc xlink:type="arc" xlink:arcrole="http://www.xbrl.org/2003/arcrole/parent-child" xlink:from="LongtermMortgageLoanHypercube" xlink:to="IdentificationOfLongtermMortgageLoanDimension" xlink:title="presentation: LongtermMortgageLoanHypercube to IdentificationOfLongtermMortgageLoanDimension" order="1.0"/>
    <link:loc xlink:type="locator" xlink:href="fsa.xsd#fsa_LongtermMortgageLoanDescripttion" xlink:label="LongtermMortgageLoanDescripttion" xlink:title="LongtermMortgageLoanDescripttion"/>
    <link:presentationArc xlink:type="arc" xlink:arcrole="http://www.xbrl.org/2003/arcrole/parent-child" xlink:from="DetailsOfLongtermMortgageDebtAbstract" xlink:to="LongtermMortgageLoanDescripttion" xlink:title="presentation: DetailsOfLongtermMortgageDebtAbstract to LongtermMortgageLoanDescripttion" order="2.0"/>
    <link:loc xlink:type="locator" xlink:href="fsa.xsd#fsa_LongtermMortgageLoan" xlink:label="LongtermMortgageLoan" xlink:title="LongtermMortgageLoan"/>
    <link:presentationArc xlink:type="arc" xlink:arcrole="http://www.xbrl.org/2003/arcrole/parent-child" xlink:from="DetailsOfLongtermMortgageDebtAbstract" xlink:to="LongtermMortgageLoan" xlink:title="presentation: DetailsOfLongtermMortgageDebtAbstract to LongtermMortgageLoan" order="3.0"/>
    <link:loc xlink:type="locator" xlink:href="fsa.xsd#fsa_LongtermLeaseDebt" xlink:label="LongtermLeaseDebt" xlink:title="LongtermLeaseDebt"/>
    <link:loc xlink:type="locator" xlink:href="fsa.xsd#fsa_DetailsOnLongtermLeaseDebtAbstract" xlink:label="DetailsOnLongtermLeaseDebtAbstract" xlink:title="DetailsOnLongtermLeaseDebtAbstract"/>
    <link:presentationArc xlink:type="arc" xlink:arcrole="http://www.xbrl.org/2003/arcrole/parent-child" xlink:from="LongtermLeaseDebt" xlink:to="DetailsOnLongtermLeaseDebtAbstract" xlink:title="presentation: LongtermLeaseDebt to DetailsOnLongtermLeaseDebtAbstract" order="1.0"/>
    <link:loc xlink:type="locator" xlink:href="fsa.xsd#fsa_LongtermLeaseHypercube" xlink:label="LongtermLeaseHypercube" xlink:title="LongtermLeaseHypercube"/>
    <link:presentationArc xlink:type="arc" xlink:arcrole="http://www.xbrl.org/2003/arcrole/parent-child" xlink:from="DetailsOnLongtermLeaseDebtAbstract" xlink:to="LongtermLeaseHypercube" xlink:title="presentation: DetailsOnLongtermLeaseDebtAbstract to LongtermLeaseHypercube" order="1.0"/>
    <link:loc xlink:type="locator" xlink:href="fsa.xsd#fsa_IdentificationOfLongtermLeaseDimension" xlink:label="IdentificationOfLongtermLeaseDimension" xlink:title="IdentificationOfLongtermLeaseDimension"/>
    <link:presentationArc xlink:type="arc" xlink:arcrole="http://www.xbrl.org/2003/arcrole/parent-child" xlink:from="LongtermLeaseHypercube" xlink:to="IdentificationOfLongtermLeaseDimension" xlink:title="presentation: LongtermLeaseHypercube to IdentificationOfLongtermLeaseDimension" order="1.0"/>
    <link:loc xlink:type="locator" xlink:href="fsa.xsd#fsa_LongtermLeaseDescripttion" xlink:label="LongtermLeaseDescripttion" xlink:title="LongtermLeaseDescripttion"/>
    <link:presentationArc xlink:type="arc" xlink:arcrole="http://www.xbrl.org/2003/arcrole/parent-child" xlink:from="DetailsOnLongtermLeaseDebtAbstract" xlink:to="LongtermLeaseDescripttion" xlink:title="presentation: DetailsOnLongtermLeaseDebtAbstract to LongtermLeaseDescripttion" order="2.0"/>
    <link:loc xlink:type="locator" xlink:href="fsa.xsd#fsa_LongtermLease" xlink:label="LongtermLease" xlink:title="LongtermLease"/>
    <link:presentationArc xlink:type="arc" xlink:arcrole="http://www.xbrl.org/2003/arcrole/parent-child" xlink:from="DetailsOnLongtermLeaseDebtAbstract" xlink:to="LongtermLease" xlink:title="presentation: DetailsOnLongtermLeaseDebtAbstract to LongtermLease" order="3.0"/>
    <link:loc xlink:type="locator" xlink:href="fsa.xsd#fsa_OtherLongtermPayables" xlink:label="OtherLongtermPayables" xlink:title="OtherLongtermPayables"/>
    <link:loc xlink:type="locator" xlink:href="fsa.xsd#fsa_DetailsOnOtherLongtermPayablesAbstract" xlink:label="DetailsOnOtherLongtermPayablesAbstract" xlink:title="DetailsOnOtherLongtermPayablesAbstract"/>
    <link:presentationArc xlink:type="arc" xlink:arcrole="http://www.xbrl.org/2003/arcrole/parent-child" xlink:from="OtherLongtermPayables" xlink:to="DetailsOnOtherLongtermPayablesAbstract" xlink:title="presentation: OtherLongtermPayables to DetailsOnOtherLongtermPayablesAbstract" order="1.0"/>
    <link:loc xlink:type="locator" xlink:href="fsa.xsd#fsa_OtherLongtermPayablesHypercube" xlink:label="OtherLongtermPayablesHypercube" xlink:title="OtherLongtermPayablesHypercube"/>
    <link:presentationArc xlink:type="arc" xlink:arcrole="http://www.xbrl.org/2003/arcrole/parent-child" xlink:from="DetailsOnOtherLongtermPayablesAbstract" xlink:to="OtherLongtermPayablesHypercube" xlink:title="presentation: DetailsOnOtherLongtermPayablesAbstract to OtherLongtermPayablesHypercube" order="1.0"/>
    <link:loc xlink:type="locator" xlink:href="fsa.xsd#fsa_IdentificationOfOtherLongtermPayableDimension" xlink:label="IdentificationOfOtherLongtermPayableDimension" xlink:title="IdentificationOfOtherLongtermPayableDimension"/>
    <link:presentationArc xlink:type="arc" xlink:arcrole="http://www.xbrl.org/2003/arcrole/parent-child" xlink:from="OtherLongtermPayablesHypercube" xlink:to="IdentificationOfOtherLongtermPayableDimension" xlink:title="presentation: OtherLongtermPayablesHypercube to IdentificationOfOtherLongtermPayableDimension" order="1.0"/>
    <link:loc xlink:type="locator" xlink:href="fsa.xsd#fsa_OtherLongtermPayableDescripttion" xlink:label="OtherLongtermPayableDescripttion" xlink:title="OtherLongtermPayableDescripttion"/>
    <link:presentationArc xlink:type="arc" xlink:arcrole="http://www.xbrl.org/2003/arcrole/parent-child" xlink:from="DetailsOnOtherLongtermPayablesAbstract" xlink:to="OtherLongtermPayableDescripttion" xlink:title="presentation: DetailsOnOtherLongtermPayablesAbstract to OtherLongtermPayableDescripttion" order="2.0"/>
    <link:loc xlink:type="locator" xlink:href="fsa.xsd#fsa_OtherLongtermPayable" xlink:label="OtherLongtermPayable" xlink:title="OtherLongtermPayable"/>
    <link:presentationArc xlink:type="arc" xlink:arcrole="http://www.xbrl.org/2003/arcrole/parent-child" xlink:from="DetailsOnOtherLongtermPayablesAbstract" xlink:to="OtherLongtermPayable" xlink:title="presentation: DetailsOnOtherLongtermPayablesAbstract to OtherLongtermPayable" order="3.0"/>
    <link:loc xlink:type="locator" xlink:href="fsa.xsd#fsa_DisclosureOfBalanceSheet" xlink:label="DisclosureOfBalanceSheet" xlink:title="DisclosureOfBalanceSheet"/>
    <link:loc xlink:type="locator" xlink:href="fsa.xsd#fsa_DisclosureOfRevaluationEquityAbstract" xlink:label="DisclosureOfRevaluationEquityAbstract" xlink:title="DisclosureOfRevaluationEquityAbstract"/>
    <link:presentationArc xlink:type="arc" xlink:arcrole="http://www.xbrl.org/2003/arcrole/parent-child" xlink:from="DisclosureOfBalanceSheet" xlink:to="DisclosureOfRevaluationEquityAbstract" xlink:title="presentation: DisclosureOfBalanceSheet to DisclosureOfRevaluationEquityAbstract" order="4.0"/>
    <link:loc xlink:type="locator" xlink:href="fsa.xsd#fsa_RevaluationEquity" xlink:label="RevaluationEquity" xlink:title="RevaluationEquity"/>
    <link:presentationArc xlink:type="arc" xlink:arcrole="http://www.xbrl.org/2003/arcrole/parent-child" xlink:from="DisclosureOfRevaluationEquityAbstract" xlink:to="RevaluationEquity" xlink:title="presentation: DisclosureOfRevaluationEquityAbstract to RevaluationEquity" order="1.0" preferredLabel="http://www.xbrl.org/2003/role/periodStartLabel"/>
    <link:loc xlink:type="locator" xlink:href="fsa.xsd#fsa_RevaluationEquity" xlink:label="RevaluationEquity_2" xlink:title="RevaluationEquity"/>
    <link:presentationArc xlink:type="arc" xlink:arcrole="http://www.xbrl.org/2003/arcrole/parent-child" xlink:from="DisclosureOfRevaluationEquityAbstract" xlink:to="RevaluationEquity_2" xlink:title="presentation: DisclosureOfRevaluationEquityAbstract to RevaluationEquity" order="3.0" preferredLabel="http://www.xbrl.org/2003/role/periodEndLabel"/>
    <link:loc xlink:type="locator" xlink:href="fsa.xsd#fsa_ChangesOfRevaluationEquity" xlink:label="ChangesOfRevaluationEquity" xlink:title="ChangesOfRevaluationEquity"/>
    <link:presentationArc xlink:type="arc" xlink:arcrole="http://www.xbrl.org/2003/arcrole/parent-child" xlink:from="DisclosureOfRevaluationEquityAbstract" xlink:to="ChangesOfRevaluationEquity" xlink:title="presentation: DisclosureOfRevaluationEquityAbstract to ChangesOfRevaluationEquity" order="2.0"/>
    <link:loc xlink:type="locator" xlink:href="fsa.xsd#fsa_DisclosureOfEquityOtherAbstract" xlink:label="DisclosureOfEquityOtherAbstract" xlink:title="DisclosureOfEquityOtherAbstract"/>
    <link:presentationArc xlink:type="arc" xlink:arcrole="http://www.xbrl.org/2003/arcrole/parent-child" xlink:from="DisclosureOfBalanceSheet" xlink:to="DisclosureOfEquityOtherAbstract" xlink:title="presentation: DisclosureOfBalanceSheet to DisclosureOfEquityOtherAbstract" order="5.0"/>
    <link:loc xlink:type="locator" xlink:href="fsa.xsd#fsa_OtherChangesEquity" xlink:label="OtherChangesEquity" xlink:title="OtherChangesEquity"/>
    <link:presentationArc xlink:type="arc" xlink:arcrole="http://www.xbrl.org/2003/arcrole/parent-child" xlink:from="DisclosureOfEquityOtherAbstract" xlink:to="OtherChangesEquity" xlink:title="presentation: DisclosureOfEquityOtherAbstract to OtherChangesEquity" order="30.0" preferredLabel="http://www.xbrl.org/2003/role/totalLabel"/>
    <link:loc xlink:type="locator" xlink:href="fsa.xsd#fsa_DetailsOfEquityOtherAbstract" xlink:label="DetailsOfEquityOtherAbstract" xlink:title="DetailsOfEquityOtherAbstract"/>
    <link:presentationArc xlink:type="arc" xlink:arcrole="http://www.xbrl.org/2003/arcrole/parent-child" xlink:from="OtherChangesEquity" xlink:to="DetailsOfEquityOtherAbstract" xlink:title="presentation: OtherChangesEquity to DetailsOfEquityOtherAbstract" order="1.0"/>
    <link:loc xlink:type="locator" xlink:href="fsa.xsd#fsa_OtherChangesEquityHypercube" xlink:label="OtherChangesEquityHypercube" xlink:title="OtherChangesEquityHypercube"/>
    <link:presentationArc xlink:type="arc" xlink:arcrole="http://www.xbrl.org/2003/arcrole/parent-child" xlink:from="DetailsOfEquityOtherAbstract" xlink:to="OtherChangesEquityHypercube" xlink:title="presentation: DetailsOfEquityOtherAbstract to OtherChangesEquityHypercube" order="1.0"/>
    <link:loc xlink:type="locator" xlink:href="fsa.xsd#fsa_IdentificationOfOtherChangeEquityDimension" xlink:label="IdentificationOfOtherChangeEquityDimension" xlink:title="IdentificationOfOtherChangeEquityDimension"/>
    <link:presentationArc xlink:type="arc" xlink:arcrole="http://www.xbrl.org/2003/arcrole/parent-child" xlink:from="OtherChangesEquityHypercube" xlink:to="IdentificationOfOtherChangeEquityDimension" xlink:title="presentation: OtherChangesEquityHypercube to IdentificationOfOtherChangeEquityDimension" order="1.0"/>
    <link:loc xlink:type="locator" xlink:href="fsa.xsd#fsa_AnnualChangeDescriptionOtherEquity" xlink:label="AnnualChangeDescriptionOtherEquity" xlink:title="AnnualChangeDescriptionOtherEquity"/>
    <link:presentationArc xlink:type="arc" xlink:arcrole="http://www.xbrl.org/2003/arcrole/parent-child" xlink:from="DetailsOfEquityOtherAbstract" xlink:to="AnnualChangeDescriptionOtherEquity" xlink:title="presentation: DetailsOfEquityOtherAbstract to AnnualChangeDescriptionOtherEquity" order="2.0"/>
    <link:loc xlink:type="locator" xlink:href="fsa.xsd#fsa_AnnualChangeOtherEquity" xlink:label="AnnualChangeOtherEquity" xlink:title="AnnualChangeOtherEquity"/>
    <link:presentationArc xlink:type="arc" xlink:arcrole="http://www.xbrl.org/2003/arcrole/parent-child" xlink:from="DetailsOfEquityOtherAbstract" xlink:to="AnnualChangeOtherEquity" xlink:title="presentation: DetailsOfEquityOtherAbstract to AnnualChangeOtherEquity" order="3.0"/>
    <link:loc xlink:type="locator" xlink:href="fsa.xsd#fsa_EquityOther" xlink:label="EquityOther" xlink:title="EquityOther"/>
    <link:presentationArc xlink:type="arc" xlink:arcrole="http://www.xbrl.org/2003/arcrole/parent-child" xlink:from="DisclosureOfEquityOtherAbstract" xlink:to="EquityOther" xlink:title="presentation: DisclosureOfEquityOtherAbstract to EquityOther" order="10.0" preferredLabel="http://www.xbrl.org/2003/role/periodStartLabel"/>
    <link:loc xlink:type="locator" xlink:href="fsa.xsd#fsa_EquityOther" xlink:label="EquityOther_2" xlink:title="EquityOther"/>
    <link:presentationArc xlink:type="arc" xlink:arcrole="http://www.xbrl.org/2003/arcrole/parent-child" xlink:from="DisclosureOfEquityOtherAbstract" xlink:to="EquityOther_2" xlink:title="presentation: DisclosureOfEquityOtherAbstract to EquityOther" order="40.0" preferredLabel="http://www.xbrl.org/2003/role/periodEndLabel"/>
    <link:loc xlink:type="locator" xlink:href="fsa.xsd#fsa_ProfitLoss" xlink:label="ProfitLoss" xlink:title="ProfitLoss"/>
    <link:presentationArc xlink:type="arc" xlink:arcrole="http://www.xbrl.org/2003/arcrole/parent-child" xlink:from="DisclosureOfEquityOtherAbstract" xlink:to="ProfitLoss" xlink:title="presentation: DisclosureOfEquityOtherAbstract to ProfitLoss" order="15.0"/>
    <link:loc xlink:type="locator" xlink:href="fsa.xsd#fsa_DisclosureOfProvisions" xlink:label="DisclosureOfProvisions" xlink:title="DisclosureOfProvisions"/>
    <link:presentationArc xlink:type="arc" xlink:arcrole="http://www.xbrl.org/2003/arcrole/parent-child" xlink:from="DisclosureOfBalanceSheet" xlink:to="DisclosureOfProvisions" xlink:title="presentation: DisclosureOfBalanceSheet to DisclosureOfProvisions" order="6.0"/>
    <link:loc xlink:type="locator" xlink:href="fsa.xsd#fsa_Provisions" xlink:label="Provisions" xlink:title="Provisions"/>
    <link:presentationArc xlink:type="arc" xlink:arcrole="http://www.xbrl.org/2003/arcrole/parent-child" xlink:from="DisclosureOfProvisions" xlink:to="Provisions" xlink:title="presentation: DisclosureOfProvisions to Provisions" order="10.0" preferredLabel="http://www.xbrl.org/2003/role/periodStartLabel"/>
    <link:loc xlink:type="locator" xlink:href="fsa.xsd#fsa_Provisions" xlink:label="Provisions_2" xlink:title="Provisions"/>
    <link:presentationArc xlink:type="arc" xlink:arcrole="http://www.xbrl.org/2003/arcrole/parent-child" xlink:from="DisclosureOfProvisions" xlink:to="Provisions_2" xlink:title="presentation: DisclosureOfProvisions to Provisions" order="40.0" preferredLabel="http://www.xbrl.org/2003/role/periodEndLabel"/>
    <link:loc xlink:type="locator" xlink:href="fsa.xsd#fsa_ProvisionsInReportingPeriod" xlink:label="ProvisionsInReportingPeriod" xlink:title="ProvisionsInReportingPeriod"/>
    <link:presentationArc xlink:type="arc" xlink:arcrole="http://www.xbrl.org/2003/arcrole/parent-child" xlink:from="DisclosureOfProvisions" xlink:to="ProvisionsInReportingPeriod" xlink:title="presentation: DisclosureOfProvisions to ProvisionsInReportingPeriod" order="30.0" preferredLabel="http://www.xbrl.org/2003/role/totalLabel"/>
    <link:loc xlink:type="locator" xlink:href="fsa.xsd#fsa_DetailsOfProvisionsInReportingPeriodAbstract" xlink:label="DetailsOfProvisionsInReportingPeriodAbstract" xlink:title="DetailsOfProvisionsInReportingPeriodAbstract"/>
    <link:presentationArc xlink:type="arc" xlink:arcrole="http://www.xbrl.org/2003/arcrole/parent-child" xlink:from="ProvisionsInReportingPeriod" xlink:to="DetailsOfProvisionsInReportingPeriodAbstract" xlink:title="presentation: ProvisionsInReportingPeriod to DetailsOfProvisionsInReportingPeriodAbstract" order="1.0"/>
    <link:loc xlink:type="locator" xlink:href="fsa.xsd#fsa_ProvisionsInReportingPeriodHypercube" xlink:label="ProvisionsInReportingPeriodHypercube" xlink:title="ProvisionsInReportingPeriodHypercube"/>
    <link:presentationArc xlink:type="arc" xlink:arcrole="http://www.xbrl.org/2003/arcrole/parent-child" xlink:from="DetailsOfProvisionsInReportingPeriodAbstract" xlink:to="ProvisionsInReportingPeriodHypercube" xlink:title="presentation: DetailsOfProvisionsInReportingPeriodAbstract to ProvisionsInReportingPeriodHypercube" order="1.0"/>
    <link:loc xlink:type="locator" xlink:href="fsa.xsd#fsa_IdentificationOfProvisionDimension" xlink:label="IdentificationOfProvisionDimension" xlink:title="IdentificationOfProvisionDimension"/>
    <link:presentationArc xlink:type="arc" xlink:arcrole="http://www.xbrl.org/2003/arcrole/parent-child" xlink:from="ProvisionsInReportingPeriodHypercube" xlink:to="IdentificationOfProvisionDimension" xlink:title="presentation: ProvisionsInReportingPeriodHypercube to IdentificationOfProvisionDimension" order="1.0"/>
    <link:loc xlink:type="locator" xlink:href="fsa.xsd#fsa_ProvisionDescripttion" xlink:label="ProvisionDescripttion" xlink:title="ProvisionDescripttion"/>
    <link:presentationArc xlink:type="arc" xlink:arcrole="http://www.xbrl.org/2003/arcrole/parent-child" xlink:from="DetailsOfProvisionsInReportingPeriodAbstract" xlink:to="ProvisionDescripttion" xlink:title="presentation: DetailsOfProvisionsInReportingPeriodAbstract to ProvisionDescripttion" order="2.0"/>
    <link:loc xlink:type="locator" xlink:href="fsa.xsd#fsa_Provision" xlink:label="Provision" xlink:title="Provision"/>
    <link:presentationArc xlink:type="arc" xlink:arcrole="http://www.xbrl.org/2003/arcrole/parent-child" xlink:from="DetailsOfProvisionsInReportingPeriodAbstract" xlink:to="Provision" xlink:title="presentation: DetailsOfProvisionsInReportingPeriodAbstract to Provision" order="3.0"/>
    <link:loc xlink:type="locator" xlink:href="fsa.xsd#fsa_DisclosureOfGovernmentLoanAbstract" xlink:label="DisclosureOfGovernmentLoanAbstract" xlink:title="DisclosureOfGovernmentLoanAbstract"/>
    <link:presentationArc xlink:type="arc" xlink:arcrole="http://www.xbrl.org/2003/arcrole/parent-child" xlink:from="DisclosureOfBalanceSheet" xlink:to="DisclosureOfGovernmentLoanAbstract" xlink:title="presentation: DisclosureOfBalanceSheet to DisclosureOfGovernmentLoanAbstract" order="7.0"/>
    <link:presentationArc xlink:type="arc" xlink:arcrole="http://www.xbrl.org/2003/arcrole/parent-child" xlink:from="DisclosureOfGovernmentLoanAbstract" xlink:to="GovernmentLoan" xlink:title="presentation: DisclosureOfGovernmentLoanAbstract to GovernmentLoan" order="1.0" preferredLabel="http://www.xbrl.org/2003/role/totalLabel"/>
    <link:loc xlink:type="locator" xlink:href="fsa.xsd#fsa_PartOfGovernmentLoanDueForPaymentMoreThanFiveYearsAfterTheBalanceSheetDate" xlink:label="PartOfGovernmentLoanDueForPaymentMoreThanFiveYearsAfterTheBalanceSheetDate" xlink:title="PartOfGovernmentLoanDueForPaymentMoreThanFiveYearsAfterTheBalanceSheetDate"/>
    <link:presentationArc xlink:type="arc" xlink:arcrole="http://www.xbrl.org/2003/arcrole/parent-child" xlink:from="DisclosureOfGovernmentLoanAbstract" xlink:to="PartOfGovernmentLoanDueForPaymentMoreThanFiveYearsAfterTheBalanceSheetDate" xlink:title="presentation: DisclosureOfGovernmentLoanAbstract to PartOfGovernmentLoanDueForPaymentMoreThanFiveYearsAfterTheBalanceSheetDate" order="2.0"/>
    <link:loc xlink:type="locator" xlink:href="fsa.xsd#fsa_DisclosureOfMunicipalDebtAbstract" xlink:label="DisclosureOfMunicipalDebtAbstract" xlink:title="DisclosureOfMunicipalDebtAbstract"/>
    <link:presentationArc xlink:type="arc" xlink:arcrole="http://www.xbrl.org/2003/arcrole/parent-child" xlink:from="DisclosureOfBalanceSheet" xlink:to="DisclosureOfMunicipalDebtAbstract" xlink:title="presentation: DisclosureOfBalanceSheet to DisclosureOfMunicipalDebtAbstract" order="8.0"/>
    <link:presentationArc xlink:type="arc" xlink:arcrole="http://www.xbrl.org/2003/arcrole/parent-child" xlink:from="DisclosureOfMunicipalDebtAbstract" xlink:to="MunicipalDebt" xlink:title="presentation: DisclosureOfMunicipalDebtAbstract to MunicipalDebt" order="1.0" preferredLabel="http://www.xbrl.org/2003/role/totalLabel"/>
    <link:loc xlink:type="locator" xlink:href="fsa.xsd#fsa_PartOfMunicipalDebtDueForPaymentMoreThanFiveYearsAfterTheBalanceSheetDate" xlink:label="PartOfMunicipalDebtDueForPaymentMoreThanFiveYearsAfterTheBalanceSheetDate" xlink:title="PartOfMunicipalDebtDueForPaymentMoreThanFiveYearsAfterTheBalanceSheetDate"/>
    <link:presentationArc xlink:type="arc" xlink:arcrole="http://www.xbrl.org/2003/arcrole/parent-child" xlink:from="DisclosureOfMunicipalDebtAbstract" xlink:to="PartOfMunicipalDebtDueForPaymentMoreThanFiveYearsAfterTheBalanceSheetDate" xlink:title="presentation: DisclosureOfMunicipalDebtAbstract to PartOfMunicipalDebtDueForPaymentMoreThanFiveYearsAfterTheBalanceSheetDate" order="2.0"/>
    <link:loc xlink:type="locator" xlink:href="fsa.xsd#fsa_DisclosureOfLongtermMortgageDebt" xlink:label="DisclosureOfLongtermMortgageDebt" xlink:title="DisclosureOfLongtermMortgageDebt"/>
    <link:presentationArc xlink:type="arc" xlink:arcrole="http://www.xbrl.org/2003/arcrole/parent-child" xlink:from="DisclosureOfBalanceSheet" xlink:to="DisclosureOfLongtermMortgageDebt" xlink:title="presentation: DisclosureOfBalanceSheet to DisclosureOfLongtermMortgageDebt" order="9.0"/>
    <link:loc xlink:type="locator" xlink:href="fsa.xsd#fsa_PartOfLongtermMortgageDebtDueForPaymentMoreThanFiveYearsAfterTheBalanceSheetDate" xlink:label="PartOfLongtermMortgageDebtDueForPaymentMoreThanFiveYearsAfterTheBalanceSheetDate" xlink:title="PartOfLongtermMortgageDebtDueForPaymentMoreThanFiveYearsAfterTheBalanceSheetDate"/>
    <link:presentationArc xlink:type="arc" xlink:arcrole="http://www.xbrl.org/2003/arcrole/parent-child" xlink:from="DisclosureOfLongtermMortgageDebt" xlink:to="PartOfLongtermMortgageDebtDueForPaymentMoreThanFiveYearsAfterTheBalanceSheetDate" xlink:title="presentation: DisclosureOfLongtermMortgageDebt to PartOfLongtermMortgageDebtDueForPaymentMoreThanFiveYearsAfterTheBalanceSheetDate" order="20.0"/>
    <link:presentationArc xlink:type="arc" xlink:arcrole="http://www.xbrl.org/2003/arcrole/parent-child" xlink:from="DisclosureOfLongtermMortgageDebt" xlink:to="LongtermMortgageDebt" xlink:title="presentation: DisclosureOfLongtermMortgageDebt to LongtermMortgageDebt" order="10.0" preferredLabel="http://uvm.dk/"/>
    <link:loc xlink:type="locator" xlink:href="fsa.xsd#fsa_DisclosureOfLongtermLeaseDebt" xlink:label="DisclosureOfLongtermLeaseDebt" xlink:title="DisclosureOfLongtermLeaseDebt"/>
    <link:presentationArc xlink:type="arc" xlink:arcrole="http://www.xbrl.org/2003/arcrole/parent-child" xlink:from="DisclosureOfBalanceSheet" xlink:to="DisclosureOfLongtermLeaseDebt" xlink:title="presentation: DisclosureOfBalanceSheet to DisclosureOfLongtermLeaseDebt" order="100.0"/>
    <link:presentationArc xlink:type="arc" xlink:arcrole="http://www.xbrl.org/2003/arcrole/parent-child" xlink:from="DisclosureOfLongtermLeaseDebt" xlink:to="LongtermLeaseDebt" xlink:title="presentation: DisclosureOfLongtermLeaseDebt to LongtermLeaseDebt" order="1.0"/>
    <link:loc xlink:type="locator" xlink:href="fsa.xsd#fsa_PartOfLongtermLeaseDebtDueForPaymentMoreThanFiveYearsAfterTheBalanceSheetDate" xlink:label="PartOfLongtermLeaseDebtDueForPaymentMoreThanFiveYearsAfterTheBalanceSheetDate" xlink:title="PartOfLongtermLeaseDebtDueForPaymentMoreThanFiveYearsAfterTheBalanceSheetDate"/>
    <link:presentationArc xlink:type="arc" xlink:arcrole="http://www.xbrl.org/2003/arcrole/parent-child" xlink:from="DisclosureOfLongtermLeaseDebt" xlink:to="PartOfLongtermLeaseDebtDueForPaymentMoreThanFiveYearsAfterTheBalanceSheetDate" xlink:title="presentation: DisclosureOfLongtermLeaseDebt to PartOfLongtermLeaseDebtDueForPaymentMoreThanFiveYearsAfterTheBalanceSheetDate" order="2.0"/>
    <link:loc xlink:type="locator" xlink:href="fsa.xsd#fsa_DisclosureOfOtherLongtermPayables" xlink:label="DisclosureOfOtherLongtermPayables" xlink:title="DisclosureOfOtherLongtermPayables"/>
    <link:presentationArc xlink:type="arc" xlink:arcrole="http://www.xbrl.org/2003/arcrole/parent-child" xlink:from="DisclosureOfBalanceSheet" xlink:to="DisclosureOfOtherLongtermPayables" xlink:title="presentation: DisclosureOfBalanceSheet to DisclosureOfOtherLongtermPayables" order="110.0"/>
    <link:presentationArc xlink:type="arc" xlink:arcrole="http://www.xbrl.org/2003/arcrole/parent-child" xlink:from="DisclosureOfOtherLongtermPayables" xlink:to="OtherLongtermPayables" xlink:title="presentation: DisclosureOfOtherLongtermPayables to OtherLongtermPayables" order="1.0"/>
    <link:loc xlink:type="locator" xlink:href="fsa.xsd#fsa_PartOfOtherLongtermPayablesDueForPaymentMoreThanFiveYearsAfterTheBalanceSheetDate" xlink:label="PartOfOtherLongtermPayablesDueForPaymentMoreThanFiveYearsAfterTheBalanceSheetDate" xlink:title="PartOfOtherLongtermPayablesDueForPaymentMoreThanFiveYearsAfterTheBalanceSheetDate"/>
    <link:presentationArc xlink:type="arc" xlink:arcrole="http://www.xbrl.org/2003/arcrole/parent-child" xlink:from="DisclosureOfOtherLongtermPayables" xlink:to="PartOfOtherLongtermPayablesDueForPaymentMoreThanFiveYearsAfterTheBalanceSheetDate" xlink:title="presentation: DisclosureOfOtherLongtermPayables to PartOfOtherLongtermPayablesDueForPaymentMoreThanFiveYearsAfterTheBalanceSheetDate" order="2.0"/>
    <link:loc xlink:type="locator" xlink:href="fsa.xsd#fsa_DisclosureOfShorttermDebtToBanks" xlink:label="DisclosureOfShorttermDebtToBanks" xlink:title="DisclosureOfShorttermDebtToBanks"/>
    <link:presentationArc xlink:type="arc" xlink:arcrole="http://www.xbrl.org/2003/arcrole/parent-child" xlink:from="DisclosureOfBalanceSheet" xlink:to="DisclosureOfShorttermDebtToBanks" xlink:title="presentation: DisclosureOfBalanceSheet to DisclosureOfShorttermDebtToBanks" order="120.0"/>
    <link:loc xlink:type="locator" xlink:href="fsa.xsd#fsa_InformationOnOverdraftFacility" xlink:label="InformationOnOverdraftFacility" xlink:title="InformationOnOverdraftFacility"/>
    <link:presentationArc xlink:type="arc" xlink:arcrole="http://www.xbrl.org/2003/arcrole/parent-child" xlink:from="DisclosureOfShorttermDebtToBanks" xlink:to="InformationOnOverdraftFacility" xlink:title="presentation: DisclosureOfShorttermDebtToBanks to InformationOnOverdraftFacility" order="1.0"/>
    <link:loc xlink:type="locator" xlink:href="fsa.xsd#fsa_PartOfOverdraftFacilityUsedEndingBalance" xlink:label="PartOfOverdraftFacilityUsedEndingBalance" xlink:title="PartOfOverdraftFacilityUsedEndingBalance"/>
    <link:presentationArc xlink:type="arc" xlink:arcrole="http://www.xbrl.org/2003/arcrole/parent-child" xlink:from="InformationOnOverdraftFacility" xlink:to="PartOfOverdraftFacilityUsedEndingBalance" xlink:title="presentation: InformationOnOverdraftFacility to PartOfOverdraftFacilityUsedEndingBalance" order="1.0"/>
    <link:loc xlink:type="locator" xlink:href="fsa.xsd#fsa_RemaininPartOfOverdraftFacilityNotUsedEndingBalance" xlink:label="RemaininPartOfOverdraftFacilityNotUsedEndingBalance" xlink:title="RemaininPartOfOverdraftFacilityNotUsedEndingBalance"/>
    <link:presentationArc xlink:type="arc" xlink:arcrole="http://www.xbrl.org/2003/arcrole/parent-child" xlink:from="InformationOnOverdraftFacility" xlink:to="RemaininPartOfOverdraftFacilityNotUsedEndingBalance" xlink:title="presentation: InformationOnOverdraftFacility to RemaininPartOfOverdraftFacilityNotUsedEndingBalance" order="2.0"/>
    <link:loc xlink:type="locator" xlink:href="fsa.xsd#fsa_InformationOnConstructionCredit" xlink:label="InformationOnConstructionCredit" xlink:title="InformationOnConstructionCredit"/>
    <link:presentationArc xlink:type="arc" xlink:arcrole="http://www.xbrl.org/2003/arcrole/parent-child" xlink:from="DisclosureOfShorttermDebtToBanks" xlink:to="InformationOnConstructionCredit" xlink:title="presentation: DisclosureOfShorttermDebtToBanks to InformationOnConstructionCredit" order="2.0"/>
    <link:loc xlink:type="locator" xlink:href="fsa.xsd#fsa_ConstructionCredit" xlink:label="ConstructionCredit" xlink:title="ConstructionCredit"/>
    <link:presentationArc xlink:type="arc" xlink:arcrole="http://www.xbrl.org/2003/arcrole/parent-child" xlink:from="InformationOnConstructionCredit" xlink:to="ConstructionCredit" xlink:title="presentation: InformationOnConstructionCredit to ConstructionCredit" order="1.0"/>
    <link:loc xlink:type="locator" xlink:href="fsa.xsd#fsa_RemainingPartOfConstructionCreditNotUsedEndingBalance" xlink:label="RemainingPartOfConstructionCreditNotUsedEndingBalance" xlink:title="RemainingPartOfConstructionCreditNotUsedEndingBalance"/>
    <link:presentationArc xlink:type="arc" xlink:arcrole="http://www.xbrl.org/2003/arcrole/parent-child" xlink:from="InformationOnConstructionCredit" xlink:to="RemainingPartOfConstructionCreditNotUsedEndingBalance" xlink:title="presentation: InformationOnConstructionCredit to RemainingPartOfConstructionCreditNotUsedEndingBalance" order="2.0"/>
    <link:loc xlink:type="locator" xlink:href="fsa.xsd#fsa_ShorttermDebtToBanks" xlink:label="ShorttermDebtToBanks" xlink:title="ShorttermDebtToBanks"/>
    <link:presentationArc xlink:type="arc" xlink:arcrole="http://www.xbrl.org/2003/arcrole/parent-child" xlink:from="DisclosureOfShorttermDebtToBanks" xlink:to="ShorttermDebtToBanks" xlink:title="presentation: DisclosureOfShorttermDebtToBanks to ShorttermDebtToBanks" order="3.0" preferredLabel="http://www.xbrl.org/2003/role/totalLabel"/>
    <link:loc xlink:type="locator" xlink:href="fsa.xsd#fsa_DisclosureOfMortgagesAndCollaterals" xlink:label="DisclosureOfMortgagesAndCollaterals" xlink:title="DisclosureOfMortgagesAndCollaterals"/>
    <link:presentationArc xlink:type="arc" xlink:arcrole="http://www.xbrl.org/2003/arcrole/parent-child" xlink:from="DisclosureOfBalanceSheet" xlink:to="DisclosureOfMortgagesAndCollaterals" xlink:title="presentation: DisclosureOfBalanceSheet to DisclosureOfMortgagesAndCollaterals" order="130.0"/>
    <link:loc xlink:type="locator" xlink:href="fsa.xsd#fsa_DescriptionOfMortgages" xlink:label="DescriptionOfMortgages" xlink:title="DescriptionOfMortgages"/>
    <link:presentationArc xlink:type="arc" xlink:arcrole="http://www.xbrl.org/2003/arcrole/parent-child" xlink:from="DisclosureOfMortgagesAndCollaterals" xlink:to="DescriptionOfMortgages" xlink:title="presentation: DisclosureOfMortgagesAndCollaterals to DescriptionOfMortgages" order="1.0"/>
    <link:loc xlink:type="locator" xlink:href="fsa.xsd#fsa_DescriptionOfCollaterals" xlink:label="DescriptionOfCollaterals" xlink:title="DescriptionOfCollaterals"/>
    <link:presentationArc xlink:type="arc" xlink:arcrole="http://www.xbrl.org/2003/arcrole/parent-child" xlink:from="DisclosureOfMortgagesAndCollaterals" xlink:to="DescriptionOfCollaterals" xlink:title="presentation: DisclosureOfMortgagesAndCollaterals to DescriptionOfCollaterals" order="2.0"/>
    <link:loc xlink:type="locator" xlink:href="fsa.xsd#fsa_DisclosureOfOtherLiabilities" xlink:label="DisclosureOfOtherLiabilities" xlink:title="DisclosureOfOtherLiabilities"/>
    <link:presentationArc xlink:type="arc" xlink:arcrole="http://www.xbrl.org/2003/arcrole/parent-child" xlink:from="DisclosureOfBalanceSheet" xlink:to="DisclosureOfOtherLiabilities" xlink:title="presentation: DisclosureOfBalanceSheet to DisclosureOfOtherLiabilities" order="140.0"/>
    <link:loc xlink:type="locator" xlink:href="fsa.xsd#fsa_OtherLiabilities" xlink:label="OtherLiabilities" xlink:title="OtherLiabilities"/>
    <link:presentationArc xlink:type="arc" xlink:arcrole="http://www.xbrl.org/2003/arcrole/parent-child" xlink:from="DisclosureOfOtherLiabilities" xlink:to="OtherLiabilities" xlink:title="presentation: DisclosureOfOtherLiabilities to OtherLiabilities" order="1.0"/>
    <link:loc xlink:type="locator" xlink:href="fsa.xsd#fsa_DisclosureOfContingentLiabilities" xlink:label="DisclosureOfContingentLiabilities" xlink:title="DisclosureOfContingentLiabilities"/>
    <link:presentationArc xlink:type="arc" xlink:arcrole="http://www.xbrl.org/2003/arcrole/parent-child" xlink:from="DisclosureOfOtherLiabilities" xlink:to="DisclosureOfContingentLiabilities" xlink:title="presentation: DisclosureOfOtherLiabilities to DisclosureOfContingentLiabilities" order="2.0"/>
    <link:loc xlink:type="locator" xlink:href="fsa.xsd#fsa_ContingentLiabilities" xlink:label="ContingentLiabilities" xlink:title="ContingentLiabilities"/>
    <link:presentationArc xlink:type="arc" xlink:arcrole="http://www.xbrl.org/2003/arcrole/parent-child" xlink:from="DisclosureOfContingentLiabilities" xlink:to="ContingentLiabilities" xlink:title="presentation: DisclosureOfContingentLiabilities to ContingentLiabilities" order="1.0"/>
    <link:loc xlink:type="locator" xlink:href="fsa.xsd#fsa_DisclosureOfLiabilitiesUnderLeasesOtherLiabilities" xlink:label="DisclosureOfLiabilitiesUnderLeasesOtherLiabilities" xlink:title="DisclosureOfLiabilitiesUnderLeasesOtherLiabilities"/>
    <link:presentationArc xlink:type="arc" xlink:arcrole="http://www.xbrl.org/2003/arcrole/parent-child" xlink:from="DisclosureOfOtherLiabilities" xlink:to="DisclosureOfLiabilitiesUnderLeasesOtherLiabilities" xlink:title="presentation: DisclosureOfOtherLiabilities to DisclosureOfLiabilitiesUnderLeasesOtherLiabilities" order="3.0"/>
    <link:loc xlink:type="locator" xlink:href="fsa.xsd#fsa_LiabilitiesUnderLeasesOtherLiabilities" xlink:label="LiabilitiesUnderLeasesOtherLiabilities" xlink:title="LiabilitiesUnderLeasesOtherLiabilities"/>
    <link:presentationArc xlink:type="arc" xlink:arcrole="http://www.xbrl.org/2003/arcrole/parent-child" xlink:from="DisclosureOfLiabilitiesUnderLeasesOtherLiabilities" xlink:to="LiabilitiesUnderLeasesOtherLiabilities" xlink:title="presentation: DisclosureOfLiabilitiesUnderLeasesOtherLiabilities to LiabilitiesUnderLeasesOtherLiabilities" order="1.0"/>
    <link:loc xlink:type="locator" xlink:href="fsa.xsd#fsa_DisclosureOfOperationalLeasingOfGoods" xlink:label="DisclosureOfOperationalLeasingOfGoods" xlink:title="DisclosureOfOperationalLeasingOfGoods"/>
    <link:presentationArc xlink:type="arc" xlink:arcrole="http://www.xbrl.org/2003/arcrole/parent-child" xlink:from="DisclosureOfOtherLiabilities" xlink:to="DisclosureOfOperationalLeasingOfGoods" xlink:title="presentation: DisclosureOfOtherLiabilities to DisclosureOfOperationalLeasingOfGoods" order="4.0"/>
    <link:loc xlink:type="locator" xlink:href="fsa.xsd#fsa_OperationalLeasingOfGoods" xlink:label="OperationalLeasingOfGoods" xlink:title="OperationalLeasingOfGoods"/>
    <link:presentationArc xlink:type="arc" xlink:arcrole="http://www.xbrl.org/2003/arcrole/parent-child" xlink:from="DisclosureOfOperationalLeasingOfGoods" xlink:to="OperationalLeasingOfGoods" xlink:title="presentation: DisclosureOfOperationalLeasingOfGoods to OperationalLeasingOfGoods" order="1.0"/>
    <link:loc xlink:type="locator" xlink:href="fsa.xsd#fsa_DisclosureOfLeaseDebt" xlink:label="DisclosureOfLeaseDebt" xlink:title="DisclosureOfLeaseDebt"/>
    <link:presentationArc xlink:type="arc" xlink:arcrole="http://www.xbrl.org/2003/arcrole/parent-child" xlink:from="DisclosureOfOtherLiabilities" xlink:to="DisclosureOfLeaseDebt" xlink:title="presentation: DisclosureOfOtherLiabilities to DisclosureOfLeaseDebt" order="5.0"/>
    <link:loc xlink:type="locator" xlink:href="fsa.xsd#fsa_LeaseDebt" xlink:label="LeaseDebt" xlink:title="LeaseDebt"/>
    <link:presentationArc xlink:type="arc" xlink:arcrole="http://www.xbrl.org/2003/arcrole/parent-child" xlink:from="DisclosureOfLeaseDebt" xlink:to="LeaseDebt" xlink:title="presentation: DisclosureOfLeaseDebt to LeaseDebt" order="1.0"/>
    <link:loc xlink:type="locator" xlink:href="fsa.xsd#fsa_DisclosureOfEquipmentMadeAvailableForTheEntity" xlink:label="DisclosureOfEquipmentMadeAvailableForTheEntity" xlink:title="DisclosureOfEquipmentMadeAvailableForTheEntity"/>
    <link:presentationArc xlink:type="arc" xlink:arcrole="http://www.xbrl.org/2003/arcrole/parent-child" xlink:from="DisclosureOfOtherLiabilities" xlink:to="DisclosureOfEquipmentMadeAvailableForTheEntity" xlink:title="presentation: DisclosureOfOtherLiabilities to DisclosureOfEquipmentMadeAvailableForTheEntity" order="6.0"/>
    <link:loc xlink:type="locator" xlink:href="fsa.xsd#fsa_EquipmentMadeAvailableForTheEntity" xlink:label="EquipmentMadeAvailableForTheEntity" xlink:title="EquipmentMadeAvailableForTheEntity"/>
    <link:presentationArc xlink:type="arc" xlink:arcrole="http://www.xbrl.org/2003/arcrole/parent-child" xlink:from="DisclosureOfEquipmentMadeAvailableForTheEntity" xlink:to="EquipmentMadeAvailableForTheEntity" xlink:title="presentation: DisclosureOfEquipmentMadeAvailableForTheEntity to EquipmentMadeAvailableForTheEntity" order="1.0"/>
    <link:loc xlink:type="locator" xlink:href="fsa.xsd#fsa_DisclosureOfIntangibleAssetsAndPropertyPlanAndEquipment" xlink:label="DisclosureOfIntangibleAssetsAndPropertyPlanAndEquipment" xlink:title="DisclosureOfIntangibleAssetsAndPropertyPlanAndEquipment"/>
    <link:presentationArc xlink:type="arc" xlink:arcrole="http://www.xbrl.org/2003/arcrole/parent-child" xlink:from="DisclosureOfBalanceSheet" xlink:to="DisclosureOfIntangibleAssetsAndPropertyPlanAndEquipment" xlink:title="presentation: DisclosureOfBalanceSheet to DisclosureOfIntangibleAssetsAndPropertyPlanAndEquipment" order="1.0"/>
    <link:loc xlink:type="locator" xlink:href="fsa.xsd#fsa_NonCurrentAssetsRelatedToKnowledgeCenter" xlink:label="NonCurrentAssetsRelatedToKnowledgeCenter" xlink:title="NonCurrentAssetsRelatedToKnowledgeCenter"/>
    <link:presentationArc xlink:type="arc" xlink:arcrole="http://www.xbrl.org/2003/arcrole/parent-child" xlink:from="DisclosureOfIntangibleAssetsAndPropertyPlanAndEquipment" xlink:to="NonCurrentAssetsRelatedToKnowledgeCenter" xlink:title="presentation: DisclosureOfIntangibleAssetsAndPropertyPlanAndEquipment to NonCurrentAssetsRelatedToKnowledgeCenter" order="4.0" preferredLabel="http://www.xbrl.org/2003/role/periodEndLabel"/>
    <link:loc xlink:type="locator" xlink:href="fsa.xsd#fsa_DetailsOnIntangibleAssetsAndPropertyPlanAndEquipmentAbstract" xlink:label="DetailsOnIntangibleAssetsAndPropertyPlanAndEquipmentAbstract" xlink:title="DetailsOnIntangibleAssetsAndPropertyPlanAndEquipmentAbstract"/>
    <link:presentationArc xlink:type="arc" xlink:arcrole="http://www.xbrl.org/2003/arcrole/parent-child" xlink:from="DisclosureOfIntangibleAssetsAndPropertyPlanAndEquipment" xlink:to="DetailsOnIntangibleAssetsAndPropertyPlanAndEquipmentAbstract" xlink:title="presentation: DisclosureOfIntangibleAssetsAndPropertyPlanAndEquipment to DetailsOnIntangibleAssetsAndPropertyPlanAndEquipmentAbstract" order="1.0"/>
    <link:loc xlink:type="locator" xlink:href="fsa.xsd#fsa_IntangibleAssetsAndPropertyPlanAndEquipmentHypercube" xlink:label="IntangibleAssetsAndPropertyPlanAndEquipmentHypercube" xlink:title="IntangibleAssetsAndPropertyPlanAndEquipmentHypercube"/>
    <link:presentationArc xlink:type="arc" xlink:arcrole="http://www.xbrl.org/2003/arcrole/parent-child" xlink:from="DetailsOnIntangibleAssetsAndPropertyPlanAndEquipmentAbstract" xlink:to="IntangibleAssetsAndPropertyPlanAndEquipmentHypercube" xlink:title="presentation: DetailsOnIntangibleAssetsAndPropertyPlanAndEquipmentAbstract to IntangibleAssetsAndPropertyPlanAndEquipmentHypercube" order="1.0"/>
    <link:loc xlink:type="locator" xlink:href="fsa.xsd#fsa_TypeOfIntangibleAssetsAndPropertyPlanAndEquipmentDimension" xlink:label="TypeOfIntangibleAssetsAndPropertyPlanAndEquipmentDimension" xlink:title="TypeOfIntangibleAssetsAndPropertyPlanAndEquipmentDimension"/>
    <link:presentationArc xlink:type="arc" xlink:arcrole="http://www.xbrl.org/2003/arcrole/parent-child" xlink:from="IntangibleAssetsAndPropertyPlanAndEquipmentHypercube" xlink:to="TypeOfIntangibleAssetsAndPropertyPlanAndEquipmentDimension" xlink:title="presentation: IntangibleAssetsAndPropertyPlanAndEquipmentHypercube to TypeOfIntangibleAssetsAndPropertyPlanAndEquipmentDimension" order="1.0"/>
    <link:loc xlink:type="locator" xlink:href="fsa.xsd#fsa_IntangibleAssetsMember" xlink:label="IntangibleAssetsMember" xlink:title="IntangibleAssetsMember"/>
    <link:presentationArc xlink:type="arc" xlink:arcrole="http://www.xbrl.org/2003/arcrole/parent-child" xlink:from="TypeOfIntangibleAssetsAndPropertyPlanAndEquipmentDimension" xlink:to="IntangibleAssetsMember" xlink:title="presentation: TypeOfIntangibleAssetsAndPropertyPlanAndEquipmentDimension to IntangibleAssetsMember" order="1.0"/>
    <link:loc xlink:type="locator" xlink:href="fsa.xsd#fsa_LandAndBuildingsMember" xlink:label="LandAndBuildingsMember" xlink:title="LandAndBuildingsMember"/>
    <link:presentationArc xlink:type="arc" xlink:arcrole="http://www.xbrl.org/2003/arcrole/parent-child" xlink:from="TypeOfIntangibleAssetsAndPropertyPlanAndEquipmentDimension" xlink:to="LandAndBuildingsMember" xlink:title="presentation: TypeOfIntangibleAssetsAndPropertyPlanAndEquipmentDimension to LandAndBuildingsMember" order="2.0"/>
    <link:loc xlink:type="locator" xlink:href="fsa.xsd#fsa_PropertyPlantAndEquipmentInProgressMember" xlink:label="PropertyPlantAndEquipmentInProgressMember" xlink:title="PropertyPlantAndEquipmentInProgressMember"/>
    <link:presentationArc xlink:type="arc" xlink:arcrole="http://www.xbrl.org/2003/arcrole/parent-child" xlink:from="TypeOfIntangibleAssetsAndPropertyPlanAndEquipmentDimension" xlink:to="PropertyPlantAndEquipmentInProgressMember" xlink:title="presentation: TypeOfIntangibleAssetsAndPropertyPlanAndEquipmentDimension to PropertyPlantAndEquipmentInProgressMember" order="3.0"/>
    <link:loc xlink:type="locator" xlink:href="fsa.xsd#fsa_LeaseholdImprovementsMember" xlink:label="LeaseholdImprovementsMember" xlink:title="LeaseholdImprovementsMember"/>
    <link:presentationArc xlink:type="arc" xlink:arcrole="http://www.xbrl.org/2003/arcrole/parent-child" xlink:from="TypeOfIntangibleAssetsAndPropertyPlanAndEquipmentDimension" xlink:to="LeaseholdImprovementsMember" xlink:title="presentation: TypeOfIntangibleAssetsAndPropertyPlanAndEquipmentDimension to LeaseholdImprovementsMember" order="4.0"/>
    <link:loc xlink:type="locator" xlink:href="fsa.xsd#fsa_EquipmentMember" xlink:label="EquipmentMember" xlink:title="EquipmentMember"/>
    <link:presentationArc xlink:type="arc" xlink:arcrole="http://www.xbrl.org/2003/arcrole/parent-child" xlink:from="TypeOfIntangibleAssetsAndPropertyPlanAndEquipmentDimension" xlink:to="EquipmentMember" xlink:title="presentation: TypeOfIntangibleAssetsAndPropertyPlanAndEquipmentDimension to EquipmentMember" order="5.0"/>
    <link:loc xlink:type="locator" xlink:href="fsa.xsd#fsa_InventoryMember" xlink:label="InventoryMember" xlink:title="InventoryMember"/>
    <link:presentationArc xlink:type="arc" xlink:arcrole="http://www.xbrl.org/2003/arcrole/parent-child" xlink:from="TypeOfIntangibleAssetsAndPropertyPlanAndEquipmentDimension" xlink:to="InventoryMember" xlink:title="presentation: TypeOfIntangibleAssetsAndPropertyPlanAndEquipmentDimension to InventoryMember" order="6.0"/>
    <link:loc xlink:type="locator" xlink:href="fsa.xsd#fsa_CostpriceAbstract" xlink:label="CostpriceAbstract" xlink:title="CostpriceAbstract"/>
    <link:presentationArc xlink:type="arc" xlink:arcrole="http://www.xbrl.org/2003/arcrole/parent-child" xlink:from="DetailsOnIntangibleAssetsAndPropertyPlanAndEquipmentAbstract" xlink:to="CostpriceAbstract" xlink:title="presentation: DetailsOnIntangibleAssetsAndPropertyPlanAndEquipmentAbstract to CostpriceAbstract" order="2.0"/>
    <link:loc xlink:type="locator" xlink:href="fsa.xsd#fsa_IntangibleAssetsAndPropertyPlanAndEquipmentCostprice" xlink:label="IntangibleAssetsAndPropertyPlanAndEquipmentCostprice" xlink:title="IntangibleAssetsAndPropertyPlanAndEquipmentCostprice"/>
    <link:presentationArc xlink:type="arc" xlink:arcrole="http://www.xbrl.org/2003/arcrole/parent-child" xlink:from="CostpriceAbstract" xlink:to="IntangibleAssetsAndPropertyPlanAndEquipmentCostprice" xlink:title="presentation: CostpriceAbstract to IntangibleAssetsAndPropertyPlanAndEquipmentCostprice" order="1.0" preferredLabel="http://www.xbrl.org/2003/role/periodStartLabel"/>
    <link:loc xlink:type="locator" xlink:href="fsa.xsd#fsa_IntangibleAssetsAndPropertyPlanAndEquipmentCostprice" xlink:label="IntangibleAssetsAndPropertyPlanAndEquipmentCostprice_2" xlink:title="IntangibleAssetsAndPropertyPlanAndEquipmentCostprice"/>
    <link:presentationArc xlink:type="arc" xlink:arcrole="http://www.xbrl.org/2003/arcrole/parent-child" xlink:from="CostpriceAbstract" xlink:to="IntangibleAssetsAndPropertyPlanAndEquipmentCostprice_2" xlink:title="presentation: CostpriceAbstract to IntangibleAssetsAndPropertyPlanAndEquipmentCostprice" order="4.0" preferredLabel="http://www.xbrl.org/2003/role/periodEndLabel"/>
    <link:loc xlink:type="locator" xlink:href="fsa.xsd#fsa_AdditionsToIntangibleAssetsAndPropertyPlanAndEquipmentInReportingPeriodCostprice" xlink:label="AdditionsToIntangibleAssetsAndPropertyPlanAndEquipmentInReportingPeriodCostprice" xlink:title="AdditionsToIntangibleAssetsAndPropertyPlanAndEquipmentInReportingPeriodCostprice"/>
    <link:presentationArc xlink:type="arc" xlink:arcrole="http://www.xbrl.org/2003/arcrole/parent-child" xlink:from="CostpriceAbstract" xlink:to="AdditionsToIntangibleAssetsAndPropertyPlanAndEquipmentInReportingPeriodCostprice" xlink:title="presentation: CostpriceAbstract to AdditionsToIntangibleAssetsAndPropertyPlanAndEquipmentInReportingPeriodCostprice" order="2.0"/>
    <link:loc xlink:type="locator" xlink:href="fsa.xsd#fsa_DisposalsOfIntangibleAssetsAndPropertyPlanAndEquipmentInReportingPeriodCostprice" xlink:label="DisposalsOfIntangibleAssetsAndPropertyPlanAndEquipmentInReportingPeriodCostprice" xlink:title="DisposalsOfIntangibleAssetsAndPropertyPlanAndEquipmentInReportingPeriodCostprice"/>
    <link:presentationArc xlink:type="arc" xlink:arcrole="http://www.xbrl.org/2003/arcrole/parent-child" xlink:from="CostpriceAbstract" xlink:to="DisposalsOfIntangibleAssetsAndPropertyPlanAndEquipmentInReportingPeriodCostprice" xlink:title="presentation: CostpriceAbstract to DisposalsOfIntangibleAssetsAndPropertyPlanAndEquipmentInReportingPeriodCostprice" order="3.0"/>
    <link:loc xlink:type="locator" xlink:href="fsa.xsd#fsa_RevaluationsAbstract" xlink:label="RevaluationsAbstract" xlink:title="RevaluationsAbstract"/>
    <link:presentationArc xlink:type="arc" xlink:arcrole="http://www.xbrl.org/2003/arcrole/parent-child" xlink:from="DetailsOnIntangibleAssetsAndPropertyPlanAndEquipmentAbstract" xlink:to="RevaluationsAbstract" xlink:title="presentation: DetailsOnIntangibleAssetsAndPropertyPlanAndEquipmentAbstract to RevaluationsAbstract" order="3.0"/>
    <link:loc xlink:type="locator" xlink:href="fsa.xsd#fsa_RevaluationsOfIntangibleAssetsAndPropertyPlanAndEquipment" xlink:label="RevaluationsOfIntangibleAssetsAndPropertyPlanAndEquipment" xlink:title="RevaluationsOfIntangibleAssetsAndPropertyPlanAndEquipment"/>
    <link:presentationArc xlink:type="arc" xlink:arcrole="http://www.xbrl.org/2003/arcrole/parent-child" xlink:from="RevaluationsAbstract" xlink:to="RevaluationsOfIntangibleAssetsAndPropertyPlanAndEquipment" xlink:title="presentation: RevaluationsAbstract to RevaluationsOfIntangibleAssetsAndPropertyPlanAndEquipment" order="1.0" preferredLabel="http://www.xbrl.org/2003/role/periodStartLabel"/>
    <link:loc xlink:type="locator" xlink:href="fsa.xsd#fsa_RevaluationsOfIntangibleAssetsAndPropertyPlanAndEquipment" xlink:label="RevaluationsOfIntangibleAssetsAndPropertyPlanAndEquipment_2" xlink:title="RevaluationsOfIntangibleAssetsAndPropertyPlanAndEquipment"/>
    <link:presentationArc xlink:type="arc" xlink:arcrole="http://www.xbrl.org/2003/arcrole/parent-child" xlink:from="RevaluationsAbstract" xlink:to="RevaluationsOfIntangibleAssetsAndPropertyPlanAndEquipment_2" xlink:title="presentation: RevaluationsAbstract to RevaluationsOfIntangibleAssetsAndPropertyPlanAndEquipment" order="3.0" preferredLabel="http://www.xbrl.org/2003/role/periodEndLabel"/>
    <link:loc xlink:type="locator" xlink:href="fsa.xsd#fsa_RevaluationsOfIntangibleAssetsAndPropertyPlanAndEquipmentInReportingPeriod" xlink:label="RevaluationsOfIntangibleAssetsAndPropertyPlanAndEquipmentInReportingPeriod" xlink:title="RevaluationsOfIntangibleAssetsAndPropertyPlanAndEquipmentInReportingPeriod"/>
    <link:presentationArc xlink:type="arc" xlink:arcrole="http://www.xbrl.org/2003/arcrole/parent-child" xlink:from="RevaluationsAbstract" xlink:to="RevaluationsOfIntangibleAssetsAndPropertyPlanAndEquipmentInReportingPeriod" xlink:title="presentation: RevaluationsAbstract to RevaluationsOfIntangibleAssetsAndPropertyPlanAndEquipmentInReportingPeriod" order="2.0"/>
    <link:loc xlink:type="locator" xlink:href="fsa.xsd#fsa_AccumulatedDepreciationAmortisationExpenseAndImpairmentLossesAbstract" xlink:label="AccumulatedDepreciationAmortisationExpenseAndImpairmentLossesAbstract" xlink:title="AccumulatedDepreciationAmortisationExpenseAndImpairmentLossesAbstract"/>
    <link:presentationArc xlink:type="arc" xlink:arcrole="http://www.xbrl.org/2003/arcrole/parent-child" xlink:from="DetailsOnIntangibleAssetsAndPropertyPlanAndEquipmentAbstract" xlink:to="AccumulatedDepreciationAmortisationExpenseAndImpairmentLossesAbstract" xlink:title="presentation: DetailsOnIntangibleAssetsAndPropertyPlanAndEquipmentAbstract to AccumulatedDepreciationAmortisationExpenseAndImpairmentLossesAbstract" order="4.0"/>
    <link:loc xlink:type="locator" xlink:href="fsa.xsd#fsa_AccumulatedDepreciationAmortisationExpenseAndImpairmentLossesFromIntangibleAssetsAndPropertyPlanAndEquipment" xlink:label="AccumulatedDepreciationAmortisationExpenseAndImpairmentLossesFromIntangibleAssetsAndPropertyPlanAndEquipment" xlink:title="AccumulatedDepreciationAmortisationExpenseAndImpairmentLossesFromIntangibleAssetsAndPropertyPlanAndEquipment"/>
    <link:presentationArc xlink:type="arc" xlink:arcrole="http://www.xbrl.org/2003/arcrole/parent-child" xlink:from="AccumulatedDepreciationAmortisationExpenseAndImpairmentLossesAbstract" xlink:to="AccumulatedDepreciationAmortisationExpenseAndImpairmentLossesFromIntangibleAssetsAndPropertyPlanAndEquipment" xlink:title="presentation: AccumulatedDepreciationAmortisationExpenseAndImpairmentLossesAbstract to AccumulatedDepreciationAmortisationExpenseAndImpairmentLossesFromIntangibleAssetsAndPropertyPlanAndEquipment" order="1.0" preferredLabel="http://www.xbrl.org/2003/role/periodStartLabel"/>
    <link:loc xlink:type="locator" xlink:href="fsa.xsd#fsa_AccumulatedDepreciationAmortisationExpenseAndImpairmentLossesFromIntangibleAssetsAndPropertyPlanAndEquipment" xlink:label="AccumulatedDepreciationAmortisationExpenseAndImpairmentLossesFromIntangibleAssetsAndPropertyPlanAndEquipment_2" xlink:title="AccumulatedDepreciationAmortisationExpenseAndImpairmentLossesFromIntangibleAssetsAndPropertyPlanAndEquipment"/>
    <link:presentationArc xlink:type="arc" xlink:arcrole="http://www.xbrl.org/2003/arcrole/parent-child" xlink:from="AccumulatedDepreciationAmortisationExpenseAndImpairmentLossesAbstract" xlink:to="AccumulatedDepreciationAmortisationExpenseAndImpairmentLossesFromIntangibleAssetsAndPropertyPlanAndEquipment_2" xlink:title="presentation: AccumulatedDepreciationAmortisationExpenseAndImpairmentLossesAbstract to AccumulatedDepreciationAmortisationExpenseAndImpairmentLossesFromIntangibleAssetsAndPropertyPlanAndEquipment" order="4.0" preferredLabel="http://www.xbrl.org/2003/role/periodEndLabel"/>
    <link:loc xlink:type="locator" xlink:href="fsa.xsd#fsa_DepreciationAmortisationExpenseAndImpairmentLossesFromIntangibleAssetsAndPropertyPlanAndEquipmentInReportingPeriod" xlink:label="DepreciationAmortisationExpenseAndImpairmentLossesFromIntangibleAssetsAndPropertyPlanAndEquipmentInReportingPeriod" xlink:title="DepreciationAmortisationExpenseAndImpairmentLossesFromIntangibleAssetsAndPropertyPlanAndEquipmentInReportingPeriod"/>
    <link:presentationArc xlink:type="arc" xlink:arcrole="http://www.xbrl.org/2003/arcrole/parent-child" xlink:from="AccumulatedDepreciationAmortisationExpenseAndImpairmentLossesAbstract" xlink:to="DepreciationAmortisationExpenseAndImpairmentLossesFromIntangibleAssetsAndPropertyPlanAndEquipmentInReportingPeriod" xlink:title="presentation: AccumulatedDepreciationAmortisationExpenseAndImpairmentLossesAbstract to DepreciationAmortisationExpenseAndImpairmentLossesFromIntangibleAssetsAndPropertyPlanAndEquipmentInReportingPeriod" order="2.0"/>
    <link:loc xlink:type="locator" xlink:href="fsa.xsd#fsa_ReversalOfDepreciationAmortisationExpenseAndImpairmentLossesFromIntangibleAssetsAndPropertyPlanAndEquipment" xlink:label="ReversalOfDepreciationAmortisationExpenseAndImpairmentLossesFromIntangibleAssetsAndPropertyPlanAndEquipment" xlink:title="ReversalOfDepreciationAmortisationExpenseAndImpairmentLossesFromIntangibleAssetsAndPropertyPlanAndEquipment"/>
    <link:presentationArc xlink:type="arc" xlink:arcrole="http://www.xbrl.org/2003/arcrole/parent-child" xlink:from="AccumulatedDepreciationAmortisationExpenseAndImpairmentLossesAbstract" xlink:to="ReversalOfDepreciationAmortisationExpenseAndImpairmentLossesFromIntangibleAssetsAndPropertyPlanAndEquipment" xlink:title="presentation: AccumulatedDepreciationAmortisationExpenseAndImpairmentLossesAbstract to ReversalOfDepreciationAmortisationExpenseAndImpairmentLossesFromIntangibleAssetsAndPropertyPlanAndEquipment" order="3.0"/>
    <link:loc xlink:type="locator" xlink:href="fsa.xsd#fsa_AccountingEstimatesEndingBalanceAbstract" xlink:label="AccountingEstimatesEndingBalanceAbstract" xlink:title="AccountingEstimatesEndingBalanceAbstract"/>
    <link:presentationArc xlink:type="arc" xlink:arcrole="http://www.xbrl.org/2003/arcrole/parent-child" xlink:from="DetailsOnIntangibleAssetsAndPropertyPlanAndEquipmentAbstract" xlink:to="AccountingEstimatesEndingBalanceAbstract" xlink:title="presentation: DetailsOnIntangibleAssetsAndPropertyPlanAndEquipmentAbstract to AccountingEstimatesEndingBalanceAbstract" order="5.0"/>
    <link:presentationArc xlink:type="arc" xlink:arcrole="http://www.xbrl.org/2003/arcrole/parent-child" xlink:from="AccountingEstimatesEndingBalanceAbstract" xlink:to="IntangibleAssetsAndPropertyPlanAndEquipment" xlink:title="presentation: AccountingEstimatesEndingBalanceAbstract to IntangibleAssetsAndPropertyPlanAndEquipment" order="1.0" preferredLabel="http://www.xbrl.org/2003/role/periodEndLabel"/>
    <link:loc xlink:type="locator" xlink:href="fsa.xsd#fsa_PublicValuationOfLandAndBuildings" xlink:label="PublicValuationOfLandAndBuildings" xlink:title="PublicValuationOfLandAndBuildings"/>
    <link:presentationArc xlink:type="arc" xlink:arcrole="http://www.xbrl.org/2003/arcrole/parent-child" xlink:from="DisclosureOfIntangibleAssetsAndPropertyPlanAndEquipment" xlink:to="PublicValuationOfLandAndBuildings" xlink:title="presentation: DisclosureOfIntangibleAssetsAndPropertyPlanAndEquipment to PublicValuationOfLandAndBuildings" order="2.0"/>
    <link:loc xlink:type="locator" xlink:href="fsa.xsd#fsa_PropertyPlantAndEquipmentInProgressAndCompletedNotIncludedInPublicValuation" xlink:label="PropertyPlantAndEquipmentInProgressAndCompletedNotIncludedInPublicValuation" xlink:title="PropertyPlantAndEquipmentInProgressAndCompletedNotIncludedInPublicValuation"/>
    <link:presentationArc xlink:type="arc" xlink:arcrole="http://www.xbrl.org/2003/arcrole/parent-child" xlink:from="DisclosureOfIntangibleAssetsAndPropertyPlanAndEquipment" xlink:to="PropertyPlantAndEquipmentInProgressAndCompletedNotIncludedInPublicValuation" xlink:title="presentation: DisclosureOfIntangibleAssetsAndPropertyPlanAndEquipment to PropertyPlantAndEquipmentInProgressAndCompletedNotIncludedInPublicValuation" order="3.0"/>
    <link:presentationArc xlink:type="arc" xlink:arcrole="http://www.xbrl.org/2003/arcrole/parent-child" xlink:from="DisclosureOfBalanceSheet" xlink:to="CommonHypercube" xlink:title="presentation: DisclosureOfBalanceSheet to CommonHypercube" order="999.0"/>
    <link:loc xlink:type="locator" xlink:href="fsa.xsd#fsa_DisclosureOfShorttermInvestments" xlink:label="DisclosureOfShorttermInvestments" xlink:title="DisclosureOfShorttermInvestments"/>
    <link:presentationArc xlink:type="arc" xlink:arcrole="http://www.xbrl.org/2003/arcrole/parent-child" xlink:from="DisclosureOfBalanceSheet" xlink:to="DisclosureOfShorttermInvestments" xlink:title="presentation: DisclosureOfBalanceSheet to DisclosureOfShorttermInvestments" order="3.0" preferredLabel="http://uvm.dk/"/>
    <link:presentationArc xlink:type="arc" xlink:arcrole="http://www.xbrl.org/2003/arcrole/parent-child" xlink:from="DisclosureOfShorttermInvestments" xlink:to="ShorttermInvestments" xlink:title="presentation: DisclosureOfShorttermInvestments to ShorttermInvestments" order="4.0" preferredLabel="http://www.xbrl.org/2003/role/totalLabel"/>
    <link:loc xlink:type="locator" xlink:href="fsa.xsd#fsa_DescriptionOfFinancialInstrumentsAssets" xlink:label="DescriptionOfFinancialInstrumentsAssets" xlink:title="DescriptionOfFinancialInstrumentsAssets"/>
    <link:presentationArc xlink:type="arc" xlink:arcrole="http://www.xbrl.org/2003/arcrole/parent-child" xlink:from="DisclosureOfBalanceSheet" xlink:to="DescriptionOfFinancialInstrumentsAssets" xlink:title="presentation: DisclosureOfBalanceSheet to DescriptionOfFinancialInstrumentsAssets" order="2.0"/>
    <link:loc xlink:type="locator" xlink:href="fsa.xsd#fsa_FinancialInstrumentsAssets" xlink:label="FinancialInstrumentsAssets" xlink:title="FinancialInstrumentsAssets"/>
    <link:presentationArc xlink:type="arc" xlink:arcrole="http://www.xbrl.org/2003/arcrole/parent-child" xlink:from="DescriptionOfFinancialInstrumentsAssets" xlink:to="FinancialInstrumentsAssets" xlink:title="presentation: DescriptionOfFinancialInstrumentsAssets to FinancialInstrumentsAssets" order="1.0" preferredLabel="http://www.xbrl.org/2003/role/totalLabel"/>
    <link:loc xlink:type="locator" xlink:href="fsa.xsd#fsa_DescriptionOfFinancialInstrumentsProvisions" xlink:label="DescriptionOfFinancialInstrumentsProvisions" xlink:title="DescriptionOfFinancialInstrumentsProvisions"/>
    <link:presentationArc xlink:type="arc" xlink:arcrole="http://www.xbrl.org/2003/arcrole/parent-child" xlink:from="DisclosureOfBalanceSheet" xlink:to="DescriptionOfFinancialInstrumentsProvisions" xlink:title="presentation: DisclosureOfBalanceSheet to DescriptionOfFinancialInstrumentsProvisions" order="16.0"/>
    <link:loc xlink:type="locator" xlink:href="fsa.xsd#fsa_FinancialInstrumentsProvisions" xlink:label="FinancialInstrumentsProvisions" xlink:title="FinancialInstrumentsProvisions"/>
    <link:presentationArc xlink:type="arc" xlink:arcrole="http://www.xbrl.org/2003/arcrole/parent-child" xlink:from="DescriptionOfFinancialInstrumentsProvisions" xlink:to="FinancialInstrumentsProvisions" xlink:title="presentation: DescriptionOfFinancialInstrumentsProvisions to FinancialInstrumentsProvisions" order="1.0" preferredLabel="http://www.xbrl.org/2003/role/totalLabel"/>
  </link:presentationLink>
</link:linkbase>
