<?xml version="1.0" encoding="UTF-8"?>
<!-- Generated by Fujitsu Interstage XWand B0251 -->
<?officialURI http://archprod.service.eogs.dk/taxonomy/20201001/fsa/50Nrii_pre.xml?>

<?taxonomy-version 1.7.0?>

<link:linkbase xmlns:xsi="http://www.w3.org/2001/XMLSchema-instance" xsi:schemaLocation="http://www.xbrl.org/2003/linkbase http://www.xbrl.org/2003/xbrl-linkbase-2003-12-31.xsd" xmlns:link="http://www.xbrl.org/2003/linkbase" xmlns:entry="http://xbrl.dcca.dk/entryBalanceSheetAccountByCurrentAndLongTermFormIncomeStatementByFunction" xmlns:xbrli="http://www.xbrl.org/2003/instance" xmlns:xlink="http://www.w3.org/1999/xlink">
  <link:roleRef roleURI="http://xbrl.dcca.dk/role/50N.00/IncomeStatement/RequiredInformation" xlink:type="simple" xlink:href="fsa.xsd#fsa_RoleIncomeStatementRequiredInformation"/>
  <link:presentationLink xlink:type="extended" xlink:role="http://xbrl.dcca.dk/role/50N.00/IncomeStatement/RequiredInformation">
    <link:loc xlink:type="locator" xlink:href="../cmn.xsd#cmn_CommonHypercube" xlink:label="CommonHypercube"/>
    <link:loc xlink:type="locator" xlink:href="../cmn.xsd#cmn_ConsolidatedSoloDimension" xlink:label="ConsolidatedSoloDimension"/>
    <link:presentationArc xlink:type="arc" xlink:arcrole="http://www.xbrl.org/2003/arcrole/parent-child" xlink:from="CommonHypercube" xlink:to="ConsolidatedSoloDimension" xlink:title="presentation: CommonHypercube to ConsolidatedSoloDimension" order="1.0"/>
    <link:loc xlink:type="locator" xlink:href="../cmn.xsd#cmn_ConsolidatedMember" xlink:label="ConsolidatedMember"/>
    <link:presentationArc xlink:type="arc" xlink:arcrole="http://www.xbrl.org/2003/arcrole/parent-child" xlink:from="ConsolidatedSoloDimension" xlink:to="ConsolidatedMember" xlink:title="presentation: ConsolidatedSoloDimension to ConsolidatedMember" order="1.0"/>
    <link:loc xlink:type="locator" xlink:href="../cmn.xsd#cmn_SoloMember" xlink:label="SoloMember"/>
    <link:presentationArc xlink:type="arc" xlink:arcrole="http://www.xbrl.org/2003/arcrole/parent-child" xlink:from="ConsolidatedSoloDimension" xlink:to="SoloMember" xlink:title="presentation: ConsolidatedSoloDimension to SoloMember" order="2.0"/>
    <link:loc xlink:type="locator" xlink:href="fsa.xsd#fsa_GrossAbstract" xlink:label="GrossAbstract" xlink:title="GrossAbstract"/>
    <link:loc xlink:type="locator" xlink:href="fsa.xsd#fsa_Revenue" xlink:label="Revenue" xlink:title="Revenue"/>
    <link:presentationArc xlink:type="arc" xlink:arcrole="http://www.xbrl.org/2003/arcrole/parent-child" xlink:from="GrossAbstract" xlink:to="Revenue" xlink:title="presentation: GrossAbstract to Revenue" order="1.0"/>
    <link:loc xlink:type="locator" xlink:href="../dst/dst.xsd#dst_IncomeStatementAbstract" xlink:label="IncomeStatementAbstract" xlink:title="IncomeStatementAbstract"/>
    <link:presentationArc xlink:type="arc" xlink:arcrole="http://www.xbrl.org/2003/arcrole/parent-child" xlink:from="IncomeStatementAbstract" xlink:to="GrossAbstract" xlink:title="presentation: IncomeStatementAbstract to GrossAbstract" order="1.0"/>
    <link:presentationArc xlink:type="arc" xlink:arcrole="http://www.xbrl.org/2003/arcrole/parent-child" xlink:from="IncomeStatementAbstract" xlink:to="CommonHypercube" xlink:title="presentation: IncomeStatementAbstract to CommonHypercube" order="2.0"/>
  </link:presentationLink>
</link:linkbase>
