<?xml version="1.0" encoding="UTF-8"?>
<!-- Generated by Fujitsu Interstage XWand B0251 -->
<?officialURI http://archprod.service.eogs.dk/taxonomy/20201001/fsa/554ksk_def.xml?>

<?taxonomy-version 1.7.0?>

<link:linkbase xmlns:xsi="http://www.w3.org/2001/XMLSchema-instance" xsi:schemaLocation="http://www.xbrl.org/2003/linkbase http://www.xbrl.org/2003/xbrl-linkbase-2003-12-31.xsd" xmlns:link="http://www.xbrl.org/2003/linkbase" xmlns:tch="http://xbrl.dcca.dk/tch" xmlns:entry="http://xbrl.dcca.dk/entryUvmKsk" xmlns:xlink="http://www.w3.org/1999/xlink" xmlns:xbrli="http://www.xbrl.org/2003/instance" xmlns:xbrldt="http://xbrl.org/2005/xbrldt">
  <link:roleRef roleURI="http://xbrl.dcca.dk/role/901.01/DimensionConsolidatedSolo" xlink:type="simple" xlink:href="../cmn.xsd#cmn_RoleDimensionConsolidatedSolo"/>
  <link:roleRef roleURI="http://xbrl.dcca.dk/role/950.01/DimensionsUvm" xlink:type="simple" xlink:href="fsa.xsd#fsa_RoleDimensionUvm"/>
  <link:roleRef roleURI="http://xbrl.dcca.dk/role/554.00/IncomeStatementUvmSk" xlink:type="simple" xlink:href="fsa.xsd#fsa_RoleIncomeStatementUvmSk"/>
  <link:roleRef roleURI="http://xbrl.dcca.dk/role/554.02/SpecialExpensesUvmSk" xlink:type="simple" xlink:href="fsa.xsd#fsa_RoleHypercubeDisclosureOfIncomeSpecialExpensesUvmSK"/>
  <link:roleRef roleURI="http://xbrl.dcca.dk/role/554.01/SpecialIncomeUvmSk" xlink:type="simple" xlink:href="fsa.xsd#fsa_RoleHypercubeDisclosureOfIncomeSpecialIncomeUvmSK"/>
  <link:roleRef roleURI="http://xbrl.dcca.dk/role/554.00/IncomeStatementUvmSk/Details" xlink:type="simple" xlink:href="fsa.xsd#fsa_RoleIncomeStatementUvmSkDetails"/>
  <link:roleRef roleURI="http://xbrl.dcca.dk/role/554.00/IncomeStatementUvmSkDisclosures" xlink:type="simple" xlink:href="fsa.xsd#fsa_RoleIncomeStatementUvmSkDisclosures"/>
  <link:arcroleRef arcroleURI="http://xbrl.org/int/dim/arcrole/all" xlink:type="simple" xlink:href="http://www.xbrl.org/2005/xbrldt-2005.xsd#all"/>
  <link:arcroleRef arcroleURI="http://xbrl.org/int/dim/arcrole/domain-member" xlink:type="simple" xlink:href="http://www.xbrl.org/2005/xbrldt-2005.xsd#domain-member"/>
  <link:arcroleRef arcroleURI="http://xbrl.org/int/dim/arcrole/hypercube-dimension" xlink:type="simple" xlink:href="http://www.xbrl.org/2005/xbrldt-2005.xsd#hypercube-dimension"/>
  <link:arcroleRef arcroleURI="http://xbrl.org/int/dim/arcrole/dimension-domain" xlink:type="simple" xlink:href="http://www.xbrl.org/2005/xbrldt-2005.xsd#dimension-domain"/>
  <link:definitionLink xlink:type="extended" xlink:role="http://xbrl.dcca.dk/role/554.00/IncomeStatementUvmSk">
    <link:loc xlink:type="locator" xlink:href="../cmn.xsd#cmn_CommonHypercube" xlink:label="CommonHypercube"/>
    <link:loc xlink:type="locator" xlink:href="../cmn.xsd#cmn_ConsolidatedSoloDimension" xlink:label="ConsolidatedSoloDimension"/>
    <link:definitionArc xlink:type="arc" xlink:arcrole="http://xbrl.org/int/dim/arcrole/hypercube-dimension" xlink:from="CommonHypercube" xlink:to="ConsolidatedSoloDimension" xlink:title="definition: CommonHypercube to ConsolidatedSoloDimension" order="1.0" xbrldt:targetRole="http://xbrl.dcca.dk/role/901.01/DimensionConsolidatedSolo"/>
    <link:loc xlink:type="locator" xlink:href="fsa.xsd#fsa_IncomeStatementRegAbstract" xlink:label="IncomeStatementRegAbstract" xlink:title="IncomeStatementRegAbstract"/>
    <link:loc xlink:type="locator" xlink:href="fsa.xsd#fsa_Revenue" xlink:label="Revenue" xlink:title="Revenue"/>
    <link:definitionArc xlink:type="arc" xlink:arcrole="http://xbrl.org/int/dim/arcrole/domain-member" xlink:from="IncomeStatementRegAbstract" xlink:to="Revenue" xlink:title="definition: IncomeStatementRegAbstract to Revenue" order="1.0"/>
    <link:loc xlink:type="locator" xlink:href="fsa.xsd#fsa_StateGrants" xlink:label="StateGrants" xlink:title="StateGrants"/>
    <link:definitionArc xlink:type="arc" xlink:arcrole="http://xbrl.org/int/dim/arcrole/domain-member" xlink:from="Revenue" xlink:to="StateGrants" xlink:title="definition: Revenue to StateGrants" order="1.0"/>
    <link:loc xlink:type="locator" xlink:href="fsa.xsd#fsa_OtherIncomeAndGrants" xlink:label="OtherIncomeAndGrants" xlink:title="OtherIncomeAndGrants"/>
    <link:definitionArc xlink:type="arc" xlink:arcrole="http://xbrl.org/int/dim/arcrole/domain-member" xlink:from="Revenue" xlink:to="OtherIncomeAndGrants" xlink:title="definition: Revenue to OtherIncomeAndGrants" order="3.0"/>
    <link:loc xlink:type="locator" xlink:href="fsa.xsd#fsa_Expenses" xlink:label="Expenses" xlink:title="Expenses"/>
    <link:definitionArc xlink:type="arc" xlink:arcrole="http://xbrl.org/int/dim/arcrole/domain-member" xlink:from="IncomeStatementRegAbstract" xlink:to="Expenses" xlink:title="definition: IncomeStatementRegAbstract to Expenses" order="3.0"/>
    <link:loc xlink:type="locator" xlink:href="fsa.xsd#fsa_BuildingOperatingExpensesSk" xlink:label="BuildingOperatingExpensesSk" xlink:title="BuildingOperatingExpensesSk"/>
    <link:definitionArc xlink:type="arc" xlink:arcrole="http://xbrl.org/int/dim/arcrole/domain-member" xlink:from="Expenses" xlink:to="BuildingOperatingExpensesSk" xlink:title="definition: Expenses to BuildingOperatingExpensesSk" order="2.0"/>
    <link:loc xlink:type="locator" xlink:href="fsa.xsd#fsa_WagesAndSalariesBuildingOperating" xlink:label="WagesAndSalariesBuildingOperating" xlink:title="WagesAndSalariesBuildingOperating"/>
    <link:definitionArc xlink:type="arc" xlink:arcrole="http://xbrl.org/int/dim/arcrole/domain-member" xlink:from="BuildingOperatingExpensesSk" xlink:to="WagesAndSalariesBuildingOperating" xlink:title="definition: BuildingOperatingExpensesSk to WagesAndSalariesBuildingOperating" order="1.0"/>
    <link:loc xlink:type="locator" xlink:href="fsa.xsd#fsa_OtherExpensesBuildingOperating" xlink:label="OtherExpensesBuildingOperating" xlink:title="OtherExpensesBuildingOperating"/>
    <link:definitionArc xlink:type="arc" xlink:arcrole="http://xbrl.org/int/dim/arcrole/domain-member" xlink:from="BuildingOperatingExpensesSk" xlink:to="OtherExpensesBuildingOperating" xlink:title="definition: BuildingOperatingExpensesSk to OtherExpensesBuildingOperating" order="2.0"/>
    <link:loc xlink:type="locator" xlink:href="../dst/dst.xsd#dst_ProfitLossBeforeFinancialAndExtraordinaryItems" xlink:label="ProfitLossBeforeFinancialAndExtraordinaryItems" xlink:title="ProfitLossBeforeFinancialAndExtraordinaryItems"/>
    <link:definitionArc xlink:type="arc" xlink:arcrole="http://xbrl.org/int/dim/arcrole/domain-member" xlink:from="IncomeStatementRegAbstract" xlink:to="ProfitLossBeforeFinancialAndExtraordinaryItems" xlink:title="definition: IncomeStatementRegAbstract to ProfitLossBeforeFinancialAndExtraordinaryItems" order="4.0"/>
    <link:loc xlink:type="locator" xlink:href="fsa.xsd#fsa_ResultsFromNetFinancials" xlink:label="ResultsFromNetFinancials" xlink:title="ResultsFromNetFinancials"/>
    <link:definitionArc xlink:type="arc" xlink:arcrole="http://xbrl.org/int/dim/arcrole/domain-member" xlink:from="IncomeStatementRegAbstract" xlink:to="ResultsFromNetFinancials" xlink:title="definition: IncomeStatementRegAbstract to ResultsFromNetFinancials" order="5.0"/>
    <link:loc xlink:type="locator" xlink:href="fsa.xsd#fsa_FinanceIncome" xlink:label="FinanceIncome" xlink:title="FinanceIncome"/>
    <link:definitionArc xlink:type="arc" xlink:arcrole="http://xbrl.org/int/dim/arcrole/domain-member" xlink:from="ResultsFromNetFinancials" xlink:to="FinanceIncome" xlink:title="definition: ResultsFromNetFinancials to FinanceIncome" order="1.0"/>
    <link:loc xlink:type="locator" xlink:href="fsa.xsd#fsa_FinanceExpenses" xlink:label="FinanceExpenses" xlink:title="FinanceExpenses"/>
    <link:definitionArc xlink:type="arc" xlink:arcrole="http://xbrl.org/int/dim/arcrole/domain-member" xlink:from="ResultsFromNetFinancials" xlink:to="FinanceExpenses" xlink:title="definition: ResultsFromNetFinancials to FinanceExpenses" order="2.0"/>
    <link:loc xlink:type="locator" xlink:href="fsa.xsd#fsa_ProfitLoss" xlink:label="ProfitLoss" xlink:title="ProfitLoss"/>
    <link:definitionArc xlink:type="arc" xlink:arcrole="http://xbrl.org/int/dim/arcrole/domain-member" xlink:from="IncomeStatementRegAbstract" xlink:to="ProfitLoss" xlink:title="definition: IncomeStatementRegAbstract to ProfitLoss" order="6.0"/>
    <link:loc xlink:type="locator" xlink:href="fsa.xsd#fsa_ProfitLossExcludingSpecialItems" xlink:label="ProfitLossExcludingSpecialItems" xlink:title="ProfitLossExcludingSpecialItems"/>
    <link:definitionArc xlink:type="arc" xlink:arcrole="http://xbrl.org/int/dim/arcrole/domain-member" xlink:from="IncomeStatementRegAbstract" xlink:to="ProfitLossExcludingSpecialItems" xlink:title="definition: IncomeStatementRegAbstract to ProfitLossExcludingSpecialItems" order="8.0"/>
    <link:definitionArc xlink:type="arc" xlink:arcrole="http://xbrl.org/int/dim/arcrole/all" xlink:from="IncomeStatementRegAbstract" xlink:to="CommonHypercube" xlink:title="definition: IncomeStatementRegAbstract to CommonHypercube" order="99.0" xbrldt:contextElement="scenario" xbrldt:closed="true"/>
  </link:definitionLink>
  <link:definitionLink xlink:type="extended" xlink:role="http://xbrl.dcca.dk/role/554.01/SpecialIncomeUvmSk">
    <link:loc xlink:type="locator" xlink:href="fsa.xsd#fsa_SpecificationOfSpecialIncomesHypercube" xlink:label="SpecificationOfSpecialIncomesHypercube" xlink:title="SpecificationOfSpecialIncomesHypercube"/>
    <link:loc xlink:type="locator" xlink:href="fsa.xsd#fsa_IdentificationOfSpecialIncomeDimension" xlink:label="IdentificationOfSpecialIncomeDimension" xlink:title="IdentificationOfSpecialIncomeDimension"/>
    <link:definitionArc xlink:type="arc" xlink:arcrole="http://xbrl.org/int/dim/arcrole/hypercube-dimension" xlink:from="SpecificationOfSpecialIncomesHypercube" xlink:to="IdentificationOfSpecialIncomeDimension" xlink:title="definition: SpecificationOfSpecialIncomesHypercube to IdentificationOfSpecialIncomeDimension" order="1.0"/>
    <link:loc xlink:type="locator" xlink:href="../cmn.xsd#cmn_ConsolidatedSoloDimension" xlink:label="ConsolidatedSoloDimension" xlink:title="ConsolidatedSoloDimension"/>
    <link:definitionArc xlink:type="arc" xlink:arcrole="http://xbrl.org/int/dim/arcrole/hypercube-dimension" xlink:from="SpecificationOfSpecialIncomesHypercube" xlink:to="ConsolidatedSoloDimension" xlink:title="definition: SpecificationOfSpecialIncomesHypercube to ConsolidatedSoloDimension" order="2.0" xbrldt:targetRole="http://xbrl.dcca.dk/role/901.01/DimensionConsolidatedSolo"/>
  </link:definitionLink>
  <link:definitionLink xlink:type="extended" xlink:role="http://xbrl.dcca.dk/role/554.02/SpecialExpensesUvmSk">
    <link:loc xlink:type="locator" xlink:href="fsa.xsd#fsa_DetailsOnSpecialExpensesHypercube" xlink:label="DetailsOnSpecialExpensesHypercube" xlink:title="DetailsOnSpecialExpensesHypercube"/>
    <link:loc xlink:type="locator" xlink:href="fsa.xsd#fsa_IdentificationOfSpecialExpenseDimension" xlink:label="IdentificationOfSpecialExpenseDimension" xlink:title="IdentificationOfSpecialExpenseDimension"/>
    <link:definitionArc xlink:type="arc" xlink:arcrole="http://xbrl.org/int/dim/arcrole/hypercube-dimension" xlink:from="DetailsOnSpecialExpensesHypercube" xlink:to="IdentificationOfSpecialExpenseDimension" xlink:title="definition: DetailsOnSpecialExpensesHypercube to IdentificationOfSpecialExpenseDimension" order="1.0"/>
    <link:loc xlink:type="locator" xlink:href="../cmn.xsd#cmn_ConsolidatedSoloDimension" xlink:label="ConsolidatedSoloDimension" xlink:title="ConsolidatedSoloDimension"/>
    <link:definitionArc xlink:type="arc" xlink:arcrole="http://xbrl.org/int/dim/arcrole/hypercube-dimension" xlink:from="DetailsOnSpecialExpensesHypercube" xlink:to="ConsolidatedSoloDimension" xlink:title="definition: DetailsOnSpecialExpensesHypercube to ConsolidatedSoloDimension" order="2.0" xbrldt:targetRole="http://xbrl.dcca.dk/role/901.01/DimensionConsolidatedSolo"/>
  </link:definitionLink>
  <link:definitionLink xlink:type="extended" xlink:role="http://xbrl.dcca.dk/role/554.00/IncomeStatementUvmSk/Details">
    <link:loc xlink:type="locator" xlink:href="fsa.xsd#fsa_DetailsOnSpecialIncomesAbstract" xlink:label="DetailsOnSpecialIncomesAbstract" xlink:title="DetailsOnSpecialIncomesAbstract"/>
    <link:loc xlink:type="locator" xlink:href="fsa.xsd#fsa_SpecificationOfSpecialIncomesHypercube" xlink:label="SpecificationOfSpecialIncomesHypercube" xlink:title="SpecificationOfSpecialIncomesHypercube"/>
    <link:definitionArc xlink:type="arc" xlink:arcrole="http://xbrl.org/int/dim/arcrole/all" xlink:from="DetailsOnSpecialIncomesAbstract" xlink:to="SpecificationOfSpecialIncomesHypercube" xlink:title="definition: DetailsOnSpecialIncomesAbstract to SpecificationOfSpecialIncomesHypercube" order="1.0" xbrldt:targetRole="http://xbrl.dcca.dk/role/554.01/SpecialIncomeUvmSk" xbrldt:contextElement="scenario" xbrldt:closed="true"/>
    <link:loc xlink:type="locator" xlink:href="fsa.xsd#fsa_DescriptionOfSpecialIncome" xlink:label="DescriptionOfSpecialIncome" xlink:title="DescriptionOfSpecialIncome"/>
    <link:definitionArc xlink:type="arc" xlink:arcrole="http://xbrl.org/int/dim/arcrole/domain-member" xlink:from="DetailsOnSpecialIncomesAbstract" xlink:to="DescriptionOfSpecialIncome" xlink:title="definition: DetailsOnSpecialIncomesAbstract to DescriptionOfSpecialIncome" order="2.0"/>
    <link:loc xlink:type="locator" xlink:href="fsa.xsd#fsa_SpecialIncome" xlink:label="SpecialIncome" xlink:title="SpecialIncome"/>
    <link:definitionArc xlink:type="arc" xlink:arcrole="http://xbrl.org/int/dim/arcrole/domain-member" xlink:from="DetailsOnSpecialIncomesAbstract" xlink:to="SpecialIncome" xlink:title="definition: DetailsOnSpecialIncomesAbstract to SpecialIncome" order="3.0"/>
    <link:loc xlink:type="locator" xlink:href="fsa.xsd#fsa_DetailsOnSpecialExpensesAbstract" xlink:label="DetailsOnSpecialExpensesAbstract" xlink:title="DetailsOnSpecialExpensesAbstract"/>
    <link:loc xlink:type="locator" xlink:href="fsa.xsd#fsa_DetailsOnSpecialExpensesHypercube" xlink:label="DetailsOnSpecialExpensesHypercube" xlink:title="DetailsOnSpecialExpensesHypercube"/>
    <link:definitionArc xlink:type="arc" xlink:arcrole="http://xbrl.org/int/dim/arcrole/all" xlink:from="DetailsOnSpecialExpensesAbstract" xlink:to="DetailsOnSpecialExpensesHypercube" xlink:title="definition: DetailsOnSpecialExpensesAbstract to DetailsOnSpecialExpensesHypercube" order="1.0" xbrldt:targetRole="http://xbrl.dcca.dk/role/554.02/SpecialExpensesUvmSk" xbrldt:contextElement="scenario" xbrldt:closed="true"/>
    <link:loc xlink:type="locator" xlink:href="fsa.xsd#fsa_DescriptionOfSpecialExpense" xlink:label="DescriptionOfSpecialExpense" xlink:title="DescriptionOfSpecialExpense"/>
    <link:definitionArc xlink:type="arc" xlink:arcrole="http://xbrl.org/int/dim/arcrole/domain-member" xlink:from="DetailsOnSpecialExpensesAbstract" xlink:to="DescriptionOfSpecialExpense" xlink:title="definition: DetailsOnSpecialExpensesAbstract to DescriptionOfSpecialExpense" order="2.0"/>
    <link:loc xlink:type="locator" xlink:href="fsa.xsd#fsa_SpecialExpense" xlink:label="SpecialExpense" xlink:title="SpecialExpense"/>
    <link:definitionArc xlink:type="arc" xlink:arcrole="http://xbrl.org/int/dim/arcrole/domain-member" xlink:from="DetailsOnSpecialExpensesAbstract" xlink:to="SpecialExpense" xlink:title="definition: DetailsOnSpecialExpensesAbstract to SpecialExpense" order="3.0"/>
  </link:definitionLink>
  <link:definitionLink xlink:type="extended" xlink:role="http://xbrl.dcca.dk/role/554.00/IncomeStatementUvmSkDisclosures">
    <link:loc xlink:type="locator" xlink:href="../cmn.xsd#cmn_CommonHypercube" xlink:label="CommonHypercube"/>
    <link:loc xlink:type="locator" xlink:href="../cmn.xsd#cmn_ConsolidatedSoloDimension" xlink:label="ConsolidatedSoloDimension"/>
    <link:definitionArc xlink:type="arc" xlink:arcrole="http://xbrl.org/int/dim/arcrole/hypercube-dimension" xlink:from="CommonHypercube" xlink:to="ConsolidatedSoloDimension" xlink:title="definition: CommonHypercube to ConsolidatedSoloDimension" order="1.0" xbrldt:targetRole="http://xbrl.dcca.dk/role/901.01/DimensionConsolidatedSolo"/>
    <link:loc xlink:type="locator" xlink:href="fsa.xsd#fsa_DisclosuresOfIncomeStatementAbstract" xlink:label="DisclosuresOfIncomeStatementAbstract" xlink:title="DisclosuresOfIncomeStatementAbstract"/>
    <link:loc xlink:type="locator" xlink:href="fsa.xsd#fsa_DisclosureOfSpecialItems" xlink:label="DisclosureOfSpecialItems" xlink:title="DisclosureOfSpecialItems"/>
    <link:definitionArc xlink:type="arc" xlink:arcrole="http://xbrl.org/int/dim/arcrole/domain-member" xlink:from="DisclosuresOfIncomeStatementAbstract" xlink:to="DisclosureOfSpecialItems" xlink:title="definition: DisclosuresOfIncomeStatementAbstract to DisclosureOfSpecialItems" order="1.0"/>
    <link:loc xlink:type="locator" xlink:href="fsa.xsd#fsa_DetailsOnSpecialIncomesAbstract" xlink:label="DetailsOnSpecialIncomesAbstract" xlink:title="DetailsOnSpecialIncomesAbstract"/>
    <link:definitionArc xlink:type="arc" xlink:arcrole="http://xbrl.org/int/dim/arcrole/domain-member" xlink:from="DisclosureOfSpecialItems" xlink:to="DetailsOnSpecialIncomesAbstract" xlink:title="definition: DisclosureOfSpecialItems to DetailsOnSpecialIncomesAbstract" order="20.0" xbrldt:targetRole="http://xbrl.dcca.dk/role/554.00/IncomeStatementUvmSk/Details"/>
    <link:loc xlink:type="locator" xlink:href="fsa.xsd#fsa_DetailsOnSpecialExpensesAbstract" xlink:label="DetailsOnSpecialExpensesAbstract" xlink:title="DetailsOnSpecialExpensesAbstract"/>
    <link:definitionArc xlink:type="arc" xlink:arcrole="http://xbrl.org/int/dim/arcrole/domain-member" xlink:from="DisclosureOfSpecialItems" xlink:to="DetailsOnSpecialExpensesAbstract" xlink:title="definition: DisclosureOfSpecialItems to DetailsOnSpecialExpensesAbstract" order="40.0" xbrldt:targetRole="http://xbrl.dcca.dk/role/554.00/IncomeStatementUvmSk/Details"/>
    <link:loc xlink:type="locator" xlink:href="fsa.xsd#fsa_ProfitLoss" xlink:label="ProfitLoss" xlink:title="ProfitLoss"/>
    <link:definitionArc xlink:type="arc" xlink:arcrole="http://xbrl.org/int/dim/arcrole/domain-member" xlink:from="DisclosureOfSpecialItems" xlink:to="ProfitLoss" xlink:title="definition: DisclosureOfSpecialItems to ProfitLoss" order="10.0"/>
    <link:loc xlink:type="locator" xlink:href="fsa.xsd#fsa_SpecialIncomeTotal" xlink:label="SpecialIncomeTotal" xlink:title="SpecialIncomeTotal"/>
    <link:definitionArc xlink:type="arc" xlink:arcrole="http://xbrl.org/int/dim/arcrole/domain-member" xlink:from="DisclosureOfSpecialItems" xlink:to="SpecialIncomeTotal" xlink:title="definition: DisclosureOfSpecialItems to SpecialIncomeTotal" order="30.0"/>
    <link:loc xlink:type="locator" xlink:href="fsa.xsd#fsa_SpecialExpensesTotal" xlink:label="SpecialExpensesTotal" xlink:title="SpecialExpensesTotal"/>
    <link:definitionArc xlink:type="arc" xlink:arcrole="http://xbrl.org/int/dim/arcrole/domain-member" xlink:from="DisclosureOfSpecialItems" xlink:to="SpecialExpensesTotal" xlink:title="definition: DisclosureOfSpecialItems to SpecialExpensesTotal" order="50.0"/>
    <link:loc xlink:type="locator" xlink:href="fsa.xsd#fsa_ProfitLossExcludingSpecialItems" xlink:label="ProfitLossExcludingSpecialItems" xlink:title="ProfitLossExcludingSpecialItems"/>
    <link:definitionArc xlink:type="arc" xlink:arcrole="http://xbrl.org/int/dim/arcrole/domain-member" xlink:from="DisclosureOfSpecialItems" xlink:to="ProfitLossExcludingSpecialItems" xlink:title="definition: DisclosureOfSpecialItems to ProfitLossExcludingSpecialItems" order="60.0"/>
    <link:definitionArc xlink:type="arc" xlink:arcrole="http://xbrl.org/int/dim/arcrole/all" xlink:from="DisclosureOfSpecialItems" xlink:to="CommonHypercube" xlink:title="definition: DisclosureOfSpecialItems to CommonHypercube" order="61.0" xbrldt:contextElement="scenario" xbrldt:closed="true"/>
  </link:definitionLink>
</link:linkbase>
