<?xml version="1.0" encoding="UTF-8"?>
<!-- Generated by Fujitsu Interstage XWand B0251 -->
<?officialURI http://archprod.service.eogs.dk/taxonomy/20201001/fsa/554ksk_pre.xml?>

<?taxonomy-version 1.7.0?>

<link:linkbase xmlns:xsi="http://www.w3.org/2001/XMLSchema-instance" xsi:schemaLocation="http://www.xbrl.org/2003/linkbase http://www.xbrl.org/2003/xbrl-linkbase-2003-12-31.xsd" xmlns:entry="http://xbrl.dcca.dk/entryUVMKSK" xmlns:link="http://www.xbrl.org/2003/linkbase" xmlns:xbrli="http://www.xbrl.org/2003/instance" xmlns:xlink="http://www.w3.org/1999/xlink">
  <link:roleRef roleURI="http://uvm.dk/" xlink:type="simple" xlink:href="../cmn.xsd#uvm_Uvm"/>
  <link:roleRef roleURI="http://xbrl.dcca.dk/role/554.00/IncomeStatementUvmSk" xlink:type="simple" xlink:href="fsa.xsd#fsa_RoleIncomeStatementUvmSk"/>
  <link:roleRef roleURI="http://xbrl.dcca.dk/role/554.00/IncomeStatementUvmSkDisclosures" xlink:type="simple" xlink:href="fsa.xsd#fsa_RoleIncomeStatementUvmSkDisclosures"/>
  <link:presentationLink xlink:type="extended" xlink:role="http://xbrl.dcca.dk/role/554.00/IncomeStatementUvmSk">
    <link:loc xlink:type="locator" xlink:href="../cmn.xsd#cmn_CommonHypercube" xlink:label="CommonHypercube"/>
    <link:loc xlink:type="locator" xlink:href="../cmn.xsd#cmn_ConsolidatedSoloDimension" xlink:label="ConsolidatedSoloDimension"/>
    <link:presentationArc xlink:type="arc" xlink:arcrole="http://www.xbrl.org/2003/arcrole/parent-child" xlink:from="CommonHypercube" xlink:to="ConsolidatedSoloDimension" xlink:title="presentation: CommonHypercube to ConsolidatedSoloDimension" order="1.0"/>
    <link:loc xlink:type="locator" xlink:href="../cmn.xsd#cmn_ConsolidatedMember" xlink:label="ConsolidatedMember"/>
    <link:presentationArc xlink:type="arc" xlink:arcrole="http://www.xbrl.org/2003/arcrole/parent-child" xlink:from="ConsolidatedSoloDimension" xlink:to="ConsolidatedMember" xlink:title="presentation: ConsolidatedSoloDimension to ConsolidatedMember" order="1.0"/>
    <link:loc xlink:type="locator" xlink:href="../cmn.xsd#cmn_SoloMember" xlink:label="SoloMember"/>
    <link:presentationArc xlink:type="arc" xlink:arcrole="http://www.xbrl.org/2003/arcrole/parent-child" xlink:from="ConsolidatedSoloDimension" xlink:to="SoloMember" xlink:title="presentation: ConsolidatedSoloDimension to SoloMember" order="2.0"/>
    <link:loc xlink:type="locator" xlink:href="fsa.xsd#fsa_IncomeStatementRegAbstract" xlink:label="IncomeStatementRegAbstract" xlink:title="IncomeStatementRegAbstract"/>
    <link:loc xlink:type="locator" xlink:href="fsa.xsd#fsa_Revenue" xlink:label="Revenue" xlink:title="Revenue"/>
    <link:presentationArc xlink:type="arc" xlink:arcrole="http://www.xbrl.org/2003/arcrole/parent-child" xlink:from="IncomeStatementRegAbstract" xlink:to="Revenue" xlink:title="presentation: IncomeStatementRegAbstract to Revenue" order="1.0" preferredLabel="http://uvm.dk/"/>
    <link:loc xlink:type="locator" xlink:href="fsa.xsd#fsa_StateGrants" xlink:label="StateGrants" xlink:title="StateGrants"/>
    <link:presentationArc xlink:type="arc" xlink:arcrole="http://www.xbrl.org/2003/arcrole/parent-child" xlink:from="Revenue" xlink:to="StateGrants" xlink:title="presentation: Revenue to StateGrants" order="1.0"/>
    <link:loc xlink:type="locator" xlink:href="fsa.xsd#fsa_OtherIncomeAndGrants" xlink:label="OtherIncomeAndGrants" xlink:title="OtherIncomeAndGrants"/>
    <link:presentationArc xlink:type="arc" xlink:arcrole="http://www.xbrl.org/2003/arcrole/parent-child" xlink:from="Revenue" xlink:to="OtherIncomeAndGrants" xlink:title="presentation: Revenue to OtherIncomeAndGrants" order="3.0"/>
    <link:loc xlink:type="locator" xlink:href="fsa.xsd#fsa_Expenses" xlink:label="Expenses" xlink:title="Expenses"/>
    <link:presentationArc xlink:type="arc" xlink:arcrole="http://www.xbrl.org/2003/arcrole/parent-child" xlink:from="IncomeStatementRegAbstract" xlink:to="Expenses" xlink:title="presentation: IncomeStatementRegAbstract to Expenses" order="3.0"/>
    <link:loc xlink:type="locator" xlink:href="fsa.xsd#fsa_BuildingOperatingExpensesSk" xlink:label="BuildingOperatingExpensesSk" xlink:title="BuildingOperatingExpensesSk"/>
    <link:presentationArc xlink:type="arc" xlink:arcrole="http://www.xbrl.org/2003/arcrole/parent-child" xlink:from="Expenses" xlink:to="BuildingOperatingExpensesSk" xlink:title="presentation: Expenses to BuildingOperatingExpensesSk" order="2.0"/>
    <link:loc xlink:type="locator" xlink:href="fsa.xsd#fsa_WagesAndSalariesBuildingOperating" xlink:label="WagesAndSalariesBuildingOperating" xlink:title="WagesAndSalariesBuildingOperating"/>
    <link:presentationArc xlink:type="arc" xlink:arcrole="http://www.xbrl.org/2003/arcrole/parent-child" xlink:from="BuildingOperatingExpensesSk" xlink:to="WagesAndSalariesBuildingOperating" xlink:title="presentation: BuildingOperatingExpensesSk to WagesAndSalariesBuildingOperating" order="1.0"/>
    <link:loc xlink:type="locator" xlink:href="fsa.xsd#fsa_OtherExpensesBuildingOperating" xlink:label="OtherExpensesBuildingOperating" xlink:title="OtherExpensesBuildingOperating"/>
    <link:presentationArc xlink:type="arc" xlink:arcrole="http://www.xbrl.org/2003/arcrole/parent-child" xlink:from="BuildingOperatingExpensesSk" xlink:to="OtherExpensesBuildingOperating" xlink:title="presentation: BuildingOperatingExpensesSk to OtherExpensesBuildingOperating" order="2.0"/>
    <link:loc xlink:type="locator" xlink:href="../dst/dst.xsd#dst_ProfitLossBeforeFinancialAndExtraordinaryItems" xlink:label="ProfitLossBeforeFinancialAndExtraordinaryItems" xlink:title="ProfitLossBeforeFinancialAndExtraordinaryItems"/>
    <link:presentationArc xlink:type="arc" xlink:arcrole="http://www.xbrl.org/2003/arcrole/parent-child" xlink:from="IncomeStatementRegAbstract" xlink:to="ProfitLossBeforeFinancialAndExtraordinaryItems" xlink:title="presentation: IncomeStatementRegAbstract to ProfitLossBeforeFinancialAndExtraordinaryItems" order="4.0"/>
    <link:loc xlink:type="locator" xlink:href="fsa.xsd#fsa_ResultsFromNetFinancials" xlink:label="ResultsFromNetFinancials" xlink:title="ResultsFromNetFinancials"/>
    <link:presentationArc xlink:type="arc" xlink:arcrole="http://www.xbrl.org/2003/arcrole/parent-child" xlink:from="IncomeStatementRegAbstract" xlink:to="ResultsFromNetFinancials" xlink:title="presentation: IncomeStatementRegAbstract to ResultsFromNetFinancials" order="5.0"/>
    <link:loc xlink:type="locator" xlink:href="fsa.xsd#fsa_FinanceIncome" xlink:label="FinanceIncome" xlink:title="FinanceIncome"/>
    <link:presentationArc xlink:type="arc" xlink:arcrole="http://www.xbrl.org/2003/arcrole/parent-child" xlink:from="ResultsFromNetFinancials" xlink:to="FinanceIncome" xlink:title="presentation: ResultsFromNetFinancials to FinanceIncome" order="1.0"/>
    <link:loc xlink:type="locator" xlink:href="fsa.xsd#fsa_FinanceExpenses" xlink:label="FinanceExpenses" xlink:title="FinanceExpenses"/>
    <link:presentationArc xlink:type="arc" xlink:arcrole="http://www.xbrl.org/2003/arcrole/parent-child" xlink:from="ResultsFromNetFinancials" xlink:to="FinanceExpenses" xlink:title="presentation: ResultsFromNetFinancials to FinanceExpenses" order="2.0"/>
    <link:loc xlink:type="locator" xlink:href="fsa.xsd#fsa_ProfitLoss" xlink:label="ProfitLoss" xlink:title="ProfitLoss"/>
    <link:presentationArc xlink:type="arc" xlink:arcrole="http://www.xbrl.org/2003/arcrole/parent-child" xlink:from="IncomeStatementRegAbstract" xlink:to="ProfitLoss" xlink:title="presentation: IncomeStatementRegAbstract to ProfitLoss" order="6.0"/>
    <link:loc xlink:type="locator" xlink:href="fsa.xsd#fsa_ProfitLossExcludingSpecialItems" xlink:label="ProfitLossExcludingSpecialItems" xlink:title="ProfitLossExcludingSpecialItems"/>
    <link:presentationArc xlink:type="arc" xlink:arcrole="http://www.xbrl.org/2003/arcrole/parent-child" xlink:from="IncomeStatementRegAbstract" xlink:to="ProfitLossExcludingSpecialItems" xlink:title="presentation: IncomeStatementRegAbstract to ProfitLossExcludingSpecialItems" order="7.0"/>
    <link:presentationArc xlink:type="arc" xlink:arcrole="http://www.xbrl.org/2003/arcrole/parent-child" xlink:from="IncomeStatementRegAbstract" xlink:to="CommonHypercube" xlink:title="presentation: IncomeStatementRegAbstract to CommonHypercube" order="99.0"/>
  </link:presentationLink>
  <link:presentationLink xlink:type="extended" xlink:role="http://xbrl.dcca.dk/role/554.00/IncomeStatementUvmSkDisclosures">
    <link:loc xlink:type="locator" xlink:href="../cmn.xsd#cmn_CommonHypercube" xlink:label="CommonHypercube"/>
    <link:loc xlink:type="locator" xlink:href="../cmn.xsd#cmn_ConsolidatedSoloDimension" xlink:label="ConsolidatedSoloDimension"/>
    <link:presentationArc xlink:type="arc" xlink:arcrole="http://www.xbrl.org/2003/arcrole/parent-child" xlink:from="CommonHypercube" xlink:to="ConsolidatedSoloDimension" xlink:title="presentation: CommonHypercube to ConsolidatedSoloDimension" order="1.0"/>
    <link:loc xlink:type="locator" xlink:href="../cmn.xsd#cmn_ConsolidatedMember" xlink:label="ConsolidatedMember"/>
    <link:presentationArc xlink:type="arc" xlink:arcrole="http://www.xbrl.org/2003/arcrole/parent-child" xlink:from="ConsolidatedSoloDimension" xlink:to="ConsolidatedMember" xlink:title="presentation: ConsolidatedSoloDimension to ConsolidatedMember" order="1.0"/>
    <link:loc xlink:type="locator" xlink:href="../cmn.xsd#cmn_SoloMember" xlink:label="SoloMember"/>
    <link:presentationArc xlink:type="arc" xlink:arcrole="http://www.xbrl.org/2003/arcrole/parent-child" xlink:from="ConsolidatedSoloDimension" xlink:to="SoloMember" xlink:title="presentation: ConsolidatedSoloDimension to SoloMember" order="2.0"/>
    <link:loc xlink:type="locator" xlink:href="fsa.xsd#fsa_DisclosuresOfIncomeStatementAbstract" xlink:label="DisclosuresOfIncomeStatementAbstract" xlink:title="DisclosuresOfIncomeStatementAbstract"/>
    <link:presentationArc xlink:type="arc" xlink:arcrole="http://www.xbrl.org/2003/arcrole/parent-child" xlink:from="DisclosuresOfIncomeStatementAbstract" xlink:to="CommonHypercube" xlink:title="presentation: DisclosuresOfIncomeStatementAbstract to CommonHypercube" order="2.0"/>
    <link:loc xlink:type="locator" xlink:href="fsa.xsd#fsa_DisclosureOfSpecialItems" xlink:label="DisclosureOfSpecialItems" xlink:title="DisclosureOfSpecialItems"/>
    <link:presentationArc xlink:type="arc" xlink:arcrole="http://www.xbrl.org/2003/arcrole/parent-child" xlink:from="DisclosuresOfIncomeStatementAbstract" xlink:to="DisclosureOfSpecialItems" xlink:title="presentation: DisclosuresOfIncomeStatementAbstract to DisclosureOfSpecialItems" order="1.0"/>
    <link:loc xlink:type="locator" xlink:href="fsa.xsd#fsa_ProfitLoss" xlink:label="ProfitLoss" xlink:title="ProfitLoss"/>
    <link:presentationArc xlink:type="arc" xlink:arcrole="http://www.xbrl.org/2003/arcrole/parent-child" xlink:from="DisclosureOfSpecialItems" xlink:to="ProfitLoss" xlink:title="presentation: DisclosureOfSpecialItems to ProfitLoss" order="1.0"/>
    <link:loc xlink:type="locator" xlink:href="fsa.xsd#fsa_DetailsOnSpecialIncomesAbstract" xlink:label="DetailsOnSpecialIncomesAbstract" xlink:title="DetailsOnSpecialIncomesAbstract"/>
    <link:presentationArc xlink:type="arc" xlink:arcrole="http://www.xbrl.org/2003/arcrole/parent-child" xlink:from="DisclosureOfSpecialItems" xlink:to="DetailsOnSpecialIncomesAbstract" xlink:title="presentation: DisclosureOfSpecialItems to DetailsOnSpecialIncomesAbstract" order="2.0"/>
    <link:loc xlink:type="locator" xlink:href="fsa.xsd#fsa_SpecificationOfSpecialIncomesHypercube" xlink:label="SpecificationOfSpecialIncomesHypercube" xlink:title="SpecificationOfSpecialIncomesHypercube"/>
    <link:presentationArc xlink:type="arc" xlink:arcrole="http://www.xbrl.org/2003/arcrole/parent-child" xlink:from="DetailsOnSpecialIncomesAbstract" xlink:to="SpecificationOfSpecialIncomesHypercube" xlink:title="presentation: DetailsOnSpecialIncomesAbstract to SpecificationOfSpecialIncomesHypercube" order="1.0"/>
    <link:loc xlink:type="locator" xlink:href="fsa.xsd#fsa_IdentificationOfSpecialIncomeDimension" xlink:label="IdentificationOfSpecialIncomeDimension" xlink:title="IdentificationOfSpecialIncomeDimension"/>
    <link:presentationArc xlink:type="arc" xlink:arcrole="http://www.xbrl.org/2003/arcrole/parent-child" xlink:from="SpecificationOfSpecialIncomesHypercube" xlink:to="IdentificationOfSpecialIncomeDimension" xlink:title="presentation: SpecificationOfSpecialIncomesHypercube to IdentificationOfSpecialIncomeDimension" order="1.0"/>
    <link:loc xlink:type="locator" xlink:href="fsa.xsd#fsa_DescriptionOfSpecialIncome" xlink:label="DescriptionOfSpecialIncome" xlink:title="DescriptionOfSpecialIncome"/>
    <link:presentationArc xlink:type="arc" xlink:arcrole="http://www.xbrl.org/2003/arcrole/parent-child" xlink:from="DetailsOnSpecialIncomesAbstract" xlink:to="DescriptionOfSpecialIncome" xlink:title="presentation: DetailsOnSpecialIncomesAbstract to DescriptionOfSpecialIncome" order="2.0"/>
    <link:loc xlink:type="locator" xlink:href="fsa.xsd#fsa_SpecialIncome" xlink:label="SpecialIncome" xlink:title="SpecialIncome"/>
    <link:presentationArc xlink:type="arc" xlink:arcrole="http://www.xbrl.org/2003/arcrole/parent-child" xlink:from="DetailsOnSpecialIncomesAbstract" xlink:to="SpecialIncome" xlink:title="presentation: DetailsOnSpecialIncomesAbstract to SpecialIncome" order="3.0"/>
    <link:loc xlink:type="locator" xlink:href="fsa.xsd#fsa_SpecialIncomeTotal" xlink:label="SpecialIncomeTotal" xlink:title="SpecialIncomeTotal"/>
    <link:presentationArc xlink:type="arc" xlink:arcrole="http://www.xbrl.org/2003/arcrole/parent-child" xlink:from="DisclosureOfSpecialItems" xlink:to="SpecialIncomeTotal" xlink:title="presentation: DisclosureOfSpecialItems to SpecialIncomeTotal" order="3.0"/>
    <link:loc xlink:type="locator" xlink:href="fsa.xsd#fsa_DetailsOnSpecialExpensesAbstract" xlink:label="DetailsOnSpecialExpensesAbstract" xlink:title="DetailsOnSpecialExpensesAbstract"/>
    <link:presentationArc xlink:type="arc" xlink:arcrole="http://www.xbrl.org/2003/arcrole/parent-child" xlink:from="DisclosureOfSpecialItems" xlink:to="DetailsOnSpecialExpensesAbstract" xlink:title="presentation: DisclosureOfSpecialItems to DetailsOnSpecialExpensesAbstract" order="4.0"/>
    <link:loc xlink:type="locator" xlink:href="fsa.xsd#fsa_DetailsOnSpecialExpensesHypercube" xlink:label="DetailsOnSpecialExpensesHypercube" xlink:title="DetailsOnSpecialExpensesHypercube"/>
    <link:presentationArc xlink:type="arc" xlink:arcrole="http://www.xbrl.org/2003/arcrole/parent-child" xlink:from="DetailsOnSpecialExpensesAbstract" xlink:to="DetailsOnSpecialExpensesHypercube" xlink:title="presentation: DetailsOnSpecialExpensesAbstract to DetailsOnSpecialExpensesHypercube" order="1.0"/>
    <link:loc xlink:type="locator" xlink:href="fsa.xsd#fsa_IdentificationOfSpecialExpenseDimension" xlink:label="IdentificationOfSpecialExpenseDimension" xlink:title="IdentificationOfSpecialExpenseDimension"/>
    <link:presentationArc xlink:type="arc" xlink:arcrole="http://www.xbrl.org/2003/arcrole/parent-child" xlink:from="DetailsOnSpecialExpensesHypercube" xlink:to="IdentificationOfSpecialExpenseDimension" xlink:title="presentation: DetailsOnSpecialExpensesHypercube to IdentificationOfSpecialExpenseDimension" order="1.0"/>
    <link:loc xlink:type="locator" xlink:href="fsa.xsd#fsa_DescriptionOfSpecialExpense" xlink:label="DescriptionOfSpecialExpense" xlink:title="DescriptionOfSpecialExpense"/>
    <link:presentationArc xlink:type="arc" xlink:arcrole="http://www.xbrl.org/2003/arcrole/parent-child" xlink:from="DetailsOnSpecialExpensesAbstract" xlink:to="DescriptionOfSpecialExpense" xlink:title="presentation: DetailsOnSpecialExpensesAbstract to DescriptionOfSpecialExpense" order="2.0"/>
    <link:loc xlink:type="locator" xlink:href="fsa.xsd#fsa_SpecialExpense" xlink:label="SpecialExpense" xlink:title="SpecialExpense"/>
    <link:presentationArc xlink:type="arc" xlink:arcrole="http://www.xbrl.org/2003/arcrole/parent-child" xlink:from="DetailsOnSpecialExpensesAbstract" xlink:to="SpecialExpense" xlink:title="presentation: DetailsOnSpecialExpensesAbstract to SpecialExpense" order="3.0"/>
    <link:loc xlink:type="locator" xlink:href="fsa.xsd#fsa_SpecialExpensesTotal" xlink:label="SpecialExpensesTotal" xlink:title="SpecialExpensesTotal"/>
    <link:presentationArc xlink:type="arc" xlink:arcrole="http://www.xbrl.org/2003/arcrole/parent-child" xlink:from="DisclosureOfSpecialItems" xlink:to="SpecialExpensesTotal" xlink:title="presentation: DisclosureOfSpecialItems to SpecialExpensesTotal" order="5.0"/>
    <link:loc xlink:type="locator" xlink:href="fsa.xsd#fsa_ProfitLossExcludingSpecialItems" xlink:label="ProfitLossExcludingSpecialItems" xlink:title="ProfitLossExcludingSpecialItems"/>
    <link:presentationArc xlink:type="arc" xlink:arcrole="http://www.xbrl.org/2003/arcrole/parent-child" xlink:from="DisclosureOfSpecialItems" xlink:to="ProfitLossExcludingSpecialItems" xlink:title="presentation: DisclosureOfSpecialItems to ProfitLossExcludingSpecialItems" order="6.0"/>
  </link:presentationLink>
</link:linkbase>
