<?xml version="1.0" encoding="UTF-8"?>
<!-- Generated by Fujitsu Interstage XWand B0251 -->
<?officialURI http://archprod.service.eogs.dk/taxonomy/20201001/fsa/558gud_def.xml?>

<?taxonomy-version 1.7.0?>

<link:linkbase xmlns:xsi="http://www.w3.org/2001/XMLSchema-instance" xsi:schemaLocation="http://www.xbrl.org/2003/linkbase http://www.xbrl.org/2003/xbrl-linkbase-2003-12-31.xsd" xmlns:entry="http://xbrl.dcca.dk/entryUvmGud" xmlns:link="http://www.xbrl.org/2003/linkbase" xmlns:tch="http://xbrl.dcca.dk/tch" xmlns:xlink="http://www.w3.org/1999/xlink" xmlns:xbrli="http://www.xbrl.org/2003/instance" xmlns:xbrldt="http://xbrl.org/2005/xbrldt">
  <link:roleRef roleURI="http://xbrl.dcca.dk/role/901.01/DimensionConsolidatedSolo" xlink:type="simple" xlink:href="../cmn.xsd#cmn_RoleDimensionConsolidatedSolo"/>
  <link:roleRef roleURI="http://xbrl.dcca.dk/role/950.01/DimensionsUvm" xlink:type="simple" xlink:href="fsa.xsd#fsa_RoleDimensionUvm"/>
  <link:roleRef roleURI="http://xbrl.dcca.dk/role/554.00/IncomeStatementUvmSk" xlink:type="simple" xlink:href="fsa.xsd#fsa_RoleIncomeStatementUvmSk"/>
  <link:roleRef roleURI="http://xbrl.dcca.dk/role/559.00/IncomeStatementUvmPgymDisclosures" xlink:type="simple" xlink:href="fsa.xsd#fsa_RoleIncomeStatementUvmPgymDisclosures"/>
  <link:arcroleRef arcroleURI="http://xbrl.org/int/dim/arcrole/all" xlink:type="simple" xlink:href="http://www.xbrl.org/2005/xbrldt-2005.xsd#all"/>
  <link:arcroleRef arcroleURI="http://xbrl.org/int/dim/arcrole/domain-member" xlink:type="simple" xlink:href="http://www.xbrl.org/2005/xbrldt-2005.xsd#domain-member"/>
  <link:arcroleRef arcroleURI="http://xbrl.org/int/dim/arcrole/hypercube-dimension" xlink:type="simple" xlink:href="http://www.xbrl.org/2005/xbrldt-2005.xsd#hypercube-dimension"/>
  <link:arcroleRef arcroleURI="http://xbrl.org/int/dim/arcrole/dimension-domain" xlink:type="simple" xlink:href="http://www.xbrl.org/2005/xbrldt-2005.xsd#dimension-domain"/>
  <link:definitionLink xlink:type="extended" xlink:role="http://xbrl.dcca.dk/role/554.00/IncomeStatementUvmSk">
    <link:loc xlink:type="locator" xlink:href="fsa.xsd#fsa_Revenue" xlink:label="Revenue" xlink:title="Revenue"/>
    <link:loc xlink:type="locator" xlink:href="fsa.xsd#fsa_TuitionFees" xlink:label="TuitionFees" xlink:title="TuitionFees"/>
    <link:definitionArc xlink:type="arc" xlink:arcrole="http://xbrl.org/int/dim/arcrole/domain-member" xlink:from="Revenue" xlink:to="TuitionFees" xlink:title="definition: Revenue to TuitionFees" order="2.0"/>
    <link:loc xlink:type="locator" xlink:href="fsa.xsd#fsa_Expenses" xlink:label="Expenses" xlink:title="Expenses"/>
    <link:loc xlink:type="locator" xlink:href="fsa.xsd#fsa_ConductionOfEducationExpenses" xlink:label="ConductionOfEducationExpenses" xlink:title="ConductionOfEducationExpenses"/>
    <link:definitionArc xlink:type="arc" xlink:arcrole="http://xbrl.org/int/dim/arcrole/domain-member" xlink:from="Expenses" xlink:to="ConductionOfEducationExpenses" xlink:title="definition: Expenses to ConductionOfEducationExpenses" order="1.0"/>
    <link:loc xlink:type="locator" xlink:href="fsa.xsd#fsa_WagesAndSalariesConductionOfEducation" xlink:label="WagesAndSalariesConductionOfEducation" xlink:title="WagesAndSalariesConductionOfEducation"/>
    <link:definitionArc xlink:type="arc" xlink:arcrole="http://xbrl.org/int/dim/arcrole/domain-member" xlink:from="ConductionOfEducationExpenses" xlink:to="WagesAndSalariesConductionOfEducation" xlink:title="definition: ConductionOfEducationExpenses to WagesAndSalariesConductionOfEducation" order="1.0"/>
    <link:loc xlink:type="locator" xlink:href="fsa.xsd#fsa_OtherExpensesConductionOfEducation" xlink:label="OtherExpensesConductionOfEducation" xlink:title="OtherExpensesConductionOfEducation"/>
    <link:definitionArc xlink:type="arc" xlink:arcrole="http://xbrl.org/int/dim/arcrole/domain-member" xlink:from="ConductionOfEducationExpenses" xlink:to="OtherExpensesConductionOfEducation" xlink:title="definition: ConductionOfEducationExpenses to OtherExpensesConductionOfEducation" order="2.0"/>
    <link:loc xlink:type="locator" xlink:href="fsa.xsd#fsa_BoardingDepartmentCanteenServicesAndSchoolFoodArrangementExpenses" xlink:label="BoardingDepartmentCanteenServicesAndSchoolFoodArrangementExpenses" xlink:title="BoardingDepartmentCanteenServicesAndSchoolFoodArrangementExpenses"/>
    <link:definitionArc xlink:type="arc" xlink:arcrole="http://xbrl.org/int/dim/arcrole/domain-member" xlink:from="Expenses" xlink:to="BoardingDepartmentCanteenServicesAndSchoolFoodArrangementExpenses" xlink:title="definition: Expenses to BoardingDepartmentCanteenServicesAndSchoolFoodArrangementExpenses" order="3.0"/>
    <link:loc xlink:type="locator" xlink:href="fsa.xsd#fsa_WagesAndSalariesBoardingDepartmentCanteenServicesAndSchoolFoodArrangement" xlink:label="WagesAndSalariesBoardingDepartmentCanteenServicesAndSchoolFoodArrangement" xlink:title="WagesAndSalariesBoardingDepartmentCanteenServicesAndSchoolFoodArrangement"/>
    <link:definitionArc xlink:type="arc" xlink:arcrole="http://xbrl.org/int/dim/arcrole/domain-member" xlink:from="BoardingDepartmentCanteenServicesAndSchoolFoodArrangementExpenses" xlink:to="WagesAndSalariesBoardingDepartmentCanteenServicesAndSchoolFoodArrangement" xlink:title="definition: BoardingDepartmentCanteenServicesAndSchoolFoodArrangementExpenses to WagesAndSalariesBoardingDepartmentCanteenServicesAndSchoolFoodArrangement" order="1.0"/>
    <link:loc xlink:type="locator" xlink:href="fsa.xsd#fsa_OtherExpensesBoardingDepartmentCanteenServicesAndSchoolFoodArrangement" xlink:label="OtherExpensesBoardingDepartmentCanteenServicesAndSchoolFoodArrangement" xlink:title="OtherExpensesBoardingDepartmentCanteenServicesAndSchoolFoodArrangement"/>
    <link:definitionArc xlink:type="arc" xlink:arcrole="http://xbrl.org/int/dim/arcrole/domain-member" xlink:from="BoardingDepartmentCanteenServicesAndSchoolFoodArrangementExpenses" xlink:to="OtherExpensesBoardingDepartmentCanteenServicesAndSchoolFoodArrangement" xlink:title="definition: BoardingDepartmentCanteenServicesAndSchoolFoodArrangementExpenses to OtherExpensesBoardingDepartmentCanteenServicesAndSchoolFoodArrangement" order="2.0"/>
    <link:loc xlink:type="locator" xlink:href="fsa.xsd#fsa_ManagementAndAdministrationExpenses" xlink:label="ManagementAndAdministrationExpenses" xlink:title="ManagementAndAdministrationExpenses"/>
    <link:definitionArc xlink:type="arc" xlink:arcrole="http://xbrl.org/int/dim/arcrole/domain-member" xlink:from="Expenses" xlink:to="ManagementAndAdministrationExpenses" xlink:title="definition: Expenses to ManagementAndAdministrationExpenses" order="4.0"/>
    <link:loc xlink:type="locator" xlink:href="fsa.xsd#fsa_WagesAndSalariesManagementAndAdministration" xlink:label="WagesAndSalariesManagementAndAdministration" xlink:title="WagesAndSalariesManagementAndAdministration"/>
    <link:definitionArc xlink:type="arc" xlink:arcrole="http://xbrl.org/int/dim/arcrole/domain-member" xlink:from="ManagementAndAdministrationExpenses" xlink:to="WagesAndSalariesManagementAndAdministration" xlink:title="definition: ManagementAndAdministrationExpenses to WagesAndSalariesManagementAndAdministration" order="1.0"/>
    <link:loc xlink:type="locator" xlink:href="fsa.xsd#fsa_OtherExpensesManagementAndAdministration" xlink:label="OtherExpensesManagementAndAdministration" xlink:title="OtherExpensesManagementAndAdministration"/>
    <link:definitionArc xlink:type="arc" xlink:arcrole="http://xbrl.org/int/dim/arcrole/domain-member" xlink:from="ManagementAndAdministrationExpenses" xlink:to="OtherExpensesManagementAndAdministration" xlink:title="definition: ManagementAndAdministrationExpenses to OtherExpensesManagementAndAdministration" order="2.0"/>
  </link:definitionLink>
  <link:definitionLink xlink:type="extended" xlink:role="http://xbrl.dcca.dk/role/559.00/IncomeStatementUvmPgymDisclosures">
    <link:loc xlink:type="locator" xlink:href="../cmn.xsd#cmn_CommonHypercube" xlink:label="CommonHypercube"/>
    <link:loc xlink:type="locator" xlink:href="../cmn.xsd#cmn_ConsolidatedSoloDimension" xlink:label="ConsolidatedSoloDimension"/>
    <link:definitionArc xlink:type="arc" xlink:arcrole="http://xbrl.org/int/dim/arcrole/hypercube-dimension" xlink:from="CommonHypercube" xlink:to="ConsolidatedSoloDimension" xlink:title="definition: CommonHypercube to ConsolidatedSoloDimension" order="1.0" xbrldt:targetRole="http://xbrl.dcca.dk/role/901.01/DimensionConsolidatedSolo"/>
    <link:loc xlink:type="locator" xlink:href="fsa.xsd#fsa_StateGrants" xlink:label="StateGrants" xlink:title="StateGrants"/>
    <link:loc xlink:type="locator" xlink:href="fsa.xsd#fsa_GeneralGrantsPrivateUpperSecondarySchools" xlink:label="GeneralGrantsPrivateUpperSecondarySchools" xlink:title="GeneralGrantsPrivateUpperSecondarySchools"/>
    <link:definitionArc xlink:type="arc" xlink:arcrole="http://xbrl.org/int/dim/arcrole/domain-member" xlink:from="StateGrants" xlink:to="GeneralGrantsPrivateUpperSecondarySchools" xlink:title="definition: StateGrants to GeneralGrantsPrivateUpperSecondarySchools" order="1.0"/>
    <link:loc xlink:type="locator" xlink:href="fsa.xsd#fsa_GrantsTeachingPrivateUpperSecondarySchools" xlink:label="GrantsTeachingPrivateUpperSecondarySchools" xlink:title="GrantsTeachingPrivateUpperSecondarySchools"/>
    <link:definitionArc xlink:type="arc" xlink:arcrole="http://xbrl.org/int/dim/arcrole/domain-member" xlink:from="StateGrants" xlink:to="GrantsTeachingPrivateUpperSecondarySchools" xlink:title="definition: StateGrants to GrantsTeachingPrivateUpperSecondarySchools" order="2.0"/>
    <link:loc xlink:type="locator" xlink:href="fsa.xsd#fsa_GrantsCommonCostsPrivateUpperSecondarySchools" xlink:label="GrantsCommonCostsPrivateUpperSecondarySchools" xlink:title="GrantsCommonCostsPrivateUpperSecondarySchools"/>
    <link:definitionArc xlink:type="arc" xlink:arcrole="http://xbrl.org/int/dim/arcrole/domain-member" xlink:from="StateGrants" xlink:to="GrantsCommonCostsPrivateUpperSecondarySchools" xlink:title="definition: StateGrants to GrantsCommonCostsPrivateUpperSecondarySchools" order="3.0"/>
    <link:loc xlink:type="locator" xlink:href="fsa.xsd#fsa_BuildingGrantsPrivateUpperSecondarySchools" xlink:label="BuildingGrantsPrivateUpperSecondarySchools" xlink:title="BuildingGrantsPrivateUpperSecondarySchools"/>
    <link:definitionArc xlink:type="arc" xlink:arcrole="http://xbrl.org/int/dim/arcrole/domain-member" xlink:from="StateGrants" xlink:to="BuildingGrantsPrivateUpperSecondarySchools" xlink:title="definition: StateGrants to BuildingGrantsPrivateUpperSecondarySchools" order="4.0"/>
    <link:loc xlink:type="locator" xlink:href="fsa.xsd#fsa_GrantsForIntroductoryCoursesPrivateUpperSecondarySchools" xlink:label="GrantsForIntroductoryCoursesPrivateUpperSecondarySchools" xlink:title="GrantsForIntroductoryCoursesPrivateUpperSecondarySchools"/>
    <link:definitionArc xlink:type="arc" xlink:arcrole="http://xbrl.org/int/dim/arcrole/domain-member" xlink:from="StateGrants" xlink:to="GrantsForIntroductoryCoursesPrivateUpperSecondarySchools" xlink:title="definition: StateGrants to GrantsForIntroductoryCoursesPrivateUpperSecondarySchools" order="5.0"/>
    <link:loc xlink:type="locator" xlink:href="fsa.xsd#fsa_GrantsForBridgeBuildingForHighSchoolEducationPrivateUpperSecondarySchools" xlink:label="GrantsForBridgeBuildingForHighSchoolEducationPrivateUpperSecondarySchools" xlink:title="GrantsForBridgeBuildingForHighSchoolEducationPrivateUpperSecondarySchools"/>
    <link:definitionArc xlink:type="arc" xlink:arcrole="http://xbrl.org/int/dim/arcrole/domain-member" xlink:from="StateGrants" xlink:to="GrantsForBridgeBuildingForHighSchoolEducationPrivateUpperSecondarySchools" xlink:title="definition: StateGrants to GrantsForBridgeBuildingForHighSchoolEducationPrivateUpperSecondarySchools" order="6.0"/>
    <link:loc xlink:type="locator" xlink:href="fsa.xsd#fsa_GrantsForSevereDisabilityPrivateUpperSecondarySchools" xlink:label="GrantsForSevereDisabilityPrivateUpperSecondarySchools" xlink:title="GrantsForSevereDisabilityPrivateUpperSecondarySchools"/>
    <link:definitionArc xlink:type="arc" xlink:arcrole="http://xbrl.org/int/dim/arcrole/domain-member" xlink:from="StateGrants" xlink:to="GrantsForSevereDisabilityPrivateUpperSecondarySchools" xlink:title="definition: StateGrants to GrantsForSevereDisabilityPrivateUpperSecondarySchools" order="7.0"/>
    <link:loc xlink:type="locator" xlink:href="fsa.xsd#fsa_SpecialPurposeGrantsToTheInstitutionForSpecielNeedsAssistanceForStudentsPrivateUpperSecondarySchools" xlink:label="SpecialPurposeGrantsToTheInstitutionForSpecielNeedsAssistanceForStudentsPrivateUpperSecondarySchools" xlink:title="SpecialPurposeGrantsToTheInstitutionForSpecielNeedsAssistanceForStudentsPrivateUpperSecondarySchools"/>
    <link:definitionArc xlink:type="arc" xlink:arcrole="http://xbrl.org/int/dim/arcrole/domain-member" xlink:from="StateGrants" xlink:to="SpecialPurposeGrantsToTheInstitutionForSpecielNeedsAssistanceForStudentsPrivateUpperSecondarySchools" xlink:title="definition: StateGrants to SpecialPurposeGrantsToTheInstitutionForSpecielNeedsAssistanceForStudentsPrivateUpperSecondarySchools" order="8.0"/>
    <link:loc xlink:type="locator" xlink:href="fsa.xsd#fsa_GrantsForReferedStudentsPrivateUpperSecondarySchools" xlink:label="GrantsForReferedStudentsPrivateUpperSecondarySchools" xlink:title="GrantsForReferedStudentsPrivateUpperSecondarySchools"/>
    <link:definitionArc xlink:type="arc" xlink:arcrole="http://xbrl.org/int/dim/arcrole/domain-member" xlink:from="StateGrants" xlink:to="GrantsForReferedStudentsPrivateUpperSecondarySchools" xlink:title="definition: StateGrants to GrantsForReferedStudentsPrivateUpperSecondarySchools" order="9.0"/>
    <link:loc xlink:type="locator" xlink:href="fsa.xsd#fsa_GrantsForBoardAndLodgingPrivateUpperSecondarySchools" xlink:label="GrantsForBoardAndLodgingPrivateUpperSecondarySchools" xlink:title="GrantsForBoardAndLodgingPrivateUpperSecondarySchools"/>
    <link:definitionArc xlink:type="arc" xlink:arcrole="http://xbrl.org/int/dim/arcrole/domain-member" xlink:from="StateGrants" xlink:to="GrantsForBoardAndLodgingPrivateUpperSecondarySchools" xlink:title="definition: StateGrants to GrantsForBoardAndLodgingPrivateUpperSecondarySchools" order="10.0"/>
    <link:loc xlink:type="locator" xlink:href="fsa.xsd#fsa_SpecialPurposeGrantsPrivateUpperSecondarySchools" xlink:label="SpecialPurposeGrantsPrivateUpperSecondarySchools" xlink:title="SpecialPurposeGrantsPrivateUpperSecondarySchools"/>
    <link:definitionArc xlink:type="arc" xlink:arcrole="http://xbrl.org/int/dim/arcrole/domain-member" xlink:from="StateGrants" xlink:to="SpecialPurposeGrantsPrivateUpperSecondarySchools" xlink:title="definition: StateGrants to SpecialPurposeGrantsPrivateUpperSecondarySchools" order="11.0"/>
    <link:loc xlink:type="locator" xlink:href="fsa.xsd#fsa_OtherGrantsPrivateUpperSecondarySchools" xlink:label="OtherGrantsPrivateUpperSecondarySchools" xlink:title="OtherGrantsPrivateUpperSecondarySchools"/>
    <link:definitionArc xlink:type="arc" xlink:arcrole="http://xbrl.org/int/dim/arcrole/domain-member" xlink:from="StateGrants" xlink:to="OtherGrantsPrivateUpperSecondarySchools" xlink:title="definition: StateGrants to OtherGrantsPrivateUpperSecondarySchools" order="12.0"/>
    <link:loc xlink:type="locator" xlink:href="fsa.xsd#fsa_OtherIncomeAndGrants" xlink:label="OtherIncomeAndGrants" xlink:title="OtherIncomeAndGrants"/>
    <link:loc xlink:type="locator" xlink:href="fsa.xsd#fsa_RentIncomeFromRoomsEtcOtherIncomeAndGrants" xlink:label="RentIncomeFromRoomsEtcOtherIncomeAndGrants" xlink:title="RentIncomeFromRoomsEtcOtherIncomeAndGrants"/>
    <link:definitionArc xlink:type="arc" xlink:arcrole="http://xbrl.org/int/dim/arcrole/domain-member" xlink:from="OtherIncomeAndGrants" xlink:to="RentIncomeFromRoomsEtcOtherIncomeAndGrants" xlink:title="definition: OtherIncomeAndGrants to RentIncomeFromRoomsEtcOtherIncomeAndGrants" order="1.0"/>
    <link:loc xlink:type="locator" xlink:href="fsa.xsd#fsa_RentIncomeFromResidentialContributionEtcOtherIncomeAndGrants" xlink:label="RentIncomeFromResidentialContributionEtcOtherIncomeAndGrants" xlink:title="RentIncomeFromResidentialContributionEtcOtherIncomeAndGrants"/>
    <link:definitionArc xlink:type="arc" xlink:arcrole="http://xbrl.org/int/dim/arcrole/domain-member" xlink:from="OtherIncomeAndGrants" xlink:to="RentIncomeFromResidentialContributionEtcOtherIncomeAndGrants" xlink:title="definition: OtherIncomeAndGrants to RentIncomeFromResidentialContributionEtcOtherIncomeAndGrants" order="2.0"/>
    <link:loc xlink:type="locator" xlink:href="fsa.xsd#fsa_EmployeesPaymentForLightHeatEtcOtherIncomeAndGrants" xlink:label="EmployeesPaymentForLightHeatEtcOtherIncomeAndGrants" xlink:title="EmployeesPaymentForLightHeatEtcOtherIncomeAndGrants"/>
    <link:definitionArc xlink:type="arc" xlink:arcrole="http://xbrl.org/int/dim/arcrole/domain-member" xlink:from="OtherIncomeAndGrants" xlink:to="EmployeesPaymentForLightHeatEtcOtherIncomeAndGrants" xlink:title="definition: OtherIncomeAndGrants to EmployeesPaymentForLightHeatEtcOtherIncomeAndGrants" order="3.0"/>
    <link:loc xlink:type="locator" xlink:href="fsa.xsd#fsa_EmployeesPaymentForBoardOtherIncomeAndGrants" xlink:label="EmployeesPaymentForBoardOtherIncomeAndGrants" xlink:title="EmployeesPaymentForBoardOtherIncomeAndGrants"/>
    <link:definitionArc xlink:type="arc" xlink:arcrole="http://xbrl.org/int/dim/arcrole/domain-member" xlink:from="OtherIncomeAndGrants" xlink:to="EmployeesPaymentForBoardOtherIncomeAndGrants" xlink:title="definition: OtherIncomeAndGrants to EmployeesPaymentForBoardOtherIncomeAndGrants" order="4.0"/>
    <link:loc xlink:type="locator" xlink:href="fsa.xsd#fsa_SalesFromTheFoodDepartmentCanteenOtherIncomeAndGrants" xlink:label="SalesFromTheFoodDepartmentCanteenOtherIncomeAndGrants" xlink:title="SalesFromTheFoodDepartmentCanteenOtherIncomeAndGrants"/>
    <link:definitionArc xlink:type="arc" xlink:arcrole="http://xbrl.org/int/dim/arcrole/domain-member" xlink:from="OtherIncomeAndGrants" xlink:to="SalesFromTheFoodDepartmentCanteenOtherIncomeAndGrants" xlink:title="definition: OtherIncomeAndGrants to SalesFromTheFoodDepartmentCanteenOtherIncomeAndGrants" order="5.0"/>
    <link:loc xlink:type="locator" xlink:href="fsa.xsd#fsa_PaymentForSchoolLunchesOtherIncomeAndGrants" xlink:label="PaymentForSchoolLunchesOtherIncomeAndGrants" xlink:title="PaymentForSchoolLunchesOtherIncomeAndGrants"/>
    <link:definitionArc xlink:type="arc" xlink:arcrole="http://xbrl.org/int/dim/arcrole/domain-member" xlink:from="OtherIncomeAndGrants" xlink:to="PaymentForSchoolLunchesOtherIncomeAndGrants" xlink:title="definition: OtherIncomeAndGrants to PaymentForSchoolLunchesOtherIncomeAndGrants" order="6.0"/>
    <link:loc xlink:type="locator" xlink:href="fsa.xsd#fsa_SubscriptionForSchoolBoardMemberOtherIncomeAndGrants" xlink:label="SubscriptionForSchoolBoardMemberOtherIncomeAndGrants" xlink:title="SubscriptionForSchoolBoardMemberOtherIncomeAndGrants"/>
    <link:definitionArc xlink:type="arc" xlink:arcrole="http://xbrl.org/int/dim/arcrole/domain-member" xlink:from="OtherIncomeAndGrants" xlink:to="SubscriptionForSchoolBoardMemberOtherIncomeAndGrants" xlink:title="definition: OtherIncomeAndGrants to SubscriptionForSchoolBoardMemberOtherIncomeAndGrants" order="7.0"/>
    <link:loc xlink:type="locator" xlink:href="fsa.xsd#fsa_DonationsOtherIncomeAndGrants" xlink:label="DonationsOtherIncomeAndGrants" xlink:title="DonationsOtherIncomeAndGrants"/>
    <link:definitionArc xlink:type="arc" xlink:arcrole="http://xbrl.org/int/dim/arcrole/domain-member" xlink:from="OtherIncomeAndGrants" xlink:to="DonationsOtherIncomeAndGrants" xlink:title="definition: OtherIncomeAndGrants to DonationsOtherIncomeAndGrants" order="8.0"/>
    <link:loc xlink:type="locator" xlink:href="fsa.xsd#fsa_GrantsFromMunicipalOtherIncomeAndGrants" xlink:label="GrantsFromMunicipalOtherIncomeAndGrants" xlink:title="GrantsFromMunicipalOtherIncomeAndGrants"/>
    <link:definitionArc xlink:type="arc" xlink:arcrole="http://xbrl.org/int/dim/arcrole/domain-member" xlink:from="OtherIncomeAndGrants" xlink:to="GrantsFromMunicipalOtherIncomeAndGrants" xlink:title="definition: OtherIncomeAndGrants to GrantsFromMunicipalOtherIncomeAndGrants" order="9.0"/>
    <link:loc xlink:type="locator" xlink:href="fsa.xsd#fsa_ContributionsForContinuingEducationOtherIncomeAndGrants" xlink:label="ContributionsForContinuingEducationOtherIncomeAndGrants" xlink:title="ContributionsForContinuingEducationOtherIncomeAndGrants"/>
    <link:definitionArc xlink:type="arc" xlink:arcrole="http://xbrl.org/int/dim/arcrole/domain-member" xlink:from="OtherIncomeAndGrants" xlink:to="ContributionsForContinuingEducationOtherIncomeAndGrants" xlink:title="definition: OtherIncomeAndGrants to ContributionsForContinuingEducationOtherIncomeAndGrants" order="10.0"/>
    <link:loc xlink:type="locator" xlink:href="fsa.xsd#fsa_OtherIncomeOtherIncomeAndGrants" xlink:label="OtherIncomeOtherIncomeAndGrants" xlink:title="OtherIncomeOtherIncomeAndGrants"/>
    <link:definitionArc xlink:type="arc" xlink:arcrole="http://xbrl.org/int/dim/arcrole/domain-member" xlink:from="OtherIncomeAndGrants" xlink:to="OtherIncomeOtherIncomeAndGrants" xlink:title="definition: OtherIncomeAndGrants to OtherIncomeOtherIncomeAndGrants" order="11.0"/>
    <link:loc xlink:type="locator" xlink:href="fsa.xsd#fsa_TuitionFees" xlink:label="TuitionFees" xlink:title="TuitionFees"/>
    <link:loc xlink:type="locator" xlink:href="fsa.xsd#fsa_NetPaymentsTutionFeesTutionFees" xlink:label="NetPaymentsTutionFeesTutionFees" xlink:title="NetPaymentsTutionFeesTutionFees"/>
    <link:definitionArc xlink:type="arc" xlink:arcrole="http://xbrl.org/int/dim/arcrole/domain-member" xlink:from="TuitionFees" xlink:to="NetPaymentsTutionFeesTutionFees" xlink:title="definition: TuitionFees to NetPaymentsTutionFeesTutionFees" order="1.0"/>
    <link:loc xlink:type="locator" xlink:href="fsa.xsd#fsa_ScholarshipGrantsFromTheFundForScholarshipsAndPaymentAfSubstitutesForPrivateUpperSecondarySchoolsTutionFees" xlink:label="ScholarshipGrantsFromTheFundForScholarshipsAndPaymentAfSubstitutesForPrivateUpperSecondarySchoolsTutionFees" xlink:title="ScholarshipGrantsFromTheFundForScholarshipsAndPaymentAfSubstitutesForPrivateUpperSecondarySchoolsTutionFees"/>
    <link:definitionArc xlink:type="arc" xlink:arcrole="http://xbrl.org/int/dim/arcrole/domain-member" xlink:from="TuitionFees" xlink:to="ScholarshipGrantsFromTheFundForScholarshipsAndPaymentAfSubstitutesForPrivateUpperSecondarySchoolsTutionFees" xlink:title="definition: TuitionFees to ScholarshipGrantsFromTheFundForScholarshipsAndPaymentAfSubstitutesForPrivateUpperSecondarySchoolsTutionFees" order="2.0"/>
    <link:loc xlink:type="locator" xlink:href="fsa.xsd#fsa_NetPaymentSPaymentForAccommodationFromParentsTutionFees" xlink:label="NetPaymentSPaymentForAccommodationFromParentsTutionFees" xlink:title="NetPaymentSPaymentForAccommodationFromParentsTutionFees"/>
    <link:definitionArc xlink:type="arc" xlink:arcrole="http://xbrl.org/int/dim/arcrole/domain-member" xlink:from="TuitionFees" xlink:to="NetPaymentSPaymentForAccommodationFromParentsTutionFees" xlink:title="definition: TuitionFees to NetPaymentSPaymentForAccommodationFromParentsTutionFees" order="3.0"/>
    <link:loc xlink:type="locator" xlink:href="fsa.xsd#fsa_PaymentForAccommodationFromPublicAuthorityTutionFees" xlink:label="PaymentForAccommodationFromPublicAuthorityTutionFees" xlink:title="PaymentForAccommodationFromPublicAuthorityTutionFees"/>
    <link:definitionArc xlink:type="arc" xlink:arcrole="http://xbrl.org/int/dim/arcrole/domain-member" xlink:from="TuitionFees" xlink:to="PaymentForAccommodationFromPublicAuthorityTutionFees" xlink:title="definition: TuitionFees to PaymentForAccommodationFromPublicAuthorityTutionFees" order="4.0"/>
    <link:loc xlink:type="locator" xlink:href="fsa.xsd#fsa_GrantsForAccommodationSupportTutionFees" xlink:label="GrantsForAccommodationSupportTutionFees" xlink:title="GrantsForAccommodationSupportTutionFees"/>
    <link:definitionArc xlink:type="arc" xlink:arcrole="http://xbrl.org/int/dim/arcrole/domain-member" xlink:from="TuitionFees" xlink:to="GrantsForAccommodationSupportTutionFees" xlink:title="definition: TuitionFees to GrantsForAccommodationSupportTutionFees" order="5.0"/>
    <link:loc xlink:type="locator" xlink:href="fsa.xsd#fsa_PaymentForMaterialsFieldTripsTravellingEtcTutionFees" xlink:label="PaymentForMaterialsFieldTripsTravellingEtcTutionFees" xlink:title="PaymentForMaterialsFieldTripsTravellingEtcTutionFees"/>
    <link:definitionArc xlink:type="arc" xlink:arcrole="http://xbrl.org/int/dim/arcrole/domain-member" xlink:from="TuitionFees" xlink:to="PaymentForMaterialsFieldTripsTravellingEtcTutionFees" xlink:title="definition: TuitionFees to PaymentForMaterialsFieldTripsTravellingEtcTutionFees" order="6.0"/>
    <link:loc xlink:type="locator" xlink:href="fsa.xsd#fsa_RegistrationFeesTutionFees" xlink:label="RegistrationFeesTutionFees" xlink:title="RegistrationFeesTutionFees"/>
    <link:definitionArc xlink:type="arc" xlink:arcrole="http://xbrl.org/int/dim/arcrole/domain-member" xlink:from="TuitionFees" xlink:to="RegistrationFeesTutionFees" xlink:title="definition: TuitionFees to RegistrationFeesTutionFees" order="7.0"/>
    <link:loc xlink:type="locator" xlink:href="fsa.xsd#fsa_WagesAndSalariesBuildingOperating" xlink:label="WagesAndSalariesBuildingOperating" xlink:title="WagesAndSalariesBuildingOperating"/>
    <link:loc xlink:type="locator" xlink:href="fsa.xsd#fsa_WagesAnSalariesBuildingOperating" xlink:label="WagesAnSalariesBuildingOperating" xlink:title="WagesAnSalariesBuildingOperating"/>
    <link:definitionArc xlink:type="arc" xlink:arcrole="http://xbrl.org/int/dim/arcrole/domain-member" xlink:from="WagesAndSalariesBuildingOperating" xlink:to="WagesAnSalariesBuildingOperating" xlink:title="definition: WagesAndSalariesBuildingOperating to WagesAnSalariesBuildingOperating" order="1.0"/>
    <link:loc xlink:type="locator" xlink:href="fsa.xsd#fsa_WagesAnsSalariesRefundsBuildingOperating" xlink:label="WagesAnsSalariesRefundsBuildingOperating" xlink:title="WagesAnsSalariesRefundsBuildingOperating"/>
    <link:definitionArc xlink:type="arc" xlink:arcrole="http://xbrl.org/int/dim/arcrole/domain-member" xlink:from="WagesAndSalariesBuildingOperating" xlink:to="WagesAnsSalariesRefundsBuildingOperating" xlink:title="definition: WagesAndSalariesBuildingOperating to WagesAnsSalariesRefundsBuildingOperating" order="2.0"/>
    <link:loc xlink:type="locator" xlink:href="fsa.xsd#fsa_ContributionsAccordingToMaternityEliminationActBuildingOperating" xlink:label="ContributionsAccordingToMaternityEliminationActBuildingOperating" xlink:title="ContributionsAccordingToMaternityEliminationActBuildingOperating"/>
    <link:definitionArc xlink:type="arc" xlink:arcrole="http://xbrl.org/int/dim/arcrole/domain-member" xlink:from="WagesAndSalariesBuildingOperating" xlink:to="ContributionsAccordingToMaternityEliminationActBuildingOperating" xlink:title="definition: WagesAndSalariesBuildingOperating to ContributionsAccordingToMaternityEliminationActBuildingOperating" order="3.0"/>
    <link:loc xlink:type="locator" xlink:href="fsa.xsd#fsa_OtherExpensesBuildingOperating" xlink:label="OtherExpensesBuildingOperating" xlink:title="OtherExpensesBuildingOperating"/>
    <link:loc xlink:type="locator" xlink:href="fsa.xsd#fsa_RentOfBuildingsAndAreasOtherCostsPropertyManagement" xlink:label="RentOfBuildingsAndAreasOtherCostsPropertyManagement" xlink:title="RentOfBuildingsAndAreasOtherCostsPropertyManagement"/>
    <link:definitionArc xlink:type="arc" xlink:arcrole="http://xbrl.org/int/dim/arcrole/domain-member" xlink:from="OtherExpensesBuildingOperating" xlink:to="RentOfBuildingsAndAreasOtherCostsPropertyManagement" xlink:title="definition: OtherExpensesBuildingOperating to RentOfBuildingsAndAreasOtherCostsPropertyManagement" order="1.0"/>
    <link:loc xlink:type="locator" xlink:href="fsa.xsd#fsa_HourlyLeaseOtherCostsPropertyManagement" xlink:label="HourlyLeaseOtherCostsPropertyManagement" xlink:title="HourlyLeaseOtherCostsPropertyManagement"/>
    <link:definitionArc xlink:type="arc" xlink:arcrole="http://xbrl.org/int/dim/arcrole/domain-member" xlink:from="OtherExpensesBuildingOperating" xlink:to="HourlyLeaseOtherCostsPropertyManagement" xlink:title="definition: OtherExpensesBuildingOperating to HourlyLeaseOtherCostsPropertyManagement" order="2.0"/>
    <link:loc xlink:type="locator" xlink:href="fsa.xsd#fsa_RealPropertyTaxesOtherCostsPropertyManagement" xlink:label="RealPropertyTaxesOtherCostsPropertyManagement" xlink:title="RealPropertyTaxesOtherCostsPropertyManagement"/>
    <link:definitionArc xlink:type="arc" xlink:arcrole="http://xbrl.org/int/dim/arcrole/domain-member" xlink:from="OtherExpensesBuildingOperating" xlink:to="RealPropertyTaxesOtherCostsPropertyManagement" xlink:title="definition: OtherExpensesBuildingOperating to RealPropertyTaxesOtherCostsPropertyManagement" order="3.0"/>
    <link:loc xlink:type="locator" xlink:href="fsa.xsd#fsa_PropertyInsurancesOtherCostsPropertyManagement" xlink:label="PropertyInsurancesOtherCostsPropertyManagement" xlink:title="PropertyInsurancesOtherCostsPropertyManagement"/>
    <link:definitionArc xlink:type="arc" xlink:arcrole="http://xbrl.org/int/dim/arcrole/domain-member" xlink:from="OtherExpensesBuildingOperating" xlink:to="PropertyInsurancesOtherCostsPropertyManagement" xlink:title="definition: OtherExpensesBuildingOperating to PropertyInsurancesOtherCostsPropertyManagement" order="4.0"/>
    <link:loc xlink:type="locator" xlink:href="fsa.xsd#fsa_AlarmSystemsOtherCostsPropertyManagement" xlink:label="AlarmSystemsOtherCostsPropertyManagement" xlink:title="AlarmSystemsOtherCostsPropertyManagement"/>
    <link:definitionArc xlink:type="arc" xlink:arcrole="http://xbrl.org/int/dim/arcrole/domain-member" xlink:from="OtherExpensesBuildingOperating" xlink:to="AlarmSystemsOtherCostsPropertyManagement" xlink:title="definition: OtherExpensesBuildingOperating to AlarmSystemsOtherCostsPropertyManagement" order="5.0"/>
    <link:loc xlink:type="locator" xlink:href="fsa.xsd#fsa_HeatingElectricityWaterInclRelatedChargesOtherCostsPropertyManagement" xlink:label="HeatingElectricityWaterInclRelatedChargesOtherCostsPropertyManagement" xlink:title="HeatingElectricityWaterInclRelatedChargesOtherCostsPropertyManagement"/>
    <link:definitionArc xlink:type="arc" xlink:arcrole="http://xbrl.org/int/dim/arcrole/domain-member" xlink:from="OtherExpensesBuildingOperating" xlink:to="HeatingElectricityWaterInclRelatedChargesOtherCostsPropertyManagement" xlink:title="definition: OtherExpensesBuildingOperating to HeatingElectricityWaterInclRelatedChargesOtherCostsPropertyManagement" order="6.0"/>
    <link:loc xlink:type="locator" xlink:href="fsa.xsd#fsa_CleaningServicesAndWasteCollectionOtherCostsPropertyManagement" xlink:label="CleaningServicesAndWasteCollectionOtherCostsPropertyManagement" xlink:title="CleaningServicesAndWasteCollectionOtherCostsPropertyManagement"/>
    <link:definitionArc xlink:type="arc" xlink:arcrole="http://xbrl.org/int/dim/arcrole/domain-member" xlink:from="OtherExpensesBuildingOperating" xlink:to="CleaningServicesAndWasteCollectionOtherCostsPropertyManagement" xlink:title="definition: OtherExpensesBuildingOperating to CleaningServicesAndWasteCollectionOtherCostsPropertyManagement" order="7.0"/>
    <link:loc xlink:type="locator" xlink:href="fsa.xsd#fsa_CourseClassOreSeminarOtherCostsPropertyManagement" xlink:label="CourseClassOreSeminarOtherCostsPropertyManagement" xlink:title="CourseClassOreSeminarOtherCostsPropertyManagement"/>
    <link:definitionArc xlink:type="arc" xlink:arcrole="http://xbrl.org/int/dim/arcrole/domain-member" xlink:from="OtherExpensesBuildingOperating" xlink:to="CourseClassOreSeminarOtherCostsPropertyManagement" xlink:title="definition: OtherExpensesBuildingOperating to CourseClassOreSeminarOtherCostsPropertyManagement" order="8.0"/>
    <link:loc xlink:type="locator" xlink:href="fsa.xsd#fsa_BusinessTripsOtherCostsPropertyManagement" xlink:label="BusinessTripsOtherCostsPropertyManagement" xlink:title="BusinessTripsOtherCostsPropertyManagement"/>
    <link:definitionArc xlink:type="arc" xlink:arcrole="http://xbrl.org/int/dim/arcrole/domain-member" xlink:from="OtherExpensesBuildingOperating" xlink:to="BusinessTripsOtherCostsPropertyManagement" xlink:title="definition: OtherExpensesBuildingOperating to BusinessTripsOtherCostsPropertyManagement" order="9.0"/>
    <link:loc xlink:type="locator" xlink:href="fsa.xsd#fsa_RentAndLeaseFixturesAndFittingsToolsAndEquipmentOtherCostsPropertyManagement" xlink:label="RentAndLeaseFixturesAndFittingsToolsAndEquipmentOtherCostsPropertyManagement" xlink:title="RentAndLeaseFixturesAndFittingsToolsAndEquipmentOtherCostsPropertyManagement"/>
    <link:definitionArc xlink:type="arc" xlink:arcrole="http://xbrl.org/int/dim/arcrole/domain-member" xlink:from="OtherExpensesBuildingOperating" xlink:to="RentAndLeaseFixturesAndFittingsToolsAndEquipmentOtherCostsPropertyManagement" xlink:title="definition: OtherExpensesBuildingOperating to RentAndLeaseFixturesAndFittingsToolsAndEquipmentOtherCostsPropertyManagement" order="10.0"/>
    <link:loc xlink:type="locator" xlink:href="fsa.xsd#fsa_MinorAcquisitionsFixturesAndFittingsToolsAndEquipmentOtherCostsPropertyManagement" xlink:label="MinorAcquisitionsFixturesAndFittingsToolsAndEquipmentOtherCostsPropertyManagement" xlink:title="MinorAcquisitionsFixturesAndFittingsToolsAndEquipmentOtherCostsPropertyManagement"/>
    <link:definitionArc xlink:type="arc" xlink:arcrole="http://xbrl.org/int/dim/arcrole/domain-member" xlink:from="OtherExpensesBuildingOperating" xlink:to="MinorAcquisitionsFixturesAndFittingsToolsAndEquipmentOtherCostsPropertyManagement" xlink:title="definition: OtherExpensesBuildingOperating to MinorAcquisitionsFixturesAndFittingsToolsAndEquipmentOtherCostsPropertyManagement" order="11.0"/>
    <link:loc xlink:type="locator" xlink:href="fsa.xsd#fsa_MaintenanceBuildingsLeaseholdImprovementsEquipmentFixturesAndFittingsOtherCostsPropertyManagement" xlink:label="MaintenanceBuildingsLeaseholdImprovementsEquipmentFixturesAndFittingsOtherCostsPropertyManagement" xlink:title="MaintenanceBuildingsLeaseholdImprovementsEquipmentFixturesAndFittingsOtherCostsPropertyManagement"/>
    <link:definitionArc xlink:type="arc" xlink:arcrole="http://xbrl.org/int/dim/arcrole/domain-member" xlink:from="OtherExpensesBuildingOperating" xlink:to="MaintenanceBuildingsLeaseholdImprovementsEquipmentFixturesAndFittingsOtherCostsPropertyManagement" xlink:title="definition: OtherExpensesBuildingOperating to MaintenanceBuildingsLeaseholdImprovementsEquipmentFixturesAndFittingsOtherCostsPropertyManagement" order="12.0"/>
    <link:loc xlink:type="locator" xlink:href="fsa.xsd#fsa_DepreciationBuildingsLeaseholdImprovementsEquipmentFixturesAndFittingsOtherCostsPropertyManagement" xlink:label="DepreciationBuildingsLeaseholdImprovementsEquipmentFixturesAndFittingsOtherCostsPropertyManagement" xlink:title="DepreciationBuildingsLeaseholdImprovementsEquipmentFixturesAndFittingsOtherCostsPropertyManagement"/>
    <link:definitionArc xlink:type="arc" xlink:arcrole="http://xbrl.org/int/dim/arcrole/domain-member" xlink:from="OtherExpensesBuildingOperating" xlink:to="DepreciationBuildingsLeaseholdImprovementsEquipmentFixturesAndFittingsOtherCostsPropertyManagement" xlink:title="definition: OtherExpensesBuildingOperating to DepreciationBuildingsLeaseholdImprovementsEquipmentFixturesAndFittingsOtherCostsPropertyManagement" order="13.0"/>
    <link:loc xlink:type="locator" xlink:href="fsa.xsd#fsa_OtherCostsOtherCostsPropertyManagement" xlink:label="OtherCostsOtherCostsPropertyManagement" xlink:title="OtherCostsOtherCostsPropertyManagement"/>
    <link:definitionArc xlink:type="arc" xlink:arcrole="http://xbrl.org/int/dim/arcrole/domain-member" xlink:from="OtherExpensesBuildingOperating" xlink:to="OtherCostsOtherCostsPropertyManagement" xlink:title="definition: OtherExpensesBuildingOperating to OtherCostsOtherCostsPropertyManagement" order="14.0"/>
    <link:loc xlink:type="locator" xlink:href="fsa.xsd#fsa_WagesAndSalariesConductionOfEducation" xlink:label="WagesAndSalariesConductionOfEducation" xlink:title="WagesAndSalariesConductionOfEducation"/>
    <link:loc xlink:type="locator" xlink:href="fsa.xsd#fsa_WagesAndSalariesConductionOfEducationSk" xlink:label="WagesAndSalariesConductionOfEducationSk" xlink:title="WagesAndSalariesConductionOfEducationSk"/>
    <link:definitionArc xlink:type="arc" xlink:arcrole="http://xbrl.org/int/dim/arcrole/domain-member" xlink:from="WagesAndSalariesConductionOfEducation" xlink:to="WagesAndSalariesConductionOfEducationSk" xlink:title="definition: WagesAndSalariesConductionOfEducation to WagesAndSalariesConductionOfEducationSk" order="1.0"/>
    <link:loc xlink:type="locator" xlink:href="fsa.xsd#fsa_WagesAndSalariesRefundsConductionOfEducation" xlink:label="WagesAndSalariesRefundsConductionOfEducation" xlink:title="WagesAndSalariesRefundsConductionOfEducation"/>
    <link:definitionArc xlink:type="arc" xlink:arcrole="http://xbrl.org/int/dim/arcrole/domain-member" xlink:from="WagesAndSalariesConductionOfEducation" xlink:to="WagesAndSalariesRefundsConductionOfEducation" xlink:title="definition: WagesAndSalariesConductionOfEducation to WagesAndSalariesRefundsConductionOfEducation" order="2.0"/>
    <link:loc xlink:type="locator" xlink:href="fsa.xsd#fsa_ContributionsAccordingToMaternityEliminationActConductionOfEducation" xlink:label="ContributionsAccordingToMaternityEliminationActConductionOfEducation" xlink:title="ContributionsAccordingToMaternityEliminationActConductionOfEducation"/>
    <link:definitionArc xlink:type="arc" xlink:arcrole="http://xbrl.org/int/dim/arcrole/domain-member" xlink:from="WagesAndSalariesConductionOfEducation" xlink:to="ContributionsAccordingToMaternityEliminationActConductionOfEducation" xlink:title="definition: WagesAndSalariesConductionOfEducation to ContributionsAccordingToMaternityEliminationActConductionOfEducation" order="3.0"/>
    <link:loc xlink:type="locator" xlink:href="fsa.xsd#fsa_GrantsToReplacementsCostsIndependentHighschoolsConductionOfEducation" xlink:label="GrantsToReplacementsCostsIndependentHighschoolsConductionOfEducation" xlink:title="GrantsToReplacementsCostsIndependentHighschoolsConductionOfEducation"/>
    <link:definitionArc xlink:type="arc" xlink:arcrole="http://xbrl.org/int/dim/arcrole/domain-member" xlink:from="WagesAndSalariesConductionOfEducation" xlink:to="GrantsToReplacementsCostsIndependentHighschoolsConductionOfEducation" xlink:title="definition: WagesAndSalariesConductionOfEducation to GrantsToReplacementsCostsIndependentHighschoolsConductionOfEducation" order="4.0"/>
    <link:loc xlink:type="locator" xlink:href="fsa.xsd#fsa_GrantsForTeachingSickStudentsIndependentSecundarySchoolsFromTheFundForScholarshipsAndPaymentOfSubstitutesForIndependentSecondarySchoolsConductionOfEducation" xlink:label="GrantsForTeachingSickStudentsIndependentSecundarySchoolsFromTheFundForScholarshipsAndPaymentOfSubstitutesForIndependentSecondarySchoolsConductionOfEducation" xlink:title="GrantsForTeachingSickStudentsIndependentSecundarySchoolsFromTheFundForScholarshipsAndPaymentOfSubstitutesForIndependentSecondarySchoolsConductionOfEducation"/>
    <link:definitionArc xlink:type="arc" xlink:arcrole="http://xbrl.org/int/dim/arcrole/domain-member" xlink:from="WagesAndSalariesConductionOfEducation" xlink:to="GrantsForTeachingSickStudentsIndependentSecundarySchoolsFromTheFundForScholarshipsAndPaymentOfSubstitutesForIndependentSecondarySchoolsConductionOfEducation" xlink:title="definition: WagesAndSalariesConductionOfEducation to GrantsForTeachingSickStudentsIndependentSecundarySchoolsFromTheFundForScholarshipsAndPaymentOfSubstitutesForIndependentSecondarySchoolsConductionOfEducation" order="5.0"/>
    <link:loc xlink:type="locator" xlink:href="fsa.xsd#fsa_GrantsForSeveranceSchemeFromTheFundForScholarshipsAndPaymentOfSubstitutesForIndependentSecondarySchoolsConductionOfEducation" xlink:label="GrantsForSeveranceSchemeFromTheFundForScholarshipsAndPaymentOfSubstitutesForIndependentSecondarySchoolsConductionOfEducation" xlink:title="GrantsForSeveranceSchemeFromTheFundForScholarshipsAndPaymentOfSubstitutesForIndependentSecondarySchoolsConductionOfEducation"/>
    <link:definitionArc xlink:type="arc" xlink:arcrole="http://xbrl.org/int/dim/arcrole/domain-member" xlink:from="WagesAndSalariesConductionOfEducation" xlink:to="GrantsForSeveranceSchemeFromTheFundForScholarshipsAndPaymentOfSubstitutesForIndependentSecondarySchoolsConductionOfEducation" xlink:title="definition: WagesAndSalariesConductionOfEducation to GrantsForSeveranceSchemeFromTheFundForScholarshipsAndPaymentOfSubstitutesForIndependentSecondarySchoolsConductionOfEducation" order="6.0"/>
    <link:loc xlink:type="locator" xlink:href="fsa.xsd#fsa_GrantsForProfessionalPostgraduateTeacherTrainingFromTheFundForScholarshipsAndPaymentOfSubstitutesForIndependentSecondarySchoolsConductionOfEducation" xlink:label="GrantsForProfessionalPostgraduateTeacherTrainingFromTheFundForScholarshipsAndPaymentOfSubstitutesForIndependentSecondarySchoolsConductionOfEducation" xlink:title="GrantsForProfessionalPostgraduateTeacherTrainingFromTheFundForScholarshipsAndPaymentOfSubstitutesForIndependentSecondarySchoolsConductionOfEducation"/>
    <link:definitionArc xlink:type="arc" xlink:arcrole="http://xbrl.org/int/dim/arcrole/domain-member" xlink:from="WagesAndSalariesConductionOfEducation" xlink:to="GrantsForProfessionalPostgraduateTeacherTrainingFromTheFundForScholarshipsAndPaymentOfSubstitutesForIndependentSecondarySchoolsConductionOfEducation" xlink:title="definition: WagesAndSalariesConductionOfEducation to GrantsForProfessionalPostgraduateTeacherTrainingFromTheFundForScholarshipsAndPaymentOfSubstitutesForIndependentSecondarySchoolsConductionOfEducation" order="7.0"/>
    <link:loc xlink:type="locator" xlink:href="fsa.xsd#fsa_OtherExpensesConductionOfEducation" xlink:label="OtherExpensesConductionOfEducation" xlink:title="OtherExpensesConductionOfEducation"/>
    <link:loc xlink:type="locator" xlink:href="fsa.xsd#fsa_TeachingMaterialsIncl.BooksEtcOtherCostsTeaching" xlink:label="TeachingMaterialsIncl.BooksEtcOtherCostsTeaching" xlink:title="TeachingMaterialsIncl.BooksEtcOtherCostsTeaching"/>
    <link:definitionArc xlink:type="arc" xlink:arcrole="http://xbrl.org/int/dim/arcrole/domain-member" xlink:from="OtherExpensesConductionOfEducation" xlink:to="TeachingMaterialsIncl.BooksEtcOtherCostsTeaching" xlink:title="definition: OtherExpensesConductionOfEducation to TeachingMaterialsIncl.BooksEtcOtherCostsTeaching" order="1.0"/>
    <link:loc xlink:type="locator" xlink:href="fsa.xsd#fsa_NetExpensesTransportIncl.OperationOfBusesNetOtherCostsTeaching" xlink:label="NetExpensesTransportIncl.OperationOfBusesNetOtherCostsTeaching" xlink:title="NetExpensesTransportIncl.OperationOfBusesNetOtherCostsTeaching"/>
    <link:definitionArc xlink:type="arc" xlink:arcrole="http://xbrl.org/int/dim/arcrole/domain-member" xlink:from="OtherExpensesConductionOfEducation" xlink:to="NetExpensesTransportIncl.OperationOfBusesNetOtherCostsTeaching" xlink:title="definition: OtherExpensesConductionOfEducation to NetExpensesTransportIncl.OperationOfBusesNetOtherCostsTeaching" order="2.0"/>
    <link:loc xlink:type="locator" xlink:href="fsa.xsd#fsa_CampSchoolsTripsAndOutingsOtherCostsTeaching" xlink:label="CampSchoolsTripsAndOutingsOtherCostsTeaching" xlink:title="CampSchoolsTripsAndOutingsOtherCostsTeaching"/>
    <link:definitionArc xlink:type="arc" xlink:arcrole="http://xbrl.org/int/dim/arcrole/domain-member" xlink:from="OtherExpensesConductionOfEducation" xlink:to="CampSchoolsTripsAndOutingsOtherCostsTeaching" xlink:title="definition: OtherExpensesConductionOfEducation to CampSchoolsTripsAndOutingsOtherCostsTeaching" order="3.0"/>
    <link:loc xlink:type="locator" xlink:href="fsa.xsd#fsa_BusinessTripsOtherCostsTeaching" xlink:label="BusinessTripsOtherCostsTeaching" xlink:title="BusinessTripsOtherCostsTeaching"/>
    <link:definitionArc xlink:type="arc" xlink:arcrole="http://xbrl.org/int/dim/arcrole/domain-member" xlink:from="OtherExpensesConductionOfEducation" xlink:to="BusinessTripsOtherCostsTeaching" xlink:title="definition: OtherExpensesConductionOfEducation to BusinessTripsOtherCostsTeaching" order="4.0"/>
    <link:loc xlink:type="locator" xlink:href="fsa.xsd#fsa_PedagogicTrainingNetOtherCostsTeaching" xlink:label="PedagogicTrainingNetOtherCostsTeaching" xlink:title="PedagogicTrainingNetOtherCostsTeaching"/>
    <link:definitionArc xlink:type="arc" xlink:arcrole="http://xbrl.org/int/dim/arcrole/domain-member" xlink:from="OtherExpensesConductionOfEducation" xlink:to="PedagogicTrainingNetOtherCostsTeaching" xlink:title="definition: OtherExpensesConductionOfEducation to PedagogicTrainingNetOtherCostsTeaching" order="5.0"/>
    <link:loc xlink:type="locator" xlink:href="fsa.xsd#fsa_RentAndLeaseFixturesAndFittingsToolsAndEquipmentOtherCostsTeaching" xlink:label="RentAndLeaseFixturesAndFittingsToolsAndEquipmentOtherCostsTeaching" xlink:title="RentAndLeaseFixturesAndFittingsToolsAndEquipmentOtherCostsTeaching"/>
    <link:definitionArc xlink:type="arc" xlink:arcrole="http://xbrl.org/int/dim/arcrole/domain-member" xlink:from="OtherExpensesConductionOfEducation" xlink:to="RentAndLeaseFixturesAndFittingsToolsAndEquipmentOtherCostsTeaching" xlink:title="definition: OtherExpensesConductionOfEducation to RentAndLeaseFixturesAndFittingsToolsAndEquipmentOtherCostsTeaching" order="6.0"/>
    <link:loc xlink:type="locator" xlink:href="fsa.xsd#fsa_PhotocopyingOtherCostsTeaching" xlink:label="PhotocopyingOtherCostsTeaching" xlink:title="PhotocopyingOtherCostsTeaching"/>
    <link:definitionArc xlink:type="arc" xlink:arcrole="http://xbrl.org/int/dim/arcrole/domain-member" xlink:from="OtherExpensesConductionOfEducation" xlink:to="PhotocopyingOtherCostsTeaching" xlink:title="definition: OtherExpensesConductionOfEducation to PhotocopyingOtherCostsTeaching" order="7.0"/>
    <link:loc xlink:type="locator" xlink:href="fsa.xsd#fsa_MinorAcquisitionsFixturesAndFittingsToolsAndEquipmentOtherCostsTeaching" xlink:label="MinorAcquisitionsFixturesAndFittingsToolsAndEquipmentOtherCostsTeaching" xlink:title="MinorAcquisitionsFixturesAndFittingsToolsAndEquipmentOtherCostsTeaching"/>
    <link:definitionArc xlink:type="arc" xlink:arcrole="http://xbrl.org/int/dim/arcrole/domain-member" xlink:from="OtherExpensesConductionOfEducation" xlink:to="MinorAcquisitionsFixturesAndFittingsToolsAndEquipmentOtherCostsTeaching" xlink:title="definition: OtherExpensesConductionOfEducation to MinorAcquisitionsFixturesAndFittingsToolsAndEquipmentOtherCostsTeaching" order="8.0"/>
    <link:loc xlink:type="locator" xlink:href="fsa.xsd#fsa_MaintenanceFixturesAndFittingsToolsAndEquipmentOtherCostsTeaching" xlink:label="MaintenanceFixturesAndFittingsToolsAndEquipmentOtherCostsTeaching" xlink:title="MaintenanceFixturesAndFittingsToolsAndEquipmentOtherCostsTeaching"/>
    <link:definitionArc xlink:type="arc" xlink:arcrole="http://xbrl.org/int/dim/arcrole/domain-member" xlink:from="OtherExpensesConductionOfEducation" xlink:to="MaintenanceFixturesAndFittingsToolsAndEquipmentOtherCostsTeaching" xlink:title="definition: OtherExpensesConductionOfEducation to MaintenanceFixturesAndFittingsToolsAndEquipmentOtherCostsTeaching" order="9.0"/>
    <link:loc xlink:type="locator" xlink:href="fsa.xsd#fsa_DepreciationIntangibleFixedAssetsOtherCostsTeaching" xlink:label="DepreciationIntangibleFixedAssetsOtherCostsTeaching" xlink:title="DepreciationIntangibleFixedAssetsOtherCostsTeaching"/>
    <link:definitionArc xlink:type="arc" xlink:arcrole="http://xbrl.org/int/dim/arcrole/domain-member" xlink:from="OtherExpensesConductionOfEducation" xlink:to="DepreciationIntangibleFixedAssetsOtherCostsTeaching" xlink:title="definition: OtherExpensesConductionOfEducation to DepreciationIntangibleFixedAssetsOtherCostsTeaching" order="10.0"/>
    <link:loc xlink:type="locator" xlink:href="fsa.xsd#fsa_DepreciationEquipmentAndFixturesAndFittingsOtherCostsTeaching" xlink:label="DepreciationEquipmentAndFixturesAndFittingsOtherCostsTeaching" xlink:title="DepreciationEquipmentAndFixturesAndFittingsOtherCostsTeaching"/>
    <link:definitionArc xlink:type="arc" xlink:arcrole="http://xbrl.org/int/dim/arcrole/domain-member" xlink:from="OtherExpensesConductionOfEducation" xlink:to="DepreciationEquipmentAndFixturesAndFittingsOtherCostsTeaching" xlink:title="definition: OtherExpensesConductionOfEducation to DepreciationEquipmentAndFixturesAndFittingsOtherCostsTeaching" order="11.0"/>
    <link:loc xlink:type="locator" xlink:href="fsa.xsd#fsa_It-CostsOtherCostsTeaching" xlink:label="It-CostsOtherCostsTeaching" xlink:title="It-CostsOtherCostsTeaching"/>
    <link:definitionArc xlink:type="arc" xlink:arcrole="http://xbrl.org/int/dim/arcrole/domain-member" xlink:from="OtherExpensesConductionOfEducation" xlink:to="It-CostsOtherCostsTeaching" xlink:title="definition: OtherExpensesConductionOfEducation to It-CostsOtherCostsTeaching" order="12.0"/>
    <link:loc xlink:type="locator" xlink:href="fsa.xsd#fsa_OtherCostsOtherCostsTeaching" xlink:label="OtherCostsOtherCostsTeaching" xlink:title="OtherCostsOtherCostsTeaching"/>
    <link:definitionArc xlink:type="arc" xlink:arcrole="http://xbrl.org/int/dim/arcrole/domain-member" xlink:from="OtherExpensesConductionOfEducation" xlink:to="OtherCostsOtherCostsTeaching" xlink:title="definition: OtherExpensesConductionOfEducation to OtherCostsOtherCostsTeaching" order="13.0"/>
    <link:loc xlink:type="locator" xlink:href="fsa.xsd#fsa_WagesAndSalariesBoardingDepartmentCanteenServicesAndSchoolFoodArrangement" xlink:label="WagesAndSalariesBoardingDepartmentCanteenServicesAndSchoolFoodArrangement" xlink:title="WagesAndSalariesBoardingDepartmentCanteenServicesAndSchoolFoodArrangement"/>
    <link:loc xlink:type="locator" xlink:href="fsa.xsd#fsa_WagesAnSalariesBoardingDepartmentCanteenServicesAndSchoolFoodArrangement" xlink:label="WagesAnSalariesBoardingDepartmentCanteenServicesAndSchoolFoodArrangement" xlink:title="WagesAnSalariesBoardingDepartmentCanteenServicesAndSchoolFoodArrangement"/>
    <link:definitionArc xlink:type="arc" xlink:arcrole="http://xbrl.org/int/dim/arcrole/domain-member" xlink:from="WagesAndSalariesBoardingDepartmentCanteenServicesAndSchoolFoodArrangement" xlink:to="WagesAnSalariesBoardingDepartmentCanteenServicesAndSchoolFoodArrangement" xlink:title="definition: WagesAndSalariesBoardingDepartmentCanteenServicesAndSchoolFoodArrangement to WagesAnSalariesBoardingDepartmentCanteenServicesAndSchoolFoodArrangement" order="1.0"/>
    <link:loc xlink:type="locator" xlink:href="fsa.xsd#fsa_WagesAnsSalariesRefundsBoardingDepartmentCanteenServicesAndSchoolFoodArrangement" xlink:label="WagesAnsSalariesRefundsBoardingDepartmentCanteenServicesAndSchoolFoodArrangement" xlink:title="WagesAnsSalariesRefundsBoardingDepartmentCanteenServicesAndSchoolFoodArrangement"/>
    <link:definitionArc xlink:type="arc" xlink:arcrole="http://xbrl.org/int/dim/arcrole/domain-member" xlink:from="WagesAndSalariesBoardingDepartmentCanteenServicesAndSchoolFoodArrangement" xlink:to="WagesAnsSalariesRefundsBoardingDepartmentCanteenServicesAndSchoolFoodArrangement" xlink:title="definition: WagesAndSalariesBoardingDepartmentCanteenServicesAndSchoolFoodArrangement to WagesAnsSalariesRefundsBoardingDepartmentCanteenServicesAndSchoolFoodArrangement" order="2.0"/>
    <link:loc xlink:type="locator" xlink:href="fsa.xsd#fsa_ContributionsAccordingToMaternityEliminationActBoardingDepartmentCanteenServicesAndSchoolFoodArrangement" xlink:label="ContributionsAccordingToMaternityEliminationActBoardingDepartmentCanteenServicesAndSchoolFoodArrangement" xlink:title="ContributionsAccordingToMaternityEliminationActBoardingDepartmentCanteenServicesAndSchoolFoodArrangement"/>
    <link:definitionArc xlink:type="arc" xlink:arcrole="http://xbrl.org/int/dim/arcrole/domain-member" xlink:from="WagesAndSalariesBoardingDepartmentCanteenServicesAndSchoolFoodArrangement" xlink:to="ContributionsAccordingToMaternityEliminationActBoardingDepartmentCanteenServicesAndSchoolFoodArrangement" xlink:title="definition: WagesAndSalariesBoardingDepartmentCanteenServicesAndSchoolFoodArrangement to ContributionsAccordingToMaternityEliminationActBoardingDepartmentCanteenServicesAndSchoolFoodArrangement" order="3.0"/>
    <link:loc xlink:type="locator" xlink:href="fsa.xsd#fsa_OtherExpensesBoardingDepartmentCanteenServicesAndSchoolFoodArrangement" xlink:label="OtherExpensesBoardingDepartmentCanteenServicesAndSchoolFoodArrangement" xlink:title="OtherExpensesBoardingDepartmentCanteenServicesAndSchoolFoodArrangement"/>
    <link:loc xlink:type="locator" xlink:href="fsa.xsd#fsa_FoodProductsOtherCostsBoardingDepartmentCanteenServicesAndSchoolFoodArrangement" xlink:label="FoodProductsOtherCostsBoardingDepartmentCanteenServicesAndSchoolFoodArrangement" xlink:title="FoodProductsOtherCostsBoardingDepartmentCanteenServicesAndSchoolFoodArrangement"/>
    <link:definitionArc xlink:type="arc" xlink:arcrole="http://xbrl.org/int/dim/arcrole/domain-member" xlink:from="OtherExpensesBoardingDepartmentCanteenServicesAndSchoolFoodArrangement" xlink:to="FoodProductsOtherCostsBoardingDepartmentCanteenServicesAndSchoolFoodArrangement" xlink:title="definition: OtherExpensesBoardingDepartmentCanteenServicesAndSchoolFoodArrangement to FoodProductsOtherCostsBoardingDepartmentCanteenServicesAndSchoolFoodArrangement" order="1.0"/>
    <link:loc xlink:type="locator" xlink:href="fsa.xsd#fsa_RecreationalActivityWeekendEventOtherCostsBoardingDepartmentCanteenServicesAndSchoolFoodArrangement" xlink:label="RecreationalActivityWeekendEventOtherCostsBoardingDepartmentCanteenServicesAndSchoolFoodArrangement" xlink:title="RecreationalActivityWeekendEventOtherCostsBoardingDepartmentCanteenServicesAndSchoolFoodArrangement"/>
    <link:definitionArc xlink:type="arc" xlink:arcrole="http://xbrl.org/int/dim/arcrole/domain-member" xlink:from="OtherExpensesBoardingDepartmentCanteenServicesAndSchoolFoodArrangement" xlink:to="RecreationalActivityWeekendEventOtherCostsBoardingDepartmentCanteenServicesAndSchoolFoodArrangement" xlink:title="definition: OtherExpensesBoardingDepartmentCanteenServicesAndSchoolFoodArrangement to RecreationalActivityWeekendEventOtherCostsBoardingDepartmentCanteenServicesAndSchoolFoodArrangement" order="2.0"/>
    <link:loc xlink:type="locator" xlink:href="fsa.xsd#fsa_CourseClassOreSeminarOtherCostsBoardingDepartmentCanteenServicesAndSchoolFoodArrangement" xlink:label="CourseClassOreSeminarOtherCostsBoardingDepartmentCanteenServicesAndSchoolFoodArrangement" xlink:title="CourseClassOreSeminarOtherCostsBoardingDepartmentCanteenServicesAndSchoolFoodArrangement"/>
    <link:definitionArc xlink:type="arc" xlink:arcrole="http://xbrl.org/int/dim/arcrole/domain-member" xlink:from="OtherExpensesBoardingDepartmentCanteenServicesAndSchoolFoodArrangement" xlink:to="CourseClassOreSeminarOtherCostsBoardingDepartmentCanteenServicesAndSchoolFoodArrangement" xlink:title="definition: OtherExpensesBoardingDepartmentCanteenServicesAndSchoolFoodArrangement to CourseClassOreSeminarOtherCostsBoardingDepartmentCanteenServicesAndSchoolFoodArrangement" order="3.0"/>
    <link:loc xlink:type="locator" xlink:href="fsa.xsd#fsa_BusinessTripsOtherCostsBoardingDepartmentCanteenServicesAndSchoolFoodArrangement" xlink:label="BusinessTripsOtherCostsBoardingDepartmentCanteenServicesAndSchoolFoodArrangement" xlink:title="BusinessTripsOtherCostsBoardingDepartmentCanteenServicesAndSchoolFoodArrangement"/>
    <link:definitionArc xlink:type="arc" xlink:arcrole="http://xbrl.org/int/dim/arcrole/domain-member" xlink:from="OtherExpensesBoardingDepartmentCanteenServicesAndSchoolFoodArrangement" xlink:to="BusinessTripsOtherCostsBoardingDepartmentCanteenServicesAndSchoolFoodArrangement" xlink:title="definition: OtherExpensesBoardingDepartmentCanteenServicesAndSchoolFoodArrangement to BusinessTripsOtherCostsBoardingDepartmentCanteenServicesAndSchoolFoodArrangement" order="4.0"/>
    <link:loc xlink:type="locator" xlink:href="fsa.xsd#fsa_RentAndLeaseFixturesAndFittingsToolsAndEquipmentOtherCostsBoardingDepartmentCanteenServicesAndSchoolFoodArrangement" xlink:label="RentAndLeaseFixturesAndFittingsToolsAndEquipmentOtherCostsBoardingDepartmentCanteenServicesAndSchoolFoodArrangement" xlink:title="RentAndLeaseFixturesAndFittingsToolsAndEquipmentOtherCostsBoardingDepartmentCanteenServicesAndSchoolFoodArrangement"/>
    <link:definitionArc xlink:type="arc" xlink:arcrole="http://xbrl.org/int/dim/arcrole/domain-member" xlink:from="OtherExpensesBoardingDepartmentCanteenServicesAndSchoolFoodArrangement" xlink:to="RentAndLeaseFixturesAndFittingsToolsAndEquipmentOtherCostsBoardingDepartmentCanteenServicesAndSchoolFoodArrangement" xlink:title="definition: OtherExpensesBoardingDepartmentCanteenServicesAndSchoolFoodArrangement to RentAndLeaseFixturesAndFittingsToolsAndEquipmentOtherCostsBoardingDepartmentCanteenServicesAndSchoolFoodArrangement" order="5.0"/>
    <link:loc xlink:type="locator" xlink:href="fsa.xsd#fsa_MinorAcquisitionsFixturesAndFittingsToolsAndEquipmentOtherCostsBoardingDepartmentCanteenServicesAndSchoolFoodArrangement" xlink:label="MinorAcquisitionsFixturesAndFittingsToolsAndEquipmentOtherCostsBoardingDepartmentCanteenServicesAndSchoolFoodArrangement" xlink:title="MinorAcquisitionsFixturesAndFittingsToolsAndEquipmentOtherCostsBoardingDepartmentCanteenServicesAndSchoolFoodArrangement"/>
    <link:definitionArc xlink:type="arc" xlink:arcrole="http://xbrl.org/int/dim/arcrole/domain-member" xlink:from="OtherExpensesBoardingDepartmentCanteenServicesAndSchoolFoodArrangement" xlink:to="MinorAcquisitionsFixturesAndFittingsToolsAndEquipmentOtherCostsBoardingDepartmentCanteenServicesAndSchoolFoodArrangement" xlink:title="definition: OtherExpensesBoardingDepartmentCanteenServicesAndSchoolFoodArrangement to MinorAcquisitionsFixturesAndFittingsToolsAndEquipmentOtherCostsBoardingDepartmentCanteenServicesAndSchoolFoodArrangement" order="6.0"/>
    <link:loc xlink:type="locator" xlink:href="fsa.xsd#fsa_MaintenanceFixturesAndFittingsToolsAndEquipmentOtherCostsBoardingDepartmentCanteenServicesAndSchoolFoodArrangement" xlink:label="MaintenanceFixturesAndFittingsToolsAndEquipmentOtherCostsBoardingDepartmentCanteenServicesAndSchoolFoodArrangement" xlink:title="MaintenanceFixturesAndFittingsToolsAndEquipmentOtherCostsBoardingDepartmentCanteenServicesAndSchoolFoodArrangement"/>
    <link:definitionArc xlink:type="arc" xlink:arcrole="http://xbrl.org/int/dim/arcrole/domain-member" xlink:from="OtherExpensesBoardingDepartmentCanteenServicesAndSchoolFoodArrangement" xlink:to="MaintenanceFixturesAndFittingsToolsAndEquipmentOtherCostsBoardingDepartmentCanteenServicesAndSchoolFoodArrangement" xlink:title="definition: OtherExpensesBoardingDepartmentCanteenServicesAndSchoolFoodArrangement to MaintenanceFixturesAndFittingsToolsAndEquipmentOtherCostsBoardingDepartmentCanteenServicesAndSchoolFoodArrangement" order="7.0"/>
    <link:loc xlink:type="locator" xlink:href="fsa.xsd#fsa_DepreciationEquipmentAndFixturesAndFittingsOtherCostsBoardingDepartmentCanteenServicesAndSchoolFoodArrangement" xlink:label="DepreciationEquipmentAndFixturesAndFittingsOtherCostsBoardingDepartmentCanteenServicesAndSchoolFoodArrangement" xlink:title="DepreciationEquipmentAndFixturesAndFittingsOtherCostsBoardingDepartmentCanteenServicesAndSchoolFoodArrangement"/>
    <link:definitionArc xlink:type="arc" xlink:arcrole="http://xbrl.org/int/dim/arcrole/domain-member" xlink:from="OtherExpensesBoardingDepartmentCanteenServicesAndSchoolFoodArrangement" xlink:to="DepreciationEquipmentAndFixturesAndFittingsOtherCostsBoardingDepartmentCanteenServicesAndSchoolFoodArrangement" xlink:title="definition: OtherExpensesBoardingDepartmentCanteenServicesAndSchoolFoodArrangement to DepreciationEquipmentAndFixturesAndFittingsOtherCostsBoardingDepartmentCanteenServicesAndSchoolFoodArrangement" order="8.0"/>
    <link:loc xlink:type="locator" xlink:href="fsa.xsd#fsa_OtherCostsOtherCostsBoardingDepartmentCanteenServicesAndSchoolFoodArrangement" xlink:label="OtherCostsOtherCostsBoardingDepartmentCanteenServicesAndSchoolFoodArrangement" xlink:title="OtherCostsOtherCostsBoardingDepartmentCanteenServicesAndSchoolFoodArrangement"/>
    <link:definitionArc xlink:type="arc" xlink:arcrole="http://xbrl.org/int/dim/arcrole/domain-member" xlink:from="OtherExpensesBoardingDepartmentCanteenServicesAndSchoolFoodArrangement" xlink:to="OtherCostsOtherCostsBoardingDepartmentCanteenServicesAndSchoolFoodArrangement" xlink:title="definition: OtherExpensesBoardingDepartmentCanteenServicesAndSchoolFoodArrangement to OtherCostsOtherCostsBoardingDepartmentCanteenServicesAndSchoolFoodArrangement" order="9.0"/>
    <link:loc xlink:type="locator" xlink:href="fsa.xsd#fsa_WagesAndSalariesManagementAndAdministration" xlink:label="WagesAndSalariesManagementAndAdministration" xlink:title="WagesAndSalariesManagementAndAdministration"/>
    <link:loc xlink:type="locator" xlink:href="fsa.xsd#fsa_WagesAnSalariesManagementAndAdministration" xlink:label="WagesAnSalariesManagementAndAdministration" xlink:title="WagesAnSalariesManagementAndAdministration"/>
    <link:definitionArc xlink:type="arc" xlink:arcrole="http://xbrl.org/int/dim/arcrole/domain-member" xlink:from="WagesAndSalariesManagementAndAdministration" xlink:to="WagesAnSalariesManagementAndAdministration" xlink:title="definition: WagesAndSalariesManagementAndAdministration to WagesAnSalariesManagementAndAdministration" order="1.0"/>
    <link:loc xlink:type="locator" xlink:href="fsa.xsd#fsa_WagesAnsSalariesRefundsManagementAndAdministration" xlink:label="WagesAnsSalariesRefundsManagementAndAdministration" xlink:title="WagesAnsSalariesRefundsManagementAndAdministration"/>
    <link:definitionArc xlink:type="arc" xlink:arcrole="http://xbrl.org/int/dim/arcrole/domain-member" xlink:from="WagesAndSalariesManagementAndAdministration" xlink:to="WagesAnsSalariesRefundsManagementAndAdministration" xlink:title="definition: WagesAndSalariesManagementAndAdministration to WagesAnsSalariesRefundsManagementAndAdministration" order="2.0"/>
    <link:loc xlink:type="locator" xlink:href="fsa.xsd#fsa_ContributionsAccordingToMaternityEliminationActManagementAndAdministration" xlink:label="ContributionsAccordingToMaternityEliminationActManagementAndAdministration" xlink:title="ContributionsAccordingToMaternityEliminationActManagementAndAdministration"/>
    <link:definitionArc xlink:type="arc" xlink:arcrole="http://xbrl.org/int/dim/arcrole/domain-member" xlink:from="WagesAndSalariesManagementAndAdministration" xlink:to="ContributionsAccordingToMaternityEliminationActManagementAndAdministration" xlink:title="definition: WagesAndSalariesManagementAndAdministration to ContributionsAccordingToMaternityEliminationActManagementAndAdministration" order="3.0"/>
    <link:loc xlink:type="locator" xlink:href="fsa.xsd#fsa_OtherExpensesManagementAndAdministration" xlink:label="OtherExpensesManagementAndAdministration" xlink:title="OtherExpensesManagementAndAdministration"/>
    <link:loc xlink:type="locator" xlink:href="fsa.xsd#fsa_AuditFeesOtherCostsManagementAndAdministration" xlink:label="AuditFeesOtherCostsManagementAndAdministration" xlink:title="AuditFeesOtherCostsManagementAndAdministration"/>
    <link:definitionArc xlink:type="arc" xlink:arcrole="http://xbrl.org/int/dim/arcrole/domain-member" xlink:from="OtherExpensesManagementAndAdministration" xlink:to="AuditFeesOtherCostsManagementAndAdministration" xlink:title="definition: OtherExpensesManagementAndAdministration to AuditFeesOtherCostsManagementAndAdministration" order="1.0"/>
    <link:loc xlink:type="locator" xlink:href="fsa.xsd#fsa_AccountingAssistanceOtherCostsManagementAndAdministration" xlink:label="AccountingAssistanceOtherCostsManagementAndAdministration" xlink:title="AccountingAssistanceOtherCostsManagementAndAdministration"/>
    <link:definitionArc xlink:type="arc" xlink:arcrole="http://xbrl.org/int/dim/arcrole/domain-member" xlink:from="OtherExpensesManagementAndAdministration" xlink:to="AccountingAssistanceOtherCostsManagementAndAdministration" xlink:title="definition: OtherExpensesManagementAndAdministration to AccountingAssistanceOtherCostsManagementAndAdministration" order="2.0"/>
    <link:loc xlink:type="locator" xlink:href="fsa.xsd#fsa_OtherAdvisoryServicesOtherCostsManagementAndAdministration" xlink:label="OtherAdvisoryServicesOtherCostsManagementAndAdministration" xlink:title="OtherAdvisoryServicesOtherCostsManagementAndAdministration"/>
    <link:definitionArc xlink:type="arc" xlink:arcrole="http://xbrl.org/int/dim/arcrole/domain-member" xlink:from="OtherExpensesManagementAndAdministration" xlink:to="OtherAdvisoryServicesOtherCostsManagementAndAdministration" xlink:title="definition: OtherExpensesManagementAndAdministration to OtherAdvisoryServicesOtherCostsManagementAndAdministration" order="3.0"/>
    <link:loc xlink:type="locator" xlink:href="fsa.xsd#fsa_InsuranceOtherCostsManagementAndAdministration" xlink:label="InsuranceOtherCostsManagementAndAdministration" xlink:title="InsuranceOtherCostsManagementAndAdministration"/>
    <link:definitionArc xlink:type="arc" xlink:arcrole="http://xbrl.org/int/dim/arcrole/domain-member" xlink:from="OtherExpensesManagementAndAdministration" xlink:to="InsuranceOtherCostsManagementAndAdministration" xlink:title="definition: OtherExpensesManagementAndAdministration to InsuranceOtherCostsManagementAndAdministration" order="4.0"/>
    <link:loc xlink:type="locator" xlink:href="fsa.xsd#fsa_MarketingOtherCostsManagementAndAdministration" xlink:label="MarketingOtherCostsManagementAndAdministration" xlink:title="MarketingOtherCostsManagementAndAdministration"/>
    <link:definitionArc xlink:type="arc" xlink:arcrole="http://xbrl.org/int/dim/arcrole/domain-member" xlink:from="OtherExpensesManagementAndAdministration" xlink:to="MarketingOtherCostsManagementAndAdministration" xlink:title="definition: OtherExpensesManagementAndAdministration to MarketingOtherCostsManagementAndAdministration" order="5.0"/>
    <link:loc xlink:type="locator" xlink:href="fsa.xsd#fsa_ExpensesRelatedToTheEmploymentOfStaffOtherCostsManagementAndAdministration" xlink:label="ExpensesRelatedToTheEmploymentOfStaffOtherCostsManagementAndAdministration" xlink:title="ExpensesRelatedToTheEmploymentOfStaffOtherCostsManagementAndAdministration"/>
    <link:definitionArc xlink:type="arc" xlink:arcrole="http://xbrl.org/int/dim/arcrole/domain-member" xlink:from="OtherExpensesManagementAndAdministration" xlink:to="ExpensesRelatedToTheEmploymentOfStaffOtherCostsManagementAndAdministration" xlink:title="definition: OtherExpensesManagementAndAdministration to ExpensesRelatedToTheEmploymentOfStaffOtherCostsManagementAndAdministration" order="6.0"/>
    <link:loc xlink:type="locator" xlink:href="fsa.xsd#fsa_StaffExpensesOtherCostsManagementAndAdministration" xlink:label="StaffExpensesOtherCostsManagementAndAdministration" xlink:title="StaffExpensesOtherCostsManagementAndAdministration"/>
    <link:definitionArc xlink:type="arc" xlink:arcrole="http://xbrl.org/int/dim/arcrole/domain-member" xlink:from="OtherExpensesManagementAndAdministration" xlink:to="StaffExpensesOtherCostsManagementAndAdministration" xlink:title="definition: OtherExpensesManagementAndAdministration to StaffExpensesOtherCostsManagementAndAdministration" order="7.0"/>
    <link:loc xlink:type="locator" xlink:href="fsa.xsd#fsa_SchoolBoardExpensesOtherCostsManagementAndAdministration" xlink:label="SchoolBoardExpensesOtherCostsManagementAndAdministration" xlink:title="SchoolBoardExpensesOtherCostsManagementAndAdministration"/>
    <link:definitionArc xlink:type="arc" xlink:arcrole="http://xbrl.org/int/dim/arcrole/domain-member" xlink:from="OtherExpensesManagementAndAdministration" xlink:to="SchoolBoardExpensesOtherCostsManagementAndAdministration" xlink:title="definition: OtherExpensesManagementAndAdministration to SchoolBoardExpensesOtherCostsManagementAndAdministration" order="8.0"/>
    <link:loc xlink:type="locator" xlink:href="fsa.xsd#fsa_CourseClassOreSeminarOtherCostsManagementAndAdministration" xlink:label="CourseClassOreSeminarOtherCostsManagementAndAdministration" xlink:title="CourseClassOreSeminarOtherCostsManagementAndAdministration"/>
    <link:definitionArc xlink:type="arc" xlink:arcrole="http://xbrl.org/int/dim/arcrole/domain-member" xlink:from="OtherExpensesManagementAndAdministration" xlink:to="CourseClassOreSeminarOtherCostsManagementAndAdministration" xlink:title="definition: OtherExpensesManagementAndAdministration to CourseClassOreSeminarOtherCostsManagementAndAdministration" order="9.0"/>
    <link:loc xlink:type="locator" xlink:href="fsa.xsd#fsa_BusinessTripsOtherCostsManagementAndAdministration" xlink:label="BusinessTripsOtherCostsManagementAndAdministration" xlink:title="BusinessTripsOtherCostsManagementAndAdministration"/>
    <link:definitionArc xlink:type="arc" xlink:arcrole="http://xbrl.org/int/dim/arcrole/domain-member" xlink:from="OtherExpensesManagementAndAdministration" xlink:to="BusinessTripsOtherCostsManagementAndAdministration" xlink:title="definition: OtherExpensesManagementAndAdministration to BusinessTripsOtherCostsManagementAndAdministration" order="10.0"/>
    <link:loc xlink:type="locator" xlink:href="fsa.xsd#fsa_StatutoryTaxesStaffOtherCostsManagementAndAdministration" xlink:label="StatutoryTaxesStaffOtherCostsManagementAndAdministration" xlink:title="StatutoryTaxesStaffOtherCostsManagementAndAdministration"/>
    <link:definitionArc xlink:type="arc" xlink:arcrole="http://xbrl.org/int/dim/arcrole/domain-member" xlink:from="OtherExpensesManagementAndAdministration" xlink:to="StatutoryTaxesStaffOtherCostsManagementAndAdministration" xlink:title="definition: OtherExpensesManagementAndAdministration to StatutoryTaxesStaffOtherCostsManagementAndAdministration" order="11.0"/>
    <link:loc xlink:type="locator" xlink:href="fsa.xsd#fsa_EntertainmentOtherCostsManagementAndAdministration" xlink:label="EntertainmentOtherCostsManagementAndAdministration" xlink:title="EntertainmentOtherCostsManagementAndAdministration"/>
    <link:definitionArc xlink:type="arc" xlink:arcrole="http://xbrl.org/int/dim/arcrole/domain-member" xlink:from="OtherExpensesManagementAndAdministration" xlink:to="EntertainmentOtherCostsManagementAndAdministration" xlink:title="definition: OtherExpensesManagementAndAdministration to EntertainmentOtherCostsManagementAndAdministration" order="12.0"/>
    <link:loc xlink:type="locator" xlink:href="fsa.xsd#fsa_OfficeSuppliesPostageAndTelephoneOtherCostsManagementAndAdministration" xlink:label="OfficeSuppliesPostageAndTelephoneOtherCostsManagementAndAdministration" xlink:title="OfficeSuppliesPostageAndTelephoneOtherCostsManagementAndAdministration"/>
    <link:definitionArc xlink:type="arc" xlink:arcrole="http://xbrl.org/int/dim/arcrole/domain-member" xlink:from="OtherExpensesManagementAndAdministration" xlink:to="OfficeSuppliesPostageAndTelephoneOtherCostsManagementAndAdministration" xlink:title="definition: OtherExpensesManagementAndAdministration to OfficeSuppliesPostageAndTelephoneOtherCostsManagementAndAdministration" order="13.0"/>
    <link:loc xlink:type="locator" xlink:href="fsa.xsd#fsa_MembershipFeesToSchoolAssociationsOtherCostsManagementAndAdministration" xlink:label="MembershipFeesToSchoolAssociationsOtherCostsManagementAndAdministration" xlink:title="MembershipFeesToSchoolAssociationsOtherCostsManagementAndAdministration"/>
    <link:definitionArc xlink:type="arc" xlink:arcrole="http://xbrl.org/int/dim/arcrole/domain-member" xlink:from="OtherExpensesManagementAndAdministration" xlink:to="MembershipFeesToSchoolAssociationsOtherCostsManagementAndAdministration" xlink:title="definition: OtherExpensesManagementAndAdministration to MembershipFeesToSchoolAssociationsOtherCostsManagementAndAdministration" order="14.0"/>
    <link:loc xlink:type="locator" xlink:href="fsa.xsd#fsa_OtherCostsManagementAndAdministration" xlink:label="OtherCostsManagementAndAdministration" xlink:title="OtherCostsManagementAndAdministration"/>
    <link:definitionArc xlink:type="arc" xlink:arcrole="http://xbrl.org/int/dim/arcrole/domain-member" xlink:from="OtherExpensesManagementAndAdministration" xlink:to="OtherCostsManagementAndAdministration" xlink:title="definition: OtherExpensesManagementAndAdministration to OtherCostsManagementAndAdministration" order="15.0"/>
    <link:loc xlink:type="locator" xlink:href="fsa.xsd#fsa_ContributionsToTheFundForPaymentOfSubstitutesBasicSchoolFordelingssekretariatetOtherCostsManagementAndAdministration" xlink:label="ContributionsToTheFundForPaymentOfSubstitutesBasicSchoolFordelingssekretariatetOtherCostsManagementAndAdministration" xlink:title="ContributionsToTheFundForPaymentOfSubstitutesBasicSchoolFordelingssekretariatetOtherCostsManagementAndAdministration"/>
    <link:definitionArc xlink:type="arc" xlink:arcrole="http://xbrl.org/int/dim/arcrole/domain-member" xlink:from="OtherExpensesManagementAndAdministration" xlink:to="ContributionsToTheFundForPaymentOfSubstitutesBasicSchoolFordelingssekretariatetOtherCostsManagementAndAdministration" xlink:title="definition: OtherExpensesManagementAndAdministration to ContributionsToTheFundForPaymentOfSubstitutesBasicSchoolFordelingssekretariatetOtherCostsManagementAndAdministration" order="16.0"/>
    <link:loc xlink:type="locator" xlink:href="fsa.xsd#fsa_RentAndLeaseFixturesAndFittingsToolsAndEquipmentOtherCostsManagementAndAdministration" xlink:label="RentAndLeaseFixturesAndFittingsToolsAndEquipmentOtherCostsManagementAndAdministration" xlink:title="RentAndLeaseFixturesAndFittingsToolsAndEquipmentOtherCostsManagementAndAdministration"/>
    <link:definitionArc xlink:type="arc" xlink:arcrole="http://xbrl.org/int/dim/arcrole/domain-member" xlink:from="OtherExpensesManagementAndAdministration" xlink:to="RentAndLeaseFixturesAndFittingsToolsAndEquipmentOtherCostsManagementAndAdministration" xlink:title="definition: OtherExpensesManagementAndAdministration to RentAndLeaseFixturesAndFittingsToolsAndEquipmentOtherCostsManagementAndAdministration" order="17.0"/>
    <link:loc xlink:type="locator" xlink:href="fsa.xsd#fsa_MinorAcquisitionsFixturesAndFittingsToolsAndEquipmentOtherCostsManagementAndAdministration" xlink:label="MinorAcquisitionsFixturesAndFittingsToolsAndEquipmentOtherCostsManagementAndAdministration" xlink:title="MinorAcquisitionsFixturesAndFittingsToolsAndEquipmentOtherCostsManagementAndAdministration"/>
    <link:definitionArc xlink:type="arc" xlink:arcrole="http://xbrl.org/int/dim/arcrole/domain-member" xlink:from="OtherExpensesManagementAndAdministration" xlink:to="MinorAcquisitionsFixturesAndFittingsToolsAndEquipmentOtherCostsManagementAndAdministration" xlink:title="definition: OtherExpensesManagementAndAdministration to MinorAcquisitionsFixturesAndFittingsToolsAndEquipmentOtherCostsManagementAndAdministration" order="18.0"/>
    <link:loc xlink:type="locator" xlink:href="fsa.xsd#fsa_MaintenanceFixturesAndFittingsToolsAndEquipmentOtherCostsManagementAndAdministration" xlink:label="MaintenanceFixturesAndFittingsToolsAndEquipmentOtherCostsManagementAndAdministration" xlink:title="MaintenanceFixturesAndFittingsToolsAndEquipmentOtherCostsManagementAndAdministration"/>
    <link:definitionArc xlink:type="arc" xlink:arcrole="http://xbrl.org/int/dim/arcrole/domain-member" xlink:from="OtherExpensesManagementAndAdministration" xlink:to="MaintenanceFixturesAndFittingsToolsAndEquipmentOtherCostsManagementAndAdministration" xlink:title="definition: OtherExpensesManagementAndAdministration to MaintenanceFixturesAndFittingsToolsAndEquipmentOtherCostsManagementAndAdministration" order="19.0"/>
    <link:loc xlink:type="locator" xlink:href="fsa.xsd#fsa_DepreciationIntangibleFixedAssetsOtherCostsManagementAndAdministration" xlink:label="DepreciationIntangibleFixedAssetsOtherCostsManagementAndAdministration" xlink:title="DepreciationIntangibleFixedAssetsOtherCostsManagementAndAdministration"/>
    <link:definitionArc xlink:type="arc" xlink:arcrole="http://xbrl.org/int/dim/arcrole/domain-member" xlink:from="OtherExpensesManagementAndAdministration" xlink:to="DepreciationIntangibleFixedAssetsOtherCostsManagementAndAdministration" xlink:title="definition: OtherExpensesManagementAndAdministration to DepreciationIntangibleFixedAssetsOtherCostsManagementAndAdministration" order="20.0"/>
    <link:loc xlink:type="locator" xlink:href="fsa.xsd#fsa_DepreciationEquipmentAndFixturesAndFittingsOtherCostsManagementAndAdministration" xlink:label="DepreciationEquipmentAndFixturesAndFittingsOtherCostsManagementAndAdministration" xlink:title="DepreciationEquipmentAndFixturesAndFittingsOtherCostsManagementAndAdministration"/>
    <link:definitionArc xlink:type="arc" xlink:arcrole="http://xbrl.org/int/dim/arcrole/domain-member" xlink:from="OtherExpensesManagementAndAdministration" xlink:to="DepreciationEquipmentAndFixturesAndFittingsOtherCostsManagementAndAdministration" xlink:title="definition: OtherExpensesManagementAndAdministration to DepreciationEquipmentAndFixturesAndFittingsOtherCostsManagementAndAdministration" order="21.0"/>
    <link:loc xlink:type="locator" xlink:href="fsa.xsd#fsa_It-CostsOtherCostsManagementAndAdministration" xlink:label="It-CostsOtherCostsManagementAndAdministration" xlink:title="It-CostsOtherCostsManagementAndAdministration"/>
    <link:definitionArc xlink:type="arc" xlink:arcrole="http://xbrl.org/int/dim/arcrole/domain-member" xlink:from="OtherExpensesManagementAndAdministration" xlink:to="It-CostsOtherCostsManagementAndAdministration" xlink:title="definition: OtherExpensesManagementAndAdministration to It-CostsOtherCostsManagementAndAdministration" order="22.0"/>
    <link:loc xlink:type="locator" xlink:href="fsa.xsd#fsa_LossTuitionFeeOtherCostsManagementAndAdministration" xlink:label="LossTuitionFeeOtherCostsManagementAndAdministration" xlink:title="LossTuitionFeeOtherCostsManagementAndAdministration"/>
    <link:definitionArc xlink:type="arc" xlink:arcrole="http://xbrl.org/int/dim/arcrole/domain-member" xlink:from="OtherExpensesManagementAndAdministration" xlink:to="LossTuitionFeeOtherCostsManagementAndAdministration" xlink:title="definition: OtherExpensesManagementAndAdministration to LossTuitionFeeOtherCostsManagementAndAdministration" order="23.0"/>
    <link:loc xlink:type="locator" xlink:href="fsa.xsd#fsa_AdultLiberalEducationCostsOtherCostsManagementAndAdministration" xlink:label="AdultLiberalEducationCostsOtherCostsManagementAndAdministration" xlink:title="AdultLiberalEducationCostsOtherCostsManagementAndAdministration"/>
    <link:definitionArc xlink:type="arc" xlink:arcrole="http://xbrl.org/int/dim/arcrole/domain-member" xlink:from="OtherExpensesManagementAndAdministration" xlink:to="AdultLiberalEducationCostsOtherCostsManagementAndAdministration" xlink:title="definition: OtherExpensesManagementAndAdministration to AdultLiberalEducationCostsOtherCostsManagementAndAdministration" order="24.0"/>
    <link:loc xlink:type="locator" xlink:href="fsa.xsd#fsa_OtherCostsOtherCostsManagementAndAdministration" xlink:label="OtherCostsOtherCostsManagementAndAdministration" xlink:title="OtherCostsOtherCostsManagementAndAdministration"/>
    <link:definitionArc xlink:type="arc" xlink:arcrole="http://xbrl.org/int/dim/arcrole/domain-member" xlink:from="OtherExpensesManagementAndAdministration" xlink:to="OtherCostsOtherCostsManagementAndAdministration" xlink:title="definition: OtherExpensesManagementAndAdministration to OtherCostsOtherCostsManagementAndAdministration" order="25.0"/>
    <link:loc xlink:type="locator" xlink:href="fsa.xsd#fsa_FinanceIncome" xlink:label="FinanceIncome" xlink:title="FinanceIncome"/>
    <link:loc xlink:type="locator" xlink:href="fsa.xsd#fsa_InterestIncomeBankDepostisEtcFinancialIncomeEtc" xlink:label="InterestIncomeBankDepostisEtcFinancialIncomeEtc" xlink:title="InterestIncomeBankDepostisEtcFinancialIncomeEtc"/>
    <link:definitionArc xlink:type="arc" xlink:arcrole="http://xbrl.org/int/dim/arcrole/domain-member" xlink:from="FinanceIncome" xlink:to="InterestIncomeBankDepostisEtcFinancialIncomeEtc" xlink:title="definition: FinanceIncome to InterestIncomeBankDepostisEtcFinancialIncomeEtc" order="1.0"/>
    <link:loc xlink:type="locator" xlink:href="fsa.xsd#fsa_DerivedFinancialInstrumentsGainOnRedemptionFinancialIncomeEtc" xlink:label="DerivedFinancialInstrumentsGainOnRedemptionFinancialIncomeEtc" xlink:title="DerivedFinancialInstrumentsGainOnRedemptionFinancialIncomeEtc"/>
    <link:definitionArc xlink:type="arc" xlink:arcrole="http://xbrl.org/int/dim/arcrole/domain-member" xlink:from="FinanceIncome" xlink:to="DerivedFinancialInstrumentsGainOnRedemptionFinancialIncomeEtc" xlink:title="definition: FinanceIncome to DerivedFinancialInstrumentsGainOnRedemptionFinancialIncomeEtc" order="2.0"/>
    <link:loc xlink:type="locator" xlink:href="fsa.xsd#fsa_InterestAndDividendsSecuritiesFinancialIncomeEtc" xlink:label="InterestAndDividendsSecuritiesFinancialIncomeEtc" xlink:title="InterestAndDividendsSecuritiesFinancialIncomeEtc"/>
    <link:definitionArc xlink:type="arc" xlink:arcrole="http://xbrl.org/int/dim/arcrole/domain-member" xlink:from="FinanceIncome" xlink:to="InterestAndDividendsSecuritiesFinancialIncomeEtc" xlink:title="definition: FinanceIncome to InterestAndDividendsSecuritiesFinancialIncomeEtc" order="3.0"/>
    <link:loc xlink:type="locator" xlink:href="fsa.xsd#fsa_RealizedAndUnrealizedSecuritiesGainsFinancialIncomeEtc" xlink:label="RealizedAndUnrealizedSecuritiesGainsFinancialIncomeEtc" xlink:title="RealizedAndUnrealizedSecuritiesGainsFinancialIncomeEtc"/>
    <link:definitionArc xlink:type="arc" xlink:arcrole="http://xbrl.org/int/dim/arcrole/domain-member" xlink:from="FinanceIncome" xlink:to="RealizedAndUnrealizedSecuritiesGainsFinancialIncomeEtc" xlink:title="definition: FinanceIncome to RealizedAndUnrealizedSecuritiesGainsFinancialIncomeEtc" order="4.0"/>
    <link:loc xlink:type="locator" xlink:href="fsa.xsd#fsa_FinanceExpenses" xlink:label="FinanceExpenses" xlink:title="FinanceExpenses"/>
    <link:loc xlink:type="locator" xlink:href="fsa.xsd#fsa_InterestExpensesFinancialInstitutionFinancialExpensesEtc" xlink:label="InterestExpensesFinancialInstitutionFinancialExpensesEtc" xlink:title="InterestExpensesFinancialInstitutionFinancialExpensesEtc"/>
    <link:definitionArc xlink:type="arc" xlink:arcrole="http://xbrl.org/int/dim/arcrole/domain-member" xlink:from="FinanceExpenses" xlink:to="InterestExpensesFinancialInstitutionFinancialExpensesEtc" xlink:title="definition: FinanceExpenses to InterestExpensesFinancialInstitutionFinancialExpensesEtc" order="1.0"/>
    <link:loc xlink:type="locator" xlink:href="fsa.xsd#fsa_MortgageInterestRatesFinancialExpensesEtc" xlink:label="MortgageInterestRatesFinancialExpensesEtc" xlink:title="MortgageInterestRatesFinancialExpensesEtc"/>
    <link:definitionArc xlink:type="arc" xlink:arcrole="http://xbrl.org/int/dim/arcrole/domain-member" xlink:from="FinanceExpenses" xlink:to="MortgageInterestRatesFinancialExpensesEtc" xlink:title="definition: FinanceExpenses to MortgageInterestRatesFinancialExpensesEtc" order="2.0"/>
    <link:loc xlink:type="locator" xlink:href="fsa.xsd#fsa_DerivedFinancialInstrumentsLossOnRedemptionFinancialExpensesEtc" xlink:label="DerivedFinancialInstrumentsLossOnRedemptionFinancialExpensesEtc" xlink:title="DerivedFinancialInstrumentsLossOnRedemptionFinancialExpensesEtc"/>
    <link:definitionArc xlink:type="arc" xlink:arcrole="http://xbrl.org/int/dim/arcrole/domain-member" xlink:from="FinanceExpenses" xlink:to="DerivedFinancialInstrumentsLossOnRedemptionFinancialExpensesEtc" xlink:title="definition: FinanceExpenses to DerivedFinancialInstrumentsLossOnRedemptionFinancialExpensesEtc" order="3.0"/>
    <link:loc xlink:type="locator" xlink:href="fsa.xsd#fsa_InterestExpensesEtcOtherFinancialExpensesEtc" xlink:label="InterestExpensesEtcOtherFinancialExpensesEtc" xlink:title="InterestExpensesEtcOtherFinancialExpensesEtc"/>
    <link:definitionArc xlink:type="arc" xlink:arcrole="http://xbrl.org/int/dim/arcrole/domain-member" xlink:from="FinanceExpenses" xlink:to="InterestExpensesEtcOtherFinancialExpensesEtc" xlink:title="definition: FinanceExpenses to InterestExpensesEtcOtherFinancialExpensesEtc" order="4.0"/>
    <link:loc xlink:type="locator" xlink:href="fsa.xsd#fsa_RealizedAndUnrealizedSecuritiesLossesFinancialExpensesEtc" xlink:label="RealizedAndUnrealizedSecuritiesLossesFinancialExpensesEtc" xlink:title="RealizedAndUnrealizedSecuritiesLossesFinancialExpensesEtc"/>
    <link:definitionArc xlink:type="arc" xlink:arcrole="http://xbrl.org/int/dim/arcrole/domain-member" xlink:from="FinanceExpenses" xlink:to="RealizedAndUnrealizedSecuritiesLossesFinancialExpensesEtc" xlink:title="definition: FinanceExpenses to RealizedAndUnrealizedSecuritiesLossesFinancialExpensesEtc" order="5.0"/>
    <link:loc xlink:type="locator" xlink:href="fsa.xsd#fsa_DisclosuresOfIncomeStatementAbstract" xlink:label="DisclosuresOfIncomeStatementAbstract" xlink:title="DisclosuresOfIncomeStatementAbstract"/>
    <link:loc xlink:type="locator" xlink:href="fsa.xsd#fsa_DisclosureOfWagesAndSalaryExpensesFromConductionOfEducationSchoolsAbstract" xlink:label="DisclosureOfWagesAndSalaryExpensesFromConductionOfEducationSchoolsAbstract" xlink:title="DisclosureOfWagesAndSalaryExpensesFromConductionOfEducationSchoolsAbstract"/>
    <link:definitionArc xlink:type="arc" xlink:arcrole="http://xbrl.org/int/dim/arcrole/domain-member" xlink:from="DisclosuresOfIncomeStatementAbstract" xlink:to="DisclosureOfWagesAndSalaryExpensesFromConductionOfEducationSchoolsAbstract" xlink:title="definition: DisclosuresOfIncomeStatementAbstract to DisclosureOfWagesAndSalaryExpensesFromConductionOfEducationSchoolsAbstract" order="4.0"/>
    <link:definitionArc xlink:type="arc" xlink:arcrole="http://xbrl.org/int/dim/arcrole/domain-member" xlink:from="DisclosureOfWagesAndSalaryExpensesFromConductionOfEducationSchoolsAbstract" xlink:to="WagesAndSalariesConductionOfEducation" xlink:title="definition: DisclosureOfWagesAndSalaryExpensesFromConductionOfEducationSchoolsAbstract to WagesAndSalariesConductionOfEducation" order="1.0"/>
    <link:loc xlink:type="locator" xlink:href="fsa.xsd#fsa_DisclosureOfWagesAndSalaryExpensesFromBuildingOperatingSchoolsAbstract" xlink:label="DisclosureOfWagesAndSalaryExpensesFromBuildingOperatingSchoolsAbstract" xlink:title="DisclosureOfWagesAndSalaryExpensesFromBuildingOperatingSchoolsAbstract"/>
    <link:definitionArc xlink:type="arc" xlink:arcrole="http://xbrl.org/int/dim/arcrole/domain-member" xlink:from="DisclosuresOfIncomeStatementAbstract" xlink:to="DisclosureOfWagesAndSalaryExpensesFromBuildingOperatingSchoolsAbstract" xlink:title="definition: DisclosuresOfIncomeStatementAbstract to DisclosureOfWagesAndSalaryExpensesFromBuildingOperatingSchoolsAbstract" order="6.0"/>
    <link:definitionArc xlink:type="arc" xlink:arcrole="http://xbrl.org/int/dim/arcrole/domain-member" xlink:from="DisclosureOfWagesAndSalaryExpensesFromBuildingOperatingSchoolsAbstract" xlink:to="WagesAndSalariesBuildingOperating" xlink:title="definition: DisclosureOfWagesAndSalaryExpensesFromBuildingOperatingSchoolsAbstract to WagesAndSalariesBuildingOperating" order="1.0"/>
    <link:loc xlink:type="locator" xlink:href="fsa.xsd#fsa_DisclosureOfWagesAndSalaryExpensesFromBoardringCanteenAndSchoolFoodSchemeSchoolsAbstract" xlink:label="DisclosureOfWagesAndSalaryExpensesFromBoardringCanteenAndSchoolFoodSchemeSchoolsAbstract" xlink:title="DisclosureOfWagesAndSalaryExpensesFromBoardringCanteenAndSchoolFoodSchemeSchoolsAbstract"/>
    <link:definitionArc xlink:type="arc" xlink:arcrole="http://xbrl.org/int/dim/arcrole/domain-member" xlink:from="DisclosuresOfIncomeStatementAbstract" xlink:to="DisclosureOfWagesAndSalaryExpensesFromBoardringCanteenAndSchoolFoodSchemeSchoolsAbstract" xlink:title="definition: DisclosuresOfIncomeStatementAbstract to DisclosureOfWagesAndSalaryExpensesFromBoardringCanteenAndSchoolFoodSchemeSchoolsAbstract" order="8.0"/>
    <link:definitionArc xlink:type="arc" xlink:arcrole="http://xbrl.org/int/dim/arcrole/domain-member" xlink:from="DisclosureOfWagesAndSalaryExpensesFromBoardringCanteenAndSchoolFoodSchemeSchoolsAbstract" xlink:to="WagesAndSalariesBoardingDepartmentCanteenServicesAndSchoolFoodArrangement" xlink:title="definition: DisclosureOfWagesAndSalaryExpensesFromBoardringCanteenAndSchoolFoodSchemeSchoolsAbstract to WagesAndSalariesBoardingDepartmentCanteenServicesAndSchoolFoodArrangement" order="1.0"/>
    <link:loc xlink:type="locator" xlink:href="fsa.xsd#fsa_DisclosureOfWagesAndSalaryExpensesFromManagementAndAdministrationSchoolsAbstract" xlink:label="DisclosureOfWagesAndSalaryExpensesFromManagementAndAdministrationSchoolsAbstract" xlink:title="DisclosureOfWagesAndSalaryExpensesFromManagementAndAdministrationSchoolsAbstract"/>
    <link:definitionArc xlink:type="arc" xlink:arcrole="http://xbrl.org/int/dim/arcrole/domain-member" xlink:from="DisclosuresOfIncomeStatementAbstract" xlink:to="DisclosureOfWagesAndSalaryExpensesFromManagementAndAdministrationSchoolsAbstract" xlink:title="definition: DisclosuresOfIncomeStatementAbstract to DisclosureOfWagesAndSalaryExpensesFromManagementAndAdministrationSchoolsAbstract" order="10.0"/>
    <link:definitionArc xlink:type="arc" xlink:arcrole="http://xbrl.org/int/dim/arcrole/domain-member" xlink:from="DisclosureOfWagesAndSalaryExpensesFromManagementAndAdministrationSchoolsAbstract" xlink:to="WagesAndSalariesManagementAndAdministration" xlink:title="definition: DisclosureOfWagesAndSalaryExpensesFromManagementAndAdministrationSchoolsAbstract to WagesAndSalariesManagementAndAdministration" order="1.0"/>
    <link:definitionArc xlink:type="arc" xlink:arcrole="http://xbrl.org/int/dim/arcrole/all" xlink:from="DisclosuresOfIncomeStatementAbstract" xlink:to="CommonHypercube" xlink:title="definition: DisclosuresOfIncomeStatementAbstract to CommonHypercube" order="99.0" xbrldt:contextElement="scenario" xbrldt:closed="true"/>
    <link:loc xlink:type="locator" xlink:href="fsa.xsd#fsa_DisclosureOfOtherCostsFromConductionOfEducationSchools" xlink:label="DisclosureOfOtherCostsFromConductionOfEducationSchools" xlink:title="DisclosureOfOtherCostsFromConductionOfEducationSchools"/>
    <link:definitionArc xlink:type="arc" xlink:arcrole="http://xbrl.org/int/dim/arcrole/domain-member" xlink:from="DisclosuresOfIncomeStatementAbstract" xlink:to="DisclosureOfOtherCostsFromConductionOfEducationSchools" xlink:title="definition: DisclosuresOfIncomeStatementAbstract to DisclosureOfOtherCostsFromConductionOfEducationSchools" order="5.0"/>
    <link:definitionArc xlink:type="arc" xlink:arcrole="http://xbrl.org/int/dim/arcrole/domain-member" xlink:from="DisclosureOfOtherCostsFromConductionOfEducationSchools" xlink:to="OtherExpensesConductionOfEducation" xlink:title="definition: DisclosureOfOtherCostsFromConductionOfEducationSchools to OtherExpensesConductionOfEducation" order="1.0"/>
    <link:loc xlink:type="locator" xlink:href="fsa.xsd#fsa_DisclosureOfOtherCostsFromBuildingOperatingSchoolsAbstract" xlink:label="DisclosureOfOtherCostsFromBuildingOperatingSchoolsAbstract" xlink:title="DisclosureOfOtherCostsFromBuildingOperatingSchoolsAbstract"/>
    <link:definitionArc xlink:type="arc" xlink:arcrole="http://xbrl.org/int/dim/arcrole/domain-member" xlink:from="DisclosuresOfIncomeStatementAbstract" xlink:to="DisclosureOfOtherCostsFromBuildingOperatingSchoolsAbstract" xlink:title="definition: DisclosuresOfIncomeStatementAbstract to DisclosureOfOtherCostsFromBuildingOperatingSchoolsAbstract" order="7.0"/>
    <link:definitionArc xlink:type="arc" xlink:arcrole="http://xbrl.org/int/dim/arcrole/domain-member" xlink:from="DisclosureOfOtherCostsFromBuildingOperatingSchoolsAbstract" xlink:to="OtherExpensesBuildingOperating" xlink:title="definition: DisclosureOfOtherCostsFromBuildingOperatingSchoolsAbstract to OtherExpensesBuildingOperating" order="1.0"/>
    <link:loc xlink:type="locator" xlink:href="fsa.xsd#fsa_DisclosureOfOtherCostsFromBordingCanteenAndSchoolFoodSchemeSchoolsAbstract" xlink:label="DisclosureOfOtherCostsFromBordingCanteenAndSchoolFoodSchemeSchoolsAbstract" xlink:title="DisclosureOfOtherCostsFromBordingCanteenAndSchoolFoodSchemeSchoolsAbstract"/>
    <link:definitionArc xlink:type="arc" xlink:arcrole="http://xbrl.org/int/dim/arcrole/domain-member" xlink:from="DisclosuresOfIncomeStatementAbstract" xlink:to="DisclosureOfOtherCostsFromBordingCanteenAndSchoolFoodSchemeSchoolsAbstract" xlink:title="definition: DisclosuresOfIncomeStatementAbstract to DisclosureOfOtherCostsFromBordingCanteenAndSchoolFoodSchemeSchoolsAbstract" order="9.0"/>
    <link:definitionArc xlink:type="arc" xlink:arcrole="http://xbrl.org/int/dim/arcrole/domain-member" xlink:from="DisclosureOfOtherCostsFromBordingCanteenAndSchoolFoodSchemeSchoolsAbstract" xlink:to="OtherExpensesBoardingDepartmentCanteenServicesAndSchoolFoodArrangement" xlink:title="definition: DisclosureOfOtherCostsFromBordingCanteenAndSchoolFoodSchemeSchoolsAbstract to OtherExpensesBoardingDepartmentCanteenServicesAndSchoolFoodArrangement" order="1.0"/>
    <link:loc xlink:type="locator" xlink:href="fsa.xsd#fsa_DisclosureOfOtherCostsFromManagementAndAdministrationSchoolsAbstract" xlink:label="DisclosureOfOtherCostsFromManagementAndAdministrationSchoolsAbstract" xlink:title="DisclosureOfOtherCostsFromManagementAndAdministrationSchoolsAbstract"/>
    <link:definitionArc xlink:type="arc" xlink:arcrole="http://xbrl.org/int/dim/arcrole/domain-member" xlink:from="DisclosuresOfIncomeStatementAbstract" xlink:to="DisclosureOfOtherCostsFromManagementAndAdministrationSchoolsAbstract" xlink:title="definition: DisclosuresOfIncomeStatementAbstract to DisclosureOfOtherCostsFromManagementAndAdministrationSchoolsAbstract" order="11.0"/>
    <link:definitionArc xlink:type="arc" xlink:arcrole="http://xbrl.org/int/dim/arcrole/domain-member" xlink:from="DisclosureOfOtherCostsFromManagementAndAdministrationSchoolsAbstract" xlink:to="OtherExpensesManagementAndAdministration" xlink:title="definition: DisclosureOfOtherCostsFromManagementAndAdministrationSchoolsAbstract to OtherExpensesManagementAndAdministration" order="1.0"/>
    <link:loc xlink:type="locator" xlink:href="fsa.xsd#fsa_DisclosureOfFinanceIncomeAbstract" xlink:label="DisclosureOfFinanceIncomeAbstract" xlink:title="DisclosureOfFinanceIncomeAbstract"/>
    <link:definitionArc xlink:type="arc" xlink:arcrole="http://xbrl.org/int/dim/arcrole/domain-member" xlink:from="DisclosuresOfIncomeStatementAbstract" xlink:to="DisclosureOfFinanceIncomeAbstract" xlink:title="definition: DisclosuresOfIncomeStatementAbstract to DisclosureOfFinanceIncomeAbstract" order="12.0"/>
    <link:definitionArc xlink:type="arc" xlink:arcrole="http://xbrl.org/int/dim/arcrole/domain-member" xlink:from="DisclosureOfFinanceIncomeAbstract" xlink:to="FinanceIncome" xlink:title="definition: DisclosureOfFinanceIncomeAbstract to FinanceIncome" order="1.0"/>
    <link:loc xlink:type="locator" xlink:href="fsa.xsd#fsa_DisclosureOfFinanceExpensesAbstract" xlink:label="DisclosureOfFinanceExpensesAbstract" xlink:title="DisclosureOfFinanceExpensesAbstract"/>
    <link:definitionArc xlink:type="arc" xlink:arcrole="http://xbrl.org/int/dim/arcrole/domain-member" xlink:from="DisclosuresOfIncomeStatementAbstract" xlink:to="DisclosureOfFinanceExpensesAbstract" xlink:title="definition: DisclosuresOfIncomeStatementAbstract to DisclosureOfFinanceExpensesAbstract" order="13.0"/>
    <link:definitionArc xlink:type="arc" xlink:arcrole="http://xbrl.org/int/dim/arcrole/domain-member" xlink:from="DisclosureOfFinanceExpensesAbstract" xlink:to="FinanceExpenses" xlink:title="definition: DisclosureOfFinanceExpensesAbstract to FinanceExpenses" order="1.0"/>
    <link:loc xlink:type="locator" xlink:href="fsa.xsd#fsa_DisclosureOfTuitionFeesAbstract" xlink:label="DisclosureOfTuitionFeesAbstract" xlink:title="DisclosureOfTuitionFeesAbstract"/>
    <link:definitionArc xlink:type="arc" xlink:arcrole="http://xbrl.org/int/dim/arcrole/domain-member" xlink:from="DisclosuresOfIncomeStatementAbstract" xlink:to="DisclosureOfTuitionFeesAbstract" xlink:title="definition: DisclosuresOfIncomeStatementAbstract to DisclosureOfTuitionFeesAbstract" order="2.0"/>
    <link:definitionArc xlink:type="arc" xlink:arcrole="http://xbrl.org/int/dim/arcrole/domain-member" xlink:from="DisclosureOfTuitionFeesAbstract" xlink:to="TuitionFees" xlink:title="definition: DisclosureOfTuitionFeesAbstract to TuitionFees" order="1.0"/>
    <link:loc xlink:type="locator" xlink:href="fsa.xsd#fsa_DisclosureOfStateGrants" xlink:label="DisclosureOfStateGrants" xlink:title="DisclosureOfStateGrants"/>
    <link:definitionArc xlink:type="arc" xlink:arcrole="http://xbrl.org/int/dim/arcrole/domain-member" xlink:from="DisclosuresOfIncomeStatementAbstract" xlink:to="DisclosureOfStateGrants" xlink:title="definition: DisclosuresOfIncomeStatementAbstract to DisclosureOfStateGrants" order="1.0"/>
    <link:definitionArc xlink:type="arc" xlink:arcrole="http://xbrl.org/int/dim/arcrole/domain-member" xlink:from="DisclosureOfStateGrants" xlink:to="StateGrants" xlink:title="definition: DisclosureOfStateGrants to StateGrants" order="1.0"/>
    <link:loc xlink:type="locator" xlink:href="fsa.xsd#fsa_DisclosureOnOtherIncomeAndGrantsAbstract" xlink:label="DisclosureOnOtherIncomeAndGrantsAbstract" xlink:title="DisclosureOnOtherIncomeAndGrantsAbstract"/>
    <link:definitionArc xlink:type="arc" xlink:arcrole="http://xbrl.org/int/dim/arcrole/domain-member" xlink:from="DisclosuresOfIncomeStatementAbstract" xlink:to="DisclosureOnOtherIncomeAndGrantsAbstract" xlink:title="definition: DisclosuresOfIncomeStatementAbstract to DisclosureOnOtherIncomeAndGrantsAbstract" order="3.0"/>
    <link:definitionArc xlink:type="arc" xlink:arcrole="http://xbrl.org/int/dim/arcrole/domain-member" xlink:from="DisclosureOnOtherIncomeAndGrantsAbstract" xlink:to="OtherIncomeAndGrants" xlink:title="definition: DisclosureOnOtherIncomeAndGrantsAbstract to OtherIncomeAndGrants" order="1.0"/>
  </link:definitionLink>
</link:linkbase>
