<?xml version="1.0" encoding="UTF-8"?>
<!-- Generated by Fujitsu Interstage XWand B0251 -->
<?officialURI http://archprod.service.eogs.dk/taxonomy/20201001/esg/esg_pre.xml?>

<?taxonomy-version 1.7.0?>

<link:linkbase xmlns:xsi="http://www.w3.org/2001/XMLSchema-instance" xsi:schemaLocation="http://www.xbrl.org/2003/linkbase http://www.xbrl.org/2003/xbrl-linkbase-2003-12-31.xsd" xmlns:link="http://www.xbrl.org/2003/linkbase" xmlns:entry="http://xbrl.dcca.dk/entryBalanceSheetAccountByCurrentAndLongTermFormIncomeStatementByNature" xmlns:xbrldt="http://xbrl.org/2005/xbrldt" xmlns:xlink="http://www.w3.org/1999/xlink" xmlns:xbrli="http://www.xbrl.org/2003/instance">
  <link:roleRef roleURI="http://xbrl.dcca.dk/role/200.00/ManagementsReview" xlink:type="simple" xlink:href="../mrv/mrv.xsd#mrv_RoleManagementsReview"/>
  <link:presentationLink xlink:type="extended" xlink:role="http://xbrl.dcca.dk/role/200.00/ManagementsReview">
    <link:loc xlink:type="locator" xlink:href="../mrv/mrv.xsd#mrv_StatementOfCorporateSocialResponsibility" xlink:label="StatementOfCorporateSocialResponsibility"/>
    <link:loc xlink:type="locator" xlink:href="esg.xsd#esg_EnvironmentSocialAndGovernanceDataAbstract" xlink:label="EnvironmentSocialAndGovernanceDataAbstract" xlink:title="EnvironmentSocialAndGovernanceDataAbstract"/>
    <link:presentationArc xlink:type="arc" xlink:arcrole="http://www.xbrl.org/2003/arcrole/parent-child" xlink:from="StatementOfCorporateSocialResponsibility" xlink:to="EnvironmentSocialAndGovernanceDataAbstract" xlink:title="presentation: StatementOfCorporateSocialResponsibility to EnvironmentSocialAndGovernanceDataAbstract" order="10.0"/>
    <link:loc xlink:type="locator" xlink:href="esg.xsd#esg_EnviromentDataAbstract" xlink:label="EnviromentDataAbstract" xlink:title="EnviromentDataAbstract"/>
    <link:presentationArc xlink:type="arc" xlink:arcrole="http://www.xbrl.org/2003/arcrole/parent-child" xlink:from="EnvironmentSocialAndGovernanceDataAbstract" xlink:to="EnviromentDataAbstract" xlink:title="presentation: EnvironmentSocialAndGovernanceDataAbstract to EnviromentDataAbstract" order="1.0"/>
    <link:loc xlink:type="locator" xlink:href="esg.xsd#esg_Co2TotalEnviromentData" xlink:label="Co2TotalEnviromentData" xlink:title="Co2TotalEnviromentData"/>
    <link:presentationArc xlink:type="arc" xlink:arcrole="http://www.xbrl.org/2003/arcrole/parent-child" xlink:from="EnviromentDataAbstract" xlink:to="Co2TotalEnviromentData" xlink:title="presentation: EnviromentDataAbstract to Co2TotalEnviromentData" order="1.0"/>
    <link:loc xlink:type="locator" xlink:href="esg.xsd#esg_Co2AbsoluteScope1EmissionEnviromentData" xlink:label="Co2AbsoluteScope1EmissionEnviromentData" xlink:title="Co2AbsoluteScope1EmissionEnviromentData"/>
    <link:presentationArc xlink:type="arc" xlink:arcrole="http://www.xbrl.org/2003/arcrole/parent-child" xlink:from="Co2TotalEnviromentData" xlink:to="Co2AbsoluteScope1EmissionEnviromentData" xlink:title="presentation: Co2TotalEnviromentData to Co2AbsoluteScope1EmissionEnviromentData" order="1.0"/>
    <link:loc xlink:type="locator" xlink:href="esg.xsd#esg_Co2AbsoluteScope2EmissionEnviromentData" xlink:label="Co2AbsoluteScope2EmissionEnviromentData" xlink:title="Co2AbsoluteScope2EmissionEnviromentData"/>
    <link:presentationArc xlink:type="arc" xlink:arcrole="http://www.xbrl.org/2003/arcrole/parent-child" xlink:from="Co2TotalEnviromentData" xlink:to="Co2AbsoluteScope2EmissionEnviromentData" xlink:title="presentation: Co2TotalEnviromentData to Co2AbsoluteScope2EmissionEnviromentData" order="2.0"/>
    <link:loc xlink:type="locator" xlink:href="esg.xsd#esg_Co2AbsoluteScope3EmissionEnviromentData" xlink:label="Co2AbsoluteScope3EmissionEnviromentData" xlink:title="Co2AbsoluteScope3EmissionEnviromentData"/>
    <link:presentationArc xlink:type="arc" xlink:arcrole="http://www.xbrl.org/2003/arcrole/parent-child" xlink:from="Co2TotalEnviromentData" xlink:to="Co2AbsoluteScope3EmissionEnviromentData" xlink:title="presentation: Co2TotalEnviromentData to Co2AbsoluteScope3EmissionEnviromentData" order="3.0"/>
    <link:loc xlink:type="locator" xlink:href="esg.xsd#esg_ObjectivesForCo2TotalEnviromentData" xlink:label="ObjectivesForCo2TotalEnviromentData" xlink:title="ObjectivesForCo2TotalEnviromentData"/>
    <link:presentationArc xlink:type="arc" xlink:arcrole="http://www.xbrl.org/2003/arcrole/parent-child" xlink:from="Co2TotalEnviromentData" xlink:to="ObjectivesForCo2TotalEnviromentData" xlink:title="presentation: Co2TotalEnviromentData to ObjectivesForCo2TotalEnviromentData" order="4.0"/>
    <link:loc xlink:type="locator" xlink:href="esg.xsd#esg_ObjectivesForCo2AbsoluteScope1EmissionEnviromentData" xlink:label="ObjectivesForCo2AbsoluteScope1EmissionEnviromentData" xlink:title="ObjectivesForCo2AbsoluteScope1EmissionEnviromentData"/>
    <link:presentationArc xlink:type="arc" xlink:arcrole="http://www.xbrl.org/2003/arcrole/parent-child" xlink:from="ObjectivesForCo2TotalEnviromentData" xlink:to="ObjectivesForCo2AbsoluteScope1EmissionEnviromentData" xlink:title="presentation: ObjectivesForCo2TotalEnviromentData to ObjectivesForCo2AbsoluteScope1EmissionEnviromentData" order="1.0"/>
    <link:loc xlink:type="locator" xlink:href="esg.xsd#esg_ObjectivesForCo2AbsoluteScope2EmissionEnviromentData" xlink:label="ObjectivesForCo2AbsoluteScope2EmissionEnviromentData" xlink:title="ObjectivesForCo2AbsoluteScope2EmissionEnviromentData"/>
    <link:presentationArc xlink:type="arc" xlink:arcrole="http://www.xbrl.org/2003/arcrole/parent-child" xlink:from="ObjectivesForCo2TotalEnviromentData" xlink:to="ObjectivesForCo2AbsoluteScope2EmissionEnviromentData" xlink:title="presentation: ObjectivesForCo2TotalEnviromentData to ObjectivesForCo2AbsoluteScope2EmissionEnviromentData" order="2.0"/>
    <link:loc xlink:type="locator" xlink:href="esg.xsd#esg_ObjectivesForCo2AbsoluteScope3EmissionEnviromentData" xlink:label="ObjectivesForCo2AbsoluteScope3EmissionEnviromentData" xlink:title="ObjectivesForCo2AbsoluteScope3EmissionEnviromentData"/>
    <link:presentationArc xlink:type="arc" xlink:arcrole="http://www.xbrl.org/2003/arcrole/parent-child" xlink:from="ObjectivesForCo2TotalEnviromentData" xlink:to="ObjectivesForCo2AbsoluteScope3EmissionEnviromentData" xlink:title="presentation: ObjectivesForCo2TotalEnviromentData to ObjectivesForCo2AbsoluteScope3EmissionEnviromentData" order="3.0"/>
    <link:loc xlink:type="locator" xlink:href="esg.xsd#esg_RemarksRegardingCo2TotalEnviromentData" xlink:label="RemarksRegardingCo2TotalEnviromentData" xlink:title="RemarksRegardingCo2TotalEnviromentData"/>
    <link:presentationArc xlink:type="arc" xlink:arcrole="http://www.xbrl.org/2003/arcrole/parent-child" xlink:from="Co2TotalEnviromentData" xlink:to="RemarksRegardingCo2TotalEnviromentData" xlink:title="presentation: Co2TotalEnviromentData to RemarksRegardingCo2TotalEnviromentData" order="5.0"/>
    <link:loc xlink:type="locator" xlink:href="esg.xsd#esg_RemarksRegardingCo2AbsoluteScope1EmissionEnviromentData" xlink:label="RemarksRegardingCo2AbsoluteScope1EmissionEnviromentData" xlink:title="RemarksRegardingCo2AbsoluteScope1EmissionEnviromentData"/>
    <link:presentationArc xlink:type="arc" xlink:arcrole="http://www.xbrl.org/2003/arcrole/parent-child" xlink:from="RemarksRegardingCo2TotalEnviromentData" xlink:to="RemarksRegardingCo2AbsoluteScope1EmissionEnviromentData" xlink:title="presentation: RemarksRegardingCo2TotalEnviromentData to RemarksRegardingCo2AbsoluteScope1EmissionEnviromentData" order="1.0"/>
    <link:loc xlink:type="locator" xlink:href="esg.xsd#esg_RemarksRegardingCo2AbsoluteScope2EmissionEnviromentData" xlink:label="RemarksRegardingCo2AbsoluteScope2EmissionEnviromentData" xlink:title="RemarksRegardingCo2AbsoluteScope2EmissionEnviromentData"/>
    <link:presentationArc xlink:type="arc" xlink:arcrole="http://www.xbrl.org/2003/arcrole/parent-child" xlink:from="RemarksRegardingCo2TotalEnviromentData" xlink:to="RemarksRegardingCo2AbsoluteScope2EmissionEnviromentData" xlink:title="presentation: RemarksRegardingCo2TotalEnviromentData to RemarksRegardingCo2AbsoluteScope2EmissionEnviromentData" order="2.0"/>
    <link:loc xlink:type="locator" xlink:href="esg.xsd#esg_RemarksRegardingCo2AbsoluteScope3EmissionEnviromentData" xlink:label="RemarksRegardingCo2AbsoluteScope3EmissionEnviromentData" xlink:title="RemarksRegardingCo2AbsoluteScope3EmissionEnviromentData"/>
    <link:presentationArc xlink:type="arc" xlink:arcrole="http://www.xbrl.org/2003/arcrole/parent-child" xlink:from="RemarksRegardingCo2TotalEnviromentData" xlink:to="RemarksRegardingCo2AbsoluteScope3EmissionEnviromentData" xlink:title="presentation: RemarksRegardingCo2TotalEnviromentData to RemarksRegardingCo2AbsoluteScope3EmissionEnviromentData" order="3.0"/>
    <link:loc xlink:type="locator" xlink:href="esg.xsd#esg_DescriptionOfMethodsOfCo2TotalEnviromentData" xlink:label="DescriptionOfMethodsOfCo2TotalEnviromentData" xlink:title="DescriptionOfMethodsOfCo2TotalEnviromentData"/>
    <link:presentationArc xlink:type="arc" xlink:arcrole="http://www.xbrl.org/2003/arcrole/parent-child" xlink:from="Co2TotalEnviromentData" xlink:to="DescriptionOfMethodsOfCo2TotalEnviromentData" xlink:title="presentation: Co2TotalEnviromentData to DescriptionOfMethodsOfCo2TotalEnviromentData" order="6.0"/>
    <link:loc xlink:type="locator" xlink:href="esg.xsd#esg_DescriptionOfMethodsOfCo2AbsoluteScope1EmissionEnviromentData" xlink:label="DescriptionOfMethodsOfCo2AbsoluteScope1EmissionEnviromentData" xlink:title="DescriptionOfMethodsOfCo2AbsoluteScope1EmissionEnviromentData"/>
    <link:presentationArc xlink:type="arc" xlink:arcrole="http://www.xbrl.org/2003/arcrole/parent-child" xlink:from="DescriptionOfMethodsOfCo2TotalEnviromentData" xlink:to="DescriptionOfMethodsOfCo2AbsoluteScope1EmissionEnviromentData" xlink:title="presentation: DescriptionOfMethodsOfCo2TotalEnviromentData to DescriptionOfMethodsOfCo2AbsoluteScope1EmissionEnviromentData" order="1.0"/>
    <link:loc xlink:type="locator" xlink:href="esg.xsd#esg_DescriptionOfMethodsOfCo2AbsoluteScope2EmissionEnviromentData" xlink:label="DescriptionOfMethodsOfCo2AbsoluteScope2EmissionEnviromentData" xlink:title="DescriptionOfMethodsOfCo2AbsoluteScope2EmissionEnviromentData"/>
    <link:presentationArc xlink:type="arc" xlink:arcrole="http://www.xbrl.org/2003/arcrole/parent-child" xlink:from="DescriptionOfMethodsOfCo2TotalEnviromentData" xlink:to="DescriptionOfMethodsOfCo2AbsoluteScope2EmissionEnviromentData" xlink:title="presentation: DescriptionOfMethodsOfCo2TotalEnviromentData to DescriptionOfMethodsOfCo2AbsoluteScope2EmissionEnviromentData" order="2.0"/>
    <link:loc xlink:type="locator" xlink:href="esg.xsd#esg_DescriptionOfMethodsOfCo2AbsoluteScope3EmissionEnviromentData" xlink:label="DescriptionOfMethodsOfCo2AbsoluteScope3EmissionEnviromentData" xlink:title="DescriptionOfMethodsOfCo2AbsoluteScope3EmissionEnviromentData"/>
    <link:presentationArc xlink:type="arc" xlink:arcrole="http://www.xbrl.org/2003/arcrole/parent-child" xlink:from="DescriptionOfMethodsOfCo2TotalEnviromentData" xlink:to="DescriptionOfMethodsOfCo2AbsoluteScope3EmissionEnviromentData" xlink:title="presentation: DescriptionOfMethodsOfCo2TotalEnviromentData to DescriptionOfMethodsOfCo2AbsoluteScope3EmissionEnviromentData" order="3.0"/>
    <link:loc xlink:type="locator" xlink:href="esg.xsd#esg_CarbonIntensityEnviromentData" xlink:label="CarbonIntensityEnviromentData" xlink:title="CarbonIntensityEnviromentData"/>
    <link:presentationArc xlink:type="arc" xlink:arcrole="http://www.xbrl.org/2003/arcrole/parent-child" xlink:from="EnviromentDataAbstract" xlink:to="CarbonIntensityEnviromentData" xlink:title="presentation: EnviromentDataAbstract to CarbonIntensityEnviromentData" order="2.0"/>
    <link:loc xlink:type="locator" xlink:href="esg.xsd#esg_ObjectivesForCarbonIntensityEnviromentData" xlink:label="ObjectivesForCarbonIntensityEnviromentData" xlink:title="ObjectivesForCarbonIntensityEnviromentData"/>
    <link:presentationArc xlink:type="arc" xlink:arcrole="http://www.xbrl.org/2003/arcrole/parent-child" xlink:from="CarbonIntensityEnviromentData" xlink:to="ObjectivesForCarbonIntensityEnviromentData" xlink:title="presentation: CarbonIntensityEnviromentData to ObjectivesForCarbonIntensityEnviromentData" order="1.0"/>
    <link:loc xlink:type="locator" xlink:href="esg.xsd#esg_RemarksRegardingCarbonIntensityEnviromentData" xlink:label="RemarksRegardingCarbonIntensityEnviromentData" xlink:title="RemarksRegardingCarbonIntensityEnviromentData"/>
    <link:presentationArc xlink:type="arc" xlink:arcrole="http://www.xbrl.org/2003/arcrole/parent-child" xlink:from="CarbonIntensityEnviromentData" xlink:to="RemarksRegardingCarbonIntensityEnviromentData" xlink:title="presentation: CarbonIntensityEnviromentData to RemarksRegardingCarbonIntensityEnviromentData" order="2.0"/>
    <link:loc xlink:type="locator" xlink:href="esg.xsd#esg_DescriptionOfMethodsOfCarbonIntensityEnviromentData" xlink:label="DescriptionOfMethodsOfCarbonIntensityEnviromentData" xlink:title="DescriptionOfMethodsOfCarbonIntensityEnviromentData"/>
    <link:presentationArc xlink:type="arc" xlink:arcrole="http://www.xbrl.org/2003/arcrole/parent-child" xlink:from="CarbonIntensityEnviromentData" xlink:to="DescriptionOfMethodsOfCarbonIntensityEnviromentData" xlink:title="presentation: CarbonIntensityEnviromentData to DescriptionOfMethodsOfCarbonIntensityEnviromentData" order="3.0"/>
    <link:loc xlink:type="locator" xlink:href="esg.xsd#esg_EnergyConsumptionEnviromentData" xlink:label="EnergyConsumptionEnviromentData" xlink:title="EnergyConsumptionEnviromentData"/>
    <link:presentationArc xlink:type="arc" xlink:arcrole="http://www.xbrl.org/2003/arcrole/parent-child" xlink:from="EnviromentDataAbstract" xlink:to="EnergyConsumptionEnviromentData" xlink:title="presentation: EnviromentDataAbstract to EnergyConsumptionEnviromentData" order="3.0"/>
    <link:loc xlink:type="locator" xlink:href="esg.xsd#esg_ObjectivesForEnergyConsumptionEnviromentData" xlink:label="ObjectivesForEnergyConsumptionEnviromentData" xlink:title="ObjectivesForEnergyConsumptionEnviromentData"/>
    <link:presentationArc xlink:type="arc" xlink:arcrole="http://www.xbrl.org/2003/arcrole/parent-child" xlink:from="EnergyConsumptionEnviromentData" xlink:to="ObjectivesForEnergyConsumptionEnviromentData" xlink:title="presentation: EnergyConsumptionEnviromentData to ObjectivesForEnergyConsumptionEnviromentData" order="1.0"/>
    <link:loc xlink:type="locator" xlink:href="esg.xsd#esg_RemarksRegardingEnergyConsumptionEnviromentData" xlink:label="RemarksRegardingEnergyConsumptionEnviromentData" xlink:title="RemarksRegardingEnergyConsumptionEnviromentData"/>
    <link:presentationArc xlink:type="arc" xlink:arcrole="http://www.xbrl.org/2003/arcrole/parent-child" xlink:from="EnergyConsumptionEnviromentData" xlink:to="RemarksRegardingEnergyConsumptionEnviromentData" xlink:title="presentation: EnergyConsumptionEnviromentData to RemarksRegardingEnergyConsumptionEnviromentData" order="2.0"/>
    <link:loc xlink:type="locator" xlink:href="esg.xsd#esg_DescriptionOfMethodsOfEnergyConsumptionEnviromentData" xlink:label="DescriptionOfMethodsOfEnergyConsumptionEnviromentData" xlink:title="DescriptionOfMethodsOfEnergyConsumptionEnviromentData"/>
    <link:presentationArc xlink:type="arc" xlink:arcrole="http://www.xbrl.org/2003/arcrole/parent-child" xlink:from="EnergyConsumptionEnviromentData" xlink:to="DescriptionOfMethodsOfEnergyConsumptionEnviromentData" xlink:title="presentation: EnergyConsumptionEnviromentData to DescriptionOfMethodsOfEnergyConsumptionEnviromentData" order="3.0"/>
    <link:loc xlink:type="locator" xlink:href="esg.xsd#esg_EnergyIntensityEnviromentData" xlink:label="EnergyIntensityEnviromentData" xlink:title="EnergyIntensityEnviromentData"/>
    <link:presentationArc xlink:type="arc" xlink:arcrole="http://www.xbrl.org/2003/arcrole/parent-child" xlink:from="EnviromentDataAbstract" xlink:to="EnergyIntensityEnviromentData" xlink:title="presentation: EnviromentDataAbstract to EnergyIntensityEnviromentData" order="4.0"/>
    <link:loc xlink:type="locator" xlink:href="esg.xsd#esg_ObjectivesForEnergyIntensityEnviromentData" xlink:label="ObjectivesForEnergyIntensityEnviromentData" xlink:title="ObjectivesForEnergyIntensityEnviromentData"/>
    <link:presentationArc xlink:type="arc" xlink:arcrole="http://www.xbrl.org/2003/arcrole/parent-child" xlink:from="EnergyIntensityEnviromentData" xlink:to="ObjectivesForEnergyIntensityEnviromentData" xlink:title="presentation: EnergyIntensityEnviromentData to ObjectivesForEnergyIntensityEnviromentData" order="1.0"/>
    <link:loc xlink:type="locator" xlink:href="esg.xsd#esg_RemarksRegardingEnergyIntensityEnviromentData" xlink:label="RemarksRegardingEnergyIntensityEnviromentData" xlink:title="RemarksRegardingEnergyIntensityEnviromentData"/>
    <link:presentationArc xlink:type="arc" xlink:arcrole="http://www.xbrl.org/2003/arcrole/parent-child" xlink:from="EnergyIntensityEnviromentData" xlink:to="RemarksRegardingEnergyIntensityEnviromentData" xlink:title="presentation: EnergyIntensityEnviromentData to RemarksRegardingEnergyIntensityEnviromentData" order="2.0"/>
    <link:loc xlink:type="locator" xlink:href="esg.xsd#esg_DescriptionOfMethodsOfEnergyIntensityEnviromentData" xlink:label="DescriptionOfMethodsOfEnergyIntensityEnviromentData" xlink:title="DescriptionOfMethodsOfEnergyIntensityEnviromentData"/>
    <link:presentationArc xlink:type="arc" xlink:arcrole="http://www.xbrl.org/2003/arcrole/parent-child" xlink:from="EnergyIntensityEnviromentData" xlink:to="DescriptionOfMethodsOfEnergyIntensityEnviromentData" xlink:title="presentation: EnergyIntensityEnviromentData to DescriptionOfMethodsOfEnergyIntensityEnviromentData" order="3.0"/>
    <link:loc xlink:type="locator" xlink:href="esg.xsd#esg_ShareOfRenewableEnergyEnviromentData" xlink:label="ShareOfRenewableEnergyEnviromentData" xlink:title="ShareOfRenewableEnergyEnviromentData"/>
    <link:presentationArc xlink:type="arc" xlink:arcrole="http://www.xbrl.org/2003/arcrole/parent-child" xlink:from="EnviromentDataAbstract" xlink:to="ShareOfRenewableEnergyEnviromentData" xlink:title="presentation: EnviromentDataAbstract to ShareOfRenewableEnergyEnviromentData" order="5.0"/>
    <link:loc xlink:type="locator" xlink:href="esg.xsd#esg_ObjectivesForShareOfRenewableEnergyEnviromentData" xlink:label="ObjectivesForShareOfRenewableEnergyEnviromentData" xlink:title="ObjectivesForShareOfRenewableEnergyEnviromentData"/>
    <link:presentationArc xlink:type="arc" xlink:arcrole="http://www.xbrl.org/2003/arcrole/parent-child" xlink:from="ShareOfRenewableEnergyEnviromentData" xlink:to="ObjectivesForShareOfRenewableEnergyEnviromentData" xlink:title="presentation: ShareOfRenewableEnergyEnviromentData to ObjectivesForShareOfRenewableEnergyEnviromentData" order="1.0"/>
    <link:loc xlink:type="locator" xlink:href="esg.xsd#esg_RemarksRegardingShareOfRenewableEnergyEnviromentData" xlink:label="RemarksRegardingShareOfRenewableEnergyEnviromentData" xlink:title="RemarksRegardingShareOfRenewableEnergyEnviromentData"/>
    <link:presentationArc xlink:type="arc" xlink:arcrole="http://www.xbrl.org/2003/arcrole/parent-child" xlink:from="ShareOfRenewableEnergyEnviromentData" xlink:to="RemarksRegardingShareOfRenewableEnergyEnviromentData" xlink:title="presentation: ShareOfRenewableEnergyEnviromentData to RemarksRegardingShareOfRenewableEnergyEnviromentData" order="2.0"/>
    <link:loc xlink:type="locator" xlink:href="esg.xsd#esg_DescriptionOfMethodsOfShareOfRenewableEnergyEnviromentData" xlink:label="DescriptionOfMethodsOfShareOfRenewableEnergyEnviromentData" xlink:title="DescriptionOfMethodsOfShareOfRenewableEnergyEnviromentData"/>
    <link:presentationArc xlink:type="arc" xlink:arcrole="http://www.xbrl.org/2003/arcrole/parent-child" xlink:from="ShareOfRenewableEnergyEnviromentData" xlink:to="DescriptionOfMethodsOfShareOfRenewableEnergyEnviromentData" xlink:title="presentation: ShareOfRenewableEnergyEnviromentData to DescriptionOfMethodsOfShareOfRenewableEnergyEnviromentData" order="3.0"/>
    <link:loc xlink:type="locator" xlink:href="esg.xsd#esg_WaterConsumptionEnviromentData" xlink:label="WaterConsumptionEnviromentData" xlink:title="WaterConsumptionEnviromentData"/>
    <link:presentationArc xlink:type="arc" xlink:arcrole="http://www.xbrl.org/2003/arcrole/parent-child" xlink:from="EnviromentDataAbstract" xlink:to="WaterConsumptionEnviromentData" xlink:title="presentation: EnviromentDataAbstract to WaterConsumptionEnviromentData" order="6.0"/>
    <link:loc xlink:type="locator" xlink:href="esg.xsd#esg_ObjectivesForWaterConsumptionEnviromentData" xlink:label="ObjectivesForWaterConsumptionEnviromentData" xlink:title="ObjectivesForWaterConsumptionEnviromentData"/>
    <link:presentationArc xlink:type="arc" xlink:arcrole="http://www.xbrl.org/2003/arcrole/parent-child" xlink:from="WaterConsumptionEnviromentData" xlink:to="ObjectivesForWaterConsumptionEnviromentData" xlink:title="presentation: WaterConsumptionEnviromentData to ObjectivesForWaterConsumptionEnviromentData" order="1.0"/>
    <link:loc xlink:type="locator" xlink:href="esg.xsd#esg_RemarksRegardingWaterConsumptionEnviromentData" xlink:label="RemarksRegardingWaterConsumptionEnviromentData" xlink:title="RemarksRegardingWaterConsumptionEnviromentData"/>
    <link:presentationArc xlink:type="arc" xlink:arcrole="http://www.xbrl.org/2003/arcrole/parent-child" xlink:from="WaterConsumptionEnviromentData" xlink:to="RemarksRegardingWaterConsumptionEnviromentData" xlink:title="presentation: WaterConsumptionEnviromentData to RemarksRegardingWaterConsumptionEnviromentData" order="2.0"/>
    <link:loc xlink:type="locator" xlink:href="esg.xsd#esg_DescriptionOfMethodsOfWaterConsumptionEnviromentData" xlink:label="DescriptionOfMethodsOfWaterConsumptionEnviromentData" xlink:title="DescriptionOfMethodsOfWaterConsumptionEnviromentData"/>
    <link:presentationArc xlink:type="arc" xlink:arcrole="http://www.xbrl.org/2003/arcrole/parent-child" xlink:from="WaterConsumptionEnviromentData" xlink:to="DescriptionOfMethodsOfWaterConsumptionEnviromentData" xlink:title="presentation: WaterConsumptionEnviromentData to DescriptionOfMethodsOfWaterConsumptionEnviromentData" order="3.0"/>
    <link:loc xlink:type="locator" xlink:href="esg.xsd#esg_WasteConsumptionEnviromentData" xlink:label="WasteConsumptionEnviromentData" xlink:title="WasteConsumptionEnviromentData"/>
    <link:presentationArc xlink:type="arc" xlink:arcrole="http://www.xbrl.org/2003/arcrole/parent-child" xlink:from="EnviromentDataAbstract" xlink:to="WasteConsumptionEnviromentData" xlink:title="presentation: EnviromentDataAbstract to WasteConsumptionEnviromentData" order="7.0"/>
    <link:loc xlink:type="locator" xlink:href="esg.xsd#esg_ObjectivesForWasteConsumptionEnviromentData" xlink:label="ObjectivesForWasteConsumptionEnviromentData" xlink:title="ObjectivesForWasteConsumptionEnviromentData"/>
    <link:presentationArc xlink:type="arc" xlink:arcrole="http://www.xbrl.org/2003/arcrole/parent-child" xlink:from="WasteConsumptionEnviromentData" xlink:to="ObjectivesForWasteConsumptionEnviromentData" xlink:title="presentation: WasteConsumptionEnviromentData to ObjectivesForWasteConsumptionEnviromentData" order="1.0"/>
    <link:loc xlink:type="locator" xlink:href="esg.xsd#esg_RemarksRegardingWasteConsumptionEnviromentData" xlink:label="RemarksRegardingWasteConsumptionEnviromentData" xlink:title="RemarksRegardingWasteConsumptionEnviromentData"/>
    <link:presentationArc xlink:type="arc" xlink:arcrole="http://www.xbrl.org/2003/arcrole/parent-child" xlink:from="WasteConsumptionEnviromentData" xlink:to="RemarksRegardingWasteConsumptionEnviromentData" xlink:title="presentation: WasteConsumptionEnviromentData to RemarksRegardingWasteConsumptionEnviromentData" order="2.0"/>
    <link:loc xlink:type="locator" xlink:href="esg.xsd#esg_DescriptionOfMethodsOfWasteConsumptionEnviromentData" xlink:label="DescriptionOfMethodsOfWasteConsumptionEnviromentData" xlink:title="DescriptionOfMethodsOfWasteConsumptionEnviromentData"/>
    <link:presentationArc xlink:type="arc" xlink:arcrole="http://www.xbrl.org/2003/arcrole/parent-child" xlink:from="WasteConsumptionEnviromentData" xlink:to="DescriptionOfMethodsOfWasteConsumptionEnviromentData" xlink:title="presentation: WasteConsumptionEnviromentData to DescriptionOfMethodsOfWasteConsumptionEnviromentData" order="3.0"/>
    <link:loc xlink:type="locator" xlink:href="esg.xsd#esg_SocialDataAbstract" xlink:label="SocialDataAbstract" xlink:title="SocialDataAbstract"/>
    <link:presentationArc xlink:type="arc" xlink:arcrole="http://www.xbrl.org/2003/arcrole/parent-child" xlink:from="EnvironmentSocialAndGovernanceDataAbstract" xlink:to="SocialDataAbstract" xlink:title="presentation: EnvironmentSocialAndGovernanceDataAbstract to SocialDataAbstract" order="2.0"/>
    <link:loc xlink:type="locator" xlink:href="esg.xsd#esg_SicknessAbsenceSSocialeData" xlink:label="SicknessAbsenceSSocialeData" xlink:title="SicknessAbsenceSSocialeData"/>
    <link:presentationArc xlink:type="arc" xlink:arcrole="http://www.xbrl.org/2003/arcrole/parent-child" xlink:from="SocialDataAbstract" xlink:to="SicknessAbsenceSSocialeData" xlink:title="presentation: SocialDataAbstract to SicknessAbsenceSSocialeData" order="1.0"/>
    <link:loc xlink:type="locator" xlink:href="esg.xsd#esg_ObjectivesForSicknessAbsenceSSocialeData" xlink:label="ObjectivesForSicknessAbsenceSSocialeData" xlink:title="ObjectivesForSicknessAbsenceSSocialeData"/>
    <link:presentationArc xlink:type="arc" xlink:arcrole="http://www.xbrl.org/2003/arcrole/parent-child" xlink:from="SicknessAbsenceSSocialeData" xlink:to="ObjectivesForSicknessAbsenceSSocialeData" xlink:title="presentation: SicknessAbsenceSSocialeData to ObjectivesForSicknessAbsenceSSocialeData" order="1.0"/>
    <link:loc xlink:type="locator" xlink:href="esg.xsd#esg_RemarksRegardingSicknessAbsenceSSocialeData" xlink:label="RemarksRegardingSicknessAbsenceSSocialeData" xlink:title="RemarksRegardingSicknessAbsenceSSocialeData"/>
    <link:presentationArc xlink:type="arc" xlink:arcrole="http://www.xbrl.org/2003/arcrole/parent-child" xlink:from="SicknessAbsenceSSocialeData" xlink:to="RemarksRegardingSicknessAbsenceSSocialeData" xlink:title="presentation: SicknessAbsenceSSocialeData to RemarksRegardingSicknessAbsenceSSocialeData" order="2.0"/>
    <link:loc xlink:type="locator" xlink:href="esg.xsd#esg_DescriptionOfMethodsOfSicknessAbsenceSSocialeData" xlink:label="DescriptionOfMethodsOfSicknessAbsenceSSocialeData" xlink:title="DescriptionOfMethodsOfSicknessAbsenceSSocialeData"/>
    <link:presentationArc xlink:type="arc" xlink:arcrole="http://www.xbrl.org/2003/arcrole/parent-child" xlink:from="SicknessAbsenceSSocialeData" xlink:to="DescriptionOfMethodsOfSicknessAbsenceSSocialeData" xlink:title="presentation: SicknessAbsenceSSocialeData to DescriptionOfMethodsOfSicknessAbsenceSSocialeData" order="3.0"/>
    <link:loc xlink:type="locator" xlink:href="esg.xsd#esg_LostTimeInjuryFrequencySSocialeData" xlink:label="LostTimeInjuryFrequencySSocialeData" xlink:title="LostTimeInjuryFrequencySSocialeData"/>
    <link:presentationArc xlink:type="arc" xlink:arcrole="http://www.xbrl.org/2003/arcrole/parent-child" xlink:from="SocialDataAbstract" xlink:to="LostTimeInjuryFrequencySSocialeData" xlink:title="presentation: SocialDataAbstract to LostTimeInjuryFrequencySSocialeData" order="2.0"/>
    <link:loc xlink:type="locator" xlink:href="esg.xsd#esg_ObjectivesForLostTimeInjuryFrequencySSocialeData" xlink:label="ObjectivesForLostTimeInjuryFrequencySSocialeData" xlink:title="ObjectivesForLostTimeInjuryFrequencySSocialeData"/>
    <link:presentationArc xlink:type="arc" xlink:arcrole="http://www.xbrl.org/2003/arcrole/parent-child" xlink:from="LostTimeInjuryFrequencySSocialeData" xlink:to="ObjectivesForLostTimeInjuryFrequencySSocialeData" xlink:title="presentation: LostTimeInjuryFrequencySSocialeData to ObjectivesForLostTimeInjuryFrequencySSocialeData" order="1.0"/>
    <link:loc xlink:type="locator" xlink:href="esg.xsd#esg_RemarksRegardingLostTimeInjuryFrequencySSocialeData" xlink:label="RemarksRegardingLostTimeInjuryFrequencySSocialeData" xlink:title="RemarksRegardingLostTimeInjuryFrequencySSocialeData"/>
    <link:presentationArc xlink:type="arc" xlink:arcrole="http://www.xbrl.org/2003/arcrole/parent-child" xlink:from="LostTimeInjuryFrequencySSocialeData" xlink:to="RemarksRegardingLostTimeInjuryFrequencySSocialeData" xlink:title="presentation: LostTimeInjuryFrequencySSocialeData to RemarksRegardingLostTimeInjuryFrequencySSocialeData" order="2.0"/>
    <link:loc xlink:type="locator" xlink:href="esg.xsd#esg_DescriptionOfMethodsOfLostTimeInjuryFrequencySSocialeData" xlink:label="DescriptionOfMethodsOfLostTimeInjuryFrequencySSocialeData" xlink:title="DescriptionOfMethodsOfLostTimeInjuryFrequencySSocialeData"/>
    <link:presentationArc xlink:type="arc" xlink:arcrole="http://www.xbrl.org/2003/arcrole/parent-child" xlink:from="LostTimeInjuryFrequencySSocialeData" xlink:to="DescriptionOfMethodsOfLostTimeInjuryFrequencySSocialeData" xlink:title="presentation: LostTimeInjuryFrequencySSocialeData to DescriptionOfMethodsOfLostTimeInjuryFrequencySSocialeData" order="3.0"/>
    <link:loc xlink:type="locator" xlink:href="esg.xsd#esg_EmployeeTurnoverSSocialeData" xlink:label="EmployeeTurnoverSSocialeData" xlink:title="EmployeeTurnoverSSocialeData"/>
    <link:presentationArc xlink:type="arc" xlink:arcrole="http://www.xbrl.org/2003/arcrole/parent-child" xlink:from="SocialDataAbstract" xlink:to="EmployeeTurnoverSSocialeData" xlink:title="presentation: SocialDataAbstract to EmployeeTurnoverSSocialeData" order="3.0"/>
    <link:loc xlink:type="locator" xlink:href="esg.xsd#esg_ObjectivesForEmployeeTurnoverSSocialeData" xlink:label="ObjectivesForEmployeeTurnoverSSocialeData" xlink:title="ObjectivesForEmployeeTurnoverSSocialeData"/>
    <link:presentationArc xlink:type="arc" xlink:arcrole="http://www.xbrl.org/2003/arcrole/parent-child" xlink:from="EmployeeTurnoverSSocialeData" xlink:to="ObjectivesForEmployeeTurnoverSSocialeData" xlink:title="presentation: EmployeeTurnoverSSocialeData to ObjectivesForEmployeeTurnoverSSocialeData" order="1.0"/>
    <link:loc xlink:type="locator" xlink:href="esg.xsd#esg_RemarksRegardingEmployeeTurnoverSSocialeData" xlink:label="RemarksRegardingEmployeeTurnoverSSocialeData" xlink:title="RemarksRegardingEmployeeTurnoverSSocialeData"/>
    <link:presentationArc xlink:type="arc" xlink:arcrole="http://www.xbrl.org/2003/arcrole/parent-child" xlink:from="EmployeeTurnoverSSocialeData" xlink:to="RemarksRegardingEmployeeTurnoverSSocialeData" xlink:title="presentation: EmployeeTurnoverSSocialeData to RemarksRegardingEmployeeTurnoverSSocialeData" order="2.0"/>
    <link:loc xlink:type="locator" xlink:href="esg.xsd#esg_DescriptionOfMethodsOfEmployeeTurnoverSSocialeData" xlink:label="DescriptionOfMethodsOfEmployeeTurnoverSSocialeData" xlink:title="DescriptionOfMethodsOfEmployeeTurnoverSSocialeData"/>
    <link:presentationArc xlink:type="arc" xlink:arcrole="http://www.xbrl.org/2003/arcrole/parent-child" xlink:from="EmployeeTurnoverSSocialeData" xlink:to="DescriptionOfMethodsOfEmployeeTurnoverSSocialeData" xlink:title="presentation: EmployeeTurnoverSSocialeData to DescriptionOfMethodsOfEmployeeTurnoverSSocialeData" order="3.0"/>
    <link:loc xlink:type="locator" xlink:href="esg.xsd#esg_EmployeeSatisfactionSSocialeData" xlink:label="EmployeeSatisfactionSSocialeData" xlink:title="EmployeeSatisfactionSSocialeData"/>
    <link:presentationArc xlink:type="arc" xlink:arcrole="http://www.xbrl.org/2003/arcrole/parent-child" xlink:from="SocialDataAbstract" xlink:to="EmployeeSatisfactionSSocialeData" xlink:title="presentation: SocialDataAbstract to EmployeeSatisfactionSSocialeData" order="4.0"/>
    <link:loc xlink:type="locator" xlink:href="esg.xsd#esg_ObjectivesForEmployeeSatisfactionSSocialeData" xlink:label="ObjectivesForEmployeeSatisfactionSSocialeData" xlink:title="ObjectivesForEmployeeSatisfactionSSocialeData"/>
    <link:presentationArc xlink:type="arc" xlink:arcrole="http://www.xbrl.org/2003/arcrole/parent-child" xlink:from="EmployeeSatisfactionSSocialeData" xlink:to="ObjectivesForEmployeeSatisfactionSSocialeData" xlink:title="presentation: EmployeeSatisfactionSSocialeData to ObjectivesForEmployeeSatisfactionSSocialeData" order="1.0"/>
    <link:loc xlink:type="locator" xlink:href="esg.xsd#esg_RemarksRegardingEmployeeSatisfactionSSocialeData" xlink:label="RemarksRegardingEmployeeSatisfactionSSocialeData" xlink:title="RemarksRegardingEmployeeSatisfactionSSocialeData"/>
    <link:presentationArc xlink:type="arc" xlink:arcrole="http://www.xbrl.org/2003/arcrole/parent-child" xlink:from="EmployeeSatisfactionSSocialeData" xlink:to="RemarksRegardingEmployeeSatisfactionSSocialeData" xlink:title="presentation: EmployeeSatisfactionSSocialeData to RemarksRegardingEmployeeSatisfactionSSocialeData" order="2.0"/>
    <link:loc xlink:type="locator" xlink:href="esg.xsd#esg_DescriptionOfMethodsOfEmployeeSatisfactionSSocialeData" xlink:label="DescriptionOfMethodsOfEmployeeSatisfactionSSocialeData" xlink:title="DescriptionOfMethodsOfEmployeeSatisfactionSSocialeData"/>
    <link:presentationArc xlink:type="arc" xlink:arcrole="http://www.xbrl.org/2003/arcrole/parent-child" xlink:from="EmployeeSatisfactionSSocialeData" xlink:to="DescriptionOfMethodsOfEmployeeSatisfactionSSocialeData" xlink:title="presentation: EmployeeSatisfactionSSocialeData to DescriptionOfMethodsOfEmployeeSatisfactionSSocialeData" order="3.0"/>
    <link:loc xlink:type="locator" xlink:href="esg.xsd#esg_GenderDiversityAllEmployeesSSocialeData" xlink:label="GenderDiversityAllEmployeesSSocialeData" xlink:title="GenderDiversityAllEmployeesSSocialeData"/>
    <link:presentationArc xlink:type="arc" xlink:arcrole="http://www.xbrl.org/2003/arcrole/parent-child" xlink:from="SocialDataAbstract" xlink:to="GenderDiversityAllEmployeesSSocialeData" xlink:title="presentation: SocialDataAbstract to GenderDiversityAllEmployeesSSocialeData" order="5.0"/>
    <link:loc xlink:type="locator" xlink:href="esg.xsd#esg_ObjectivesForGenderDiversityAllEmployeesSSocialeData" xlink:label="ObjectivesForGenderDiversityAllEmployeesSSocialeData" xlink:title="ObjectivesForGenderDiversityAllEmployeesSSocialeData"/>
    <link:presentationArc xlink:type="arc" xlink:arcrole="http://www.xbrl.org/2003/arcrole/parent-child" xlink:from="GenderDiversityAllEmployeesSSocialeData" xlink:to="ObjectivesForGenderDiversityAllEmployeesSSocialeData" xlink:title="presentation: GenderDiversityAllEmployeesSSocialeData to ObjectivesForGenderDiversityAllEmployeesSSocialeData" order="1.0"/>
    <link:loc xlink:type="locator" xlink:href="esg.xsd#esg_RemarksRegardingGenderDiversityAllEmployeesSSocialeData" xlink:label="RemarksRegardingGenderDiversityAllEmployeesSSocialeData" xlink:title="RemarksRegardingGenderDiversityAllEmployeesSSocialeData"/>
    <link:presentationArc xlink:type="arc" xlink:arcrole="http://www.xbrl.org/2003/arcrole/parent-child" xlink:from="GenderDiversityAllEmployeesSSocialeData" xlink:to="RemarksRegardingGenderDiversityAllEmployeesSSocialeData" xlink:title="presentation: GenderDiversityAllEmployeesSSocialeData to RemarksRegardingGenderDiversityAllEmployeesSSocialeData" order="2.0"/>
    <link:loc xlink:type="locator" xlink:href="esg.xsd#esg_DescriptionOfMethodsOfGenderDiversityAllEmployeesSSocialeData" xlink:label="DescriptionOfMethodsOfGenderDiversityAllEmployeesSSocialeData" xlink:title="DescriptionOfMethodsOfGenderDiversityAllEmployeesSSocialeData"/>
    <link:presentationArc xlink:type="arc" xlink:arcrole="http://www.xbrl.org/2003/arcrole/parent-child" xlink:from="GenderDiversityAllEmployeesSSocialeData" xlink:to="DescriptionOfMethodsOfGenderDiversityAllEmployeesSSocialeData" xlink:title="presentation: GenderDiversityAllEmployeesSSocialeData to DescriptionOfMethodsOfGenderDiversityAllEmployeesSSocialeData" order="3.0"/>
    <link:loc xlink:type="locator" xlink:href="esg.xsd#esg_GenderDiversityManagementSSocialeData" xlink:label="GenderDiversityManagementSSocialeData" xlink:title="GenderDiversityManagementSSocialeData"/>
    <link:presentationArc xlink:type="arc" xlink:arcrole="http://www.xbrl.org/2003/arcrole/parent-child" xlink:from="SocialDataAbstract" xlink:to="GenderDiversityManagementSSocialeData" xlink:title="presentation: SocialDataAbstract to GenderDiversityManagementSSocialeData" order="6.0"/>
    <link:loc xlink:type="locator" xlink:href="esg.xsd#esg_ObjectivesForGenderDiversityManagementSSocialeData" xlink:label="ObjectivesForGenderDiversityManagementSSocialeData" xlink:title="ObjectivesForGenderDiversityManagementSSocialeData"/>
    <link:presentationArc xlink:type="arc" xlink:arcrole="http://www.xbrl.org/2003/arcrole/parent-child" xlink:from="GenderDiversityManagementSSocialeData" xlink:to="ObjectivesForGenderDiversityManagementSSocialeData" xlink:title="presentation: GenderDiversityManagementSSocialeData to ObjectivesForGenderDiversityManagementSSocialeData" order="1.0"/>
    <link:loc xlink:type="locator" xlink:href="esg.xsd#esg_RemarksRegardingGenderDiversityManagementSSocialeData" xlink:label="RemarksRegardingGenderDiversityManagementSSocialeData" xlink:title="RemarksRegardingGenderDiversityManagementSSocialeData"/>
    <link:presentationArc xlink:type="arc" xlink:arcrole="http://www.xbrl.org/2003/arcrole/parent-child" xlink:from="GenderDiversityManagementSSocialeData" xlink:to="RemarksRegardingGenderDiversityManagementSSocialeData" xlink:title="presentation: GenderDiversityManagementSSocialeData to RemarksRegardingGenderDiversityManagementSSocialeData" order="2.0"/>
    <link:loc xlink:type="locator" xlink:href="esg.xsd#esg_DescriptionOfMethodsOfGenderDiversityManagementSSocialeData" xlink:label="DescriptionOfMethodsOfGenderDiversityManagementSSocialeData" xlink:title="DescriptionOfMethodsOfGenderDiversityManagementSSocialeData"/>
    <link:presentationArc xlink:type="arc" xlink:arcrole="http://www.xbrl.org/2003/arcrole/parent-child" xlink:from="GenderDiversityManagementSSocialeData" xlink:to="DescriptionOfMethodsOfGenderDiversityManagementSSocialeData" xlink:title="presentation: GenderDiversityManagementSSocialeData to DescriptionOfMethodsOfGenderDiversityManagementSSocialeData" order="3.0"/>
    <link:loc xlink:type="locator" xlink:href="esg.xsd#esg_GenderDiversityOtherManagementLevelsSSocialeData" xlink:label="GenderDiversityOtherManagementLevelsSSocialeData" xlink:title="GenderDiversityOtherManagementLevelsSSocialeData"/>
    <link:presentationArc xlink:type="arc" xlink:arcrole="http://www.xbrl.org/2003/arcrole/parent-child" xlink:from="SocialDataAbstract" xlink:to="GenderDiversityOtherManagementLevelsSSocialeData" xlink:title="presentation: SocialDataAbstract to GenderDiversityOtherManagementLevelsSSocialeData" order="7.0"/>
    <link:loc xlink:type="locator" xlink:href="esg.xsd#esg_ObjectivesForGenderDiversityOtherManagementLevelsSSocialeData" xlink:label="ObjectivesForGenderDiversityOtherManagementLevelsSSocialeData" xlink:title="ObjectivesForGenderDiversityOtherManagementLevelsSSocialeData"/>
    <link:presentationArc xlink:type="arc" xlink:arcrole="http://www.xbrl.org/2003/arcrole/parent-child" xlink:from="GenderDiversityOtherManagementLevelsSSocialeData" xlink:to="ObjectivesForGenderDiversityOtherManagementLevelsSSocialeData" xlink:title="presentation: GenderDiversityOtherManagementLevelsSSocialeData to ObjectivesForGenderDiversityOtherManagementLevelsSSocialeData" order="1.0"/>
    <link:loc xlink:type="locator" xlink:href="esg.xsd#esg_RemarksRegardingGenderDiversityOtherManagementLevelsSSocialeData" xlink:label="RemarksRegardingGenderDiversityOtherManagementLevelsSSocialeData" xlink:title="RemarksRegardingGenderDiversityOtherManagementLevelsSSocialeData"/>
    <link:presentationArc xlink:type="arc" xlink:arcrole="http://www.xbrl.org/2003/arcrole/parent-child" xlink:from="GenderDiversityOtherManagementLevelsSSocialeData" xlink:to="RemarksRegardingGenderDiversityOtherManagementLevelsSSocialeData" xlink:title="presentation: GenderDiversityOtherManagementLevelsSSocialeData to RemarksRegardingGenderDiversityOtherManagementLevelsSSocialeData" order="2.0"/>
    <link:loc xlink:type="locator" xlink:href="esg.xsd#esg_DescriptionOfMethodsOfGenderDiversityOtherManagementLevelsSSocialeData" xlink:label="DescriptionOfMethodsOfGenderDiversityOtherManagementLevelsSSocialeData" xlink:title="DescriptionOfMethodsOfGenderDiversityOtherManagementLevelsSSocialeData"/>
    <link:presentationArc xlink:type="arc" xlink:arcrole="http://www.xbrl.org/2003/arcrole/parent-child" xlink:from="GenderDiversityOtherManagementLevelsSSocialeData" xlink:to="DescriptionOfMethodsOfGenderDiversityOtherManagementLevelsSSocialeData" xlink:title="presentation: GenderDiversityOtherManagementLevelsSSocialeData to DescriptionOfMethodsOfGenderDiversityOtherManagementLevelsSSocialeData" order="3.0"/>
    <link:loc xlink:type="locator" xlink:href="esg.xsd#esg_GenderDiversityBoardOfDirectorsSSocialeData" xlink:label="GenderDiversityBoardOfDirectorsSSocialeData" xlink:title="GenderDiversityBoardOfDirectorsSSocialeData"/>
    <link:presentationArc xlink:type="arc" xlink:arcrole="http://www.xbrl.org/2003/arcrole/parent-child" xlink:from="SocialDataAbstract" xlink:to="GenderDiversityBoardOfDirectorsSSocialeData" xlink:title="presentation: SocialDataAbstract to GenderDiversityBoardOfDirectorsSSocialeData" order="8.0"/>
    <link:loc xlink:type="locator" xlink:href="esg.xsd#esg_ObjectivesForGenderDiversityBoardOfDirectorsSSocialeData" xlink:label="ObjectivesForGenderDiversityBoardOfDirectorsSSocialeData" xlink:title="ObjectivesForGenderDiversityBoardOfDirectorsSSocialeData"/>
    <link:presentationArc xlink:type="arc" xlink:arcrole="http://www.xbrl.org/2003/arcrole/parent-child" xlink:from="GenderDiversityBoardOfDirectorsSSocialeData" xlink:to="ObjectivesForGenderDiversityBoardOfDirectorsSSocialeData" xlink:title="presentation: GenderDiversityBoardOfDirectorsSSocialeData to ObjectivesForGenderDiversityBoardOfDirectorsSSocialeData" order="1.0"/>
    <link:loc xlink:type="locator" xlink:href="esg.xsd#esg_RemarksRegardingGenderDiversityBoardOfDirectorsSSocialeData" xlink:label="RemarksRegardingGenderDiversityBoardOfDirectorsSSocialeData" xlink:title="RemarksRegardingGenderDiversityBoardOfDirectorsSSocialeData"/>
    <link:presentationArc xlink:type="arc" xlink:arcrole="http://www.xbrl.org/2003/arcrole/parent-child" xlink:from="GenderDiversityBoardOfDirectorsSSocialeData" xlink:to="RemarksRegardingGenderDiversityBoardOfDirectorsSSocialeData" xlink:title="presentation: GenderDiversityBoardOfDirectorsSSocialeData to RemarksRegardingGenderDiversityBoardOfDirectorsSSocialeData" order="2.0"/>
    <link:loc xlink:type="locator" xlink:href="esg.xsd#esg_DescriptionOfMethodsOfGenderDiversityBoardOfDirectorsSSocialeData" xlink:label="DescriptionOfMethodsOfGenderDiversityBoardOfDirectorsSSocialeData" xlink:title="DescriptionOfMethodsOfGenderDiversityBoardOfDirectorsSSocialeData"/>
    <link:presentationArc xlink:type="arc" xlink:arcrole="http://www.xbrl.org/2003/arcrole/parent-child" xlink:from="GenderDiversityBoardOfDirectorsSSocialeData" xlink:to="DescriptionOfMethodsOfGenderDiversityBoardOfDirectorsSSocialeData" xlink:title="presentation: GenderDiversityBoardOfDirectorsSSocialeData to DescriptionOfMethodsOfGenderDiversityBoardOfDirectorsSSocialeData" order="3.0"/>
    <link:loc xlink:type="locator" xlink:href="esg.xsd#esg_CeoPayRatioSSocialeData" xlink:label="CeoPayRatioSSocialeData" xlink:title="CeoPayRatioSSocialeData"/>
    <link:presentationArc xlink:type="arc" xlink:arcrole="http://www.xbrl.org/2003/arcrole/parent-child" xlink:from="SocialDataAbstract" xlink:to="CeoPayRatioSSocialeData" xlink:title="presentation: SocialDataAbstract to CeoPayRatioSSocialeData" order="9.0"/>
    <link:loc xlink:type="locator" xlink:href="esg.xsd#esg_ObjectivesForCeoPayRatioSSocialeData" xlink:label="ObjectivesForCeoPayRatioSSocialeData" xlink:title="ObjectivesForCeoPayRatioSSocialeData"/>
    <link:presentationArc xlink:type="arc" xlink:arcrole="http://www.xbrl.org/2003/arcrole/parent-child" xlink:from="CeoPayRatioSSocialeData" xlink:to="ObjectivesForCeoPayRatioSSocialeData" xlink:title="presentation: CeoPayRatioSSocialeData to ObjectivesForCeoPayRatioSSocialeData" order="1.0"/>
    <link:loc xlink:type="locator" xlink:href="esg.xsd#esg_RemarksRegardingCeoPayRatioSSocialeData" xlink:label="RemarksRegardingCeoPayRatioSSocialeData" xlink:title="RemarksRegardingCeoPayRatioSSocialeData"/>
    <link:presentationArc xlink:type="arc" xlink:arcrole="http://www.xbrl.org/2003/arcrole/parent-child" xlink:from="CeoPayRatioSSocialeData" xlink:to="RemarksRegardingCeoPayRatioSSocialeData" xlink:title="presentation: CeoPayRatioSSocialeData to RemarksRegardingCeoPayRatioSSocialeData" order="2.0"/>
    <link:loc xlink:type="locator" xlink:href="esg.xsd#esg_DescriptionOfMethodsOfCeoPayRatioSSocialeData" xlink:label="DescriptionOfMethodsOfCeoPayRatioSSocialeData" xlink:title="DescriptionOfMethodsOfCeoPayRatioSSocialeData"/>
    <link:presentationArc xlink:type="arc" xlink:arcrole="http://www.xbrl.org/2003/arcrole/parent-child" xlink:from="CeoPayRatioSSocialeData" xlink:to="DescriptionOfMethodsOfCeoPayRatioSSocialeData" xlink:title="presentation: CeoPayRatioSSocialeData to DescriptionOfMethodsOfCeoPayRatioSSocialeData" order="3.0"/>
    <link:loc xlink:type="locator" xlink:href="esg.xsd#esg_GenderPayRatioSSocialeData" xlink:label="GenderPayRatioSSocialeData" xlink:title="GenderPayRatioSSocialeData"/>
    <link:presentationArc xlink:type="arc" xlink:arcrole="http://www.xbrl.org/2003/arcrole/parent-child" xlink:from="SocialDataAbstract" xlink:to="GenderPayRatioSSocialeData" xlink:title="presentation: SocialDataAbstract to GenderPayRatioSSocialeData" order="10.0"/>
    <link:loc xlink:type="locator" xlink:href="esg.xsd#esg_ObjectivesForGenderPayRatioSSocialeData" xlink:label="ObjectivesForGenderPayRatioSSocialeData" xlink:title="ObjectivesForGenderPayRatioSSocialeData"/>
    <link:presentationArc xlink:type="arc" xlink:arcrole="http://www.xbrl.org/2003/arcrole/parent-child" xlink:from="GenderPayRatioSSocialeData" xlink:to="ObjectivesForGenderPayRatioSSocialeData" xlink:title="presentation: GenderPayRatioSSocialeData to ObjectivesForGenderPayRatioSSocialeData" order="1.0"/>
    <link:loc xlink:type="locator" xlink:href="esg.xsd#esg_RemarksRegardingGenderPayRatioSSocialeData" xlink:label="RemarksRegardingGenderPayRatioSSocialeData" xlink:title="RemarksRegardingGenderPayRatioSSocialeData"/>
    <link:presentationArc xlink:type="arc" xlink:arcrole="http://www.xbrl.org/2003/arcrole/parent-child" xlink:from="GenderPayRatioSSocialeData" xlink:to="RemarksRegardingGenderPayRatioSSocialeData" xlink:title="presentation: GenderPayRatioSSocialeData to RemarksRegardingGenderPayRatioSSocialeData" order="2.0"/>
    <link:loc xlink:type="locator" xlink:href="esg.xsd#esg_DescriptionOfMethodsOfGenderPayRatioSSocialeData" xlink:label="DescriptionOfMethodsOfGenderPayRatioSSocialeData" xlink:title="DescriptionOfMethodsOfGenderPayRatioSSocialeData"/>
    <link:presentationArc xlink:type="arc" xlink:arcrole="http://www.xbrl.org/2003/arcrole/parent-child" xlink:from="GenderPayRatioSSocialeData" xlink:to="DescriptionOfMethodsOfGenderPayRatioSSocialeData" xlink:title="presentation: GenderPayRatioSSocialeData to DescriptionOfMethodsOfGenderPayRatioSSocialeData" order="3.0"/>
    <link:loc xlink:type="locator" xlink:href="esg.xsd#esg_GovernanceDataAbstract" xlink:label="GovernanceDataAbstract" xlink:title="GovernanceDataAbstract"/>
    <link:presentationArc xlink:type="arc" xlink:arcrole="http://www.xbrl.org/2003/arcrole/parent-child" xlink:from="EnvironmentSocialAndGovernanceDataAbstract" xlink:to="GovernanceDataAbstract" xlink:title="presentation: EnvironmentSocialAndGovernanceDataAbstract to GovernanceDataAbstract" order="3.0"/>
    <link:loc xlink:type="locator" xlink:href="esg.xsd#esg_TurnoverGGovernanceData" xlink:label="TurnoverGGovernanceData" xlink:title="TurnoverGGovernanceData"/>
    <link:presentationArc xlink:type="arc" xlink:arcrole="http://www.xbrl.org/2003/arcrole/parent-child" xlink:from="GovernanceDataAbstract" xlink:to="TurnoverGGovernanceData" xlink:title="presentation: GovernanceDataAbstract to TurnoverGGovernanceData" order="1.0"/>
    <link:loc xlink:type="locator" xlink:href="esg.xsd#esg_ObjectivesForTurnoverGGovernanceData" xlink:label="ObjectivesForTurnoverGGovernanceData" xlink:title="ObjectivesForTurnoverGGovernanceData"/>
    <link:presentationArc xlink:type="arc" xlink:arcrole="http://www.xbrl.org/2003/arcrole/parent-child" xlink:from="TurnoverGGovernanceData" xlink:to="ObjectivesForTurnoverGGovernanceData" xlink:title="presentation: TurnoverGGovernanceData to ObjectivesForTurnoverGGovernanceData" order="1.0"/>
    <link:loc xlink:type="locator" xlink:href="esg.xsd#esg_RemarksRegardingTurnoverGGovernanceData" xlink:label="RemarksRegardingTurnoverGGovernanceData" xlink:title="RemarksRegardingTurnoverGGovernanceData"/>
    <link:presentationArc xlink:type="arc" xlink:arcrole="http://www.xbrl.org/2003/arcrole/parent-child" xlink:from="TurnoverGGovernanceData" xlink:to="RemarksRegardingTurnoverGGovernanceData" xlink:title="presentation: TurnoverGGovernanceData to RemarksRegardingTurnoverGGovernanceData" order="2.0"/>
    <link:loc xlink:type="locator" xlink:href="esg.xsd#esg_DescriptionOfMethodsOfTurnoverGGovernanceData" xlink:label="DescriptionOfMethodsOfTurnoverGGovernanceData" xlink:title="DescriptionOfMethodsOfTurnoverGGovernanceData"/>
    <link:presentationArc xlink:type="arc" xlink:arcrole="http://www.xbrl.org/2003/arcrole/parent-child" xlink:from="TurnoverGGovernanceData" xlink:to="DescriptionOfMethodsOfTurnoverGGovernanceData" xlink:title="presentation: TurnoverGGovernanceData to DescriptionOfMethodsOfTurnoverGGovernanceData" order="3.0"/>
    <link:loc xlink:type="locator" xlink:href="esg.xsd#esg_CapexGGovernanceData" xlink:label="CapexGGovernanceData" xlink:title="CapexGGovernanceData"/>
    <link:presentationArc xlink:type="arc" xlink:arcrole="http://www.xbrl.org/2003/arcrole/parent-child" xlink:from="GovernanceDataAbstract" xlink:to="CapexGGovernanceData" xlink:title="presentation: GovernanceDataAbstract to CapexGGovernanceData" order="2.0"/>
    <link:loc xlink:type="locator" xlink:href="esg.xsd#esg_ObjectivesForCapexGGovernanceData" xlink:label="ObjectivesForCapexGGovernanceData" xlink:title="ObjectivesForCapexGGovernanceData"/>
    <link:presentationArc xlink:type="arc" xlink:arcrole="http://www.xbrl.org/2003/arcrole/parent-child" xlink:from="CapexGGovernanceData" xlink:to="ObjectivesForCapexGGovernanceData" xlink:title="presentation: CapexGGovernanceData to ObjectivesForCapexGGovernanceData" order="1.0"/>
    <link:loc xlink:type="locator" xlink:href="esg.xsd#esg_RemarksRegardingCapexGGovernanceData" xlink:label="RemarksRegardingCapexGGovernanceData" xlink:title="RemarksRegardingCapexGGovernanceData"/>
    <link:presentationArc xlink:type="arc" xlink:arcrole="http://www.xbrl.org/2003/arcrole/parent-child" xlink:from="CapexGGovernanceData" xlink:to="RemarksRegardingCapexGGovernanceData" xlink:title="presentation: CapexGGovernanceData to RemarksRegardingCapexGGovernanceData" order="2.0"/>
    <link:loc xlink:type="locator" xlink:href="esg.xsd#esg_DescriptionOfMethodsOfCapexGGovernanceData" xlink:label="DescriptionOfMethodsOfCapexGGovernanceData" xlink:title="DescriptionOfMethodsOfCapexGGovernanceData"/>
    <link:presentationArc xlink:type="arc" xlink:arcrole="http://www.xbrl.org/2003/arcrole/parent-child" xlink:from="CapexGGovernanceData" xlink:to="DescriptionOfMethodsOfCapexGGovernanceData" xlink:title="presentation: CapexGGovernanceData to DescriptionOfMethodsOfCapexGGovernanceData" order="3.0"/>
    <link:loc xlink:type="locator" xlink:href="esg.xsd#esg_OpexGGovernanceData" xlink:label="OpexGGovernanceData" xlink:title="OpexGGovernanceData"/>
    <link:presentationArc xlink:type="arc" xlink:arcrole="http://www.xbrl.org/2003/arcrole/parent-child" xlink:from="GovernanceDataAbstract" xlink:to="OpexGGovernanceData" xlink:title="presentation: GovernanceDataAbstract to OpexGGovernanceData" order="3.0"/>
    <link:loc xlink:type="locator" xlink:href="esg.xsd#esg_ObjectivesForOpexGGovernanceData" xlink:label="ObjectivesForOpexGGovernanceData" xlink:title="ObjectivesForOpexGGovernanceData"/>
    <link:presentationArc xlink:type="arc" xlink:arcrole="http://www.xbrl.org/2003/arcrole/parent-child" xlink:from="OpexGGovernanceData" xlink:to="ObjectivesForOpexGGovernanceData" xlink:title="presentation: OpexGGovernanceData to ObjectivesForOpexGGovernanceData" order="1.0"/>
    <link:loc xlink:type="locator" xlink:href="esg.xsd#esg_RemarksRegardingOpexGGovernanceData" xlink:label="RemarksRegardingOpexGGovernanceData" xlink:title="RemarksRegardingOpexGGovernanceData"/>
    <link:presentationArc xlink:type="arc" xlink:arcrole="http://www.xbrl.org/2003/arcrole/parent-child" xlink:from="OpexGGovernanceData" xlink:to="RemarksRegardingOpexGGovernanceData" xlink:title="presentation: OpexGGovernanceData to RemarksRegardingOpexGGovernanceData" order="2.0"/>
    <link:loc xlink:type="locator" xlink:href="esg.xsd#esg_DescriptionOfMethodsOfOpexGGovernanceData" xlink:label="DescriptionOfMethodsOfOpexGGovernanceData" xlink:title="DescriptionOfMethodsOfOpexGGovernanceData"/>
    <link:presentationArc xlink:type="arc" xlink:arcrole="http://www.xbrl.org/2003/arcrole/parent-child" xlink:from="OpexGGovernanceData" xlink:to="DescriptionOfMethodsOfOpexGGovernanceData" xlink:title="presentation: OpexGGovernanceData to DescriptionOfMethodsOfOpexGGovernanceData" order="3.0"/>
    <link:loc xlink:type="locator" xlink:href="esg.xsd#esg_DetailsOnEnvironmentSocialAndGovernanceDataAbstract" xlink:label="DetailsOnEnvironmentSocialAndGovernanceDataAbstract" xlink:title="DetailsOnEnvironmentSocialAndGovernanceDataAbstract"/>
    <link:presentationArc xlink:type="arc" xlink:arcrole="http://www.xbrl.org/2003/arcrole/parent-child" xlink:from="EnvironmentSocialAndGovernanceDataAbstract" xlink:to="DetailsOnEnvironmentSocialAndGovernanceDataAbstract" xlink:title="presentation: EnvironmentSocialAndGovernanceDataAbstract to DetailsOnEnvironmentSocialAndGovernanceDataAbstract" order="4.0"/>
    <link:loc xlink:type="locator" xlink:href="esg.xsd#esg_DetailsOnEsgDatarHypercube" xlink:label="DetailsOnEsgDatarHypercube" xlink:title="DetailsOnEsgDatarHypercube"/>
    <link:presentationArc xlink:type="arc" xlink:arcrole="http://www.xbrl.org/2003/arcrole/parent-child" xlink:from="DetailsOnEnvironmentSocialAndGovernanceDataAbstract" xlink:to="DetailsOnEsgDatarHypercube" xlink:title="presentation: DetailsOnEnvironmentSocialAndGovernanceDataAbstract to DetailsOnEsgDatarHypercube" order="1.0"/>
    <link:loc xlink:type="locator" xlink:href="esg.xsd#esg_IdentificationOfEsgDataDimension" xlink:label="IdentificationOfEsgDataDimension" xlink:title="IdentificationOfEsgDataDimension"/>
    <link:presentationArc xlink:type="arc" xlink:arcrole="http://www.xbrl.org/2003/arcrole/parent-child" xlink:from="DetailsOnEsgDatarHypercube" xlink:to="IdentificationOfEsgDataDimension" xlink:title="presentation: DetailsOnEsgDatarHypercube to IdentificationOfEsgDataDimension" order="1.0"/>
    <link:loc xlink:type="locator" xlink:href="esg.xsd#esg_NameOfEsgIndicator" xlink:label="NameOfEsgIndicator" xlink:title="NameOfEsgIndicator"/>
    <link:presentationArc xlink:type="arc" xlink:arcrole="http://www.xbrl.org/2003/arcrole/parent-child" xlink:from="DetailsOnEnvironmentSocialAndGovernanceDataAbstract" xlink:to="NameOfEsgIndicator" xlink:title="presentation: DetailsOnEnvironmentSocialAndGovernanceDataAbstract to NameOfEsgIndicator" order="2.0"/>
    <link:loc xlink:type="locator" xlink:href="esg.xsd#esg_TypeOfEsgData" xlink:label="TypeOfEsgData" xlink:title="TypeOfEsgData"/>
    <link:presentationArc xlink:type="arc" xlink:arcrole="http://www.xbrl.org/2003/arcrole/parent-child" xlink:from="DetailsOnEnvironmentSocialAndGovernanceDataAbstract" xlink:to="TypeOfEsgData" xlink:title="presentation: DetailsOnEnvironmentSocialAndGovernanceDataAbstract to TypeOfEsgData" order="3.0"/>
    <link:loc xlink:type="locator" xlink:href="esg.xsd#esg_ValueOfEsgIndicator" xlink:label="ValueOfEsgIndicator" xlink:title="ValueOfEsgIndicator"/>
    <link:presentationArc xlink:type="arc" xlink:arcrole="http://www.xbrl.org/2003/arcrole/parent-child" xlink:from="DetailsOnEnvironmentSocialAndGovernanceDataAbstract" xlink:to="ValueOfEsgIndicator" xlink:title="presentation: DetailsOnEnvironmentSocialAndGovernanceDataAbstract to ValueOfEsgIndicator" order="4.0"/>
    <link:loc xlink:type="locator" xlink:href="esg.xsd#esg_ObjectivesForEsgIndicator" xlink:label="ObjectivesForEsgIndicator" xlink:title="ObjectivesForEsgIndicator"/>
    <link:presentationArc xlink:type="arc" xlink:arcrole="http://www.xbrl.org/2003/arcrole/parent-child" xlink:from="ValueOfEsgIndicator" xlink:to="ObjectivesForEsgIndicator" xlink:title="presentation: ValueOfEsgIndicator to ObjectivesForEsgIndicator" order="1.0"/>
    <link:loc xlink:type="locator" xlink:href="esg.xsd#esg_RemarksRegardingEsgIndicator" xlink:label="RemarksRegardingEsgIndicator" xlink:title="RemarksRegardingEsgIndicator"/>
    <link:presentationArc xlink:type="arc" xlink:arcrole="http://www.xbrl.org/2003/arcrole/parent-child" xlink:from="ValueOfEsgIndicator" xlink:to="RemarksRegardingEsgIndicator" xlink:title="presentation: ValueOfEsgIndicator to RemarksRegardingEsgIndicator" order="2.0"/>
    <link:loc xlink:type="locator" xlink:href="esg.xsd#esg_DescriptionOfMethodsOfEsgIndicator" xlink:label="DescriptionOfMethodsOfEsgIndicator" xlink:title="DescriptionOfMethodsOfEsgIndicator"/>
    <link:presentationArc xlink:type="arc" xlink:arcrole="http://www.xbrl.org/2003/arcrole/parent-child" xlink:from="ValueOfEsgIndicator" xlink:to="DescriptionOfMethodsOfEsgIndicator" xlink:title="presentation: ValueOfEsgIndicator to DescriptionOfMethodsOfEsgIndicator" order="3.0"/>
  </link:presentationLink>
</link:linkbase>
