<?xml version="1.0" encoding="UTF-8" standalone="yes"?>
<!-- Provided by Deutsche Bundesbank 2020 - www.bundesbank.de/anacredit -->
<message:StructureSpecificData 
	xmlns:message="http://www.sdmx.org/resources/sdmxml/schemas/v2_1/message" 
	xmlns:data="http://www.sdmx.org/resources/sdmxml/schemas/v2_1/data/structurespecific" 
	xmlns:common="http://www.sdmx.org/resources/sdmxml/schemas/v2_1/common" 
	xmlns:xsi="http://www.w3.org/2001/XMLSchema-instance" 
	xsi:schemaLocation="http://www.sdmx.org/resources/sdmxml/schemas/v2_1/message SDMXMessage.xsd http://www.bundesbank.de/statistik/anacredit/t1m/v2 BBK_ANCRDT_T1M_V2.2-SDMX.xsd" 
	xmlns:T1M="http://www.bundesbank.de/statistik/anacredit/t1m/v2"
	>
	<message:Header xsi:type="message:StructureSpecificDataHeaderType">
		<message:ID>10001</message:ID> <!-- Message-ID darf nur einmal verwendet werden. -->
		<message:Test>false</message:Test> <!-- Auf Produktionsumgebung: false; auf Testumgebung: true -->
		<message:Prepared>2016-08-09T16:21:49+01:00</message:Prepared>
		<message:Sender id="50400000"/>
		<message:Structure structureID="BBK_ANCRDT_HDR_C" 
									namespace="BBK_ANCRDT_HDR_C"
									dimensionAtObservation="AllDimensions">
			<common:Structure>
				<Ref agencyID="BBK" id="BBK_ANCRDT_HDR_C"/> 
			</common:Structure>
		</message:Structure>
		<message:Structure structureID="BBK_ANCRDT_ENTTY_INSTRMNT_C" 
									dimensionAtObservation="AllDimensions" 
									namespace="BBK_ANCRDT_ENTTY_INSTRMNT_C">
			<common:Structure>
				<Ref agencyID="BBK" id="BBK_ANCRDT_ENTTY_INSTRMNT_C"/> 
			</common:Structure>
		</message:Structure>
		<message:Structure structureID="BBK_ANCRDT_FNNCL_C" 
									dimensionAtObservation="AllDimensions" 
									namespace="BBK_ANCRDT_FNNCL_C">
			<common:Structure>
				<Ref agencyID="BBK" id="BBK_ANCRDT_FNNCL_C"/> 
			</common:Structure>
		</message:Structure>
		<message:Structure structureID="BBK_ANCRDT_INSTRMNT_C" 
									dimensionAtObservation="AllDimensions" 
									namespace="BBK_ANCRDT_INSTRMNT_C">
			<common:Structure>
				<Ref agencyID="BBK" id="BBK_ANCRDT_INSTRMNT_C"/> 
			</common:Structure>
		</message:Structure>
		<message:Structure structureID="BBK_ANCRDT_JNT_LBLTS_C" 
									dimensionAtObservation="AllDimensions" 
									namespace="BBK_ANCRDT_JNT_LBLTS_C">
			<common:Structure>
				<Ref agencyID="BBK" id="BBK_ANCRDT_JNT_LBLTS_C"/> 
			</common:Structure>
		</message:Structure>
	</message:Header>

	<message:DataSet     
    data:structureRef="BBK_ANCRDT_HDR_C" 
    xsi:type="T1M:BBK_ANCRDT_HDR_C" 
   data:dataScope="DataStructure">
  <Obs RPRTNG_AGNT_CD="50400000" 
			OBSRVD_AGNT_CD="50400000"
            DT_RFRNC="201806"
            APPLCTN="AC"
            SRVY_ID="T1M"
            PRT_MSSG="1"
            IS_LST_PRT_MSSG="true"
            SBMSSN_TYP="FULL_REPLACEMENT"/>
</message:DataSet>

<!-- BEISPIEL MELDUNG. ZUR ILLUSTRATION DER DATEISTRUKTUR. KEINE INHALTLICHEN AUSSAGEN -->
</message:StructureSpecificData>