<?xml version="1.0" encoding="UTF-8" standalone="yes"?>
<!-- Provided by Deutsche Bundesbank 2020 - www.bundesbank.de/anacredit -->
<message:StructureSpecificData xmlns:message="http://www.sdmx.org/resources/sdmxml/schemas/v2_1/message" xmlns:data="http://www.sdmx.org/resources/sdmxml/schemas/v2_1/data/structurespecific" xmlns:common="http://www.sdmx.org/resources/sdmxml/schemas/v2_1/common" xmlns:xsi="http://www.w3.org/2001/XMLSchema-instance" xsi:schemaLocation="http://www.sdmx.org/resources/sdmxml/schemas/v2_1/message SDMXMessage.xsd http://www.bundesbank.de/statistik/anacredit/t2m/v2 BBK_ANCRDT_T2M_V2.2-SDMX.xsd" xmlns:T2M="http://www.bundesbank.de/statistik/anacredit/t2m/v2">
	<message:Header xsi:type="message:StructureSpecificDataHeaderType">
		<message:ID>10002T2M</message:ID>
		<message:Test>false</message:Test>
		<!-- Auf Produktionsumgebung: false; auf Testumgebung: true -->
		<message:Prepared>2016-08-26T16:21:49+01:00</message:Prepared>
		<message:Sender id="50400000"/>
		<message:Structure structureID="BBK_ANCRDT_HDR_C" namespace="BBK_ANCRDT_HDR_C" dimensionAtObservation="AllDimensions">
			<common:Structure>
				<Ref agencyID="BBK" id="BBK_ANCRDT_HDR_C"/>
			</common:Structure>
		</message:Structure>
		<message:Structure structureID="BBK_ANCRDT_ENTTY_DFLT_C" dimensionAtObservation="AllDimensions" namespace="BBK_ANCRDT_ENTTY_DFLT_C">
			<common:Structure>
				<Ref agencyID="BBK" id="BBK_ANCRDT_ENTTY_DFLT_C"/>
			</common:Structure>
		</message:Structure>
		<message:Structure structureID="BBK_ANCRDT_ENTTY_RSK_C" dimensionAtObservation="AllDimensions" namespace="BBK_ANCRDT_ENTTY_RSK_C">
			<common:Structure>
				<Ref agencyID="BBK" id="BBK_ANCRDT_ENTTY_RSK_C"/>
			</common:Structure>
		</message:Structure>
		<message:Structure structureID="BBK_ANCRDT_INSTRMNT_PRTCTN_RCVD_C" dimensionAtObservation="AllDimensions" namespace="BBK_ANCRDT_INSTRMNT_PRTCTN_RCVD_C">
			<common:Structure>
				<Ref agencyID="BBK" id="BBK_ANCRDT_INSTRMNT_PRTCTN_RCVD_C"/>
			</common:Structure>
		</message:Structure>
		<message:Structure structureID="BBK_ANCRDT_PRTCTN_PRVDR_C" dimensionAtObservation="AllDimensions" namespace="BBK_ANCRDT_PRTCTN_PRVDR_C">
			<common:Structure>
				<Ref agencyID="BBK" id="BBK_ANCRDT_PRTCTN_PRVDR_C"/>
			</common:Structure>
		</message:Structure>
		<message:Structure structureID="BBK_ANCRDT_PRTCTN_RCVD_C" dimensionAtObservation="AllDimensions" namespace="BBK_ANCRDT_PRTCTN_RCVD_C">
			<common:Structure>
				<Ref agencyID="BBK" id="BBK_ANCRDT_PRTCTN_RCVD_C"/>
			</common:Structure>
		</message:Structure>
	</message:Header>
	<message:DataSet data:structureRef="BBK_ANCRDT_HDR_C" xsi:type="T2M:BBK_ANCRDT_HDR_C" data:dataScope="DataStructure">
		<Obs RPRTNG_AGNT_CD="50400000" OBSRVD_AGNT_CD="50400000" DT_RFRNC="201806" APPLCTN="AC" SRVY_ID="T2M" PRT_MSSG="1" IS_LST_PRT_MSSG="true" SBMSSN_TYP="FULL_REPLACEMENT"/>
	</message:DataSet>
	<!-- BEISPIEL MELDUNG. ZUR ILLUSTRATION DER DATEISTRUKTUR. KEINE INHALTLICHEN AUSSAGEN -->
	<message:DataSet data:structureRef="BBK_ANCRDT_ENTTY_DFLT_C" xsi:type="T2M:BBK_ANCRDT_ENTTY_DFLT_C" data:dataScope="DataStructure" data:action="Replace">
		<Obs CP_ID="302" TYP_CP_ID="1" DFLT_STTS="14" DT_DFLT_STTS="2000-07-22"/>
		<Obs CP_ID="31" TYP_CP_ID="1" DFLT_STTS="14" DT_DFLT_STTS="2001-01-06"/>
		<Obs CP_ID="100" TYP_CP_ID="1" DFLT_STTS="14" DT_DFLT_STTS="1949-05-23"/>
		<Obs CP_ID="306" TYP_CP_ID="1" DFLT_STTS="14" DT_DFLT_STTS="2010-12-31"/>
		<Obs CP_ID="307" TYP_CP_ID="1" DFLT_STTS="14" DT_DFLT_STTS="2004-12-31"/>
	</message:DataSet>
	<message:DataSet data:structureRef="BBK_ANCRDT_ENTTY_RSK_C" xsi:type="T2M:BBK_ANCRDT_ENTTY_RSK_C" data:dataScope="DataStructure" data:action="Replace">
		<Obs CP_ID="302" TYP_CP_ID="1" PD="0.015000"/>
		<Obs CP_ID="31" TYP_CP_ID="1" PD="0.003000"/>
		<Obs CP_ID="100" TYP_CP_ID="1" PD="0.000000"/>
		<Obs CP_ID="306" TYP_CP_ID="1" PD="0.007500"/>
		<Obs CP_ID="307" TYP_CP_ID="1" PD="0.002500"/>
	</message:DataSet>
	<message:DataSet data:structureRef="BBK_ANCRDT_INSTRMNT_PRTCTN_RCVD_C" xsi:type="T2M:BBK_ANCRDT_INSTRMNT_PRTCTN_RCVD_C" data:dataScope="DataStructure" data:action="Replace">
		<Obs CNTRCT_ID="A500" INSTRMNT_ID="BE50" PRTCTN_ID="DE0001" PRTCTN_ALLCTD_VL="1000000.00" THRD_PRTY_PRRTY_CLMS="0.00"/>
	</message:DataSet>
	<message:DataSet data:structureRef="BBK_ANCRDT_PRTCTN_RCVD_C" xsi:type="T2M:BBK_ANCRDT_PRTCTN_RCVD_C" data:dataScope="DataStructure" data:action="Replace">
		<Obs PRTCTN_ID="DE0001" TYP_PRTCTN="12" PRTCTN_VL="1002000.00" TYP_PRTCTN_VL="1" PRTCTN_VLTN_APPRCH="3" RL_ESTT_CLLTRL_LCTN="DE213" DT_PRTCTN_VL="2015-12-31" DT_MTRTY_PRTCTN="2025-06-01" ORGNL_PRTCTN_VL="1003000.00" DT_ORGNL_PRTCTN_VL="2014-12-01"/>
	</message:DataSet>
	<message:DataSet data:structureRef="BBK_ANCRDT_PRTCTN_PRVDR_C" xsi:type="T2M:BBK_ANCRDT_PRTCTN_PRVDR_C" data:dataScope="DataStructure" data:action="Replace">
		<Obs PRTCTN_ID="DE0001" PRTCTN_PRVDR_CD="100" PRTCTN_PRVDR_CD_TYP="1"/>
	</message:DataSet>
</message:StructureSpecificData>
