<?xml version="1.0" encoding="UTF-8" standalone="yes"?>
<!-- Provided by Deutsche Bundesbank 2020 - www.bundesbank.de/anacredit -->
<message:StructureSpecificData xmlns:message="http://www.sdmx.org/resources/sdmxml/schemas/v2_1/message" xmlns:data="http://www.sdmx.org/resources/sdmxml/schemas/v2_1/data/structurespecific" xmlns:common="http://www.sdmx.org/resources/sdmxml/schemas/v2_1/common" xmlns:xsi="http://www.w3.org/2001/XMLSchema-instance" xsi:schemaLocation="http://www.sdmx.org/resources/sdmxml/schemas/v2_1/message SDMXMessage.xsd http://www.bundesbank.de/statistik/anacredit/cnfrmtn/v2 BBK_ANCRDT_CNFRMTN_V2.2-SDMX.xsd" xmlns:CNFRMTN="http://www.bundesbank.de/statistik/anacredit/cnfrmtn/v2">
	<message:Header xsi:type="message:StructureSpecificDataHeaderType">
		<message:ID>10001T1M</message:ID>
		<!-- Message-ID darf nur einmal verwendet werden. -->
		<message:Test>false</message:Test>
		<!-- Auf Produktionsumgebung: false; auf Testumgebung: true -->
		<message:Prepared>2016-08-09T16:21:49+01:00</message:Prepared>
		<message:Sender id="50400000"/>
		<message:Structure structureID="BBK_ANCRDT_CNFRMTN_HDR_C" namespace="BBK_ANCRDT_CNFRMTN_HDR_C" dimensionAtObservation="AllDimensions">
			<common:Structure>
				<Ref agencyID="BBK" id="BBK_ANCRDT_CNFRMTN_HDR_C"/>
			</common:Structure>
		</message:Structure>
		<message:Structure structureID="BBK_ANCRDT_CNFRMTN_C" dimensionAtObservation="AllDimensions" namespace="BBK_ANCRDT_CNFRMTN_C">
			<common:Structure>
				<Ref agencyID="BBK" id="BBK_ANCRDT_CNFRMTN_C"/>
			</common:Structure>
		</message:Structure>
	</message:Header>
	<message:DataSet data:structureRef="BBK_ANCRDT_CNFRMTN_HDR_C" xsi:type="CNFRMTN:BBK_ANCRDT_CNFRMTN_HDR_C" data:dataScope="DataStructure">
		<Obs RPRTNG_AGNT_CD="50400000" OBSRVD_AGNT_CD="50400000" DT_RFRNC="201806" APPLCTN="AC" SRVY_ID="CNFRMTN" />
	</message:DataSet>
	
	<!-- BEISPIEL MELDUNG. ZUR ILLUSTRATION DER DATEISTRUKTUR. KEINE INHALTLICHEN AUSSAGEN -->
	<message:DataSet data:structureRef="BBK_ANCRDT_CNFRMTN_C" xsi:type="CNFRMTN:BBK_ANCRDT_CNFRMTN_C" data:dataScope="DataStructure" data:action="Replace">
		<Obs CNTRCT_ID="A910" INSTRMNT_ID="BE02"   CNFRMTN_TYP="VL_CNFRMD" ATTRBT_VL="0.085000" VLDTN_ID="GCMA_TH_H_ANNLSD_AGRD_RT"/>
	</message:DataSet>
</message:StructureSpecificData>
