<?xml version="1.0" encoding="UTF-8" standalone="yes"?>
<!-- Provided by Deutsche Bundesbank 2020 - www.bundesbank.de/anacredit -->
<message:StructureSpecificData xmlns:message="http://www.sdmx.org/resources/sdmxml/schemas/v2_1/message" xmlns:data="http://www.sdmx.org/resources/sdmxml/schemas/v2_1/data/structurespecific" xmlns:common="http://www.sdmx.org/resources/sdmxml/schemas/v2_1/common" xmlns:xsi="http://www.w3.org/2001/XMLSchema-instance" xsi:schemaLocation="http://www.sdmx.org/resources/sdmxml/schemas/v2_1/message SDMXMessage.xsd http://www.bundesbank.de/statistik/riad/v2 BBK_RIAD_V2.2-SDMX.xsd " xmlns:riad="http://www.bundesbank.de/statistik/riad/v2">
	<message:Header xsi:type="message:StructureSpecificDataHeaderType">
		<message:ID>10001</message:ID>
		<message:Test>false</message:Test> <!-- Auf Produktionsumgebung: false; auf Testumgebung: true -->
		<message:Prepared>2016-08-09T16:21:49+01:00</message:Prepared>
		<message:Sender id="50400000"/>
		<message:Structure structureID="BBK_RIAD_HDR_C" namespace="BBK_RIAD_HDR_C" dimensionAtObservation="AllDimensions">
			<common:Structure>
				<Ref agencyID="BBK" id="BBK_RIAD_HDR_C"/>
			</common:Structure>
		</message:Structure>
		<message:Structure structureID="BBK_ANCRDT_ENTTY_RFRNC_C" dimensionAtObservation="AllDimensions" namespace="BBK_ANCRDT_ENTTY_RFRNC_C">
			<common:Structure>
				<Ref agencyID="BBK" id="BBK_ANCRDT_ENTTY_RFRNC_C"/>
			</common:Structure>
		</message:Structure>
	</message:Header>
	<message:DataSet data:structureRef="BBK_RIAD_HDR_C" xsi:type="riad:BBK_RIAD_HDR_C" data:dataScope="DataStructure">
		<Obs RPRTNG_AGNT_CD="50400000" DT_RFRNC="201512" APPLCTN="RIAD" SRVY_ID="AC_RE" PRT_MSSG="1" IS_LST_PRT_MSSG="true"/>
	</message:DataSet>
	<!-- BEISPIEL MELDUNG. ZUR ILLUSTRATION DER DATEISTRUKTUR. KEINE INHALTLICHEN AUSSAGEN -->
	<message:DataSet data:structureRef="BBK_ANCRDT_ENTTY_RFRNC_C" xsi:type="riad:BBK_ANCRDT_ENTTY_RFRNC_C" data:dataScope="DataStructure" data:action="Replace">
		<Obs CP_ID="50400000" TYP_CP_ID="3" LEI="11111111111111111111" DE_HRA_CD="HRA100484-K1101" ULTMT_PRNT_UNDRTKNG_ID="BLZ10" TYP_ULTMT_PRNT_UNDRTKNG_ID="3" NM_ENTTY="Deutsche Großbank AG" STRT="hgdfshdf" CTY="Frankfurt" TRRTRL_UNT="DE712" PSTL_CD="60325" CNTRY="DE" LGL_FRM="DE201" INSTTTNL_SCTR="S122_A" KUSY="64B" LGL_PRCDNG_STTS="1" ENTRPRS_SZ="1" ENTRPRS_SZ_DT="2015-06-29" NMBR_EMPLYS="98138" BLNC_SHT_TTL_CRRNCY="5502514" ANNL_TRNVR_CRRNCY="16507542" ACCNTNG_FRMWRK_SL="3"/>
		<Obs CP_ID="302" TYP_CP_ID="1" DE_HRA_CD="HRA111111-K1101" ULTMT_PRNT_UNDRTKNG_ID="302" TYP_ULTMT_PRNT_UNDRTKNG_ID="1" NM_ENTTY="Hundehüttenbau Snoopy GmbH" STRT="hgdfshdf" CTY="Kleve" TRRTRL_UNT="DEA1B" PSTL_CD="11111" CNTRY="DE" LGL_FRM="DE206" INSTTTNL_SCTR="S11" KUSY="410" LGL_PRCDNG_STTS="1" ENTRPRS_SZ="3" ENTRPRS_SZ_DT="2015-09-30" NMBR_EMPLYS="40" BLNC_SHT_TTL_CRRNCY="500000" ANNL_TRNVR_CRRNCY="3000000" ACCNTNG_FRMWRK_SL="3"/>
		<Obs CP_ID="31" TYP_CP_ID="1" DE_HRA_CD="HRA222222-K1101" ULTMT_PRNT_UNDRTKNG_ID="31" TYP_ULTMT_PRNT_UNDRTKNG_ID="1" NM_ENTTY="Mittelgroße Bank AG" STRT="hgdfshdf" CTY="Frankfurt" TRRTRL_UNT="DE712" PSTL_CD="60325" CNTRY="DE" LGL_FRM="DE201" INSTTTNL_SCTR="S122_A" KUSY="64B" LGL_PRCDNG_STTS="1" ENTRPRS_SZ="1" ENTRPRS_SZ_DT="2015-07-29" NMBR_EMPLYS="68696" BLNC_SHT_TTL_CRRNCY="3851759" ANNL_TRNVR_CRRNCY="11555270" ACCNTNG_FRMWRK_SL="3"/>
		<Obs CP_ID="100" TYP_CP_ID="1" DE_HRA_CD="HRA123456-F1103" ULTMT_PRNT_UNDRTKNG_ID="100" TYP_ULTMT_PRNT_UNDRTKNG_ID="1" NM_ENTTY="Zentralregierung" STRT="hgdjufes" CTY="Berlin" TRRTRL_UNT="DE300" PSTL_CD="10585" CNTRY="DE" LGL_FRM="DE501" INSTTTNL_SCTR="S1311" KUSY="84A" LGL_PRCDNG_STTS="1" ACCNTNG_FRMWRK_SL="3"/>
		<Obs CP_ID="306" TYP_CP_ID="1" DE_HRA_CD="HRA123123-D2601" ULTMT_PRNT_UNDRTKNG_ID="306" TYP_ULTMT_PRNT_UNDRTKNG_ID="1" NM_ENTTY="Krüger Bau GmbH" STRT="ggfjztasd" CTY="München" TRRTRL_UNT="DE212" PSTL_CD="80331" CNTRY="DE" LGL_FRM="DE206" INSTTTNL_SCTR="S11" KUSY="410" LGL_PRCDNG_STTS="1" ENTRPRS_SZ="1" ENTRPRS_SZ_DT="2015-10-31" NMBR_EMPLYS="2270" BLNC_SHT_TTL_CRRNCY="75000000" ANNL_TRNVR_CRRNCY="250000000" ACCNTNG_FRMWRK_SL="3"/>
		<Obs CP_ID="307" TYP_CP_ID="1" DE_HRA_CD="HRA124124-M1201" ULTMT_PRNT_UNDRTKNG_ID="307" TYP_ULTMT_PRNT_UNDRTKNG_ID="1" NM_ENTTY="Großbau GmbH" STRT="fgdfsggf" CTY="Frankfurt" TRRTRL_UNT="DE712" PSTL_CD="60325" CNTRY="DE" LGL_FRM="DE206" INSTTTNL_SCTR="S11" KUSY="430" LGL_PRCDNG_STTS="1" ENTRPRS_SZ="1" ENTRPRS_SZ_DT="2015-10-31" NMBR_EMPLYS="756" BLNC_SHT_TTL_CRRNCY="57000000" ANNL_TRNVR_CRRNCY="112000000" ACCNTNG_FRMWRK_SL="3"/>
	</message:DataSet>
</message:StructureSpecificData>
