<?xml version="1.0" encoding="UTF-8"?>
<!-- Generated by Fujitsu Interstage XWand B0255T -->
<?officialURI http://archprod.service.eogs.dk/taxonomy/20221001/arr/arr-lab-fr.xml?>

<?taxonomy-version 1.7.0?>

<link:linkbase xmlns:xsi="http://www.w3.org/2001/XMLSchema-instance" xsi:schemaLocation="http://www.xbrl.org/2003/linkbase http://www.xbrl.org/2003/xbrl-linkbase-2003-12-31.xsd" xmlns:arr="http://xbrl.dcca.dk/arr" xmlns:link="http://www.xbrl.org/2003/linkbase" xmlns:gen="http://xbrl.org/2008/generic" xmlns:tch="http://xbrl.dcca.dk/tch" xmlns:ref="http://www.xbrl.org/2006/ref" xmlns:num="http://www.xbrl.org/dtr/type/numeric" xmlns:nonnum="http://www.xbrl.org/dtr/type/non-numeric" xmlns:xbrldt="http://xbrl.org/2005/xbrldt" xmlns:label="http://xbrl.org/2008/label" xmlns:xl="http://www.xbrl.org/2003/XLink" xmlns:cmn="http://xbrl.dcca.dk/cmn" xmlns:xbrli="http://www.xbrl.org/2003/instance" xmlns:xsd="http://www.w3.org/2001/XMLSchema" xmlns:xlink="http://www.w3.org/1999/xlink">
  <link:labelLink xlink:type="extended" xlink:role="http://www.xbrl.org/2003/role/link">
    <link:loc xlink:type="locator" xlink:href="arr.xsd#arr_AddresseeOfAuditorsReportOnAuditedFinancialStatements" xlink:label="AddresseeOfAuditorsReportOnAuditedFinancialStatements"/>
    <link:label xlink:type="resource" xlink:label="label_AddresseeOfAuditorsReportOnAuditedFinancialStatements" xlink:role="http://www.xbrl.org/2003/role/label" xml:lang="fr" id="label_AddresseeOfAuditorsReportOnAuditedFinancialStatements">Destinataire du rapport de l'auditeur sur les états financiers audités </link:label>
    <link:labelArc xlink:type="arc" xlink:arcrole="http://www.xbrl.org/2003/arcrole/concept-label" xlink:from="AddresseeOfAuditorsReportOnAuditedFinancialStatements" xlink:to="label_AddresseeOfAuditorsReportOnAuditedFinancialStatements" order="10.0"/>
    <link:loc xlink:type="locator" xlink:href="arr.xsd#arr_AddresseeOfAuditorsReportOnReviewOfFinancialStatements" xlink:label="AddresseeOfAuditorsReportOnReviewOfFinancialStatements"/>
    <link:label xlink:type="resource" xlink:label="label_AddresseeOfAuditorsReportOnReviewOfFinancialStatements" xlink:role="http://www.xbrl.org/2003/role/label" xml:lang="fr" id="label_AddresseeOfAuditorsReportOnReviewOfFinancialStatements">Destinataire du rapport de l'auditeur sur les états financiers examinés</link:label>
    <link:labelArc xlink:type="arc" xlink:arcrole="http://www.xbrl.org/2003/arcrole/concept-label" xlink:from="AddresseeOfAuditorsReportOnReviewOfFinancialStatements" xlink:to="label_AddresseeOfAuditorsReportOnReviewOfFinancialStatements" order="10.0"/>
    <link:loc xlink:type="locator" xlink:href="arr.xsd#arr_AuditorsReportOnAuditedFinancialStatements" xlink:label="AuditorsReportOnAuditedFinancialStatements"/>
    <link:label xlink:type="resource" xlink:label="label_AuditorsReportOnAuditedFinancialStatements" xlink:role="http://www.xbrl.org/2003/role/label" xml:lang="fr" id="label_AuditorsReportOnAuditedFinancialStatements">Rapport de l'auditeur sur les états financiers audités</link:label>
    <link:labelArc xlink:type="arc" xlink:arcrole="http://www.xbrl.org/2003/arcrole/concept-label" xlink:from="AuditorsReportOnAuditedFinancialStatements" xlink:to="label_AuditorsReportOnAuditedFinancialStatements" order="10.0"/>
    <link:loc xlink:type="locator" xlink:href="arr.xsd#arr_AuditorsReportOnReviewOfFinancialStatements" xlink:label="AuditorsReportOnReviewOfFinancialStatements"/>
    <link:label xlink:type="resource" xlink:label="label_AuditorsReportOnReviewOfFinancialStatements" xlink:role="http://www.xbrl.org/2003/role/label" xml:lang="fr" id="label_AuditorsReportOnReviewOfFinancialStatements">Rapport de l'auditeur sur les états financiers examinés </link:label>
    <link:labelArc xlink:type="arc" xlink:arcrole="http://www.xbrl.org/2003/arcrole/concept-label" xlink:from="AuditorsReportOnReviewOfFinancialStatements" xlink:to="label_AuditorsReportOnReviewOfFinancialStatements" order="10.0"/>
    <link:loc xlink:type="locator" xlink:href="arr.xsd#arr_AuditorsReportsAbstract" xlink:label="AuditorsReportsAbstract"/>
    <link:label xlink:type="resource" xlink:label="label_AuditorsReportsAbstract" xlink:role="http://www.xbrl.org/2003/role/label" xml:lang="fr" id="label_AuditorsReportsAbstract">Rapports de l'auditeur </link:label>
    <link:labelArc xlink:type="arc" xlink:arcrole="http://www.xbrl.org/2003/arcrole/concept-label" xlink:from="AuditorsReportsAbstract" xlink:to="label_AuditorsReportsAbstract" order="10.0"/>
    <link:loc xlink:type="locator" xlink:href="arr.xsd#arr_DescriptionOfQualificationsOfAssuranceEngagementPerformed" xlink:label="DescriptionOfQualificationsOfAssuranceEngagementPerformed"/>
    <link:label xlink:type="resource" xlink:label="label_DescriptionOfQualificationsOfAssuranceEngagementPerformed" xlink:role="http://www.xbrl.org/2003/role/label" xml:lang="fr" id="label_DescriptionOfQualificationsOfAssuranceEngagementPerformed">Description des réserves sur l'autre mission d'assurance réalisée </link:label>
    <link:labelArc xlink:type="arc" xlink:arcrole="http://www.xbrl.org/2003/arcrole/concept-label" xlink:from="DescriptionOfQualificationsOfAssuranceEngagementPerformed" xlink:to="label_DescriptionOfQualificationsOfAssuranceEngagementPerformed" order="10.0"/>
    <link:loc xlink:type="locator" xlink:href="arr.xsd#arr_DescriptionOfQualificationsOfAuditedFinancialStatements" xlink:label="DescriptionOfQualificationsOfAuditedFinancialStatements"/>
    <link:label xlink:type="resource" xlink:label="label_DescriptionOfQualificationsOfAuditedFinancialStatements" xlink:role="http://www.xbrl.org/2003/role/label" xml:lang="fr" id="label_DescriptionOfQualificationsOfAuditedFinancialStatements">Description des réserves sur les états financiers audités </link:label>
    <link:labelArc xlink:type="arc" xlink:arcrole="http://www.xbrl.org/2003/arcrole/concept-label" xlink:from="DescriptionOfQualificationsOfAuditedFinancialStatements" xlink:to="label_DescriptionOfQualificationsOfAuditedFinancialStatements" order="10.0"/>
    <link:loc xlink:type="locator" xlink:href="arr.xsd#arr_DescriptionsOfQualificationsOfReviewedFinancialStatements" xlink:label="DescriptionsOfQualificationsOfReviewedFinancialStatements"/>
    <link:label xlink:type="resource" xlink:label="label_DescriptionsOfQualificationsOfReviewedFinancialStatements" xlink:role="http://www.xbrl.org/2003/role/label" xml:lang="fr" id="label_DescriptionsOfQualificationsOfReviewedFinancialStatements">Description des réserves sur les états financiers examinés </link:label>
    <link:labelArc xlink:type="arc" xlink:arcrole="http://www.xbrl.org/2003/arcrole/concept-label" xlink:from="DescriptionsOfQualificationsOfReviewedFinancialStatements" xlink:to="label_DescriptionsOfQualificationsOfReviewedFinancialStatements" order="10.0"/>
    <link:loc xlink:type="locator" xlink:href="arr.xsd#arr_DetailsOnSignatureOfAuditorsAppointedToPerformAssuranceEngagementHypercube" xlink:label="DetailsOnSignatureOfAuditorsAppointedToPerformAssuranceEngagementHypercube"/>
    <link:label xlink:type="resource" xlink:label="label_DetailsOnSignatureOfAuditorsAppointedToPerformAssuranceEngagementHypercube" xlink:role="http://www.xbrl.org/2003/role/label" xml:lang="fr" id="label_DetailsOnSignatureOfAuditorsAppointedToPerformAssuranceEngagementHypercube">Détails sur la signature de l'auditeur désigné pour réaliser une autre mission d'assurance</link:label>
    <link:labelArc xlink:type="arc" xlink:arcrole="http://www.xbrl.org/2003/arcrole/concept-label" xlink:from="DetailsOnSignatureOfAuditorsAppointedToPerformAssuranceEngagementHypercube" xlink:to="label_DetailsOnSignatureOfAuditorsAppointedToPerformAssuranceEngagementHypercube" order="10.0"/>
    <link:loc xlink:type="locator" xlink:href="arr.xsd#arr_DetailsOnSignatureOfAuditorsAppointedToPerformAuditHypercube" xlink:label="DetailsOnSignatureOfAuditorsAppointedToPerformAuditHypercube"/>
    <link:label xlink:type="resource" xlink:label="label_DetailsOnSignatureOfAuditorsAppointedToPerformAuditHypercube" xlink:role="http://www.xbrl.org/2003/role/label" xml:lang="fr" id="label_DetailsOnSignatureOfAuditorsAppointedToPerformAuditHypercube">Détails sur la signature de l'auditeur désigné pour réaliser l'audit</link:label>
    <link:labelArc xlink:type="arc" xlink:arcrole="http://www.xbrl.org/2003/arcrole/concept-label" xlink:from="DetailsOnSignatureOfAuditorsAppointedToPerformAuditHypercube" xlink:to="label_DetailsOnSignatureOfAuditorsAppointedToPerformAuditHypercube" order="10.0"/>
    <link:loc xlink:type="locator" xlink:href="arr.xsd#arr_DetailsOnSignatureOfAuditorsAppointedToPerformReviewHypercube" xlink:label="DetailsOnSignatureOfAuditorsAppointedToPerformReviewHypercube"/>
    <link:label xlink:type="resource" xlink:label="label_DetailsOnSignatureOfAuditorsAppointedToPerformReviewHypercube" xlink:role="http://www.xbrl.org/2003/role/label" xml:lang="fr" id="label_DetailsOnSignatureOfAuditorsAppointedToPerformReviewHypercube">Détails sur la signature de l'auditeur désigné pour réaliser l'examen limité</link:label>
    <link:labelArc xlink:type="arc" xlink:arcrole="http://www.xbrl.org/2003/arcrole/concept-label" xlink:from="DetailsOnSignatureOfAuditorsAppointedToPerformReviewHypercube" xlink:to="label_DetailsOnSignatureOfAuditorsAppointedToPerformReviewHypercube" order="10.0"/>
    <link:loc xlink:type="locator" xlink:href="arr.xsd#arr_IdentificationOfAuditedFinancialStatements" xlink:label="IdentificationOfAuditedFinancialStatements"/>
    <link:label xlink:type="resource" xlink:label="label_IdentificationOfAuditedFinancialStatements" xlink:role="http://www.xbrl.org/2003/role/label" xml:lang="fr" id="label_IdentificationOfAuditedFinancialStatements">Identification des états financiers audités et description du référentiel comptable appliqué lors de la préparation des états financiers (Audit) </link:label>
    <link:labelArc xlink:type="arc" xlink:arcrole="http://www.xbrl.org/2003/arcrole/concept-label" xlink:from="IdentificationOfAuditedFinancialStatements" xlink:to="label_IdentificationOfAuditedFinancialStatements" order="10.0"/>
    <link:loc xlink:type="locator" xlink:href="arr.xsd#arr_IdentificationOfReviewedFinancialStatement" xlink:label="IdentificationOfReviewedFinancialStatement"/>
    <link:label xlink:type="resource" xlink:label="label_IdentificationOfReviewedFinancialStatement" xlink:role="http://www.xbrl.org/2003/role/label" xml:lang="fr" id="label_IdentificationOfReviewedFinancialStatement">Identification des états financiers examinés </link:label>
    <link:labelArc xlink:type="arc" xlink:arcrole="http://www.xbrl.org/2003/arcrole/concept-label" xlink:from="IdentificationOfReviewedFinancialStatement" xlink:to="label_IdentificationOfReviewedFinancialStatement" order="10.0"/>
    <link:loc xlink:type="locator" xlink:href="arr.xsd#arr_OpinionOnAuditedFinancialStatements" xlink:label="OpinionOnAuditedFinancialStatements"/>
    <link:label xlink:type="resource" xlink:label="label_OpinionOnAuditedFinancialStatements" xlink:role="http://www.xbrl.org/2003/role/label" xml:lang="fr" id="label_OpinionOnAuditedFinancialStatements">Opinion sur les états financiers audités </link:label>
    <link:labelArc xlink:type="arc" xlink:arcrole="http://www.xbrl.org/2003/arcrole/concept-label" xlink:from="OpinionOnAuditedFinancialStatements" xlink:to="label_OpinionOnAuditedFinancialStatements" order="10.0"/>
    <link:loc xlink:type="locator" xlink:href="arr.xsd#arr_OpinionOnReviewedFinancialStatements" xlink:label="OpinionOnReviewedFinancialStatements"/>
    <link:label xlink:type="resource" xlink:label="label_OpinionOnReviewedFinancialStatements" xlink:role="http://www.xbrl.org/2003/role/label" xml:lang="fr" id="label_OpinionOnReviewedFinancialStatements">Opinion sur les états financiers examinés</link:label>
    <link:labelArc xlink:type="arc" xlink:arcrole="http://www.xbrl.org/2003/arcrole/concept-label" xlink:from="OpinionOnReviewedFinancialStatements" xlink:to="label_OpinionOnReviewedFinancialStatements" order="10.0"/>
    <link:loc xlink:type="locator" xlink:href="arr.xsd#arr_OpinionOnSubjectMatterOfAssuranceReport" xlink:label="OpinionOnSubjectMatterOfAssuranceReport"/>
    <link:label xlink:type="resource" xlink:label="label_OpinionOnSubjectMatterOfAssuranceReport" xlink:role="http://www.xbrl.org/2003/role/label" xml:lang="fr" id="label_OpinionOnSubjectMatterOfAssuranceReport">Opinion sur le sujet considéré par l'autre rapport d'assurance</link:label>
    <link:labelArc xlink:type="arc" xlink:arcrole="http://www.xbrl.org/2003/arcrole/concept-label" xlink:from="OpinionOnSubjectMatterOfAssuranceReport" xlink:to="label_OpinionOnSubjectMatterOfAssuranceReport" order="10.0"/>
    <link:loc xlink:type="locator" xlink:href="arr.xsd#arr_OtherAssuranceReports" xlink:label="OtherAssuranceReports"/>
    <link:label xlink:type="resource" xlink:label="label_OtherAssuranceReports" xlink:role="http://www.xbrl.org/2003/role/label" xml:lang="fr" id="label_OtherAssuranceReports">Autres rapports d'assurance</link:label>
    <link:labelArc xlink:type="arc" xlink:arcrole="http://www.xbrl.org/2003/arcrole/concept-label" xlink:from="OtherAssuranceReports" xlink:to="label_OtherAssuranceReports" order="10.0"/>
    <link:loc xlink:type="locator" xlink:href="arr.xsd#arr_StatementOfAuditorsResponsibilityOtherAssuranceReports" xlink:label="StatementOfAuditorsResponsibilityForAssuranceEngagementAndAssuranceEngagementPerformed"/>
    <link:label xlink:type="resource" xlink:label="label_StatementOfAuditorsResponsibilityForAssuranceEngagementAndAssuranceEngagementPerformed" xlink:role="http://www.xbrl.org/2003/role/label" xml:lang="fr" id="label_StatementOfAuditorsResponsibilityForAssuranceEngagementAndAssuranceEngagementPerformed">Déclaration de responsabilité de l'auditeur (autres rapports d'assurance)</link:label>
    <link:labelArc xlink:type="arc" xlink:arcrole="http://www.xbrl.org/2003/arcrole/concept-label" xlink:from="StatementOfAuditorsResponsibilityForAssuranceEngagementAndAssuranceEngagementPerformed" xlink:to="label_StatementOfAuditorsResponsibilityForAssuranceEngagementAndAssuranceEngagementPerformed" order="10.0"/>
    <link:loc xlink:type="locator" xlink:href="arr.xsd#arr_StatementOfAuditorsResponsibilityForAuditAndAuditPerformed" xlink:label="StatementOfAuditorsResponsibilityForAuditAndAuditPerformed"/>
    <link:label xlink:type="resource" xlink:label="label_StatementOfAuditorsResponsibilityForAuditAndAuditPerformed" xlink:role="http://www.xbrl.org/2003/role/label" xml:lang="fr" id="label_StatementOfAuditorsResponsibilityForAuditAndAuditPerformed">Déclaration de responsabilité de l'auditeur (audit)</link:label>
    <link:labelArc xlink:type="arc" xlink:arcrole="http://www.xbrl.org/2003/arcrole/concept-label" xlink:from="StatementOfAuditorsResponsibilityForAuditAndAuditPerformed" xlink:to="label_StatementOfAuditorsResponsibilityForAuditAndAuditPerformed" order="10.0"/>
    <link:loc xlink:type="locator" xlink:href="arr.xsd#arr_StatementOfAuditorsResponsibilityForReview" xlink:label="StatementOfAuditorsResponsibilityForReview"/>
    <link:label xlink:type="resource" xlink:label="label_StatementOfAuditorsResponsibilityForReview" xlink:role="http://www.xbrl.org/2003/role/label" xml:lang="fr" id="label_StatementOfAuditorsResponsibilityForReview">Déclaration de responsabilité de l'auditeur (examen limité)</link:label>
    <link:labelArc xlink:type="arc" xlink:arcrole="http://www.xbrl.org/2003/arcrole/concept-label" xlink:from="StatementOfAuditorsResponsibilityForReview" xlink:to="label_StatementOfAuditorsResponsibilityForReview" order="10.0"/>
    <link:loc xlink:type="locator" xlink:href="arr.xsd#arr_StatementOnManagementsReviewAuditorsReportOnAuditedFinancialStatements" xlink:label="StatementOnManagementsReviewAuditorsReportOnAuditedFinancialStatements"/>
    <link:label xlink:type="resource" xlink:label="label_StatementOnManagementsReviewAuditorsReportOnAuditedFinancialStatements" xlink:role="http://www.xbrl.org/2003/role/label" xml:lang="fr" id="label_StatementOnManagementsReviewAuditorsReportOnAuditedFinancialStatements">Déclaration sur le rapport de gestion [Rapport de l'auditeur sur les états financiers audités]</link:label>
    <link:labelArc xlink:type="arc" xlink:arcrole="http://www.xbrl.org/2003/arcrole/concept-label" xlink:from="StatementOnManagementsReviewAuditorsReportOnAuditedFinancialStatements" xlink:to="label_StatementOnManagementsReviewAuditorsReportOnAuditedFinancialStatements" order="10.0"/>
    <link:loc xlink:type="locator" xlink:href="arr.xsd#arr_StatementOnReviewPerformed" xlink:label="StatementOnReviewPerformed"/>
    <link:label xlink:type="resource" xlink:label="label_StatementOnReviewPerformed" xlink:role="http://www.xbrl.org/2003/role/label" xml:lang="fr" id="label_StatementOnReviewPerformed">Déclaration sur l'étendue des travaux d'examen limité </link:label>
    <link:labelArc xlink:type="arc" xlink:arcrole="http://www.xbrl.org/2003/arcrole/concept-label" xlink:from="StatementOnReviewPerformed" xlink:to="label_StatementOnReviewPerformed" order="10.0"/>
    <link:loc xlink:type="locator" xlink:href="arr.xsd#arr_StatementWhetherQualificationsOfAuditedFinancialStatementsAreOfSuchDecisiveImportanceThatAnnualGeneralMeetingShouldNotApproveFinancialStatements" xlink:label="StatementWhetherQualificationsOfAuditedFinancialStatementsAreOfSuchDecisiveImportanceThatAnnualGeneralMeetingShouldNotApproveFinancialStatements"/>
    <link:label xlink:type="resource" xlink:label="label_StatementWhetherQualificationsOfAuditedFinancialStatementsAreOfSuchDecisiveImportanceThatAnnualGeneralMeetingShouldNotApproveFinancialStatements" xlink:role="http://www.xbrl.org/2003/role/label" xml:lang="fr" id="label_StatementWhetherQualificationsOfAuditedFinancialStatementsAreOfSuchDecisiveImportanceThatAnnualGeneralMeetingShouldNotApproveFinancialStatements">Déclaration concernant le fait que les réserves aux états financiers audités revêtent une importance telle que l'assemblée générale ne doit pas approuver les états financiers (Audit)</link:label>
    <link:labelArc xlink:type="arc" xlink:arcrole="http://www.xbrl.org/2003/arcrole/concept-label" xlink:from="StatementWhetherQualificationsOfAuditedFinancialStatementsAreOfSuchDecisiveImportanceThatAnnualGeneralMeetingShouldNotApproveFinancialStatements" xlink:to="label_StatementWhetherQualificationsOfAuditedFinancialStatementsAreOfSuchDecisiveImportanceThatAnnualGeneralMeetingShouldNotApproveFinancialStatements" order="10.0"/>
    <link:loc xlink:type="locator" xlink:href="arr.xsd#arr_SupplementaryInformationOnAssurance" xlink:label="SupplementaryInformationOnAssurance"/>
    <link:label xlink:type="resource" xlink:label="label_SupplementaryInformationOnAssurance" xlink:role="http://www.xbrl.org/2003/role/label" xml:lang="fr" id="label_SupplementaryInformationOnAssurance">Paragraphe d'observation</link:label>
    <link:labelArc xlink:type="arc" xlink:arcrole="http://www.xbrl.org/2003/arcrole/concept-label" xlink:from="SupplementaryInformationOnAssurance" xlink:to="label_SupplementaryInformationOnAssurance" order="10.0"/>
    <link:loc xlink:type="locator" xlink:href="arr.xsd#arr_SupplementaryInformationOnAuditorsReview" xlink:label="SupplementaryInformationOnAuditorsReview"/>
    <link:label xlink:type="resource" xlink:label="label_SupplementaryInformationOnAuditorsReview" xlink:role="http://www.xbrl.org/2003/role/label" xml:lang="fr" id="label_SupplementaryInformationOnAuditorsReview">Paragraphe d'observation (Examen limité)</link:label>
    <link:labelArc xlink:type="arc" xlink:arcrole="http://www.xbrl.org/2003/arcrole/concept-label" xlink:from="SupplementaryInformationOnAuditorsReview" xlink:to="label_SupplementaryInformationOnAuditorsReview" order="10.0"/>
    <link:loc xlink:type="locator" xlink:href="arr.xsd#arr_SupplementaryInformationOnMattersPertainingToAuditedFinancialStatement" xlink:label="SupplementaryInformationOnMattersPertainingToAuditedFinancialStatement"/>
    <link:label xlink:type="resource" xlink:label="label_SupplementaryInformationOnMattersPertainingToAuditedFinancialStatement" xlink:role="http://www.xbrl.org/2003/role/label" xml:lang="fr" id="label_SupplementaryInformationOnMattersPertainingToAuditedFinancialStatement">Paragraphe d'observation remettant en cause les états financiers (Audit)</link:label>
    <link:labelArc xlink:type="arc" xlink:arcrole="http://www.xbrl.org/2003/arcrole/concept-label" xlink:from="SupplementaryInformationOnMattersPertainingToAuditedFinancialStatement" xlink:to="label_SupplementaryInformationOnMattersPertainingToAuditedFinancialStatement" order="10.0"/>
    <link:loc xlink:type="locator" xlink:href="arr.xsd#arr_SupplementaryInformationOnOtherMatters" xlink:label="SupplementaryInformationOnOtherMatters"/>
    <link:label xlink:type="resource" xlink:label="label_SupplementaryInformationOnOtherMatters" xlink:role="http://www.xbrl.org/2003/role/label" xml:lang="fr" id="label_SupplementaryInformationOnOtherMatters">Paragraphe d'observation descriptif d'autres questions (Audit)</link:label>
    <link:labelArc xlink:type="arc" xlink:arcrole="http://www.xbrl.org/2003/arcrole/concept-label" xlink:from="SupplementaryInformationOnOtherMatters" xlink:to="label_SupplementaryInformationOnOtherMatters" order="10.0"/>
    <link:loc xlink:type="locator" xlink:href="arr.xsd#arr_StatementOfExecutiveAndSupervisoryBoardsResponsibilityForFinancialStatements" xlink:label="StatementOfExecutiveAndSupervisoryBoardsResponsibilityForFinancialStatements"/>
    <link:label xlink:type="resource" xlink:label="label_StatementOfExecutiveAndSupervisoryBoardsResponsibilityForFinancialStatements" xlink:role="http://www.xbrl.org/2003/role/label" xml:lang="fr" id="label_StatementOfExecutiveAndSupervisoryBoardsResponsibilityForFinancialStatements">Déclaration de responsabilité du directoire et du conseil de surveillance pour les états financiers (Audit)</link:label>
    <link:labelArc xlink:type="arc" xlink:arcrole="http://www.xbrl.org/2003/arcrole/concept-label" xlink:from="StatementOfExecutiveAndSupervisoryBoardsResponsibilityForFinancialStatements" xlink:to="label_StatementOfExecutiveAndSupervisoryBoardsResponsibilityForFinancialStatements" order="10.0"/>
    <link:loc xlink:type="locator" xlink:href="arr.xsd#arr_StatementOnManagementsReviewAuditorsReportOnReviewOfFinancialStatements" xlink:label="StatementOnManagementsReviewAuditorsReportOnReviewOfFinancialStatements"/>
    <link:label xlink:type="resource" xlink:label="label_StatementOnManagementsReviewAuditorsReportOnReviewOfFinancialStatements" xlink:role="http://www.xbrl.org/2003/role/label" xml:lang="fr" id="label_StatementOnManagementsReviewAuditorsReportOnReviewOfFinancialStatements">Déclaration sur le rapport de gestion [Rapport de l'auditeur sur l'examen limité des états financiers]</link:label>
    <link:labelArc xlink:type="arc" xlink:arcrole="http://www.xbrl.org/2003/arcrole/concept-label" xlink:from="StatementOnManagementsReviewAuditorsReportOnReviewOfFinancialStatements" xlink:to="label_StatementOnManagementsReviewAuditorsReportOnReviewOfFinancialStatements" order="10.0"/>
    <link:loc xlink:type="locator" xlink:href="arr.xsd#arr_StatementOnManagementsResponsibilityAuditorsReportOnReviewOfFinancialStatements" xlink:label="StatementOnManagementsResponsibilityAuditorsReportOnReviewOfFinancialStatements"/>
    <link:label xlink:type="resource" xlink:label="label_StatementOnManagementsResponsibilityAuditorsReportOnReviewOfFinancialStatements" xlink:role="http://www.xbrl.org/2003/role/label" xml:lang="fr" id="label_StatementOnManagementsResponsibilityAuditorsReportOnReviewOfFinancialStatements">Déclaration de responsabilité de la direction [Rapport de l'auditeur sur l'examen limité des états financiers]</link:label>
    <link:labelArc xlink:type="arc" xlink:arcrole="http://www.xbrl.org/2003/arcrole/concept-label" xlink:from="StatementOnManagementsResponsibilityAuditorsReportOnReviewOfFinancialStatements" xlink:to="label_StatementOnManagementsResponsibilityAuditorsReportOnReviewOfFinancialStatements" order="10.0"/>
    <link:loc xlink:type="locator" xlink:href="arr.xsd#arr_StatementOnManagementsResponsibilityOtherAssuranceReports" xlink:label="StatementOnManagementsResponsibilityOtherAssuranceReports"/>
    <link:label xlink:type="resource" xlink:label="label_StatementOnManagementsResponsibilityOtherAssuranceReports" xlink:role="http://www.xbrl.org/2003/role/label" xml:lang="fr" id="label_StatementOnManagementsResponsibilityOtherAssuranceReports">Déclaration de responsabilité de la direction [Autres rapports d'assurance]</link:label>
    <link:labelArc xlink:type="arc" xlink:arcrole="http://www.xbrl.org/2003/arcrole/concept-label" xlink:from="StatementOnManagementsResponsibilityOtherAssuranceReports" xlink:to="label_StatementOnManagementsResponsibilityOtherAssuranceReports" order="10.0"/>
    <link:loc xlink:type="locator" xlink:href="arr.xsd#arr_OtherReports" xlink:label="OtherReports"/>
    <link:label xlink:type="resource" xlink:label="label_OtherReports" xlink:role="http://www.xbrl.org/2003/role/label" xml:lang="fr" id="label_OtherReports">Autres rapports ne concernant pas l'assurance</link:label>
    <link:labelArc xlink:type="arc" xlink:arcrole="http://www.xbrl.org/2003/arcrole/concept-label" xlink:from="OtherReports" xlink:to="label_OtherReports" order="10.0"/>
    <link:loc xlink:type="locator" xlink:href="arr.xsd#arr_DescriptionOfOtherEngagement" xlink:label="DescriptionOfOtherEngagement"/>
    <link:label xlink:type="resource" xlink:label="label_DescriptionOfOtherEngagement" xlink:role="http://www.xbrl.org/2003/role/label" xml:lang="fr" id="label_DescriptionOfOtherEngagement">Description des autres missions ne concernant pas l'assurance</link:label>
    <link:labelArc xlink:type="arc" xlink:arcrole="http://www.xbrl.org/2003/arcrole/concept-label" xlink:from="DescriptionOfOtherEngagement" xlink:to="label_DescriptionOfOtherEngagement" order="10.0"/>
    <link:loc xlink:type="locator" xlink:href="arr.xsd#arr_DetailsOnSignatureOfAuditorsAppointedToPerformOtherEngagementHypercube" xlink:label="DetailsOnSignatureOfAuditorsAppointedToPerformOtherEngagementHypercube"/>
    <link:label xlink:type="resource" xlink:label="label_DetailsOnSignatureOfAuditorsAppointedToPerformOtherEngagementHypercube" xlink:role="http://www.xbrl.org/2003/role/label" xml:lang="fr" id="label_DetailsOnSignatureOfAuditorsAppointedToPerformOtherEngagementHypercube">Détails sur la signature de l'auditeur désigné pour réaliser une mission ne concernant pas l'assurance </link:label>
    <link:labelArc xlink:type="arc" xlink:arcrole="http://www.xbrl.org/2003/arcrole/concept-label" xlink:from="DetailsOnSignatureOfAuditorsAppointedToPerformOtherEngagementHypercube" xlink:to="label_DetailsOnSignatureOfAuditorsAppointedToPerformOtherEngagementHypercube" order="10.0"/>
    <link:loc xlink:type="locator" xlink:href="arr.xsd#arr_SupplementaryInformationOnAudit" xlink:label="SupplementaryInformationOnAudit"/>
    <link:label xlink:type="resource" xlink:label="label_SupplementaryInformationOnAudit_2" xlink:role="http://www.xbrl.org/2003/role/label" xml:lang="fr" id="label_SupplementaryInformationOnAudit_2">Autres questions (Audit)</link:label>
    <link:labelArc xlink:type="arc" xlink:arcrole="http://www.xbrl.org/2003/arcrole/concept-label" xlink:from="SupplementaryInformationOnAudit" xlink:to="label_SupplementaryInformationOnAudit_2" order="10.0"/>
    <link:loc xlink:type="locator" xlink:href="arr.xsd#arr_IndependentAuditorsReportsAudit" xlink:label="newItem" xlink:title="newItem"/>
    <link:label xlink:type="resource" xlink:label="label_newItem_2" xlink:role="http://www.xbrl.org/2003/role/label" xlink:title="label_newItem" xml:lang="fr" id="label_newItem_2">Rapports de l'auditeur indépendant (Audit)</link:label>
    <link:labelArc xlink:type="arc" xlink:arcrole="http://www.xbrl.org/2003/arcrole/concept-label" xlink:from="newItem" xlink:to="label_newItem_2" xlink:title="label: newItem to label_newItem"/>
    <link:loc xlink:type="locator" xlink:href="arr.xsd#arr_AuditorsReportOnFinancialStatements" xlink:label="newItem_2" xlink:title="newItem"/>
    <link:label xlink:type="resource" xlink:label="label_newItem_4" xlink:role="http://www.xbrl.org/2003/role/label" xlink:title="label_newItem" xml:lang="fr" id="label_newItem_4">Rapport sur les états financiers (Audit)</link:label>
    <link:labelArc xlink:type="arc" xlink:arcrole="http://www.xbrl.org/2003/arcrole/concept-label" xlink:from="newItem_2" xlink:to="label_newItem_4" xlink:title="label: newItem to label_newItem"/>
    <link:loc xlink:type="locator" xlink:href="arr.xsd#arr_AuditorsReportsAccordingToOtherLegislationAndRegulation" xlink:label="newItem_3" xlink:title="newItem"/>
    <link:label xlink:type="resource" xlink:label="label_newItem_6" xlink:role="http://www.xbrl.org/2003/role/label" xlink:title="label_newItem" xml:lang="fr" id="label_newItem_6">Rapports sur d'autres obligations légales et réglementaires (Audit)</link:label>
    <link:labelArc xlink:type="arc" xlink:arcrole="http://www.xbrl.org/2003/arcrole/concept-label" xlink:from="newItem_3" xlink:to="label_newItem_6" xlink:title="label: newItem to label_newItem"/>
    <link:loc xlink:type="locator" xlink:href="arr.xsd#arr_OtherReportsAuditorsReport" xlink:label="newItem_4" xlink:title="newItem"/>
    <link:label xlink:type="resource" xlink:label="label_newItem_7" xlink:role="http://www.xbrl.org/2003/role/label" xlink:title="label_newItem" xml:lang="fr" id="label_newItem_7">Autres rapports (Rapports de l'auditeur)</link:label>
    <link:labelArc xlink:type="arc" xlink:arcrole="http://www.xbrl.org/2003/arcrole/concept-label" xlink:from="newItem_4" xlink:to="label_newItem_7" xlink:title="label: newItem to label_newItem"/>
    <link:loc xlink:type="locator" xlink:href="arr.xsd#arr_DetailsOnSignatureAuditorsHypercube" xlink:label="DetailsOnSignatureAuditorsHypercube" xlink:title="DetailsOnSignatureAuditorsHypercube"/>
    <link:label xlink:type="resource" xlink:label="label_DetailsOnSignatureAuditorsHypercube" xlink:role="http://www.xbrl.org/2003/role/label" xlink:title="label_DetailsOnSignatureAuditorsHypercube" xml:lang="fr" id="label_DetailsOnSignatureAuditorsHypercube">Détails sur la signature de l'auditeur</link:label>
    <link:labelArc xlink:type="arc" xlink:arcrole="http://www.xbrl.org/2003/arcrole/concept-label" xlink:from="DetailsOnSignatureAuditorsHypercube" xlink:to="label_DetailsOnSignatureAuditorsHypercube" xlink:title="label: DetailsOnSignatureAuditorsHypercube to label_DetailsOnSignatureAuditorsHypercube"/>
    <link:loc xlink:type="locator" xlink:href="arr.xsd#arr_DetailsOnSignatureAuditorsAbstract" xlink:label="newItem_5" xlink:title="newItem"/>
    <link:label xlink:type="resource" xlink:label="label_newItem_10" xlink:role="http://www.xbrl.org/2003/role/label" xlink:title="label_newItem" xml:lang="fr" id="label_newItem_10">Détails sur la signature de l'auditeur</link:label>
    <link:labelArc xlink:type="arc" xlink:arcrole="http://www.xbrl.org/2003/arcrole/concept-label" xlink:from="newItem_5" xlink:to="label_newItem_10" xlink:title="label: newItem to label_newItem"/>
    <link:loc xlink:type="locator" xlink:href="arr.xsd#arr_InformationOnSignatureOfAuditors" xlink:label="InformationOnSignatureOfAuditors" xlink:title="InformationOnSignatureOfAuditors"/>
    <link:label xlink:type="resource" xlink:label="label_InformationOnSignatureOfAuditors_2" xlink:role="http://www.xbrl.org/2003/role/label" xlink:title="label_InformationOnSignatureOfAuditors" xml:lang="fr" id="label_InformationOnSignatureOfAuditors_2">Informations sur la signature de l'auditeur</link:label>
    <link:labelArc xlink:type="arc" xlink:arcrole="http://www.xbrl.org/2003/arcrole/concept-label" xlink:from="InformationOnSignatureOfAuditors" xlink:to="label_InformationOnSignatureOfAuditors_2" xlink:title="label: InformationOnSignatureOfAuditors to label_InformationOnSignatureOfAuditors"/>
    <link:loc xlink:type="locator" xlink:href="arr.xsd#arr_IndependentAuditorsReportsReview" xlink:label="newItem_6" xlink:title="newItem"/>
    <link:label xlink:type="resource" xlink:label="label_newItem_12" xlink:role="http://www.xbrl.org/2003/role/label" xlink:title="label_newItem" xml:lang="fr" id="label_newItem_12">Rapports de l'auditeur indépendant (Examen limité) </link:label>
    <link:labelArc xlink:type="arc" xlink:arcrole="http://www.xbrl.org/2003/arcrole/concept-label" xlink:from="newItem_6" xlink:to="label_newItem_12" xlink:title="label: newItem to label_newItem"/>
    <link:loc xlink:type="locator" xlink:href="arr.xsd#arr_IndependentAuditorsReportsOtherAssuranceReports" xlink:label="newItem2" xlink:title="newItem2"/>
    <link:label xlink:type="resource" xlink:label="label_newItem2_2" xlink:role="http://www.xbrl.org/2003/role/label" xlink:title="label_newItem2" xml:lang="fr" id="label_newItem2_2">Rapports de l'auditeur indépendant (Autres rapports d'assurance)</link:label>
    <link:labelArc xlink:type="arc" xlink:arcrole="http://www.xbrl.org/2003/arcrole/concept-label" xlink:from="newItem2" xlink:to="label_newItem2_2" xlink:title="label: newItem2 to label_newItem2"/>
    <link:loc xlink:type="locator" xlink:href="arr.xsd#arr_AuditorsReportsOtherReports" xlink:label="newItem3" xlink:title="newItem3"/>
    <link:label xlink:type="resource" xlink:label="label_newItem3_2" xlink:role="http://www.xbrl.org/2003/role/label" xlink:title="label_newItem3" xml:lang="fr" id="label_newItem3_2">Rapports de l'auditeur (Autres rapports ne concernant pas l'assurance)</link:label>
    <link:labelArc xlink:type="arc" xlink:arcrole="http://www.xbrl.org/2003/arcrole/concept-label" xlink:from="newItem3" xlink:to="label_newItem3_2" xlink:title="label: newItem3 to label_newItem3"/>
    <link:loc xlink:type="locator" xlink:href="arr.xsd#arr_IdentificationOfMattersOnWhichAssuranceReportIsProvidedAndDescriptionOfAssuranceEngagement" xlink:label="newItem_7" xlink:title="newItem"/>
    <link:label xlink:type="resource" xlink:label="label_newItem_14" xlink:role="http://www.xbrl.org/2003/role/label" xlink:title="label_newItem" xml:lang="fr" id="label_newItem_14">Identification du sujet concerné par le rapport d'assurance et description de la mission d'assurance</link:label>
    <link:labelArc xlink:type="arc" xlink:arcrole="http://www.xbrl.org/2003/arcrole/concept-label" xlink:from="newItem_7" xlink:to="label_newItem_14" xlink:title="label: newItem to label_newItem"/>
    <link:loc xlink:type="locator" xlink:href="arr.xsd#arr_SignatureOfAuditorsDate" xlink:label="newItem_8" xlink:title="newItem"/>
    <link:label xlink:type="resource" xlink:label="label_newItem_15" xlink:role="http://www.xbrl.org/2003/role/label" xlink:title="label_newItem" xml:lang="fr" id="label_newItem_15">Signature de l'auditeur, date</link:label>
    <link:labelArc xlink:type="arc" xlink:arcrole="http://www.xbrl.org/2003/arcrole/concept-label" xlink:from="newItem_8" xlink:to="label_newItem_15" xlink:title="label: newItem to label_newItem"/>
    <link:loc xlink:type="locator" xlink:href="arr.xsd#arr_SignatureOfAuditorsPlace" xlink:label="newItem2_2" xlink:title="newItem2"/>
    <link:label xlink:type="resource" xlink:label="label_newItem2_3" xlink:role="http://www.xbrl.org/2003/role/label" xlink:title="label_newItem2" xml:lang="fr" id="label_newItem2_3">Signature de l'auditeur, lieu</link:label>
    <link:labelArc xlink:type="arc" xlink:arcrole="http://www.xbrl.org/2003/arcrole/concept-label" xlink:from="newItem2_2" xlink:to="label_newItem2_3" xlink:title="label: newItem2 to label_newItem2"/>
    <link:loc xlink:type="locator" xlink:href="arr.xsd#arr_AddresseeOfAuditorsReportOnOtherAssuranceReports" xlink:label="copyOfAddresseeOfAuditorsReportOnReviewOfFinancialStatements" xlink:title="copyOfAddresseeOfAuditorsReportOnReviewOfFinancialStatements"/>
    <link:label xlink:type="resource" xlink:label="label_AddresseeOfAuditorsReportOnOtherAssuranceReports" xlink:role="http://www.xbrl.org/2003/role/label" xlink:title="label_AddresseeOfAuditorsReportOnOtherAssuranceReports" xml:lang="fr" id="label_AddresseeOfAuditorsReportOnOtherAssuranceReports">Destinataire du rapport de l'auditeur (autres rapports d'assurance) </link:label>
    <link:labelArc xlink:type="arc" xlink:arcrole="http://www.xbrl.org/2003/arcrole/concept-label" xlink:from="copyOfAddresseeOfAuditorsReportOnReviewOfFinancialStatements" xlink:to="label_AddresseeOfAuditorsReportOnOtherAssuranceReports" xlink:title="label: AddresseeOfAuditorsReportOnOtherAssuranceReports to label_AddresseeOfAuditorsReportOnOtherAssuranceReports"/>
    <link:loc xlink:type="locator" xlink:href="arr.xsd#arr_AddresseeOfAuditorsReportOnOtherReport" xlink:label="copyOfAddresseeOfAuditorsReportOnReviewOfFinancialStatements2" xlink:title="copyOfAddresseeOfAuditorsReportOnReviewOfFinancialStatements2"/>
    <link:label xlink:type="resource" xlink:label="label_AddresseeOfAuditorsReportOnOtherReport" xlink:role="http://www.xbrl.org/2003/role/label" xlink:title="label_AddresseeOfAuditorsReportOnOtherReport" xml:lang="fr" id="label_AddresseeOfAuditorsReportOnOtherReport">Destinataire du rapport de l'auditeur (autres rapports ne concernant pas l'assurance) </link:label>
    <link:labelArc xlink:type="arc" xlink:arcrole="http://www.xbrl.org/2003/arcrole/concept-label" xlink:from="copyOfAddresseeOfAuditorsReportOnReviewOfFinancialStatements2" xlink:to="label_AddresseeOfAuditorsReportOnOtherReport" xlink:title="label: AddresseeOfAuditorsReportOnOtherReport to label_AddresseeOfAuditorsReportOnOtherReport"/>
    <link:loc xlink:type="locator" xlink:href="arr.xsd#arr_StatementsFromInternalAuditAbstract" xlink:label="StatementsFromInternalAuditAbstract" xlink:title="StatementsFromInternalAuditAbstract"/>
    <link:label xlink:type="resource" xlink:label="label_StatementsFromInternalAuditAbstract" xlink:role="http://www.xbrl.org/2003/role/label" xlink:title="label_StatementsFromInternalAuditAbstract" xml:lang="fr" id="label_StatementsFromInternalAuditAbstract">Déclarations de l'audit interne</link:label>
    <link:labelArc xlink:type="arc" xlink:arcrole="http://www.xbrl.org/2003/arcrole/concept-label" xlink:from="StatementsFromInternalAuditAbstract" xlink:to="label_StatementsFromInternalAuditAbstract" xlink:title="label: StatementsFromInternalAuditAbstract to label_StatementsFromInternalAuditAbstract"/>
    <link:loc xlink:type="locator" xlink:href="arr.xsd#arr_OtherStatementsAbstract" xlink:label="OtherStatementsAbstract" xlink:title="OtherStatementsAbstract"/>
    <link:label xlink:type="resource" xlink:label="label_OtherStatementsAbstract" xlink:role="http://www.xbrl.org/2003/role/label" xlink:title="label_OtherStatementsAbstract" xml:lang="fr" id="label_OtherStatementsAbstract">Autres rapports</link:label>
    <link:labelArc xlink:type="arc" xlink:arcrole="http://www.xbrl.org/2003/arcrole/concept-label" xlink:from="OtherStatementsAbstract" xlink:to="label_OtherStatementsAbstract" xlink:title="label: OtherStatementsAbstract to label_OtherStatementsAbstract"/>
    <link:loc xlink:type="locator" xlink:href="arr.xsd#arr_DescriptionOfTheWorkAndScopeOfTheReportStatementFromInternalAudit" xlink:label="copyOfDescriptionOfOtherEngagement" xlink:title="copyOfDescriptionOfOtherEngagement"/>
    <link:label xlink:type="resource" xlink:label="label_copyOfDescriptionOfOtherEngagement" xlink:role="http://www.xbrl.org/2003/role/label" xlink:title="label_copyOfDescriptionOfOtherEngagement" xml:lang="fr" id="label_copyOfDescriptionOfOtherEngagement">Description des travaux et de l'étendue du rapport (rapport de l'audit interne)</link:label>
    <link:labelArc xlink:type="arc" xlink:arcrole="http://www.xbrl.org/2003/arcrole/concept-label" xlink:from="copyOfDescriptionOfOtherEngagement" xlink:to="label_copyOfDescriptionOfOtherEngagement" xlink:title="label: copyOfDescriptionOfOtherEngagement to label_copyOfDescriptionOfOtherEngagement"/>
    <link:loc xlink:type="locator" xlink:href="arr.xsd#arr_DescriptionOfTheWorkAndScopeOfTheReportOtherStatements" xlink:label="copyOfDescriptionOfOtherEngagement2" xlink:title="copyOfDescriptionOfOtherEngagement2"/>
    <link:label xlink:type="resource" xlink:label="label_copyOfDescriptionOfOtherEngagement2" xlink:role="http://www.xbrl.org/2003/role/label" xlink:title="label_copyOfDescriptionOfOtherEngagement2" xml:lang="fr" id="label_copyOfDescriptionOfOtherEngagement2">Description des travaux et de l'étendue du rapport (autres rapports)</link:label>
    <link:labelArc xlink:type="arc" xlink:arcrole="http://www.xbrl.org/2003/arcrole/concept-label" xlink:from="copyOfDescriptionOfOtherEngagement2" xlink:to="label_copyOfDescriptionOfOtherEngagement2" xlink:title="label: copyOfDescriptionOfOtherEngagement2 to label_copyOfDescriptionOfOtherEngagement2"/>
    <link:loc xlink:type="locator" xlink:href="arr.xsd#arr_InformationOnSignatureInternalAudit" xlink:label="copyOfInformationOnSignatureOfAuditors" xlink:title="copyOfInformationOnSignatureOfAuditors"/>
    <link:label xlink:type="resource" xlink:label="label_copyOfInformationOnSignatureOfAuditors_2" xlink:role="http://www.xbrl.org/2003/role/label" xlink:title="label_copyOfInformationOnSignatureOfAuditors" xml:lang="fr" id="label_copyOfInformationOnSignatureOfAuditors_2">Informations sur la signature de l'audit interne</link:label>
    <link:labelArc xlink:type="arc" xlink:arcrole="http://www.xbrl.org/2003/arcrole/concept-label" xlink:from="copyOfInformationOnSignatureOfAuditors" xlink:to="label_copyOfInformationOnSignatureOfAuditors_2" xlink:title="label: copyOfInformationOnSignatureOfAuditors to label_copyOfInformationOnSignatureOfAuditors"/>
    <link:loc xlink:type="locator" xlink:href="arr.xsd#arr_StatementsFromInternalAudit" xlink:label="copyOfStatementsFromInternalAuditAbstract" xlink:title="copyOfStatementsFromInternalAuditAbstract"/>
    <link:label xlink:type="resource" xlink:label="label_copyOfStatementsFromInternalAuditAbstract_2" xlink:role="http://www.xbrl.org/2003/role/label" xlink:title="label_copyOfStatementsFromInternalAuditAbstract" xml:lang="fr" id="label_copyOfStatementsFromInternalAuditAbstract_2">Rapports de l'audit interne</link:label>
    <link:labelArc xlink:type="arc" xlink:arcrole="http://www.xbrl.org/2003/arcrole/concept-label" xlink:from="copyOfStatementsFromInternalAuditAbstract" xlink:to="label_copyOfStatementsFromInternalAuditAbstract_2" xlink:title="label: copyOfStatementsFromInternalAuditAbstract to label_copyOfStatementsFromInternalAuditAbstract"/>
    <link:loc xlink:type="locator" xlink:href="arr.xsd#arr_SignatureInternalAuditDate" xlink:label="copyOfSignatureOfAuditorsDate" xlink:title="copyOfSignatureOfAuditorsDate"/>
    <link:label xlink:type="resource" xlink:label="label_copyOfSignatureOfAuditorsDate_2" xlink:role="http://www.xbrl.org/2003/role/label" xlink:title="label_copyOfSignatureOfAuditorsDate" xml:lang="fr" id="label_copyOfSignatureOfAuditorsDate_2">Signature de l'audit interne, date</link:label>
    <link:labelArc xlink:type="arc" xlink:arcrole="http://www.xbrl.org/2003/arcrole/concept-label" xlink:from="copyOfSignatureOfAuditorsDate" xlink:to="label_copyOfSignatureOfAuditorsDate_2" xlink:title="label: copyOfSignatureOfAuditorsDate to label_copyOfSignatureOfAuditorsDate"/>
    <link:loc xlink:type="locator" xlink:href="arr.xsd#arr_SignatureInternalAuditPlace" xlink:label="copyOfSignatureOfAuditorsPlace" xlink:title="copyOfSignatureOfAuditorsPlace"/>
    <link:label xlink:type="resource" xlink:label="label_copyOfSignatureOfAuditorsPlace_2" xlink:role="http://www.xbrl.org/2003/role/label" xlink:title="label_copyOfSignatureOfAuditorsPlace" xml:lang="fr" id="label_copyOfSignatureOfAuditorsPlace_2">Signature de l'audit interne, lieu</link:label>
    <link:labelArc xlink:type="arc" xlink:arcrole="http://www.xbrl.org/2003/arcrole/concept-label" xlink:from="copyOfSignatureOfAuditorsPlace" xlink:to="label_copyOfSignatureOfAuditorsPlace_2" xlink:title="label: copyOfSignatureOfAuditorsPlace to label_copyOfSignatureOfAuditorsPlace"/>
    <link:loc xlink:type="locator" xlink:href="arr.xsd#arr_SignatureOtherStatementsDate" xlink:label="copyOfSignatureInternalAuditDate" xlink:title="copyOfSignatureInternalAuditDate"/>
    <link:label xlink:type="resource" xlink:label="label_copyOfSignatureInternalAuditDate_2" xlink:role="http://www.xbrl.org/2003/role/label" xlink:title="label_copyOfSignatureInternalAuditDate" xml:lang="fr" id="label_copyOfSignatureInternalAuditDate_2">Signature des autres rapports, date</link:label>
    <link:labelArc xlink:type="arc" xlink:arcrole="http://www.xbrl.org/2003/arcrole/concept-label" xlink:from="copyOfSignatureInternalAuditDate" xlink:to="label_copyOfSignatureInternalAuditDate_2" xlink:title="label: copyOfSignatureInternalAuditDate to label_copyOfSignatureInternalAuditDate"/>
    <link:loc xlink:type="locator" xlink:href="arr.xsd#arr_OtherStatements" xlink:label="copyOfOtherStatementsAbstract" xlink:title="copyOfOtherStatementsAbstract"/>
    <link:label xlink:type="resource" xlink:label="label_copyOfOtherStatementsAbstract_2" xlink:role="http://www.xbrl.org/2003/role/label" xlink:title="label_copyOfOtherStatementsAbstract" xml:lang="fr" id="label_copyOfOtherStatementsAbstract_2">Autres rapports</link:label>
    <link:labelArc xlink:type="arc" xlink:arcrole="http://www.xbrl.org/2003/arcrole/concept-label" xlink:from="copyOfOtherStatementsAbstract" xlink:to="label_copyOfOtherStatementsAbstract_2" xlink:title="label: copyOfOtherStatementsAbstract to label_copyOfOtherStatementsAbstract"/>
    <link:loc xlink:type="locator" xlink:href="arr.xsd#arr_SignatureOtherStatementsPlace" xlink:label="copyOfSignatureOfAuditorsPlace_2" xlink:title="copyOfSignatureOfAuditorsPlace"/>
    <link:label xlink:type="resource" xlink:label="label_copyOfSignatureOfAuditorsPlace_4" xlink:role="http://www.xbrl.org/2003/role/label" xlink:title="label_copyOfSignatureOfAuditorsPlace" xml:lang="fr" id="label_copyOfSignatureOfAuditorsPlace_4">Signature des autres rapports, lieu</link:label>
    <link:labelArc xlink:type="arc" xlink:arcrole="http://www.xbrl.org/2003/arcrole/concept-label" xlink:from="copyOfSignatureOfAuditorsPlace_2" xlink:to="label_copyOfSignatureOfAuditorsPlace_4" xlink:title="label: copyOfSignatureOfAuditorsPlace to label_copyOfSignatureOfAuditorsPlace"/>
    <link:loc xlink:type="locator" xlink:href="arr.xsd#arr_DetailsOnSignatureInternalAuditHypercube" xlink:label="copyOfDetailsOnSignatureAuditorsHypercube" xlink:title="copyOfDetailsOnSignatureAuditorsHypercube"/>
    <link:label xlink:type="resource" xlink:label="label_copyOfDetailsOnSignatureAuditorsHypercube_2" xlink:role="http://www.xbrl.org/2003/role/label" xlink:title="label_copyOfDetailsOnSignatureAuditorsHypercube" xml:lang="fr" id="label_copyOfDetailsOnSignatureAuditorsHypercube_2">Détails sur la signature de l'audit interne</link:label>
    <link:labelArc xlink:type="arc" xlink:arcrole="http://www.xbrl.org/2003/arcrole/concept-label" xlink:from="copyOfDetailsOnSignatureAuditorsHypercube" xlink:to="label_copyOfDetailsOnSignatureAuditorsHypercube_2" xlink:title="label: copyOfDetailsOnSignatureAuditorsHypercube to label_copyOfDetailsOnSignatureAuditorsHypercube"/>
    <link:loc xlink:type="locator" xlink:href="arr.xsd#arr_DetailsOnSignatureInternalAuditAbstract" xlink:label="copyOfDetailsOnSignatureAuditorsAbstract" xlink:title="copyOfDetailsOnSignatureAuditorsAbstract"/>
    <link:label xlink:type="resource" xlink:label="label_copyOfDetailsOnSignatureAuditorsAbstract_2" xlink:role="http://www.xbrl.org/2003/role/label" xlink:title="label_copyOfDetailsOnSignatureAuditorsAbstract" xml:lang="fr" id="label_copyOfDetailsOnSignatureAuditorsAbstract_2">Détails sur la signature de l'audit interne</link:label>
    <link:labelArc xlink:type="arc" xlink:arcrole="http://www.xbrl.org/2003/arcrole/concept-label" xlink:from="copyOfDetailsOnSignatureAuditorsAbstract" xlink:to="label_copyOfDetailsOnSignatureAuditorsAbstract_2" xlink:title="label: copyOfDetailsOnSignatureAuditorsAbstract to label_copyOfDetailsOnSignatureAuditorsAbstract"/>
    <link:loc xlink:type="locator" xlink:href="arr.xsd#arr_DetailsOnSignatureOtherStatementsHypercube" xlink:label="DetailsOnOtherStatementsHypercube" xlink:title="DetailsOnOtherStatementsHypercube"/>
    <link:label xlink:type="resource" xlink:label="label_DetailsOnOtherStatementsHypercube_2" xlink:role="http://www.xbrl.org/2003/role/label" xlink:title="label_DetailsOnOtherStatementsHypercube" xml:lang="fr" id="label_DetailsOnOtherStatementsHypercube_2">Détails sur la signature des autres rapports</link:label>
    <link:labelArc xlink:type="arc" xlink:arcrole="http://www.xbrl.org/2003/arcrole/concept-label" xlink:from="DetailsOnOtherStatementsHypercube" xlink:to="label_DetailsOnOtherStatementsHypercube_2" xlink:title="label: DetailsOnOtherStatementsHypercube to label_DetailsOnOtherStatementsHypercube"/>
    <link:loc xlink:type="locator" xlink:href="arr.xsd#arr_DetailsOnSignatureOtherStatementsAbstract" xlink:label="copyOfDetailsOnSignatureInternalAuditAbstract" xlink:title="copyOfDetailsOnSignatureInternalAuditAbstract"/>
    <link:label xlink:type="resource" xlink:label="label_copyOfDetailsOnSignatureInternalAuditAbstract_2" xlink:role="http://www.xbrl.org/2003/role/label" xlink:title="label_copyOfDetailsOnSignatureInternalAuditAbstract" xml:lang="fr" id="label_copyOfDetailsOnSignatureInternalAuditAbstract_2">Détails sur la signature des autres rapports</link:label>
    <link:labelArc xlink:type="arc" xlink:arcrole="http://www.xbrl.org/2003/arcrole/concept-label" xlink:from="copyOfDetailsOnSignatureInternalAuditAbstract" xlink:to="label_copyOfDetailsOnSignatureInternalAuditAbstract_2" xlink:title="label: copyOfDetailsOnSignatureInternalAuditAbstract to label_copyOfDetailsOnSignatureInternalAuditAbstract"/>
    <link:loc xlink:type="locator" xlink:href="arr.xsd#arr_IdentificationOfOtherStatementsDimension" xlink:label="IdentificationOfOtherStatementsDimension" xlink:title="IdentificationOfOtherStatementsDimension"/>
    <link:label xlink:type="resource" xlink:label="label_IdentificationOfOtherStatementsDimension_2" xlink:role="http://www.xbrl.org/2003/role/label" xlink:title="label_IdentificationOfOtherStatementsDimension" xml:lang="fr" id="label_IdentificationOfOtherStatementsDimension_2">Identification des autres rapports</link:label>
    <link:labelArc xlink:type="arc" xlink:arcrole="http://www.xbrl.org/2003/arcrole/concept-label" xlink:from="IdentificationOfOtherStatementsDimension" xlink:to="label_IdentificationOfOtherStatementsDimension_2" xlink:title="label: IdentificationOfOtherStatementsDimension to label_IdentificationOfOtherStatementsDimension"/>
    <link:loc xlink:type="locator" xlink:href="arr.xsd#arr_InformationOnSignatureOtherStatement" xlink:label="copyOfInformationOnSignatureInternalAudit" xlink:title="copyOfInformationOnSignatureInternalAudit"/>
    <link:label xlink:type="resource" xlink:label="label_copyOfInformationOnSignatureInternalAudit_2" xlink:role="http://www.xbrl.org/2003/role/label" xlink:title="label_copyOfInformationOnSignatureInternalAudit" xml:lang="fr" id="label_copyOfInformationOnSignatureInternalAudit_2">Informations sur la signature des autres rapports</link:label>
    <link:labelArc xlink:type="arc" xlink:arcrole="http://www.xbrl.org/2003/arcrole/concept-label" xlink:from="copyOfInformationOnSignatureInternalAudit" xlink:to="label_copyOfInformationOnSignatureInternalAudit_2" xlink:title="label: copyOfInformationOnSignatureInternalAudit to label_copyOfInformationOnSignatureInternalAudit"/>
    <link:loc xlink:type="locator" xlink:href="arr.xsd#arr_DetailsOtherStatementsHypercube" xlink:label="DetailsOtherStatementsHypercube" xlink:title="DetailsOtherStatementsHypercube"/>
    <link:label xlink:type="resource" xlink:label="label_DetailsOtherStatementsHypercube_2" xlink:role="http://www.xbrl.org/2003/role/label" xlink:title="label_DetailsOtherStatementsHypercube" xml:lang="fr" id="label_DetailsOtherStatementsHypercube_2">Détails sur les autres rapports</link:label>
    <link:labelArc xlink:type="arc" xlink:arcrole="http://www.xbrl.org/2003/arcrole/concept-label" xlink:from="DetailsOtherStatementsHypercube" xlink:to="label_DetailsOtherStatementsHypercube_2" xlink:title="label: DetailsOtherStatementsHypercube to label_DetailsOtherStatementsHypercube"/>
    <link:loc xlink:type="locator" xlink:href="arr.xsd#arr_DetailsOtherStatementsAbstract" xlink:label="DetailsOtherStatementsAbstract" xlink:title="DetailsOtherStatementsAbstract"/>
    <link:label xlink:type="resource" xlink:label="label_DetailsOtherStatementsAbstract_2" xlink:role="http://www.xbrl.org/2003/role/label" xlink:title="label_DetailsOtherStatementsAbstract" xml:lang="fr" id="label_DetailsOtherStatementsAbstract_2">Détails sur les autres rapports</link:label>
    <link:labelArc xlink:type="arc" xlink:arcrole="http://www.xbrl.org/2003/arcrole/concept-label" xlink:from="DetailsOtherStatementsAbstract" xlink:to="label_DetailsOtherStatementsAbstract_2" xlink:title="label: DetailsOtherStatementsAbstract to label_DetailsOtherStatementsAbstract"/>
    <link:loc xlink:type="locator" xlink:href="arr.xsd#arr_TypeOfBasisForModifiedOpinionOnAuditedFinancialStatements" xlink:label="TypeOfBasisForModifiedOpinionOnAuditedFinancialStatements"/>
    <link:label xlink:type="resource" xlink:label="label_TypeOfBasisForModifiedOpinionOnAuditedFinancialStatements" xlink:role="http://www.xbrl.org/2003/role/label" xml:lang="fr">Type de justification de l'opinion modifiée sur les états financiers audités (audit)</link:label>
    <link:labelArc xlink:type="arc" xlink:arcrole="http://www.xbrl.org/2003/arcrole/concept-label" xlink:from="TypeOfBasisForModifiedOpinionOnAuditedFinancialStatements" xlink:to="label_TypeOfBasisForModifiedOpinionOnAuditedFinancialStatements"/>
    <link:loc xlink:type="locator" xlink:href="arr.xsd#arr_AuditorsReportOnExtendedReview" xlink:label="AuditorsReportOnExtendedReview"/>
    <link:label xlink:type="resource" xlink:label="label_AuditorsReportOnExtendedReview" xlink:role="http://www.xbrl.org/2003/role/label" xml:lang="fr">Rapports de l'auditeur sur l'examen approfondi</link:label>
    <link:labelArc xlink:type="arc" xlink:arcrole="http://www.xbrl.org/2003/arcrole/concept-label" xlink:from="AuditorsReportOnExtendedReview" xlink:to="label_AuditorsReportOnExtendedReview"/>
    <link:loc xlink:type="locator" xlink:href="arr.xsd#arr_TypeOfModifiedOpinionOnAuditedFinancialStatements" xlink:label="TypeOfModifiedOpinionOnAuditedFinancialStatements"/>
    <link:label xlink:type="resource" xlink:label="label_TypeOfModifiedOpinionOnAuditedFinancialStatements" xlink:role="http://www.xbrl.org/2003/role/label" xml:lang="fr">Type d'opinion modifiée sur les états financiers audités (Audit)</link:label>
    <link:labelArc xlink:type="arc" xlink:arcrole="http://www.xbrl.org/2003/arcrole/concept-label" xlink:from="TypeOfModifiedOpinionOnAuditedFinancialStatements" xlink:to="label_TypeOfModifiedOpinionOnAuditedFinancialStatements"/>
    <link:loc xlink:type="locator" xlink:href="arr.xsd#arr_IndependentAuditorsReportsExtendedReview" xlink:label="IndependentAuditorsReportsExtendedReview"/>
    <link:label xlink:type="resource" xlink:label="label_IndependentAuditorsReportsExtendedReview" xlink:role="http://www.xbrl.org/2003/role/label" xml:lang="fr">Rapports de l'auditeur indépendant (Examen approfondi)</link:label>
    <link:labelArc xlink:type="arc" xlink:arcrole="http://www.xbrl.org/2003/arcrole/concept-label" xlink:from="IndependentAuditorsReportsExtendedReview" xlink:to="label_IndependentAuditorsReportsExtendedReview"/>
    <link:loc xlink:type="locator" xlink:href="arr.xsd#arr_AddresseeOfAuditorsReportOnExtendedReviewOfFinancialStatements" xlink:label="AddresseeOfAuditorsReportOnExtendedReviewOfFinancialStatements"/>
    <link:label xlink:type="resource" xlink:label="label_AddresseeOfAuditorsReportOnExtendedReviewOfFinancialStatements" xlink:role="http://www.xbrl.org/2003/role/label" xml:lang="fr">Destinataire du rapport de l'auditeur sur l'examen approfondi des états financiers </link:label>
    <link:labelArc xlink:type="arc" xlink:arcrole="http://www.xbrl.org/2003/arcrole/concept-label" xlink:from="AddresseeOfAuditorsReportOnExtendedReviewOfFinancialStatements" xlink:to="label_AddresseeOfAuditorsReportOnExtendedReviewOfFinancialStatements"/>
    <link:loc xlink:type="locator" xlink:href="arr.xsd#arr_AuditorsReportsAccordingToOtherLegislationAndRegulationExtendedReview" xlink:label="AuditorsReportsAccordingToOtherLegislationAndRegulationExtendedReview"/>
    <link:label xlink:type="resource" xlink:label="label_AuditorsReportsAccordingToOtherLegislationAndRegulationExtendedReview" xlink:role="http://www.xbrl.org/2003/role/label" xml:lang="fr">Rapport sur d'autres obligations légales et réglementaires (Examen approfondi)</link:label>
    <link:labelArc xlink:type="arc" xlink:arcrole="http://www.xbrl.org/2003/arcrole/concept-label" xlink:from="AuditorsReportsAccordingToOtherLegislationAndRegulationExtendedReview" xlink:to="label_AuditorsReportsAccordingToOtherLegislationAndRegulationExtendedReview"/>
    <link:loc xlink:type="locator" xlink:href="arr.xsd#arr_StatementOfExecutiveAndSupervisoryBoardsResponsibilityForFinancialStatementsExtendedReview" xlink:label="StatementOfExecutiveAndSupervisoryBoardsResponsibilityForFinancialStatementsExtendedReview"/>
    <link:label xlink:type="resource" xlink:label="label_StatementOfExecutiveAndSupervisoryBoardsResponsibilityForFinancialStatementsExtendedReview" xlink:role="http://www.xbrl.org/2003/role/label" xml:lang="fr">Déclaration de responsabilité du directoire et du conseil de surveillance pour les états financiers (Examen approfondi)</link:label>
    <link:labelArc xlink:type="arc" xlink:arcrole="http://www.xbrl.org/2003/arcrole/concept-label" xlink:from="StatementOfExecutiveAndSupervisoryBoardsResponsibilityForFinancialStatementsExtendedReview" xlink:to="label_StatementOfExecutiveAndSupervisoryBoardsResponsibilityForFinancialStatementsExtendedReview"/>
    <link:loc xlink:type="locator" xlink:href="arr.xsd#arr_OpinionOnFinancialStatementsExtendedReview" xlink:label="OpinionOnFinancialStatementsExtendedReview"/>
    <link:label xlink:type="resource" xlink:label="label_OpinionOnFinancialStatementsExtendedReview" xlink:role="http://www.xbrl.org/2003/role/label" xml:lang="fr">Opinion sur les états financiers (Examen approfondi)</link:label>
    <link:labelArc xlink:type="arc" xlink:arcrole="http://www.xbrl.org/2003/arcrole/concept-label" xlink:from="OpinionOnFinancialStatementsExtendedReview" xlink:to="label_OpinionOnFinancialStatementsExtendedReview"/>
    <link:loc xlink:type="locator" xlink:href="arr.xsd#arr_TypeOfBasisForModifiedOpinionOnFinancialStatementsExtendedReview" xlink:label="TypeOfBasisForModifiedOpinionOnFinancialStatementsExtendedReview"/>
    <link:label xlink:type="resource" xlink:label="label_TypeOfBasisForModifiedOpinionOnFinancialStatementsExtendedReview" xlink:role="http://www.xbrl.org/2003/role/label" xml:lang="fr">Type de justification de l'opinion modifiée sur les états financiers (Examen approfondi)</link:label>
    <link:labelArc xlink:type="arc" xlink:arcrole="http://www.xbrl.org/2003/arcrole/concept-label" xlink:from="TypeOfBasisForModifiedOpinionOnFinancialStatementsExtendedReview" xlink:to="label_TypeOfBasisForModifiedOpinionOnFinancialStatementsExtendedReview"/>
    <link:loc xlink:type="locator" xlink:href="arr.xsd#arr_TypeOfModifiedOpinionOnAuditedFinancialStatementsExtendedReview" xlink:label="TypeOfModifiedOpinionOnAuditedFinancialStatementsExtendedReview"/>
    <link:label xlink:type="resource" xlink:label="label_TypeOfModifiedOpinionOnAuditedFinancialStatementsExtendedReview" xlink:role="http://www.xbrl.org/2003/role/label" xml:lang="fr">Type d'opinion modifiée sur les états financiers (Examen approfondi)</link:label>
    <link:labelArc xlink:type="arc" xlink:arcrole="http://www.xbrl.org/2003/arcrole/concept-label" xlink:from="TypeOfModifiedOpinionOnAuditedFinancialStatementsExtendedReview" xlink:to="label_TypeOfModifiedOpinionOnAuditedFinancialStatementsExtendedReview"/>
    <link:loc xlink:type="locator" xlink:href="arr.xsd#arr_SupplementaryInformationOnMattersPertainingToFinancialStatementExtendedReview" xlink:label="SupplementaryInformationOnMattersPertainingToFinancialStatementExtendedReview"/>
    <link:label xlink:type="resource" xlink:label="label_SupplementaryInformationOnMattersPertainingToFinancialStatementExtendedReview" xlink:role="http://www.xbrl.org/2003/role/label" xml:lang="fr">Paragraphe d'observation concernant les états financiers (Examen approfondi)</link:label>
    <link:labelArc xlink:type="arc" xlink:arcrole="http://www.xbrl.org/2003/arcrole/concept-label" xlink:from="SupplementaryInformationOnMattersPertainingToFinancialStatementExtendedReview" xlink:to="label_SupplementaryInformationOnMattersPertainingToFinancialStatementExtendedReview"/>
    <link:loc xlink:type="locator" xlink:href="arr.xsd#arr_SupplementaryInformationOnExtendedReview" xlink:label="SupplementaryInformationOnExtendedReview"/>
    <link:label xlink:type="resource" xlink:label="label_SupplementaryInformationOnExtendedReview" xlink:role="http://www.xbrl.org/2003/role/label" xml:lang="fr">Paragraphe descriptif d'autres questions (Examen approfondi)</link:label>
    <link:labelArc xlink:type="arc" xlink:arcrole="http://www.xbrl.org/2003/arcrole/concept-label" xlink:from="SupplementaryInformationOnExtendedReview" xlink:to="label_SupplementaryInformationOnExtendedReview"/>
    <link:loc xlink:type="locator" xlink:href="arr.xsd#arr_SupplementaryInformationOnOtherMattersExtendedReview" xlink:label="SupplementaryInformationOnOtherMattersExtendedReview"/>
    <link:label xlink:type="resource" xlink:label="label_SupplementaryInformationOnOtherMattersExtendedReview" xlink:role="http://www.xbrl.org/2003/role/label" xml:lang="fr">Paragraphe d'observation concernant d'autres questions (Examen approfondi)</link:label>
    <link:labelArc xlink:type="arc" xlink:arcrole="http://www.xbrl.org/2003/arcrole/concept-label" xlink:from="SupplementaryInformationOnOtherMattersExtendedReview" xlink:to="label_SupplementaryInformationOnOtherMattersExtendedReview"/>
    <link:loc xlink:type="locator" xlink:href="arr.xsd#arr_StatementOnManagementsReviewAuditorsReportOnExtendedReviewFinancialStatementsExtendedReview" xlink:label="StatementOnManagementsReviewAuditorsReportOnExtendedReviewFinancialStatementsExtendedReview"/>
    <link:label xlink:type="resource" xlink:label="label_StatementOnManagementsReviewAuditorsReportOnExtendedReviewFinancialStatementsExtendedReview" xlink:role="http://www.xbrl.org/2003/role/label" xml:lang="fr">Déclaration sur le rapport de gestion [Rapport de l'auditeur sur l'examen approfondi des états financiers]</link:label>
    <link:labelArc xlink:type="arc" xlink:arcrole="http://www.xbrl.org/2003/arcrole/concept-label" xlink:from="StatementOnManagementsReviewAuditorsReportOnExtendedReviewFinancialStatementsExtendedReview" xlink:to="label_StatementOnManagementsReviewAuditorsReportOnExtendedReviewFinancialStatementsExtendedReview"/>
    <link:loc xlink:type="locator" xlink:href="arr.xsd#arr_OtherReportsExtendedReview" xlink:label="OtherReportsExtendedReview"/>
    <link:label xlink:type="resource" xlink:label="label_OtherReportsExtendedReview" xlink:role="http://www.xbrl.org/2003/role/label" xml:lang="fr">Autres rapports [Examen approfondi]</link:label>
    <link:labelArc xlink:type="arc" xlink:arcrole="http://www.xbrl.org/2003/arcrole/concept-label" xlink:from="OtherReportsExtendedReview" xlink:to="label_OtherReportsExtendedReview"/>
    <link:loc xlink:type="locator" xlink:href="arr.xsd#arr_AuditorsReportOnExtendedReviewOfFinancialStatements" xlink:label="AuditorsReportOnExtendedReviewOfFinancialStatements"/>
    <link:label xlink:type="resource" xlink:label="label_AuditorsReportOnExtendedReviewOfFinancialStatements" xlink:role="http://www.xbrl.org/2003/role/label" xml:lang="fr">Rapport de l'auditeur sur l'examen approfondi des états financiers </link:label>
    <link:labelArc xlink:type="arc" xlink:arcrole="http://www.xbrl.org/2003/arcrole/concept-label" xlink:from="AuditorsReportOnExtendedReviewOfFinancialStatements" xlink:to="label_AuditorsReportOnExtendedReviewOfFinancialStatements"/>
    <link:loc xlink:type="locator" xlink:href="arr.xsd#arr_StatementOfAuditorsResponsibilityExtendedReview" xlink:label="StatementOfAuditorsResponsibilityExtendedReview"/>
    <link:label xlink:type="resource" xlink:label="label_StatementOfAuditorsResponsibilityExtendedReview" xlink:role="http://www.xbrl.org/2003/role/label" xml:lang="fr">Déclaration de responsabilité de l'auditeur (Examen approfondi)</link:label>
    <link:labelArc xlink:type="arc" xlink:arcrole="http://www.xbrl.org/2003/arcrole/concept-label" xlink:from="StatementOfAuditorsResponsibilityExtendedReview" xlink:to="label_StatementOfAuditorsResponsibilityExtendedReview"/>
    <link:loc xlink:type="locator" xlink:href="arr.xsd#arr_DescriptionOfQualificationsOfFinancialStatementsExtendedReview" xlink:label="DescriptionOfQualificationsOfFinancialStatementsExtendedReview"/>
    <link:label xlink:type="resource" xlink:label="label_DescriptionOfQualificationsOfFinancialStatementsExtendedReview" xlink:role="http://www.xbrl.org/2003/role/label" xml:lang="fr">Description des réserves sur les états financiers (Examen approfondi)</link:label>
    <link:labelArc xlink:type="arc" xlink:arcrole="http://www.xbrl.org/2003/arcrole/concept-label" xlink:from="DescriptionOfQualificationsOfFinancialStatementsExtendedReview" xlink:to="label_DescriptionOfQualificationsOfFinancialStatementsExtendedReview"/>
    <link:loc xlink:type="locator" xlink:href="arr.xsd#arr_AuditorsReportsAccordingToOtherLegislationAndRegulationReview" xlink:label="AuditorsReportsAccordingToOtherLegislationAndRegulationReview"/>
    <link:label xlink:type="resource" xlink:label="label_AuditorsReportsAccordingToOtherLegislationAndRegulationReview" xlink:role="http://www.xbrl.org/2003/role/label" xml:lang="fr">Rapports sur d'autres obligations légales et réglementaires (Examen limité)</link:label>
    <link:labelArc xlink:type="arc" xlink:arcrole="http://www.xbrl.org/2003/arcrole/concept-label" xlink:from="AuditorsReportsAccordingToOtherLegislationAndRegulationReview" xlink:to="label_AuditorsReportsAccordingToOtherLegislationAndRegulationReview"/>
    <link:loc xlink:type="locator" xlink:href="arr.xsd#arr_OtherReportsReview" xlink:label="OtherReportsReview"/>
    <link:label xlink:type="resource" xlink:label="label_OtherReportsReview" xlink:role="http://www.xbrl.org/2003/role/label" xml:lang="fr">Autres rapports (examen limité)</link:label>
    <link:labelArc xlink:type="arc" xlink:arcrole="http://www.xbrl.org/2003/arcrole/concept-label" xlink:from="OtherReportsReview" xlink:to="label_OtherReportsReview"/>
    <link:loc xlink:type="locator" xlink:href="arr.xsd#arr_MaterialUncertaintyConcerningGoingConcernAudit" xlink:label="MaterialUncertaintyConcerningGoingConcernAudit" xlink:title="MaterialUncertaintyConcerningGoingConcernAudit"/>
    <link:label xlink:type="resource" xlink:label="label_MaterialUncertaintyConcerningGoingConcernAudit_2" xlink:role="http://www.xbrl.org/2003/role/label" xlink:title="label_MaterialUncertaintyConcerningGoingConcernAudit" xml:lang="fr" id="label_MaterialUncertaintyConcerningGoingConcernAudit_2">Incertitude significative concernant la continuité d'exploitation (audit)</link:label>
    <link:labelArc xlink:type="arc" xlink:arcrole="http://www.xbrl.org/2003/arcrole/concept-label" xlink:from="MaterialUncertaintyConcerningGoingConcernAudit" xlink:to="label_MaterialUncertaintyConcerningGoingConcernAudit_2" xlink:title="label: MaterialUncertaintyConcerningGoingConcernAudit to label_MaterialUncertaintyConcerningGoingConcernAudit"/>
    <link:loc xlink:type="locator" xlink:href="arr.xsd#arr_KeyAuditMattersAudit" xlink:label="KeyAuditMattersAudit" xlink:title="KeyAuditMattersAudit"/>
    <link:label xlink:type="resource" xlink:label="label_KeyAuditMattersAudit_2" xlink:role="http://www.xbrl.org/2003/role/label" xlink:title="label_KeyAuditMattersAudit" xml:lang="fr" id="label_KeyAuditMattersAudit_2">Questions-clés de l'audit (audit)</link:label>
    <link:labelArc xlink:type="arc" xlink:arcrole="http://www.xbrl.org/2003/arcrole/concept-label" xlink:from="KeyAuditMattersAudit" xlink:to="label_KeyAuditMattersAudit_2" xlink:title="label: KeyAuditMattersAudit to label_KeyAuditMattersAudit"/>
    <link:loc xlink:type="locator" xlink:href="arr.xsd#arr_ReportingResponsibilitiesAccordingToTheDanishExecutiveOrderOnApprovedAuditorsReportsAudit" xlink:label="ReportingResponsibilitiesAccordingToTheDanishExecutiveOrderOnApprovedAuditorsReportsAudit" xlink:title="ReportingResponsibilitiesAccordingToTheDanishExecutiveOrderOnApprovedAuditorsReportsAudit"/>
    <link:label xlink:type="resource" xlink:label="label_ReportingResponsibilitiesAccordingToTheDanishExecutiveOrderOnApprovedAuditorsReportsAudit_2" xlink:role="http://www.xbrl.org/2003/role/label" xlink:title="label_ReportingResponsibilitiesAccordingToTheDanishExecutiveOrderOnApprovedAuditorsReportsAudit" xml:lang="fr" id="label_ReportingResponsibilitiesAccordingToTheDanishExecutiveOrderOnApprovedAuditorsReportsAudit_2">Obligations de communication conformément au décret danois sur les rapports des auditeurs approuvés </link:label>
    <link:labelArc xlink:type="arc" xlink:arcrole="http://www.xbrl.org/2003/arcrole/concept-label" xlink:from="ReportingResponsibilitiesAccordingToTheDanishExecutiveOrderOnApprovedAuditorsReportsAudit" xlink:to="label_ReportingResponsibilitiesAccordingToTheDanishExecutiveOrderOnApprovedAuditorsReportsAudit_2" xlink:title="label: ReportingResponsibilitiesAccordingToTheDanishExecutiveOrderOnApprovedAuditorsReportsAudit to label_ReportingResponsibilitiesAccordingToTheDanishExecutiveOrderOnApprovedAuditorsReportsAudit"/>
    <link:loc xlink:type="locator" xlink:href="arr.xsd#arr_ReportingResponsibilitiesAccordingToTheDanishExecutiveOrderOnApprovedAuditorsReportsEspeciallyTheCriminalCodeAndFiscalTaxAndSubsidyLegislationAudit" xlink:label="ReportingResponsibilitiesAccordingToTheDanishExecutiveOrderOnApprovedAuditorsReportsEspeciallyTheCriminalCodeAndFiscalTaxAndSubsidyLegislationAudit" xlink:title="ReportingResponsibilitiesAccordingToTheDanishExecutiveOrderOnApprovedAuditorsReportsEspeciallyTheCriminalCodeAndFiscalTaxAndSubsidyLegislationAudit"/>
    <link:label xlink:type="resource" xlink:label="label_ReportingResponsibilitiesAccordingToTheDanishExecutiveOrderOnApprovedAuditorsReportsEspeciallyTheCriminalCodeAndFiscalTaxAndSubsidyLegislationAudit_2" xlink:role="http://www.xbrl.org/2003/role/label" xlink:title="label_ReportingResponsibilitiesAccordingToTheDanishExecutiveOrderOnApprovedAuditorsReportsEspeciallyTheCriminalCodeAndFiscalTaxAndSubsidyLegislationAudit" xml:lang="fr" id="label_ReportingResponsibilitiesAccordingToTheDanishExecutiveOrderOnApprovedAuditorsReportsEspeciallyTheCriminalCodeAndFiscalTaxAndSubsidyLegislationAudit_2">Obligations de communication conformément au décret danois sur les rapports d'auditeurs approuvés, et particulièrement concernant le code pénal et la législation relative aux impôts, redevances et subventions</link:label>
    <link:labelArc xlink:type="arc" xlink:arcrole="http://www.xbrl.org/2003/arcrole/concept-label" xlink:from="ReportingResponsibilitiesAccordingToTheDanishExecutiveOrderOnApprovedAuditorsReportsEspeciallyTheCriminalCodeAndFiscalTaxAndSubsidyLegislationAudit" xlink:to="label_ReportingResponsibilitiesAccordingToTheDanishExecutiveOrderOnApprovedAuditorsReportsEspeciallyTheCriminalCodeAndFiscalTaxAndSubsidyLegislationAudit_2" xlink:title="label: ReportingResponsibilitiesAccordingToTheDanishExecutiveOrderOnApprovedAuditorsReportsEspeciallyTheCriminalCodeAndFiscalTaxAndSubsidyLegislationAudit to label_ReportingResponsibilitiesAccordingToTheDanishExecutiveOrderOnApprovedAuditorsReportsEspeciallyTheCriminalCodeAndFiscalTaxAndSubsidyLegislationAudit"/>
    <link:loc xlink:type="locator" xlink:href="arr.xsd#arr_ReportingResponsibilitiesAccordingToTheDanishExecutiveOrderOnApprovedAuditorsReportsEspeciallyTheCompaniesActOrEquivalentLegislationThatTheCompanyIsSubjectToAudit" xlink:label="ReportingResponsibilitiesAccordingToTheDanishExecutiveOrderOnApprovedAuditorsReportsEspeciallyTheCompaniesActOrEquivalentLegislationThatTheCompanyIsSubjectToAudit" xlink:title="ReportingResponsibilitiesAccordingToTheDanishExecutiveOrderOnApprovedAuditorsReportsEspeciallyTheCompaniesActOrEquivalentLegislationThatTheCompanyIsSubjectToAudit"/>
    <link:label xlink:type="resource" xlink:label="label_ReportingResponsibilitiesAccordingToTheDanishExecutiveOrderOnApprovedAuditorsReportsEspeciallyTheCompaniesActOrEquivalentLegislationThatTheCompanyIsSubjectToAudit_2" xlink:role="http://www.xbrl.org/2003/role/label" xlink:title="label_ReportingResponsibilitiesAccordingToTheDanishExecutiveOrderOnApprovedAuditorsReportsEspeciallyTheCompaniesActOrEquivalentLegislationThatTheCompanyIsSubjectToAudit" xml:lang="fr" id="label_ReportingResponsibilitiesAccordingToTheDanishExecutiveOrderOnApprovedAuditorsReportsEspeciallyTheCompaniesActOrEquivalentLegislationThatTheCompanyIsSubjectToAudit_2">Obligations de communication conformément au décret danois sur les rapports d'auditeurs approuvés, et particulièrement concernant la loi sur les sociétés ou toute législation équivalente à laquelle est soumise la société </link:label>
    <link:labelArc xlink:type="arc" xlink:arcrole="http://www.xbrl.org/2003/arcrole/concept-label" xlink:from="ReportingResponsibilitiesAccordingToTheDanishExecutiveOrderOnApprovedAuditorsReportsEspeciallyTheCompaniesActOrEquivalentLegislationThatTheCompanyIsSubjectToAudit" xlink:to="label_ReportingResponsibilitiesAccordingToTheDanishExecutiveOrderOnApprovedAuditorsReportsEspeciallyTheCompaniesActOrEquivalentLegislationThatTheCompanyIsSubjectToAudit_2" xlink:title="label: ReportingResponsibilitiesAccordingToTheDanishExecutiveOrderOnApprovedAuditorsReportsEspeciallyTheCompaniesActOrEquivalentLegislationThatTheCompanyIsSubjectToAudit to label_ReportingResponsibilitiesAccordingToTheDanishExecutiveOrderOnApprovedAuditorsReportsEspeciallyTheCompaniesActOrEquivalentLegislationThatTheCompanyIsSubjectToAudit"/>
    <link:loc xlink:type="locator" xlink:href="arr.xsd#arr_ReportingResponsibilitiesAccordingToTheDanishExecutiveOrderOnApprovedAuditorsReportsEspeciallyLegislationOnFinancialReportingIncludingAccountingAndStorageOfAccountingRecordsAudit" xlink:label="ReportingResponsibilitiesAccordingToTheDanishExecutiveOrderOnApprovedAuditorsReportsEspeciallyLegislationOnFinancialReportingIncludingAccountingAndStorageOfAccountingRecordsAudit" xlink:title="ReportingResponsibilitiesAccordingToTheDanishExecutiveOrderOnApprovedAuditorsReportsEspeciallyLegislationOnFinancialReportingIncludingAccountingAndStorageOfAccountingRecordsAudit"/>
    <link:label xlink:type="resource" xlink:label="label_ReportingResponsibilitiesAccordingToTheDanishExecutiveOrderOnApprovedAuditorsReportsEspeciallyLegislationOnFinancialReportingIncludingAccountingAndStorageOfAccountingRecordsAudit_2" xlink:role="http://www.xbrl.org/2003/role/label" xlink:title="label_ReportingResponsibilitiesAccordingToTheDanishExecutiveOrderOnApprovedAuditorsReportsEspeciallyLegislationOnFinancialReportingIncludingAccountingAndStorageOfAccountingRecordsAudit" xml:lang="fr" id="label_ReportingResponsibilitiesAccordingToTheDanishExecutiveOrderOnApprovedAuditorsReportsEspeciallyLegislationOnFinancialReportingIncludingAccountingAndStorageOfAccountingRecordsAudit_2">Obligations de communication conformément au décret danois sur les rapports d'auditeurs approuvés, et particulièrement concernant la législation relative à la présentation de l'information financière, y compris la comptabilité et l'archivage des documents comptables </link:label>
    <link:labelArc xlink:type="arc" xlink:arcrole="http://www.xbrl.org/2003/arcrole/concept-label" xlink:from="ReportingResponsibilitiesAccordingToTheDanishExecutiveOrderOnApprovedAuditorsReportsEspeciallyLegislationOnFinancialReportingIncludingAccountingAndStorageOfAccountingRecordsAudit" xlink:to="label_ReportingResponsibilitiesAccordingToTheDanishExecutiveOrderOnApprovedAuditorsReportsEspeciallyLegislationOnFinancialReportingIncludingAccountingAndStorageOfAccountingRecordsAudit_2" xlink:title="label: ReportingResponsibilitiesAccordingToTheDanishExecutiveOrderOnApprovedAuditorsReportsEspeciallyLegislationOnFinancialReportingIncludingAccountingAndStorageOfAccountingRecordsAudit to label_ReportingResponsibilitiesAccordingToTheDanishExecutiveOrderOnApprovedAuditorsReportsEspeciallyLegislationOnFinancialReportingIncludingAccountingAndStorageOfAccountingRecordsAudit"/>
    <link:loc xlink:type="locator" xlink:href="arr.xsd#arr_ReportingResponsibilitiesAccordingToTheDanishExecutiveOrderOnApprovedAuditorsReportsEspeciallyOtherMattersAudit" xlink:label="ReportingResponsibilitiesAccordingToTheDanishExecutiveOrderOnApprovedAuditorsReportsEspeciallyOtherMattersAudit" xlink:title="ReportingResponsibilitiesAccordingToTheDanishExecutiveOrderOnApprovedAuditorsReportsEspeciallyOtherMattersAudit"/>
    <link:label xlink:type="resource" xlink:label="label_ReportingResponsibilitiesAccordingToTheDanishExecutiveOrderOnApprovedAuditorsReportsEspeciallyOtherMattersAudit_2" xlink:role="http://www.xbrl.org/2003/role/label" xlink:title="label_ReportingResponsibilitiesAccordingToTheDanishExecutiveOrderOnApprovedAuditorsReportsEspeciallyOtherMattersAudit" xml:lang="fr" id="label_ReportingResponsibilitiesAccordingToTheDanishExecutiveOrderOnApprovedAuditorsReportsEspeciallyOtherMattersAudit_2">Obligations de communication conformément au décret danois sur les rapports d'auditeurs approuvés, et particulièrement concernant d'autres sujets </link:label>
    <link:labelArc xlink:type="arc" xlink:arcrole="http://www.xbrl.org/2003/arcrole/concept-label" xlink:from="ReportingResponsibilitiesAccordingToTheDanishExecutiveOrderOnApprovedAuditorsReportsEspeciallyOtherMattersAudit" xlink:to="label_ReportingResponsibilitiesAccordingToTheDanishExecutiveOrderOnApprovedAuditorsReportsEspeciallyOtherMattersAudit_2" xlink:title="label: ReportingResponsibilitiesAccordingToTheDanishExecutiveOrderOnApprovedAuditorsReportsEspeciallyOtherMattersAudit to label_ReportingResponsibilitiesAccordingToTheDanishExecutiveOrderOnApprovedAuditorsReportsEspeciallyOtherMattersAudit"/>
    <link:loc xlink:type="locator" xlink:href="arr.xsd#arr_OtherInformationAccordingToRegulationEUAudit" xlink:label="OtherInformationAccordingToRegulationEUAudit" xlink:title="OtherInformationAccordingToRegulationEUAudit"/>
    <link:label xlink:type="resource" xlink:label="label_OtherInformationAccordingToRegulationEUAudit_2" xlink:role="http://www.xbrl.org/2003/role/label" xlink:title="label_OtherInformationAccordingToRegulationEUAudit" xml:lang="fr" id="label_OtherInformationAccordingToRegulationEUAudit_2">Autres informations conformément à la réglementation (UE)</link:label>
    <link:labelArc xlink:type="arc" xlink:arcrole="http://www.xbrl.org/2003/arcrole/concept-label" xlink:from="OtherInformationAccordingToRegulationEUAudit" xlink:to="label_OtherInformationAccordingToRegulationEUAudit_2" xlink:title="label: OtherInformationAccordingToRegulationEUAudit to label_OtherInformationAccordingToRegulationEUAudit"/>
    <link:loc xlink:type="locator" xlink:href="arr.xsd#arr_ReportingResponsibilitiesAccordingToTheDanishExecutiveOrderOnApprovedAuditorsReportsExtendedReview" xlink:label="ReportingResponsibilitiesAccordingToTheDanishExecutiveOrderOnApprovedAuditorsReportsExtendedReview" xlink:title="ReportingResponsibilitiesAccordingToTheDanishExecutiveOrderOnApprovedAuditorsReportsExtendedReview"/>
    <link:label xlink:type="resource" xlink:label="label_ReportingResponsibilitiesAccordingToTheDanishExecutiveOrderOnApprovedAuditorsReportsExtendedReview_2" xlink:role="http://www.xbrl.org/2003/role/label" xlink:title="label_ReportingResponsibilitiesAccordingToTheDanishExecutiveOrderOnApprovedAuditorsReportsExtendedReview" xml:lang="fr" id="label_ReportingResponsibilitiesAccordingToTheDanishExecutiveOrderOnApprovedAuditorsReportsExtendedReview_2">Obligations de communication conformément au décret danois sur les rapports des auditeurs approuvés </link:label>
    <link:labelArc xlink:type="arc" xlink:arcrole="http://www.xbrl.org/2003/arcrole/concept-label" xlink:from="ReportingResponsibilitiesAccordingToTheDanishExecutiveOrderOnApprovedAuditorsReportsExtendedReview" xlink:to="label_ReportingResponsibilitiesAccordingToTheDanishExecutiveOrderOnApprovedAuditorsReportsExtendedReview_2" xlink:title="label: ReportingResponsibilitiesAccordingToTheDanishExecutiveOrderOnApprovedAuditorsReportsExtendedReview to label_ReportingResponsibilitiesAccordingToTheDanishExecutiveOrderOnApprovedAuditorsReportsExtendedReview"/>
    <link:loc xlink:type="locator" xlink:href="arr.xsd#arr_ReportingResponsibilitiesAccordingToTheDanishExecutiveOrderOnApprovedAuditorsReportsEspeciallyTheCriminalCodeAndFiscalTaxAndSubsidyLegislationExtendedReview" xlink:label="ReportingResponsibilitiesAccordingToTheDanishExecutiveOrderOnApprovedAuditorsReportsEspeciallyTheCriminalCodeAndFiscalTaxAndSubsidyLegislationExtendedReview" xlink:title="ReportingResponsibilitiesAccordingToTheDanishExecutiveOrderOnApprovedAuditorsReportsEspeciallyTheCriminalCodeAndFiscalTaxAndSubsidyLegislationExtendedReview"/>
    <link:label xlink:type="resource" xlink:label="label_ReportingResponsibilitiesAccordingToTheDanishExecutiveOrderOnApprovedAuditorsReportsEspeciallyTheCriminalCodeAndFiscalTaxAndSubsidyLegislationExtendedReview_2" xlink:role="http://www.xbrl.org/2003/role/label" xlink:title="label_ReportingResponsibilitiesAccordingToTheDanishExecutiveOrderOnApprovedAuditorsReportsEspeciallyTheCriminalCodeAndFiscalTaxAndSubsidyLegislationExtendedReview" xml:lang="fr" id="label_ReportingResponsibilitiesAccordingToTheDanishExecutiveOrderOnApprovedAuditorsReportsEspeciallyTheCriminalCodeAndFiscalTaxAndSubsidyLegislationExtendedReview_2">Obligations de communication conformément au décret danois sur les rapports d'auditeurs approuvés, et particulièrement concernant le code pénal et la législation relative aux impôts, redevances et subventions</link:label>
    <link:labelArc xlink:type="arc" xlink:arcrole="http://www.xbrl.org/2003/arcrole/concept-label" xlink:from="ReportingResponsibilitiesAccordingToTheDanishExecutiveOrderOnApprovedAuditorsReportsEspeciallyTheCriminalCodeAndFiscalTaxAndSubsidyLegislationExtendedReview" xlink:to="label_ReportingResponsibilitiesAccordingToTheDanishExecutiveOrderOnApprovedAuditorsReportsEspeciallyTheCriminalCodeAndFiscalTaxAndSubsidyLegislationExtendedReview_2" xlink:title="label: ReportingResponsibilitiesAccordingToTheDanishExecutiveOrderOnApprovedAuditorsReportsEspeciallyTheCriminalCodeAndFiscalTaxAndSubsidyLegislationExtendedReview to label_ReportingResponsibilitiesAccordingToTheDanishExecutiveOrderOnApprovedAuditorsReportsEspeciallyTheCriminalCodeAndFiscalTaxAndSubsidyLegislationExtendedReview"/>
    <link:loc xlink:type="locator" xlink:href="arr.xsd#arr_ReportingResponsibilitiesAccordingToTheDanishExecutiveOrderOnApprovedAuditorsReportsEspeciallyTheCompaniesActOrEquivalentLegislationThatTheCompanyIsSubjectToExtendedReview" xlink:label="ReportingResponsibilitiesAccordingToTheDanishExecutiveOrderOnApprovedAuditorsReportsEspeciallyTheCompaniesActOrEquivalentLegislationThatTheCompanyIsSubjectToExtendedReview" xlink:title="ReportingResponsibilitiesAccordingToTheDanishExecutiveOrderOnApprovedAuditorsReportsEspeciallyTheCompaniesActOrEquivalentLegislationThatTheCompanyIsSubjectToExtendedReview"/>
    <link:label xlink:type="resource" xlink:label="label_ReportingResponsibilitiesAccordingToTheDanishExecutiveOrderOnApprovedAuditorsReportsEspeciallyTheCompaniesActOrEquivalentLegislationThatTheCompanyIsSubjectToExtendedReview_2" xlink:role="http://www.xbrl.org/2003/role/label" xlink:title="label_ReportingResponsibilitiesAccordingToTheDanishExecutiveOrderOnApprovedAuditorsReportsEspeciallyTheCompaniesActOrEquivalentLegislationThatTheCompanyIsSubjectToExtendedReview" xml:lang="fr" id="label_ReportingResponsibilitiesAccordingToTheDanishExecutiveOrderOnApprovedAuditorsReportsEspeciallyTheCompaniesActOrEquivalentLegislationThatTheCompanyIsSubjectToExtendedReview_2">Obligations de communication conformément au décret danois sur les rapports d'auditeurs approuvés, et particulièrement concernant la loi sur les sociétés ou toute législation équivalente à laquelle est soumise la société </link:label>
    <link:labelArc xlink:type="arc" xlink:arcrole="http://www.xbrl.org/2003/arcrole/concept-label" xlink:from="ReportingResponsibilitiesAccordingToTheDanishExecutiveOrderOnApprovedAuditorsReportsEspeciallyTheCompaniesActOrEquivalentLegislationThatTheCompanyIsSubjectToExtendedReview" xlink:to="label_ReportingResponsibilitiesAccordingToTheDanishExecutiveOrderOnApprovedAuditorsReportsEspeciallyTheCompaniesActOrEquivalentLegislationThatTheCompanyIsSubjectToExtendedReview_2" xlink:title="label: ReportingResponsibilitiesAccordingToTheDanishExecutiveOrderOnApprovedAuditorsReportsEspeciallyTheCompaniesActOrEquivalentLegislationThatTheCompanyIsSubjectToExtendedReview to label_ReportingResponsibilitiesAccordingToTheDanishExecutiveOrderOnApprovedAuditorsReportsEspeciallyTheCompaniesActOrEquivalentLegislationThatTheCompanyIsSubjectToExtendedReview"/>
    <link:loc xlink:type="locator" xlink:href="arr.xsd#arr_ReportingResponsibilitiesAccordingToTheDanishExecutiveOrderOnApprovedAuditorsReportsEspeciallyLegislationOnFinancialReportingIncludingAccountingAndStorageOfAccountingRecordsExtendedReview" xlink:label="ReportingResponsibilitiesAccordingToTheDanishExecutiveOrderOnApprovedAuditorsReportsEspeciallyLegislationOnFinancialReportingIncludingAccountingAndStorageOfAccountingRecordsExtendedReview" xlink:title="ReportingResponsibilitiesAccordingToTheDanishExecutiveOrderOnApprovedAuditorsReportsEspeciallyLegislationOnFinancialReportingIncludingAccountingAndStorageOfAccountingRecordsExtendedReview"/>
    <link:label xlink:type="resource" xlink:label="label_ReportingResponsibilitiesAccordingToTheDanishExecutiveOrderOnApprovedAuditorsReportsEspeciallyLegislationOnFinancialReportingIncludingAccountingAndStorageOfAccountingRecordsExtendedReview_2" xlink:role="http://www.xbrl.org/2003/role/label" xlink:title="label_ReportingResponsibilitiesAccordingToTheDanishExecutiveOrderOnApprovedAuditorsReportsEspeciallyLegislationOnFinancialReportingIncludingAccountingAndStorageOfAccountingRecordsExtendedReview" xml:lang="fr" id="label_ReportingResponsibilitiesAccordingToTheDanishExecutiveOrderOnApprovedAuditorsReportsEspeciallyLegislationOnFinancialReportingIncludingAccountingAndStorageOfAccountingRecordsExtendedReview_2">Obligations de communication conformément au décret danois sur les rapports d'auditeurs approuvés, et particulièrement concernant la législation relative à la présentation de l'information financière, y compris la comptabilité et l'archivage des documents comptables </link:label>
    <link:labelArc xlink:type="arc" xlink:arcrole="http://www.xbrl.org/2003/arcrole/concept-label" xlink:from="ReportingResponsibilitiesAccordingToTheDanishExecutiveOrderOnApprovedAuditorsReportsEspeciallyLegislationOnFinancialReportingIncludingAccountingAndStorageOfAccountingRecordsExtendedReview" xlink:to="label_ReportingResponsibilitiesAccordingToTheDanishExecutiveOrderOnApprovedAuditorsReportsEspeciallyLegislationOnFinancialReportingIncludingAccountingAndStorageOfAccountingRecordsExtendedReview_2" xlink:title="label: ReportingResponsibilitiesAccordingToTheDanishExecutiveOrderOnApprovedAuditorsReportsEspeciallyLegislationOnFinancialReportingIncludingAccountingAndStorageOfAccountingRecordsExtendedReview to label_ReportingResponsibilitiesAccordingToTheDanishExecutiveOrderOnApprovedAuditorsReportsEspeciallyLegislationOnFinancialReportingIncludingAccountingAndStorageOfAccountingRecordsExtendedReview"/>
    <link:loc xlink:type="locator" xlink:href="arr.xsd#arr_ReportingResponsibilitiesAccordingToTheDanishExecutiveOrderOnApprovedAuditorsReportsEspeciallyOtherMattersExtendedReview" xlink:label="ReportingResponsibilitiesAccordingToTheDanishExecutiveOrderOnApprovedAuditorsReportsEspeciallyOtherMattersExtendedReview" xlink:title="ReportingResponsibilitiesAccordingToTheDanishExecutiveOrderOnApprovedAuditorsReportsEspeciallyOtherMattersExtendedReview"/>
    <link:label xlink:type="resource" xlink:label="label_ReportingResponsibilitiesAccordingToTheDanishExecutiveOrderOnApprovedAuditorsReportsEspeciallyOtherMattersExtendedReview_2" xlink:role="http://www.xbrl.org/2003/role/label" xlink:title="label_ReportingResponsibilitiesAccordingToTheDanishExecutiveOrderOnApprovedAuditorsReportsEspeciallyOtherMattersExtendedReview" xml:lang="fr" id="label_ReportingResponsibilitiesAccordingToTheDanishExecutiveOrderOnApprovedAuditorsReportsEspeciallyOtherMattersExtendedReview_2">Obligations de communication conformément au décret danois sur les rapports d'auditeurs approuvés, et particulièrement concernant d'autres sujets </link:label>
    <link:labelArc xlink:type="arc" xlink:arcrole="http://www.xbrl.org/2003/arcrole/concept-label" xlink:from="ReportingResponsibilitiesAccordingToTheDanishExecutiveOrderOnApprovedAuditorsReportsEspeciallyOtherMattersExtendedReview" xlink:to="label_ReportingResponsibilitiesAccordingToTheDanishExecutiveOrderOnApprovedAuditorsReportsEspeciallyOtherMattersExtendedReview_2" xlink:title="label: ReportingResponsibilitiesAccordingToTheDanishExecutiveOrderOnApprovedAuditorsReportsEspeciallyOtherMattersExtendedReview to label_ReportingResponsibilitiesAccordingToTheDanishExecutiveOrderOnApprovedAuditorsReportsEspeciallyOtherMattersExtendedReview"/>
    <link:loc xlink:type="locator" xlink:href="arr.xsd#arr_TypeOfBasisForModifiedOpinionOnFinancialStatementsReview" xlink:label="TypeOfBasisForModifiedOpinionOnFinancialStatementsReview" xlink:title="TypeOfBasisForModifiedOpinionOnFinancialStatementsReview"/>
    <link:label xlink:type="resource" xlink:label="label_TypeOfBasisForModifiedOpinionOnFinancialStatementsReview_2" xlink:role="http://www.xbrl.org/2003/role/label" xlink:title="label_TypeOfBasisForModifiedOpinionOnFinancialStatementsReview" xml:lang="fr" id="label_TypeOfBasisForModifiedOpinionOnFinancialStatementsReview_2">Type de base de conclusion sur les états financiers (examen)</link:label>
    <link:labelArc xlink:type="arc" xlink:arcrole="http://www.xbrl.org/2003/arcrole/concept-label" xlink:from="TypeOfBasisForModifiedOpinionOnFinancialStatementsReview" xlink:to="label_TypeOfBasisForModifiedOpinionOnFinancialStatementsReview_2" xlink:title="label: TypeOfBasisForModifiedOpinionOnFinancialStatementsReview to label_TypeOfBasisForModifiedOpinionOnFinancialStatementsReview"/>
    <link:loc xlink:type="locator" xlink:href="arr.xsd#arr_TypeOfModifiedOpinionOnAuditedFinancialStatementsReview" xlink:label="TypeOfModifiedOpinionOnAuditedFinancialStatementsReview" xlink:title="TypeOfModifiedOpinionOnAuditedFinancialStatementsReview"/>
    <link:label xlink:type="resource" xlink:label="label_TypeOfModifiedOpinionOnAuditedFinancialStatementsReview_2" xlink:role="http://www.xbrl.org/2003/role/label" xlink:title="label_TypeOfModifiedOpinionOnAuditedFinancialStatementsReview" xml:lang="fr" id="label_TypeOfModifiedOpinionOnAuditedFinancialStatementsReview_2">Type de conclusion sur les états financiers (examen)</link:label>
    <link:labelArc xlink:type="arc" xlink:arcrole="http://www.xbrl.org/2003/arcrole/concept-label" xlink:from="TypeOfModifiedOpinionOnAuditedFinancialStatementsReview" xlink:to="label_TypeOfModifiedOpinionOnAuditedFinancialStatementsReview_2" xlink:title="label: TypeOfModifiedOpinionOnAuditedFinancialStatementsReview to label_TypeOfModifiedOpinionOnAuditedFinancialStatementsReview"/>
    <link:loc xlink:type="locator" xlink:href="arr.xsd#arr_StatementOnOtherInformationAuditorsReportOnAuditedFinancialStatements" xlink:label="StatementOnOtherInformationAuditorsReportOnAuditedFinancialStatements" xlink:title="StatementOnOtherInformationAuditorsReportOnAuditedFinancialStatements"/>
    <link:label xlink:type="resource" xlink:label="label_StatementOnOtherInformationAuditorsReportOnAuditedFinancialStatements_2" xlink:role="http://www.xbrl.org/2003/role/label" xlink:title="label_StatementOnOtherInformationAuditorsReportOnAuditedFinancialStatements" xml:lang="fr" id="label_StatementOnOtherInformationAuditorsReportOnAuditedFinancialStatements_2">Déclaration relative aux autres informations [Rapport de l'auditeur sur les états financiers vérifiés]</link:label>
    <link:labelArc xlink:type="arc" xlink:arcrole="http://www.xbrl.org/2003/arcrole/concept-label" xlink:from="StatementOnOtherInformationAuditorsReportOnAuditedFinancialStatements" xlink:to="label_StatementOnOtherInformationAuditorsReportOnAuditedFinancialStatements_2" xlink:title="label: StatementOnOtherInformationAuditorsReportOnAuditedFinancialStatements to label_StatementOnOtherInformationAuditorsReportOnAuditedFinancialStatements"/>
    <link:loc xlink:type="locator" xlink:href="arr.xsd#arr_StatementOnOtherInformationAuditorsReportOnExtendedReviewFinancialStatementsExtendedReview" xlink:label="StatementOnOtherInformationAuditorsReportOnExtendedReviewFinancialStatementsExtendedReview" xlink:title="StatementOnOtherInformationAuditorsReportOnExtendedReviewFinancialStatementsExtendedReview"/>
    <link:label xlink:type="resource" xlink:label="label_StatementOnOtherInformationAuditorsReportOnExtendedReviewFinancialStatementsExtendedReview_2" xlink:role="http://www.xbrl.org/2003/role/label" xlink:title="label_StatementOnOtherInformationAuditorsReportOnExtendedReviewFinancialStatementsExtendedReview" xml:lang="fr" id="label_StatementOnOtherInformationAuditorsReportOnExtendedReviewFinancialStatementsExtendedReview_2">Déclaration relative aux autres informations [Rapport de l'auditeur sur l'examen approfondi des états financiers]</link:label>
    <link:labelArc xlink:type="arc" xlink:arcrole="http://www.xbrl.org/2003/arcrole/concept-label" xlink:from="StatementOnOtherInformationAuditorsReportOnExtendedReviewFinancialStatementsExtendedReview" xlink:to="label_StatementOnOtherInformationAuditorsReportOnExtendedReviewFinancialStatementsExtendedReview_2" xlink:title="label: StatementOnOtherInformationAuditorsReportOnExtendedReviewFinancialStatementsExtendedReview to label_StatementOnOtherInformationAuditorsReportOnExtendedReviewFinancialStatementsExtendedReview"/>
    <link:loc xlink:type="locator" xlink:href="arr.xsd#arr_OtherReportingResponsibilitiesAudit" xlink:label="OtherReportingResponsibilitiesAudit" xlink:title="OtherReportingResponsibilitiesAudit"/>
    <link:label xlink:type="resource" xlink:label="label_OtherReportingResponsibilitiesAudit_2" xlink:role="http://www.xbrl.org/2003/role/label" xlink:title="label_OtherReportingResponsibilitiesAudit" xml:lang="fr" id="label_OtherReportingResponsibilitiesAudit_2">Autres responsabilités relatives à l'établissement de rapports (audit)</link:label>
    <link:labelArc xlink:type="arc" xlink:arcrole="http://www.xbrl.org/2003/arcrole/concept-label" xlink:from="OtherReportingResponsibilitiesAudit" xlink:to="label_OtherReportingResponsibilitiesAudit_2" xlink:title="label: OtherReportingResponsibilitiesAudit to label_OtherReportingResponsibilitiesAudit"/>
    <link:loc xlink:type="locator" xlink:href="arr.xsd#arr_MaterialUncertaintyConcerningGoingConcernExtendedReview" xlink:label="MaterialUncertaintyConcerningGoingConcernExtendedReview" xlink:title="MaterialUncertaintyConcerningGoingConcernExtendedReview"/>
    <link:label xlink:type="resource" xlink:label="label_MaterialUncertaintyConcerningGoingConcernExtendedReview_2" xlink:role="http://www.xbrl.org/2003/role/label" xlink:title="label_MaterialUncertaintyConcerningGoingConcernExtendedReview" xml:lang="fr" id="label_MaterialUncertaintyConcerningGoingConcernExtendedReview_2">Incertitude significative concernant la continuité de l'exploitation (examen approfondi)</link:label>
    <link:labelArc xlink:type="arc" xlink:arcrole="http://www.xbrl.org/2003/arcrole/concept-label" xlink:from="MaterialUncertaintyConcerningGoingConcernExtendedReview" xlink:to="label_MaterialUncertaintyConcerningGoingConcernExtendedReview_2" xlink:title="label: MaterialUncertaintyConcerningGoingConcernExtendedReview to label_MaterialUncertaintyConcerningGoingConcernExtendedReview"/>
    <link:loc xlink:type="locator" xlink:href="arr.xsd#arr_SupplementaryInformationOnReview" xlink:label="SupplementaryInformationOnReview" xlink:title="SupplementaryInformationOnReview"/>
    <link:label xlink:type="resource" xlink:label="label_SupplementaryInformationOnReview_2" xlink:role="http://www.xbrl.org/2003/role/label" xlink:title="label_SupplementaryInformationOnReview" xml:lang="fr" id="label_SupplementaryInformationOnReview_2">Autre question (examen)</link:label>
    <link:labelArc xlink:type="arc" xlink:arcrole="http://www.xbrl.org/2003/arcrole/concept-label" xlink:from="SupplementaryInformationOnReview" xlink:to="label_SupplementaryInformationOnReview_2" xlink:title="label: SupplementaryInformationOnReview to label_SupplementaryInformationOnReview"/>
    <link:loc xlink:type="locator" xlink:href="arr.xsd#arr_AuditorsReportOnXbrlTagging" xlink:label="AuditorsReportOnXbrlTagging" xlink:title="AuditorsReportOnXbrlTagging"/>
    <link:label xlink:type="resource" xlink:label="label_AuditorsReportOnXbrlTagging_2" xlink:role="http://www.xbrl.org/2003/role/label" xlink:title="label_AuditorsReportOnXbrlTagging" xml:lang="fr" id="label_AuditorsReportOnXbrlTagging_2">Rapport des auditeurs sur le marquage XBRL</link:label>
    <link:labelArc xlink:type="arc" xlink:arcrole="http://www.xbrl.org/2003/arcrole/concept-label" xlink:from="AuditorsReportOnXbrlTagging" xlink:to="label_AuditorsReportOnXbrlTagging_2" xlink:title="label: AuditorsReportOnXbrlTagging to label_AuditorsReportOnXbrlTagging"/>
  </link:labelLink>
</link:linkbase>
