<?xml version="1.0" encoding="UTF-8"?>
<!-- Generated by Fujitsu Interstage XWand B0251 -->
<?officialURI http://archprod.service.eogs.dk/taxonomy/20211001/sob/sob-lab-en.xml?>

<?taxonomy-version 1.7.0?>

<link:linkbase xmlns:xsi="http://www.w3.org/2001/XMLSchema-instance" xsi:schemaLocation="http://www.xbrl.org/2003/linkbase http://www.xbrl.org/2003/xbrl-linkbase-2003-12-31.xsd" xmlns:sob="http://xbrl.dcca.dk/sob" xmlns:link="http://www.xbrl.org/2003/linkbase" xmlns:gen="http://xbrl.org/2008/generic" xmlns:tch="http://xbrl.dcca.dk/tch" xmlns:ref="http://www.xbrl.org/2006/ref" xmlns:num="http://www.xbrl.org/dtr/type/numeric" xmlns:nonnum="http://www.xbrl.org/dtr/type/non-numeric" xmlns:xbrldt="http://xbrl.org/2005/xbrldt" xmlns:label="http://xbrl.org/2008/label" xmlns:xl="http://www.xbrl.org/2003/XLink" xmlns:cmn="http://xbrl.dcca.dk/cmn" xmlns:xbrli="http://www.xbrl.org/2003/instance" xmlns:xsd="http://www.w3.org/2001/XMLSchema" xmlns:xlink="http://www.w3.org/1999/xlink">
  <link:labelLink xlink:type="extended" xlink:role="http://www.xbrl.org/2003/role/link">
    <link:loc xlink:type="locator" xlink:href="sob.xsd#sob_ApprovalOfAnnualReportAbstract" xlink:label="ApprovalOfAnnualReportAbstract"/>
    <link:label xlink:type="resource" xlink:label="label_ApprovalOfAnnualReportAbstract" xlink:role="http://www.xbrl.org/2003/role/label" xml:lang="en" id="label_ApprovalOfAnnualReportAbstract">Approval of annual report</link:label>
    <link:labelArc xlink:type="arc" xlink:arcrole="http://www.xbrl.org/2003/arcrole/concept-label" xlink:from="ApprovalOfAnnualReportAbstract" xlink:to="label_ApprovalOfAnnualReportAbstract" order="10.0"/>
    <link:loc xlink:type="locator" xlink:href="sob.xsd#sob_ConfirmationThatFinancialStatementGivesTrueAndFairViewOfAssetsLiabilitiesEquityFinancialPositionAndResults" xlink:label="ConfirmationThatFinancialStatementGivesTrueAndFairViewOfAssetsLiabilitiesEquityFinancialPositionAndResults"/>
    <link:label xlink:type="resource" xlink:label="label_ConfirmationThatFinancialStatementGivesTrueAndFairViewOfAssetsLiabilitiesEquityFinancialPositionAndResults" xlink:role="http://www.xbrl.org/2003/role/label" xml:lang="en" id="label_ConfirmationThatFinancialStatementGivesTrueAndFairViewOfAssetsLiabilitiesEquityFinancialPositionAndResults">Confirmation that financial statements gives true and fair view of assets, liabilities, equity, financial position and results</link:label>
    <link:labelArc xlink:type="arc" xlink:arcrole="http://www.xbrl.org/2003/arcrole/concept-label" xlink:from="ConfirmationThatFinancialStatementGivesTrueAndFairViewOfAssetsLiabilitiesEquityFinancialPositionAndResults" xlink:to="label_ConfirmationThatFinancialStatementGivesTrueAndFairViewOfAssetsLiabilitiesEquityFinancialPositionAndResults" order="10.0"/>
    <link:label xlink:type="resource" xlink:label="label_ConfirmationThatFinancialStatementGivesTrueAndFairViewOfAssetsLiabilitiesEquityFinancialPositionAndResults_2" xlink:role="http://www.xbrl.org/2003/role/label" xml:lang="en" id="label_ConfirmationThatFinancialStatementGivesTrueAndFairViewOfAssetsLiabilitiesEquityFinancialPositionAndResults_2">Confirmation that financial statement gives true and fair view of assets, liabilities, equity, financial position and results</link:label>
    <link:labelArc xlink:type="arc" xlink:arcrole="http://www.xbrl.org/2003/arcrole/concept-label" xlink:from="ConfirmationThatFinancialStatementGivesTrueAndFairViewOfAssetsLiabilitiesEquityFinancialPositionAndResults" xlink:to="label_ConfirmationThatFinancialStatementGivesTrueAndFairViewOfAssetsLiabilitiesEquityFinancialPositionAndResults_2" order="10.0"/>
    <link:loc xlink:type="locator" xlink:href="sob.xsd#sob_ConfirmationThatAnnualReportIsPresentedInAccordanceWithRequirementsProvidedForByLegislationAnyStandardsAndRequirementsProvidedByArticlesOfAssociationOrByAgreement" xlink:label="ConfirmationThatAnnualReportIsPresentedInAccordanceWithRequirementsProvidedForByLegislationAnyStandardsAndRequirementsProvidedByArticlesOfAssociationOrByAgreement"/>
    <link:label xlink:type="resource" xlink:label="label_ConfirmationThatAnnualReportIsPresentedInAccordanceWithRequirementsProvidedForByLegislationAnyStandardsAndRequirementsProvidedByArticlesOfAssociationOrByAgreement" xlink:role="http://www.xbrl.org/2003/role/label" xml:lang="en" id="label_ConfirmationThatAnnualReportIsPresentedInAccordanceWithRequirementsProvidedForByLegislationAnyStandardsAndRequirementsProvidedByArticlesOfAssociationOrByAgreement">Confirmation that annual report is presented in accordance with requirements provided for by legislation, any standards and requirements provided by articles of association or by agreement</link:label>
    <link:labelArc xlink:type="arc" xlink:arcrole="http://www.xbrl.org/2003/arcrole/concept-label" xlink:from="ConfirmationThatAnnualReportIsPresentedInAccordanceWithRequirementsProvidedForByLegislationAnyStandardsAndRequirementsProvidedByArticlesOfAssociationOrByAgreement" xlink:to="label_ConfirmationThatAnnualReportIsPresentedInAccordanceWithRequirementsProvidedForByLegislationAnyStandardsAndRequirementsProvidedByArticlesOfAssociationOrByAgreement" order="10.0"/>
    <link:label xlink:type="resource" xlink:label="label_ConfirmationThatAnnualReportIsPresentedInAccordanceWithRequirementsProvidedForByLegislationAnyStandardsAndRequirementsProvidedByArticlesOfAssociationOrByAgreement_2" xlink:role="http://www.xbrl.org/2003/role/label" xml:lang="en" id="label_ConfirmationThatAnnualReportIsPresentedInAccordanceWithRequirementsProvidedForByLegislationAnyStandardsAndRequirementsProvidedByArticlesOfAssociationOrByAgreement_2">Confirmation that annual report is presented in accordance with requirements provided for by legislation, any standards and requirements provided by articles of association or by agreement</link:label>
    <link:labelArc xlink:type="arc" xlink:arcrole="http://www.xbrl.org/2003/arcrole/concept-label" xlink:from="ConfirmationThatAnnualReportIsPresentedInAccordanceWithRequirementsProvidedForByLegislationAnyStandardsAndRequirementsProvidedByArticlesOfAssociationOrByAgreement" xlink:to="label_ConfirmationThatAnnualReportIsPresentedInAccordanceWithRequirementsProvidedForByLegislationAnyStandardsAndRequirementsProvidedByArticlesOfAssociationOrByAgreement_2" order="10.0"/>
    <link:loc xlink:type="locator" xlink:href="sob.xsd#sob_ConfirmationThatFinancialStatementsAreExemptedFromAuditing" xlink:label="ConfirmationThatFinancialStatementsAreExemptedFromAuditing"/>
    <link:label xlink:type="resource" xlink:label="label_ConfirmationThatFinancialStatementsAreExemptedFromAuditing" xlink:role="http://www.xbrl.org/2003/role/label" xml:lang="en" id="label_ConfirmationThatFinancialStatementsAreExemptedFromAuditing">Confirmation that financial statements qualify for not been audited</link:label>
    <link:labelArc xlink:type="arc" xlink:arcrole="http://www.xbrl.org/2003/arcrole/concept-label" xlink:from="ConfirmationThatFinancialStatementsAreExemptedFromAuditing" xlink:to="label_ConfirmationThatFinancialStatementsAreExemptedFromAuditing" order="10.0"/>
    <link:label xlink:type="resource" xlink:label="label_ConfirmationThatFinancialStatementsAreExemptedFromAuditing_2" xlink:role="http://www.xbrl.org/2003/role/label" xml:lang="en" id="label_ConfirmationThatFinancialStatementsAreExemptedFromAuditing_2">Confirmation that financial statements are exempted from auditing</link:label>
    <link:labelArc xlink:type="arc" xlink:arcrole="http://www.xbrl.org/2003/arcrole/concept-label" xlink:from="ConfirmationThatFinancialStatementsAreExemptedFromAuditing" xlink:to="label_ConfirmationThatFinancialStatementsAreExemptedFromAuditing_2" order="10.0"/>
    <link:loc xlink:type="locator" xlink:href="sob.xsd#sob_ConfirmationThatSupplementaryReportsGiveTrueAndFairViewInAccordanceWithGenerallyAcceptedGuidelinesForSuchReports" xlink:label="ConfirmationThatSupplementaryReportsGiveTrueAndFairViewInAccordanceWithGenerallyAcceptedGuidelinesForSuchReports"/>
    <link:label xlink:type="resource" xlink:label="label_ConfirmationThatSupplementaryReportsGiveTrueAndFairViewInAccordanceWithGenerallyAcceptedGuidelinesForSuchReports" xlink:role="http://www.xbrl.org/2003/role/label" xml:lang="en" id="label_ConfirmationThatSupplementaryReportsGiveTrueAndFairViewInAccordanceWithGenerallyAcceptedGuidelinesForSuchReports">Confirmation that supplementary reports give a fair review in accordance with generally accepted guidelines for such reports</link:label>
    <link:labelArc xlink:type="arc" xlink:arcrole="http://www.xbrl.org/2003/arcrole/concept-label" xlink:from="ConfirmationThatSupplementaryReportsGiveTrueAndFairViewInAccordanceWithGenerallyAcceptedGuidelinesForSuchReports" xlink:to="label_ConfirmationThatSupplementaryReportsGiveTrueAndFairViewInAccordanceWithGenerallyAcceptedGuidelinesForSuchReports" order="10.0"/>
    <link:label xlink:type="resource" xlink:label="label_ConfirmationThatSupplementaryReportsGiveTrueAndFairViewInAccordanceWithGenerallyAcceptedGuidelinesForSuchReports_2" xlink:role="http://www.xbrl.org/2003/role/label" xml:lang="en" id="label_ConfirmationThatSupplementaryReportsGiveTrueAndFairViewInAccordanceWithGenerallyAcceptedGuidelinesForSuchReports_2">Confirmation that supplementary reports give true and fair view in accordance with generally accepted guidelines for such reports</link:label>
    <link:labelArc xlink:type="arc" xlink:arcrole="http://www.xbrl.org/2003/arcrole/concept-label" xlink:from="ConfirmationThatSupplementaryReportsGiveTrueAndFairViewInAccordanceWithGenerallyAcceptedGuidelinesForSuchReports" xlink:to="label_ConfirmationThatSupplementaryReportsGiveTrueAndFairViewInAccordanceWithGenerallyAcceptedGuidelinesForSuchReports_2" order="10.0"/>
    <link:loc xlink:type="locator" xlink:href="sob.xsd#sob_DateOfApprovalOfAnnualReport" xlink:label="DateOfApprovalOfAnnualReport"/>
    <link:label xlink:type="resource" xlink:label="label_DateOfApprovalOfAnnualReport" xlink:role="http://www.xbrl.org/2003/role/label" xml:lang="en" id="label_DateOfApprovalOfAnnualReport">Date of approval of annual report</link:label>
    <link:labelArc xlink:type="arc" xlink:arcrole="http://www.xbrl.org/2003/arcrole/concept-label" xlink:from="DateOfApprovalOfAnnualReport" xlink:to="label_DateOfApprovalOfAnnualReport" order="10.0"/>
    <link:label xlink:type="resource" xlink:label="label_DateOfApprovalOfAnnualReport_2" xlink:role="http://www.xbrl.org/2003/role/label" xml:lang="en" id="label_DateOfApprovalOfAnnualReport_2">Date of approval of annual report</link:label>
    <link:labelArc xlink:type="arc" xlink:arcrole="http://www.xbrl.org/2003/arcrole/concept-label" xlink:from="DateOfApprovalOfAnnualReport" xlink:to="label_DateOfApprovalOfAnnualReport_2" order="10.0"/>
    <link:loc xlink:type="locator" xlink:href="sob.xsd#sob_DescriptionOfSpecificAndAdequateGroundsForObjectionsOfMemberOfExecutiveBoardOnAnnualReport" xlink:label="DescriptionOfSpecificAndAdequateGroundsForObjectionsOfMemberOfExecutiveBoardOnAnnualReport"/>
    <link:label xlink:type="resource" xlink:label="label_DescriptionOfSpecificAndAdequateGroundsForObjectionsOfMemberOfExecutiveBoardOnAnnualReport" xlink:role="http://www.xbrl.org/2003/role/label" xml:lang="en" id="label_DescriptionOfSpecificAndAdequateGroundsForObjectionsOfMemberOfExecutiveBoardOnAnnualReport">Description of specific and adequate grounds for objections of member of executive board on annual report</link:label>
    <link:labelArc xlink:type="arc" xlink:arcrole="http://www.xbrl.org/2003/arcrole/concept-label" xlink:from="DescriptionOfSpecificAndAdequateGroundsForObjectionsOfMemberOfExecutiveBoardOnAnnualReport" xlink:to="label_DescriptionOfSpecificAndAdequateGroundsForObjectionsOfMemberOfExecutiveBoardOnAnnualReport" order="10.0"/>
    <link:loc xlink:type="locator" xlink:href="sob.xsd#sob_DescriptionOfObjectionsOfMemberOfExecutiveBoardOnAnnualReport" xlink:label="DescriptionOfObjectionsOfMemberOfExecutiveBoardOnAnnualReport"/>
    <link:label xlink:type="resource" xlink:label="label_DescriptionOfObjectionsOfMemberOfExecutiveBoardOnAnnualReport" xlink:role="http://www.xbrl.org/2003/role/label" xml:lang="en" id="label_DescriptionOfObjectionsOfMemberOfExecutiveBoardOnAnnualReport">Description of objections of member of executive board on annual report</link:label>
    <link:labelArc xlink:type="arc" xlink:arcrole="http://www.xbrl.org/2003/arcrole/concept-label" xlink:from="DescriptionOfObjectionsOfMemberOfExecutiveBoardOnAnnualReport" xlink:to="label_DescriptionOfObjectionsOfMemberOfExecutiveBoardOnAnnualReport" order="10.0"/>
    <link:loc xlink:type="locator" xlink:href="sob.xsd#sob_StatementOnOptingOutOfAuditingFinancialStatementsInNextReportingPeriodDueToExemption" xlink:label="StatementOnOptingOutOfAuditingFinancialStatementsInNextReportingPeriodDueToExemption"/>
    <link:label xlink:type="resource" xlink:label="label_StatementOnOptingOutOfAuditingFinancialStatementsInNextReportingPeriodDueToExemption" xlink:role="http://www.xbrl.org/2003/role/label" xml:lang="en" id="label_StatementOnOptingOutOfAuditingFinancialStatementsInNextReportingPeriodDueToExemption">Statement on opting out of auditing financial statements in next reporting period due to exemption</link:label>
    <link:labelArc xlink:type="arc" xlink:arcrole="http://www.xbrl.org/2003/arcrole/concept-label" xlink:from="StatementOnOptingOutOfAuditingFinancialStatementsInNextReportingPeriodDueToExemption" xlink:to="label_StatementOnOptingOutOfAuditingFinancialStatementsInNextReportingPeriodDueToExemption" order="10.0"/>
    <link:label xlink:type="resource" xlink:label="label_StatementOnOptingOutOfAuditingFinancialStatementsInNextReportingPeriodDueToExemption_2" xlink:role="http://www.xbrl.org/2003/role/label" xml:lang="en" id="label_StatementOnOptingOutOfAuditingFinancialStatementsInNextReportingPeriodDueToExemption_2">Statement on opting out of auditing financial statements in next reporting period due to exemption</link:label>
    <link:labelArc xlink:type="arc" xlink:arcrole="http://www.xbrl.org/2003/arcrole/concept-label" xlink:from="StatementOnOptingOutOfAuditingFinancialStatementsInNextReportingPeriodDueToExemption" xlink:to="label_StatementOnOptingOutOfAuditingFinancialStatementsInNextReportingPeriodDueToExemption_2" order="10.0"/>
    <link:loc xlink:type="locator" xlink:href="sob.xsd#sob_PlaceOfSignatureOfStatement" xlink:label="PlaceOfSignatureOfStatement"/>
    <link:label xlink:type="resource" xlink:label="label_PlaceOfSignatureOfStatement" xlink:role="http://www.xbrl.org/2003/role/label" xml:lang="en" id="label_PlaceOfSignatureOfStatement">Place of signature of statement by management</link:label>
    <link:labelArc xlink:type="arc" xlink:arcrole="http://www.xbrl.org/2003/arcrole/concept-label" xlink:from="PlaceOfSignatureOfStatement" xlink:to="label_PlaceOfSignatureOfStatement" order="10.0"/>
    <link:label xlink:type="resource" xlink:label="label_PlaceOfSignatureOfStatement_2" xlink:role="http://www.xbrl.org/2003/role/label" xml:lang="en" id="label_PlaceOfSignatureOfStatement_2">Place of signature of statement</link:label>
    <link:labelArc xlink:type="arc" xlink:arcrole="http://www.xbrl.org/2003/arcrole/concept-label" xlink:from="PlaceOfSignatureOfStatement" xlink:to="label_PlaceOfSignatureOfStatement_2" order="10.0"/>
    <link:loc xlink:type="locator" xlink:href="sob.xsd#sob_StatementByExecutiveAndSupervisoryBoards" xlink:label="StatementByExecutiveAndSupervisoryBoards"/>
    <link:label xlink:type="resource" xlink:label="label_StatementByExecutiveAndSupervisoryBoards" xlink:role="http://www.xbrl.org/2003/role/label" xml:lang="en" id="label_StatementByExecutiveAndSupervisoryBoards">Statement by management</link:label>
    <link:labelArc xlink:type="arc" xlink:arcrole="http://www.xbrl.org/2003/arcrole/concept-label" xlink:from="StatementByExecutiveAndSupervisoryBoards" xlink:to="label_StatementByExecutiveAndSupervisoryBoards" order="10.0"/>
    <link:label xlink:type="resource" xlink:label="label_StatementByExecutiveAndSupervisoryBoards_2" xlink:role="http://www.xbrl.org/2003/role/label" xml:lang="en" id="label_StatementByExecutiveAndSupervisoryBoards_2">Statement by executive and supervisory boards</link:label>
    <link:labelArc xlink:type="arc" xlink:arcrole="http://www.xbrl.org/2003/arcrole/concept-label" xlink:from="StatementByExecutiveAndSupervisoryBoards" xlink:to="label_StatementByExecutiveAndSupervisoryBoards_2" order="10.0"/>
    <link:loc xlink:type="locator" xlink:href="sob.xsd#sob_DetailsOnMemberOfExecutiveBoardApprovingAnnualReportHypercube" xlink:label="DetailsOnMemberOfExecutiveBoardApprovingAnnualReportHypercube"/>
    <link:label xlink:type="resource" xlink:label="label_DetailsOnMemberOfExecutiveBoardApprovingAnnualReportHypercube_2" xlink:role="http://www.xbrl.org/2003/role/label" xml:lang="en" id="label_DetailsOnMemberOfExecutiveBoardApprovingAnnualReportHypercube_2">Details on member of executive board approving annual report</link:label>
    <link:labelArc xlink:type="arc" xlink:arcrole="http://www.xbrl.org/2003/arcrole/concept-label" xlink:from="DetailsOnMemberOfExecutiveBoardApprovingAnnualReportHypercube" xlink:to="label_DetailsOnMemberOfExecutiveBoardApprovingAnnualReportHypercube_2" order="10.0"/>
    <link:loc xlink:type="locator" xlink:href="sob.xsd#sob_IdentificationOfApprovedAnnualReport" xlink:label="IdentificationOfApprovedAnnualReport"/>
    <link:label xlink:type="resource" xlink:label="label_IdentificationOfApprovedAnnualReport" xlink:role="http://www.xbrl.org/2003/role/label" xml:lang="en" id="label_IdentificationOfApprovedAnnualReport">Identification of approved annual report</link:label>
    <link:labelArc xlink:type="arc" xlink:arcrole="http://www.xbrl.org/2003/arcrole/concept-label" xlink:from="IdentificationOfApprovedAnnualReport" xlink:to="label_IdentificationOfApprovedAnnualReport" order="10.0"/>
    <link:label xlink:type="resource" xlink:label="label_IdentificationOfApprovedAnnualReport_2" xlink:role="http://www.xbrl.org/2003/role/label" xml:lang="en" id="label_IdentificationOfApprovedAnnualReport_2">Identification of approved annual report</link:label>
    <link:labelArc xlink:type="arc" xlink:arcrole="http://www.xbrl.org/2003/arcrole/concept-label" xlink:from="IdentificationOfApprovedAnnualReport" xlink:to="label_IdentificationOfApprovedAnnualReport_2" order="10.0"/>
    <link:loc xlink:type="locator" xlink:href="sob.xsd#sob_RecommendationForApprovalOfAnnualReportByGeneralMeeting" xlink:label="RecommendationForApprovalOfAnnualReportByGeneralMeeting"/>
    <link:label xlink:type="resource" xlink:label="label_RecommendationForApprovalOfAnnualReportByGeneralMeeting" xlink:role="http://www.xbrl.org/2003/role/label" xml:lang="en" id="label_RecommendationForApprovalOfAnnualReportByGeneralMeeting">Recommendation of annual report for approval by general meeting</link:label>
    <link:labelArc xlink:type="arc" xlink:arcrole="http://www.xbrl.org/2003/arcrole/concept-label" xlink:from="RecommendationForApprovalOfAnnualReportByGeneralMeeting" xlink:to="label_RecommendationForApprovalOfAnnualReportByGeneralMeeting" order="10.0"/>
    <link:label xlink:type="resource" xlink:label="label_RecommendationForApprovalOfAnnualReportByGeneralMeeting_2" xlink:role="http://www.xbrl.org/2003/role/label" xml:lang="en" id="label_RecommendationForApprovalOfAnnualReportByGeneralMeeting_2">Recommendation for approval of annual report by general meeting</link:label>
    <link:labelArc xlink:type="arc" xlink:arcrole="http://www.xbrl.org/2003/arcrole/concept-label" xlink:from="RecommendationForApprovalOfAnnualReportByGeneralMeeting" xlink:to="label_RecommendationForApprovalOfAnnualReportByGeneralMeeting_2" order="10.0"/>
    <link:loc xlink:type="locator" xlink:href="sob.xsd#sob_ManagementsStatementAboutManagementsReview" xlink:label="ManagementsStatementAboutManagementsReview"/>
    <link:label xlink:type="resource" xlink:label="label_ManagementsStatementAboutManagementsReview" xlink:role="http://www.xbrl.org/2003/role/label" xml:lang="en" id="label_ManagementsStatementAboutManagementsReview">Management's statement about management's review</link:label>
    <link:labelArc xlink:type="arc" xlink:arcrole="http://www.xbrl.org/2003/arcrole/concept-label" xlink:from="ManagementsStatementAboutManagementsReview" xlink:to="label_ManagementsStatementAboutManagementsReview" order="10.0"/>
    <link:label xlink:type="resource" xlink:label="label_ManagementsStatementAboutManagementsReview_2" xlink:role="http://www.xbrl.org/2003/role/label" xml:lang="en" id="label_ManagementsStatementAboutManagementsReview_2">Management's statement about management's review</link:label>
    <link:labelArc xlink:type="arc" xlink:arcrole="http://www.xbrl.org/2003/arcrole/concept-label" xlink:from="ManagementsStatementAboutManagementsReview" xlink:to="label_ManagementsStatementAboutManagementsReview_2" order="10.0"/>
    <link:loc xlink:type="locator" xlink:href="sob.xsd#sob_DetailsOnMemberOfExecutiveBoardApprovingAnnualReportAbstract" xlink:label="DetailsOnMemberOfExecutiveBoardApprovingAnnualReportAbstract"/>
    <link:label xlink:type="resource" xlink:label="label_DetailsOnMemberOfExecutiveBoardApprovingAnnualReportAbstract" xlink:role="http://www.xbrl.org/2003/role/label" xml:lang="en" id="label_DetailsOnMemberOfExecutiveBoardApprovingAnnualReportAbstract">Details on member of executive board approving annual report</link:label>
    <link:labelArc xlink:type="arc" xlink:arcrole="http://www.xbrl.org/2003/arcrole/concept-label" xlink:from="DetailsOnMemberOfExecutiveBoardApprovingAnnualReportAbstract" xlink:to="label_DetailsOnMemberOfExecutiveBoardApprovingAnnualReportAbstract" order="10.0"/>
    <link:loc xlink:type="locator" xlink:href="sob.xsd#sob_DetailsOnMemberOfSupervisoryBoardApprovingAnnualReportAbstract" xlink:label="DetailsOnMemberOfSupervisoryBoardApprovingAnnualReportAbstract"/>
    <link:label xlink:type="resource" xlink:label="label_DetailsOnMemberOfSupervisoryBoardApprovingAnnualReportAbstract" xlink:role="http://www.xbrl.org/2003/role/label" xml:lang="en" id="label_DetailsOnMemberOfSupervisoryBoardApprovingAnnualReportAbstract">Details on member of supervisory board approving annual report</link:label>
    <link:labelArc xlink:type="arc" xlink:arcrole="http://www.xbrl.org/2003/arcrole/concept-label" xlink:from="DetailsOnMemberOfSupervisoryBoardApprovingAnnualReportAbstract" xlink:to="label_DetailsOnMemberOfSupervisoryBoardApprovingAnnualReportAbstract" order="10.0"/>
    <link:label xlink:type="resource" xlink:label="label_DetailsOnMemberOfSupervisoryBoardApprovingAnnualReportAbstract_2" xlink:role="http://www.xbrl.org/2003/role/label" xml:lang="en" id="label_DetailsOnMemberOfSupervisoryBoardApprovingAnnualReportAbstract_2">Details on member of supervisory board approving annual report</link:label>
    <link:labelArc xlink:type="arc" xlink:arcrole="http://www.xbrl.org/2003/arcrole/concept-label" xlink:from="DetailsOnMemberOfSupervisoryBoardApprovingAnnualReportAbstract" xlink:to="label_DetailsOnMemberOfSupervisoryBoardApprovingAnnualReportAbstract_2" order="10.0"/>
    <link:loc xlink:type="locator" xlink:href="sob.xsd#sob_DetailsOnMemberOfSupervisoryBoardApprovingAnnualReportHypercube" xlink:label="DetailsOnMemberOfSupervisoryBoardApprovingAnnualReportHypercube"/>
    <link:label xlink:type="resource" xlink:label="label_DetailsOnMemberOfSupervisoryBoardApprovingAnnualReportHypercube" xlink:role="http://www.xbrl.org/2003/role/label" xml:lang="en" id="label_DetailsOnMemberOfSupervisoryBoardApprovingAnnualReportHypercube">Details on member of supervisory board approving annual report</link:label>
    <link:labelArc xlink:type="arc" xlink:arcrole="http://www.xbrl.org/2003/arcrole/concept-label" xlink:from="DetailsOnMemberOfSupervisoryBoardApprovingAnnualReportHypercube" xlink:to="label_DetailsOnMemberOfSupervisoryBoardApprovingAnnualReportHypercube" order="10.0"/>
    <link:label xlink:type="resource" xlink:label="label_DetailsOnMemberOfSupervisoryBoardApprovingAnnualReportHypercube_2" xlink:role="http://www.xbrl.org/2003/role/label" xml:lang="en" id="label_DetailsOnMemberOfSupervisoryBoardApprovingAnnualReportHypercube_2">Details on member of supervisory board approving annual report</link:label>
    <link:labelArc xlink:type="arc" xlink:arcrole="http://www.xbrl.org/2003/arcrole/concept-label" xlink:from="DetailsOnMemberOfSupervisoryBoardApprovingAnnualReportHypercube" xlink:to="label_DetailsOnMemberOfSupervisoryBoardApprovingAnnualReportHypercube_2" order="10.0"/>
    <link:loc xlink:type="locator" xlink:href="sob.xsd#sob_DescriptionOfObjectionsOfMemberOfSupervisoryBoardOnAnnualReport" xlink:label="DescriptionOfObjectionsOfMemberOfSupervisoryBoardOnAnnualReport"/>
    <link:label xlink:type="resource" xlink:label="label_DescriptionOfObjectionsOfMemberOfSupervisoryBoardOnAnnualReport" xlink:role="http://www.xbrl.org/2003/role/label" xml:lang="en" id="label_DescriptionOfObjectionsOfMemberOfSupervisoryBoardOnAnnualReport">Description of objections of member of supervisory board on annual report</link:label>
    <link:labelArc xlink:type="arc" xlink:arcrole="http://www.xbrl.org/2003/arcrole/concept-label" xlink:from="DescriptionOfObjectionsOfMemberOfSupervisoryBoardOnAnnualReport" xlink:to="label_DescriptionOfObjectionsOfMemberOfSupervisoryBoardOnAnnualReport" order="10.0"/>
    <link:label xlink:type="resource" xlink:label="label_DescriptionOfObjectionsOfMemberOfSupervisoryBoardOnAnnualReport_2" xlink:role="http://www.xbrl.org/2003/role/label" xml:lang="en" id="label_DescriptionOfObjectionsOfMemberOfSupervisoryBoardOnAnnualReport_2">Description of objections of member of supervisory board on annual report</link:label>
    <link:labelArc xlink:type="arc" xlink:arcrole="http://www.xbrl.org/2003/arcrole/concept-label" xlink:from="DescriptionOfObjectionsOfMemberOfSupervisoryBoardOnAnnualReport" xlink:to="label_DescriptionOfObjectionsOfMemberOfSupervisoryBoardOnAnnualReport_2" order="10.0"/>
    <link:loc xlink:type="locator" xlink:href="sob.xsd#sob_DescriptionOfSpecificAndAdequateGroundsForObjectionsOfMemberOfSupervisoryBoardOnAnnualReport" xlink:label="DescriptionOfSpecificAndAdequateGroundsForObjectionsOfMemberOfSupervisoryBoardOnAnnualReport"/>
    <link:label xlink:type="resource" xlink:label="label_DescriptionOfSpecificAndAdequateGroundsForObjectionsOfMemberOfSupervisoryBoardOnAnnualReport" xlink:role="http://www.xbrl.org/2003/role/label" xml:lang="en" id="label_DescriptionOfSpecificAndAdequateGroundsForObjectionsOfMemberOfSupervisoryBoardOnAnnualReport">Description of specific and adequate grounds for objections of member of supervisory board on annual report</link:label>
    <link:labelArc xlink:type="arc" xlink:arcrole="http://www.xbrl.org/2003/arcrole/concept-label" xlink:from="DescriptionOfSpecificAndAdequateGroundsForObjectionsOfMemberOfSupervisoryBoardOnAnnualReport" xlink:to="label_DescriptionOfSpecificAndAdequateGroundsForObjectionsOfMemberOfSupervisoryBoardOnAnnualReport" order="10.0"/>
    <link:label xlink:type="resource" xlink:label="label_DescriptionOfSpecificAndAdequateGroundsForObjectionsOfMemberOfSupervisoryBoardOnAnnualReport_2" xlink:role="http://www.xbrl.org/2003/role/label" xml:lang="en" id="label_DescriptionOfSpecificAndAdequateGroundsForObjectionsOfMemberOfSupervisoryBoardOnAnnualReport_2">Description of specific and adequate grounds for objections of member of supervisory board on annual report</link:label>
    <link:labelArc xlink:type="arc" xlink:arcrole="http://www.xbrl.org/2003/arcrole/concept-label" xlink:from="DescriptionOfSpecificAndAdequateGroundsForObjectionsOfMemberOfSupervisoryBoardOnAnnualReport" xlink:to="label_DescriptionOfSpecificAndAdequateGroundsForObjectionsOfMemberOfSupervisoryBoardOnAnnualReport_2" order="10.0"/>
    <link:loc xlink:type="locator" xlink:href="sob.xsd#sob_DetailsOnLiquidatorApprovingAnnualReportHypercube" xlink:label="DetailsOnLiquidatorApprovingAnnualReportHypercube" xlink:title="DetailsOnLiquidatorApprovingAnnualReportHypercube"/>
    <link:label xlink:type="resource" xlink:label="label_DetailsOnLiquidatorApprovingAnnualReportHypercube_2" xlink:role="http://www.xbrl.org/2003/role/label" xlink:title="label_DetailsOnLiquidatorApprovingAnnualReportHypercube" xml:lang="en" id="label_DetailsOnLiquidatorApprovingAnnualReportHypercube_2">Details on liquidator approving annual report</link:label>
    <link:labelArc xlink:type="arc" xlink:arcrole="http://www.xbrl.org/2003/arcrole/concept-label" xlink:from="DetailsOnLiquidatorApprovingAnnualReportHypercube" xlink:to="label_DetailsOnLiquidatorApprovingAnnualReportHypercube_2" xlink:title="label: DetailsOnLiquidatorApprovingAnnualReportHypercube to label_DetailsOnLiquidatorApprovingAnnualReportHypercube"/>
    <link:label xlink:type="resource" xlink:label="label_DetailsOnLiquidatorApprovingAnnualReportHypercube_2_2" xlink:role="http://www.xbrl.org/2003/role/label" xlink:title="label_DetailsOnLiquidatorApprovingAnnualReportHypercube" xml:lang="en" id="label_DetailsOnLiquidatorApprovingAnnualReportHypercube_2_2">Details on liquidator approving annual report</link:label>
    <link:labelArc xlink:type="arc" xlink:arcrole="http://www.xbrl.org/2003/arcrole/concept-label" xlink:from="DetailsOnLiquidatorApprovingAnnualReportHypercube" xlink:to="label_DetailsOnLiquidatorApprovingAnnualReportHypercube_2_2" xlink:title="label: DetailsOnLiquidatorApprovingAnnualReportHypercube to label_DetailsOnLiquidatorApprovingAnnualReportHypercube"/>
    <link:loc xlink:type="locator" xlink:href="sob.xsd#sob_DetailsOnLiquidatorApprovingAnnualReportAbstract" xlink:label="DetailsOnLiquidatorApprovingAnnualReportAbstract" xlink:title="DetailsOnLiquidatorApprovingAnnualReportAbstract"/>
    <link:label xlink:type="resource" xlink:label="label_DetailsOnLiquidatorApprovingAnnualReportAbstract_2" xlink:role="http://www.xbrl.org/2003/role/label" xlink:title="label_DetailsOnLiquidatorApprovingAnnualReportAbstract" xml:lang="en" id="label_DetailsOnLiquidatorApprovingAnnualReportAbstract_2">Details on liquidator approving annual report</link:label>
    <link:labelArc xlink:type="arc" xlink:arcrole="http://www.xbrl.org/2003/arcrole/concept-label" xlink:from="DetailsOnLiquidatorApprovingAnnualReportAbstract" xlink:to="label_DetailsOnLiquidatorApprovingAnnualReportAbstract_2" xlink:title="label: DetailsOnLiquidatorApprovingAnnualReportAbstract to label_DetailsOnLiquidatorApprovingAnnualReportAbstract"/>
    <link:label xlink:type="resource" xlink:label="label_DetailsOnLiquidatorApprovingAnnualReportAbstract_2_2" xlink:role="http://www.xbrl.org/2003/role/label" xlink:title="label_DetailsOnLiquidatorApprovingAnnualReportAbstract" xml:lang="en" id="label_DetailsOnLiquidatorApprovingAnnualReportAbstract_2_2">Details on liquidator approving annual report</link:label>
    <link:labelArc xlink:type="arc" xlink:arcrole="http://www.xbrl.org/2003/arcrole/concept-label" xlink:from="DetailsOnLiquidatorApprovingAnnualReportAbstract" xlink:to="label_DetailsOnLiquidatorApprovingAnnualReportAbstract_2_2" xlink:title="label: DetailsOnLiquidatorApprovingAnnualReportAbstract to label_DetailsOnLiquidatorApprovingAnnualReportAbstract"/>
    <link:loc xlink:type="locator" xlink:href="sob.xsd#sob_DescriptionOfObjectionsOfLiquidatorOnAnnualReport" xlink:label="DescriptionOfObjectionsOfLiquidatorOnAnnualReport" xlink:title="DescriptionOfObjectionsOfLiquidatorOnAnnualReport"/>
    <link:label xlink:type="resource" xlink:label="label_DescriptionOfObjectionsOfLiquidatorOnAnnualReport_2" xlink:role="http://www.xbrl.org/2003/role/label" xlink:title="label_DescriptionOfObjectionsOfLiquidatorOnAnnualReport" xml:lang="en" id="label_DescriptionOfObjectionsOfLiquidatorOnAnnualReport_2">Description of objections of liquidator on annual report</link:label>
    <link:labelArc xlink:type="arc" xlink:arcrole="http://www.xbrl.org/2003/arcrole/concept-label" xlink:from="DescriptionOfObjectionsOfLiquidatorOnAnnualReport" xlink:to="label_DescriptionOfObjectionsOfLiquidatorOnAnnualReport_2" xlink:title="label: DescriptionOfObjectionsOfLiquidatorOnAnnualReport to label_DescriptionOfObjectionsOfLiquidatorOnAnnualReport"/>
    <link:label xlink:type="resource" xlink:label="label_DescriptionOfObjectionsOfLiquidatorOnAnnualReport_2_2" xlink:role="http://www.xbrl.org/2003/role/label" xlink:title="label_DescriptionOfObjectionsOfLiquidatorOnAnnualReport" xml:lang="en" id="label_DescriptionOfObjectionsOfLiquidatorOnAnnualReport_2_2">Description of objections of liquidator on annual report</link:label>
    <link:labelArc xlink:type="arc" xlink:arcrole="http://www.xbrl.org/2003/arcrole/concept-label" xlink:from="DescriptionOfObjectionsOfLiquidatorOnAnnualReport" xlink:to="label_DescriptionOfObjectionsOfLiquidatorOnAnnualReport_2_2" xlink:title="label: DescriptionOfObjectionsOfLiquidatorOnAnnualReport to label_DescriptionOfObjectionsOfLiquidatorOnAnnualReport"/>
    <link:loc xlink:type="locator" xlink:href="sob.xsd#sob_DescriptionOfSpecificAndAdequateGroundsForObjectionsOfLiquidatorOnAnnualReport" xlink:label="DescriptionOfSpecificAndAdequateGroundsForObjectionsOfLiquidatorOnAnnualReport" xlink:title="DescriptionOfSpecificAndAdequateGroundsForObjectionsOfLiquidatorOnAnnualReport"/>
    <link:label xlink:type="resource" xlink:label="label_DescriptionOfSpecificAndAdequateGroundsForObjectionsOfLiquidatorOnAnnualReport_2" xlink:role="http://www.xbrl.org/2003/role/label" xlink:title="label_DescriptionOfSpecificAndAdequateGroundsForObjectionsOfLiquidatorOnAnnualReport" xml:lang="en" id="label_DescriptionOfSpecificAndAdequateGroundsForObjectionsOfLiquidatorOnAnnualReport_2">Description of specific and adequate grounds for objections of liquidator on annual report</link:label>
    <link:labelArc xlink:type="arc" xlink:arcrole="http://www.xbrl.org/2003/arcrole/concept-label" xlink:from="DescriptionOfSpecificAndAdequateGroundsForObjectionsOfLiquidatorOnAnnualReport" xlink:to="label_DescriptionOfSpecificAndAdequateGroundsForObjectionsOfLiquidatorOnAnnualReport_2" xlink:title="label: DescriptionOfSpecificAndAdequateGroundsForObjectionsOfLiquidatorOnAnnualReport to label_DescriptionOfSpecificAndAdequateGroundsForObjectionsOfLiquidatorOnAnnualReport"/>
    <link:label xlink:type="resource" xlink:label="label_DescriptionOfSpecificAndAdequateGroundsForObjectionsOfLiquidatorOnAnnualReport_2_2" xlink:role="http://www.xbrl.org/2003/role/label" xlink:title="label_DescriptionOfSpecificAndAdequateGroundsForObjectionsOfLiquidatorOnAnnualReport" xml:lang="en" id="label_DescriptionOfSpecificAndAdequateGroundsForObjectionsOfLiquidatorOnAnnualReport_2_2">Description of specific and adequate grounds for objections of liquidator on annual report</link:label>
    <link:labelArc xlink:type="arc" xlink:arcrole="http://www.xbrl.org/2003/arcrole/concept-label" xlink:from="DescriptionOfSpecificAndAdequateGroundsForObjectionsOfLiquidatorOnAnnualReport" xlink:to="label_DescriptionOfSpecificAndAdequateGroundsForObjectionsOfLiquidatorOnAnnualReport_2_2" xlink:title="label: DescriptionOfSpecificAndAdequateGroundsForObjectionsOfLiquidatorOnAnnualReport to label_DescriptionOfSpecificAndAdequateGroundsForObjectionsOfLiquidatorOnAnnualReport"/>
    <link:loc xlink:type="locator" xlink:href="sob.xsd#sob_DetailsOnParticipantNotPartOfTheRegisteredManagementMemberOfExecutiveBoardAbstract" xlink:label="newItem" xlink:title="newItem"/>
    <link:label xlink:type="resource" xlink:label="label_newItem_2" xlink:role="http://www.xbrl.org/2003/role/label" xlink:title="label_newItem" xml:lang="en" id="label_newItem_2">Details on member NOT part of the registered management (member of executive board)</link:label>
    <link:labelArc xlink:type="arc" xlink:arcrole="http://www.xbrl.org/2003/arcrole/concept-label" xlink:from="newItem" xlink:to="label_newItem_2" xlink:title="label: newItem to label_newItem"/>
    <link:loc xlink:type="locator" xlink:href="sob.xsd#sob_IdentificationNumberCVRofParticipantNotPartOfTheRegisteredManagementMemberOfExecutiveBoard" xlink:label="newItem_2" xlink:title="newItem"/>
    <link:label xlink:type="resource" xlink:label="label_newItem_3" xlink:role="http://www.xbrl.org/2003/role/label" xlink:title="label_newItem" xml:lang="en" id="label_newItem_3">Identification number [CVR] of member NOT part of the registered management (member of executive board)</link:label>
    <link:labelArc xlink:type="arc" xlink:arcrole="http://www.xbrl.org/2003/arcrole/concept-label" xlink:from="newItem_2" xlink:to="label_newItem_3" xlink:title="label: newItem to label_newItem"/>
    <link:loc xlink:type="locator" xlink:href="sob.xsd#sob_NameOfEntityParticipantNotPartOfTheRegisteredManagementMemberOfExecutiveBoard" xlink:label="newItem2" xlink:title="newItem2"/>
    <link:label xlink:type="resource" xlink:label="label_newItem2" xlink:role="http://www.xbrl.org/2003/role/label" xlink:title="label_newItem2" xml:lang="en" id="label_newItem2">Name of entity, member NOT part of the registered management (member of executive board)</link:label>
    <link:labelArc xlink:type="arc" xlink:arcrole="http://www.xbrl.org/2003/arcrole/concept-label" xlink:from="newItem2" xlink:to="label_newItem2" xlink:title="label: newItem2 to label_newItem2"/>
    <link:loc xlink:type="locator" xlink:href="sob.xsd#sob_DescriptionOfParticipantNotPartOfTheRegisteredManagementMemberOfExecutiveBoard" xlink:label="newItem3" xlink:title="newItem3"/>
    <link:label xlink:type="resource" xlink:label="label_newItem3_2" xlink:role="http://www.xbrl.org/2003/role/label" xlink:title="label_newItem3" xml:lang="en" id="label_newItem3_2">Description of member NOT part of the registered management (member of executive board)</link:label>
    <link:labelArc xlink:type="arc" xlink:arcrole="http://www.xbrl.org/2003/arcrole/concept-label" xlink:from="newItem3" xlink:to="label_newItem3_2" xlink:title="label: newItem3 to label_newItem3"/>
    <link:loc xlink:type="locator" xlink:href="sob.xsd#sob_DetailsOnParticipantNotPartOfTheRegisteredManagementMemberOfSupervisoryBoardAbstract" xlink:label="DetailsOnParticipantNotPartOfTheRegisteredManagementMemberOfSupervisoryBoardAbstract" xlink:title="DetailsOnParticipantNotPartOfTheRegisteredManagementMemberOfSupervisoryBoardAbstract"/>
    <link:label xlink:type="resource" xlink:label="label_DetailsOnParticipantNotPartOfTheRegisteredManagementMemberOfSupervisoryBoardAbstract_2" xlink:role="http://www.xbrl.org/2003/role/label" xlink:title="label_DetailsOnParticipantNotPartOfTheRegisteredManagementMemberOfSupervisoryBoardAbstract" xml:lang="en" id="label_DetailsOnParticipantNotPartOfTheRegisteredManagementMemberOfSupervisoryBoardAbstract_2">Details on member NOT part of the registered management (member of supervisory board)</link:label>
    <link:labelArc xlink:type="arc" xlink:arcrole="http://www.xbrl.org/2003/arcrole/concept-label" xlink:from="DetailsOnParticipantNotPartOfTheRegisteredManagementMemberOfSupervisoryBoardAbstract" xlink:to="label_DetailsOnParticipantNotPartOfTheRegisteredManagementMemberOfSupervisoryBoardAbstract_2" xlink:title="label: DetailsOnParticipantNotPartOfTheRegisteredManagementMemberOfSupervisoryBoardAbstract to label_DetailsOnParticipantNotPartOfTheRegisteredManagementMemberOfSupervisoryBoardAbstract"/>
    <link:loc xlink:type="locator" xlink:href="sob.xsd#sob_IdentificationNumberCVRofParticipantNotPartOfTheRegisteredManagementMemberOfSupervisoryBoard" xlink:label="IdentificationNumberCVRofParticipantNotPartOfTheRegisteredManagementMemberOfSupervisoryBoard" xlink:title="IdentificationNumberCVRofParticipantNotPartOfTheRegisteredManagementMemberOfSupervisoryBoard"/>
    <link:label xlink:type="resource" xlink:label="label_IdentificationNumberCVRofParticipantNotPartOfTheRegisteredManagementMemberOfSupervisoryBoard_2" xlink:role="http://www.xbrl.org/2003/role/label" xlink:title="label_IdentificationNumberCVRofParticipantNotPartOfTheRegisteredManagementMemberOfSupervisoryBoard" xml:lang="en" id="label_IdentificationNumberCVRofParticipantNotPartOfTheRegisteredManagementMemberOfSupervisoryBoard_2">Identification number [CVR] of member NOT part of the registered management (member of supervisory board)</link:label>
    <link:labelArc xlink:type="arc" xlink:arcrole="http://www.xbrl.org/2003/arcrole/concept-label" xlink:from="IdentificationNumberCVRofParticipantNotPartOfTheRegisteredManagementMemberOfSupervisoryBoard" xlink:to="label_IdentificationNumberCVRofParticipantNotPartOfTheRegisteredManagementMemberOfSupervisoryBoard_2" xlink:title="label: IdentificationNumberCVRofParticipantNotPartOfTheRegisteredManagementMemberOfSupervisoryBoard to label_IdentificationNumberCVRofParticipantNotPartOfTheRegisteredManagementMemberOfSupervisoryBoard"/>
    <link:loc xlink:type="locator" xlink:href="sob.xsd#sob_NameOfEntityParticipantNotPartOfTheRegisteredManagementMemberOfSupervisoryBoard" xlink:label="NameOfEntityParticipantNotPartOfTheRegisteredManagementMemberOfSupervisoryBoard" xlink:title="NameOfEntityParticipantNotPartOfTheRegisteredManagementMemberOfSupervisoryBoard"/>
    <link:label xlink:type="resource" xlink:label="label_NameOfEntityParticipantNotPartOfTheRegisteredManagementMemberOfSupervisoryBoard_2" xlink:role="http://www.xbrl.org/2003/role/label" xlink:title="label_NameOfEntityParticipantNotPartOfTheRegisteredManagementMemberOfSupervisoryBoard" xml:lang="en" id="label_NameOfEntityParticipantNotPartOfTheRegisteredManagementMemberOfSupervisoryBoard_2">Name of entity, member NOT part of the registered management (member of supervisory board)</link:label>
    <link:labelArc xlink:type="arc" xlink:arcrole="http://www.xbrl.org/2003/arcrole/concept-label" xlink:from="NameOfEntityParticipantNotPartOfTheRegisteredManagementMemberOfSupervisoryBoard" xlink:to="label_NameOfEntityParticipantNotPartOfTheRegisteredManagementMemberOfSupervisoryBoard_2" xlink:title="label: NameOfEntityParticipantNotPartOfTheRegisteredManagementMemberOfSupervisoryBoard to label_NameOfEntityParticipantNotPartOfTheRegisteredManagementMemberOfSupervisoryBoard"/>
    <link:loc xlink:type="locator" xlink:href="sob.xsd#sob_DescriptionOfParticipantNotPartOfTheRegisteredManagementMemberOfSupervisoryBoard" xlink:label="DescriptionOfParticipantNotPartOfTheRegisteredManagementMemberOfSupervisoryBoard" xlink:title="DescriptionOfParticipantNotPartOfTheRegisteredManagementMemberOfSupervisoryBoard"/>
    <link:label xlink:type="resource" xlink:label="label_DescriptionOfParticipantNotPartOfTheRegisteredManagementMemberOfSupervisoryBoard_2" xlink:role="http://www.xbrl.org/2003/role/label" xlink:title="label_DescriptionOfParticipantNotPartOfTheRegisteredManagementMemberOfSupervisoryBoard" xml:lang="en" id="label_DescriptionOfParticipantNotPartOfTheRegisteredManagementMemberOfSupervisoryBoard_2">Description of member NOT part of the registered management (member of supervisory board)</link:label>
    <link:labelArc xlink:type="arc" xlink:arcrole="http://www.xbrl.org/2003/arcrole/concept-label" xlink:from="DescriptionOfParticipantNotPartOfTheRegisteredManagementMemberOfSupervisoryBoard" xlink:to="label_DescriptionOfParticipantNotPartOfTheRegisteredManagementMemberOfSupervisoryBoard_2" xlink:title="label: DescriptionOfParticipantNotPartOfTheRegisteredManagementMemberOfSupervisoryBoard to label_DescriptionOfParticipantNotPartOfTheRegisteredManagementMemberOfSupervisoryBoard"/>
    <link:loc xlink:type="locator" xlink:href="sob.xsd#sob_StatementEtcByExecutiveAndSupervisoryBoardsAbstract" xlink:label="StatementEtcByExecutiveAndSupervisoryBoards" xlink:title="StatementEtcByExecutiveAndSupervisoryBoards"/>
    <link:label xlink:type="resource" xlink:label="label_StatementEtcByExecutiveAndSupervisoryBoardsAbstract" xlink:role="http://www.xbrl.org/2003/role/label" xlink:title="label_StatementEtcByExecutiveAndSupervisoryBoardsAbstract" xml:lang="en" id="label_StatementEtcByExecutiveAndSupervisoryBoardsAbstract">Statement by management etc.</link:label>
    <link:labelArc xlink:type="arc" xlink:arcrole="http://www.xbrl.org/2003/arcrole/concept-label" xlink:from="StatementEtcByExecutiveAndSupervisoryBoards" xlink:to="label_StatementEtcByExecutiveAndSupervisoryBoardsAbstract" xlink:title="label: StatementEtcByExecutiveAndSupervisoryBoardsAbstract to label_StatementEtcByExecutiveAndSupervisoryBoardsAbstract"/>
    <link:loc xlink:type="locator" xlink:href="sob.xsd#sob_RelatedToStatementByExecutiveAndSupervisoryBoardsAbstract" xlink:label="copyOfStatementByExecutiveAndSupervisoryBoards2" xlink:title="copyOfStatementByExecutiveAndSupervisoryBoards2"/>
    <link:label xlink:type="resource" xlink:label="label_copyOfStatementByExecutiveAndSupervisoryBoards2_2" xlink:role="http://www.xbrl.org/2003/role/label" xlink:title="label_copyOfStatementByExecutiveAndSupervisoryBoards2" xml:lang="en" id="label_copyOfStatementByExecutiveAndSupervisoryBoards2_2">Related to the statement by management</link:label>
    <link:labelArc xlink:type="arc" xlink:arcrole="http://www.xbrl.org/2003/arcrole/concept-label" xlink:from="copyOfStatementByExecutiveAndSupervisoryBoards2" xlink:to="label_copyOfStatementByExecutiveAndSupervisoryBoards2_2" xlink:title="label: copyOfStatementByExecutiveAndSupervisoryBoards2 to label_copyOfStatementByExecutiveAndSupervisoryBoards2"/>
    <link:loc xlink:type="locator" xlink:href="sob.xsd#sob_TheReportingEntityAppliesTheExceptionConcerningOptingOutOfTheStatementByManagementEtc" xlink:label="newItem_3" xlink:title="newItem"/>
    <link:label xlink:type="resource" xlink:label="label_newItem_6" xlink:role="http://www.xbrl.org/2003/role/label" xlink:title="label_newItem" xml:lang="en" id="label_newItem_6">The reporting entity applies the exception concerning opting out of the statement by management etc. </link:label>
    <link:labelArc xlink:type="arc" xlink:arcrole="http://www.xbrl.org/2003/arcrole/concept-label" xlink:from="newItem_3" xlink:to="label_newItem_6" xlink:title="label: newItem to label_newItem"/>
    <link:loc xlink:type="locator" xlink:href="sob.xsd#sob_StatementOfMemberOfSupervisoryBoardOnFulfillmentOfEligibilityRequirements" xlink:label="StatementOfMemberOfSupervisoryBoardOnFulfillmentOfEligibilityRequirements" xlink:title="StatementOfMemberOfSupervisoryBoardOnFulfillmentOfEligibilityRequirements"/>
    <link:label xlink:type="resource" xlink:label="label_StatementOfMemberOfSupervisoryBoardOnFulfillmentOfEligibilityRequirements_2" xlink:role="http://www.xbrl.org/2003/role/label" xlink:title="label_StatementOfMemberOfSupervisoryBoardOnFulfillmentOfEligibilityRequirements" xml:lang="en" id="label_StatementOfMemberOfSupervisoryBoardOnFulfillmentOfEligibilityRequirements_2">Statement of member of supervisory board on fulfillment of eligibility requirements</link:label>
    <link:labelArc xlink:type="arc" xlink:arcrole="http://www.xbrl.org/2003/arcrole/concept-label" xlink:from="StatementOfMemberOfSupervisoryBoardOnFulfillmentOfEligibilityRequirements" xlink:to="label_StatementOfMemberOfSupervisoryBoardOnFulfillmentOfEligibilityRequirements_2" xlink:title="label: StatementOfMemberOfSupervisoryBoardOnFulfillmentOfEligibilityRequirements to label_StatementOfMemberOfSupervisoryBoardOnFulfillmentOfEligibilityRequirements"/>
    <link:loc xlink:type="locator" xlink:href="sob.xsd#sob_ManagementApprovalOfAnnualReportAbstract" xlink:label="newItem_4" xlink:title="newItem"/>
    <link:label xlink:type="resource" xlink:label="label_newItem_2_2" xlink:role="http://www.xbrl.org/2003/role/label" xlink:title="label_newItem" xml:lang="en" id="label_newItem_2_2">Management approval of annual report</link:label>
    <link:labelArc xlink:type="arc" xlink:arcrole="http://www.xbrl.org/2003/arcrole/concept-label" xlink:from="newItem_4" xlink:to="label_newItem_2_2" xlink:title="label: newItem to label_newItem"/>
    <link:loc xlink:type="locator" xlink:href="sob.xsd#sob_SupervisoryBoardApprovalOfAnnualReportAbstract" xlink:label="newItem2_2" xlink:title="newItem2"/>
    <link:label xlink:type="resource" xlink:label="label_newItem2_2" xlink:role="http://www.xbrl.org/2003/role/label" xlink:title="label_newItem2" xml:lang="en" id="label_newItem2_2">Supervisory board approval of annual report</link:label>
    <link:labelArc xlink:type="arc" xlink:arcrole="http://www.xbrl.org/2003/arcrole/concept-label" xlink:from="newItem2_2" xlink:to="label_newItem2_2" xlink:title="label: newItem2 to label_newItem2"/>
    <link:loc xlink:type="locator" xlink:href="sob.xsd#sob_PlaceOfSignatureOfStatementByManagement" xlink:label="copyOfPlaceOfSignatureOfStatement" xlink:title="copyOfPlaceOfSignatureOfStatement"/>
    <link:label xlink:type="resource" xlink:label="label_copyOfPlaceOfSignatureOfStatement_2" xlink:role="http://www.xbrl.org/2003/role/label" xlink:title="label_copyOfPlaceOfSignatureOfStatement" xml:lang="en" id="label_copyOfPlaceOfSignatureOfStatement_2">Place of signature of statement by management</link:label>
    <link:labelArc xlink:type="arc" xlink:arcrole="http://www.xbrl.org/2003/arcrole/concept-label" xlink:from="copyOfPlaceOfSignatureOfStatement" xlink:to="label_copyOfPlaceOfSignatureOfStatement_2" xlink:title="label: copyOfPlaceOfSignatureOfStatement to label_copyOfPlaceOfSignatureOfStatement"/>
    <link:loc xlink:type="locator" xlink:href="sob.xsd#sob_PlaceOfSignatureOfStatementBySupervisoryBoard" xlink:label="copyOfPlaceOfSignatureOfStatement2" xlink:title="copyOfPlaceOfSignatureOfStatement2"/>
    <link:label xlink:type="resource" xlink:label="label_copyOfPlaceOfSignatureOfStatement2_2" xlink:role="http://www.xbrl.org/2003/role/label" xlink:title="label_copyOfPlaceOfSignatureOfStatement2" xml:lang="en" id="label_copyOfPlaceOfSignatureOfStatement2_2">Place of signature of statement by supervisory board</link:label>
    <link:labelArc xlink:type="arc" xlink:arcrole="http://www.xbrl.org/2003/arcrole/concept-label" xlink:from="copyOfPlaceOfSignatureOfStatement2" xlink:to="label_copyOfPlaceOfSignatureOfStatement2_2" xlink:title="label: copyOfPlaceOfSignatureOfStatement2 to label_copyOfPlaceOfSignatureOfStatement2"/>
    <link:loc xlink:type="locator" xlink:href="sob.xsd#sob_DateOfSignatureOfStatementByManagement" xlink:label="copyOfDateOfApprovalOfAnnualReport" xlink:title="copyOfDateOfApprovalOfAnnualReport"/>
    <link:label xlink:type="resource" xlink:label="label_copyOfDateOfApprovalOfAnnualReport_2" xlink:role="http://www.xbrl.org/2003/role/label" xlink:title="label_copyOfDateOfApprovalOfAnnualReport" xml:lang="en" id="label_copyOfDateOfApprovalOfAnnualReport_2">Date of signature of statement by management</link:label>
    <link:labelArc xlink:type="arc" xlink:arcrole="http://www.xbrl.org/2003/arcrole/concept-label" xlink:from="copyOfDateOfApprovalOfAnnualReport" xlink:to="label_copyOfDateOfApprovalOfAnnualReport_2" xlink:title="label: copyOfDateOfApprovalOfAnnualReport to label_copyOfDateOfApprovalOfAnnualReport"/>
    <link:loc xlink:type="locator" xlink:href="sob.xsd#sob_DateOfSignatureOfStatementBySupervisoryBoard" xlink:label="copyOfDateOfApprovalOfAnnualReport2" xlink:title="copyOfDateOfApprovalOfAnnualReport2"/>
    <link:label xlink:type="resource" xlink:label="label_copyOfDateOfApprovalOfAnnualReport2_2" xlink:role="http://www.xbrl.org/2003/role/label" xlink:title="label_copyOfDateOfApprovalOfAnnualReport2" xml:lang="en" id="label_copyOfDateOfApprovalOfAnnualReport2_2">Date of signature of statement by supervisory board</link:label>
    <link:labelArc xlink:type="arc" xlink:arcrole="http://www.xbrl.org/2003/arcrole/concept-label" xlink:from="copyOfDateOfApprovalOfAnnualReport2" xlink:to="label_copyOfDateOfApprovalOfAnnualReport2_2" xlink:title="label: copyOfDateOfApprovalOfAnnualReport2 to label_copyOfDateOfApprovalOfAnnualReport2"/>
    <link:loc xlink:type="locator" xlink:href="sob.xsd#sob_StatementByManagementAndFulfillmentOfEligibilityRequirementsAbstract" xlink:label="copyOfStatementEtcByExecutiveAndSupervisoryBoardsAbstract" xlink:title="copyOfStatementEtcByExecutiveAndSupervisoryBoardsAbstract"/>
    <link:label xlink:type="resource" xlink:label="label_copyOfStatementEtcByExecutiveAndSupervisoryBoardsAbstract_2" xlink:role="http://www.xbrl.org/2003/role/label" xlink:title="label_copyOfStatementEtcByExecutiveAndSupervisoryBoardsAbstract" xml:lang="en" id="label_copyOfStatementEtcByExecutiveAndSupervisoryBoardsAbstract_2">Statement by management and fulfillment of eligibility requirements</link:label>
    <link:labelArc xlink:type="arc" xlink:arcrole="http://www.xbrl.org/2003/arcrole/concept-label" xlink:from="copyOfStatementEtcByExecutiveAndSupervisoryBoardsAbstract" xlink:to="label_copyOfStatementEtcByExecutiveAndSupervisoryBoardsAbstract_2" xlink:title="label: copyOfStatementEtcByExecutiveAndSupervisoryBoardsAbstract to label_copyOfStatementEtcByExecutiveAndSupervisoryBoardsAbstract"/>
  </link:labelLink>
</link:linkbase>
