<?xml version='1.0' encoding='UTF-8'?>
<!--(C) EBA-->
<?officialURI http://www.eba.europa.eu/eu/fr/xbrl/crr/fws/mrel/3.5/tab/m_03.00/m_03.00-lab-codes.xml?>
<?taxonomy-version 3.5?>
<link:linkbase xmlns:xsi="http://www.w3.org/2001/XMLSchema-instance" xmlns:link="http://www.xbrl.org/2003/linkbase" xmlns:xlink="http://www.w3.org/1999/xlink" xmlns:xbrldt="http://xbrl.org/2005/xbrldt" xmlns:label="http://xbrl.org/2008/label" xmlns:gen="http://xbrl.org/2008/generic" xsi:schemaLocation="http://xbrl.org/2008/generic http://www.xbrl.org/2008/generic-link.xsd http://xbrl.org/2008/label http://www.xbrl.org/2008/generic-label.xsd">
  <link:arcroleRef arcroleURI="http://xbrl.org/arcrole/2008/element-label" xlink:type="simple" xlink:href="http://www.xbrl.org/2008/generic-label.xsd#element-label"/>
  <link:roleRef roleURI="http://www.eurofiling.info/xbrl/role/rc-code" xlink:type="simple" xlink:href="http://www.eurofiling.info/eu/fr/xbrl/ext/model.xsd#rc-code"/>
  <link:roleRef roleURI="http://www.eurofiling.info/xbrl/role/filing-indicator-code" xlink:type="simple" xlink:href="http://www.eurofiling.info/eu/fr/xbrl/ext/model.xsd#filing-indicator-code"/>
  <gen:link xlink:type="extended" xlink:role="http://www.xbrl.org/2003/role/link">
    <link:loc xlink:type="locator" xlink:label="loc_eba_tM_03.00" xlink:href="m_03.00-rend.xml#eba_tM_03.00"/>
    <label:label xlink:label="label_eba_tM_03.00" xlink:role="http://www.eurofiling.info/xbrl/role/rc-code" xlink:type="resource" xml:lang="en">M_03.00</label:label>
    <gen:arc xlink:arcrole="http://xbrl.org/arcrole/2008/element-label" xlink:from="loc_eba_tM_03.00" xlink:to="label_eba_tM_03.00" xlink:type="arc"/>
    <label:label xlink:label="label_eba_tM_03.00_1" xlink:role="http://www.eurofiling.info/xbrl/role/filing-indicator-code" xlink:type="resource" xml:lang="en">M_03.00</label:label>
    <gen:arc xlink:arcrole="http://xbrl.org/arcrole/2008/element-label" xlink:from="loc_eba_tM_03.00" xlink:to="label_eba_tM_03.00_1" xlink:type="arc"/>
    <link:loc xlink:type="locator" xlink:label="loc_c_13879" xlink:href="m_03.00-rend.xml#c_13879"/>
    <label:label xlink:label="label_c_13879" xlink:role="http://www.eurofiling.info/xbrl/role/rc-code" xlink:type="resource" xml:lang="en">0010</label:label>
    <gen:arc xlink:arcrole="http://xbrl.org/arcrole/2008/element-label" xlink:from="loc_c_13879" xlink:to="label_c_13879" xlink:type="arc"/>
    <link:loc xlink:type="locator" xlink:label="loc_c_13880" xlink:href="m_03.00-rend.xml#c_13880"/>
    <label:label xlink:label="label_c_13880" xlink:role="http://www.eurofiling.info/xbrl/role/rc-code" xlink:type="resource" xml:lang="en">0020</label:label>
    <gen:arc xlink:arcrole="http://xbrl.org/arcrole/2008/element-label" xlink:from="loc_c_13880" xlink:to="label_c_13880" xlink:type="arc"/>
    <link:loc xlink:type="locator" xlink:label="loc_c_13881" xlink:href="m_03.00-rend.xml#c_13881"/>
    <label:label xlink:label="label_c_13881" xlink:role="http://www.eurofiling.info/xbrl/role/rc-code" xlink:type="resource" xml:lang="en">0010</label:label>
    <gen:arc xlink:arcrole="http://xbrl.org/arcrole/2008/element-label" xlink:from="loc_c_13881" xlink:to="label_c_13881" xlink:type="arc"/>
    <link:loc xlink:type="locator" xlink:label="loc_c_13882" xlink:href="m_03.00-rend.xml#c_13882"/>
    <label:label xlink:label="label_c_13882" xlink:role="http://www.eurofiling.info/xbrl/role/rc-code" xlink:type="resource" xml:lang="en">0099</label:label>
    <gen:arc xlink:arcrole="http://xbrl.org/arcrole/2008/element-label" xlink:from="loc_c_13882" xlink:to="label_c_13882" xlink:type="arc"/>
    <link:loc xlink:type="locator" xlink:label="loc_c_13883" xlink:href="m_03.00-rend.xml#c_13883"/>
    <label:label xlink:label="label_c_13883" xlink:role="http://www.eurofiling.info/xbrl/role/rc-code" xlink:type="resource" xml:lang="en">0100</label:label>
    <gen:arc xlink:arcrole="http://xbrl.org/arcrole/2008/element-label" xlink:from="loc_c_13883" xlink:to="label_c_13883" xlink:type="arc"/>
    <link:loc xlink:type="locator" xlink:label="loc_c_13884" xlink:href="m_03.00-rend.xml#c_13884"/>
    <label:label xlink:label="label_c_13884" xlink:role="http://www.eurofiling.info/xbrl/role/rc-code" xlink:type="resource" xml:lang="en">0110</label:label>
    <gen:arc xlink:arcrole="http://xbrl.org/arcrole/2008/element-label" xlink:from="loc_c_13884" xlink:to="label_c_13884" xlink:type="arc"/>
    <link:loc xlink:type="locator" xlink:label="loc_c_13885" xlink:href="m_03.00-rend.xml#c_13885"/>
    <label:label xlink:label="label_c_13885" xlink:role="http://www.eurofiling.info/xbrl/role/rc-code" xlink:type="resource" xml:lang="en">0199</label:label>
    <gen:arc xlink:arcrole="http://xbrl.org/arcrole/2008/element-label" xlink:from="loc_c_13885" xlink:to="label_c_13885" xlink:type="arc"/>
    <link:loc xlink:type="locator" xlink:label="loc_c_13886" xlink:href="m_03.00-rend.xml#c_13886"/>
    <label:label xlink:label="label_c_13886" xlink:role="http://www.eurofiling.info/xbrl/role/rc-code" xlink:type="resource" xml:lang="en">0200</label:label>
    <gen:arc xlink:arcrole="http://xbrl.org/arcrole/2008/element-label" xlink:from="loc_c_13886" xlink:to="label_c_13886" xlink:type="arc"/>
    <link:loc xlink:type="locator" xlink:label="loc_c_13887" xlink:href="m_03.00-rend.xml#c_13887"/>
    <label:label xlink:label="label_c_13887" xlink:role="http://www.eurofiling.info/xbrl/role/rc-code" xlink:type="resource" xml:lang="en">0210</label:label>
    <gen:arc xlink:arcrole="http://xbrl.org/arcrole/2008/element-label" xlink:from="loc_c_13887" xlink:to="label_c_13887" xlink:type="arc"/>
    <link:loc xlink:type="locator" xlink:label="loc_c_13888" xlink:href="m_03.00-rend.xml#c_13888"/>
    <label:label xlink:label="label_c_13888" xlink:role="http://www.eurofiling.info/xbrl/role/rc-code" xlink:type="resource" xml:lang="en">0220</label:label>
    <gen:arc xlink:arcrole="http://xbrl.org/arcrole/2008/element-label" xlink:from="loc_c_13888" xlink:to="label_c_13888" xlink:type="arc"/>
    <link:loc xlink:type="locator" xlink:label="loc_c_13889" xlink:href="m_03.00-rend.xml#c_13889"/>
    <label:label xlink:label="label_c_13889" xlink:role="http://www.eurofiling.info/xbrl/role/rc-code" xlink:type="resource" xml:lang="en">0230</label:label>
    <gen:arc xlink:arcrole="http://xbrl.org/arcrole/2008/element-label" xlink:from="loc_c_13889" xlink:to="label_c_13889" xlink:type="arc"/>
    <link:loc xlink:type="locator" xlink:label="loc_c_13890" xlink:href="m_03.00-rend.xml#c_13890"/>
    <label:label xlink:label="label_c_13890" xlink:role="http://www.eurofiling.info/xbrl/role/rc-code" xlink:type="resource" xml:lang="en">0240</label:label>
    <gen:arc xlink:arcrole="http://xbrl.org/arcrole/2008/element-label" xlink:from="loc_c_13890" xlink:to="label_c_13890" xlink:type="arc"/>
    <link:loc xlink:type="locator" xlink:label="loc_c_13891" xlink:href="m_03.00-rend.xml#c_13891"/>
    <label:label xlink:label="label_c_13891" xlink:role="http://www.eurofiling.info/xbrl/role/rc-code" xlink:type="resource" xml:lang="en">0250</label:label>
    <gen:arc xlink:arcrole="http://xbrl.org/arcrole/2008/element-label" xlink:from="loc_c_13891" xlink:to="label_c_13891" xlink:type="arc"/>
    <link:loc xlink:type="locator" xlink:label="loc_c_13892" xlink:href="m_03.00-rend.xml#c_13892"/>
    <label:label xlink:label="label_c_13892" xlink:role="http://www.eurofiling.info/xbrl/role/rc-code" xlink:type="resource" xml:lang="en">0260</label:label>
    <gen:arc xlink:arcrole="http://xbrl.org/arcrole/2008/element-label" xlink:from="loc_c_13892" xlink:to="label_c_13892" xlink:type="arc"/>
    <link:loc xlink:type="locator" xlink:label="loc_c_13893" xlink:href="m_03.00-rend.xml#c_13893"/>
    <label:label xlink:label="label_c_13893" xlink:role="http://www.eurofiling.info/xbrl/role/rc-code" xlink:type="resource" xml:lang="en">0265</label:label>
    <gen:arc xlink:arcrole="http://xbrl.org/arcrole/2008/element-label" xlink:from="loc_c_13893" xlink:to="label_c_13893" xlink:type="arc"/>
    <link:loc xlink:type="locator" xlink:label="loc_c_13894" xlink:href="m_03.00-rend.xml#c_13894"/>
    <label:label xlink:label="label_c_13894" xlink:role="http://www.eurofiling.info/xbrl/role/rc-code" xlink:type="resource" xml:lang="en">0270</label:label>
    <gen:arc xlink:arcrole="http://xbrl.org/arcrole/2008/element-label" xlink:from="loc_c_13894" xlink:to="label_c_13894" xlink:type="arc"/>
    <link:loc xlink:type="locator" xlink:label="loc_c_13895" xlink:href="m_03.00-rend.xml#c_13895"/>
    <label:label xlink:label="label_c_13895" xlink:role="http://www.eurofiling.info/xbrl/role/rc-code" xlink:type="resource" xml:lang="en">0280</label:label>
    <gen:arc xlink:arcrole="http://xbrl.org/arcrole/2008/element-label" xlink:from="loc_c_13895" xlink:to="label_c_13895" xlink:type="arc"/>
    <link:loc xlink:type="locator" xlink:label="loc_c_13896" xlink:href="m_03.00-rend.xml#c_13896"/>
    <label:label xlink:label="label_c_13896" xlink:role="http://www.eurofiling.info/xbrl/role/rc-code" xlink:type="resource" xml:lang="en">0290</label:label>
    <gen:arc xlink:arcrole="http://xbrl.org/arcrole/2008/element-label" xlink:from="loc_c_13896" xlink:to="label_c_13896" xlink:type="arc"/>
    <link:loc xlink:type="locator" xlink:label="loc_c_13898" xlink:href="m_03.00-rend.xml#c_13898"/>
    <label:label xlink:label="label_c_13898" xlink:role="http://www.eurofiling.info/xbrl/role/rc-code" xlink:type="resource" xml:lang="en">0295</label:label>
    <gen:arc xlink:arcrole="http://xbrl.org/arcrole/2008/element-label" xlink:from="loc_c_13898" xlink:to="label_c_13898" xlink:type="arc"/>
    <link:loc xlink:type="locator" xlink:label="loc_c_13899" xlink:href="m_03.00-rend.xml#c_13899"/>
    <label:label xlink:label="label_c_13899" xlink:role="http://www.eurofiling.info/xbrl/role/rc-code" xlink:type="resource" xml:lang="en">0399</label:label>
    <gen:arc xlink:arcrole="http://xbrl.org/arcrole/2008/element-label" xlink:from="loc_c_13899" xlink:to="label_c_13899" xlink:type="arc"/>
    <link:loc xlink:type="locator" xlink:label="loc_c_13900" xlink:href="m_03.00-rend.xml#c_13900"/>
    <label:label xlink:label="label_c_13900" xlink:role="http://www.eurofiling.info/xbrl/role/rc-code" xlink:type="resource" xml:lang="en">0400</label:label>
    <gen:arc xlink:arcrole="http://xbrl.org/arcrole/2008/element-label" xlink:from="loc_c_13900" xlink:to="label_c_13900" xlink:type="arc"/>
    <link:loc xlink:type="locator" xlink:label="loc_c_13901" xlink:href="m_03.00-rend.xml#c_13901"/>
    <label:label xlink:label="label_c_13901" xlink:role="http://www.eurofiling.info/xbrl/role/rc-code" xlink:type="resource" xml:lang="en">0410</label:label>
    <gen:arc xlink:arcrole="http://xbrl.org/arcrole/2008/element-label" xlink:from="loc_c_13901" xlink:to="label_c_13901" xlink:type="arc"/>
    <link:loc xlink:type="locator" xlink:label="loc_c_13902" xlink:href="m_03.00-rend.xml#c_13902"/>
    <label:label xlink:label="label_c_13902" xlink:role="http://www.eurofiling.info/xbrl/role/rc-code" xlink:type="resource" xml:lang="en">0420</label:label>
    <gen:arc xlink:arcrole="http://xbrl.org/arcrole/2008/element-label" xlink:from="loc_c_13902" xlink:to="label_c_13902" xlink:type="arc"/>
    <link:loc xlink:type="locator" xlink:label="loc_c_13903" xlink:href="m_03.00-rend.xml#c_13903"/>
    <label:label xlink:label="label_c_13903" xlink:role="http://www.eurofiling.info/xbrl/role/rc-code" xlink:type="resource" xml:lang="en">0430</label:label>
    <gen:arc xlink:arcrole="http://xbrl.org/arcrole/2008/element-label" xlink:from="loc_c_13903" xlink:to="label_c_13903" xlink:type="arc"/>
    <link:loc xlink:type="locator" xlink:label="loc_c_13904" xlink:href="m_03.00-rend.xml#c_13904"/>
    <label:label xlink:label="label_c_13904" xlink:role="http://www.eurofiling.info/xbrl/role/rc-code" xlink:type="resource" xml:lang="en">0440</label:label>
    <gen:arc xlink:arcrole="http://xbrl.org/arcrole/2008/element-label" xlink:from="loc_c_13904" xlink:to="label_c_13904" xlink:type="arc"/>
    <link:loc xlink:type="locator" xlink:label="loc_c_13905" xlink:href="m_03.00-rend.xml#c_13905"/>
    <label:label xlink:label="label_c_13905" xlink:role="http://www.eurofiling.info/xbrl/role/rc-code" xlink:type="resource" xml:lang="en">0499</label:label>
    <gen:arc xlink:arcrole="http://xbrl.org/arcrole/2008/element-label" xlink:from="loc_c_13905" xlink:to="label_c_13905" xlink:type="arc"/>
    <link:loc xlink:type="locator" xlink:label="loc_c_13906" xlink:href="m_03.00-rend.xml#c_13906"/>
    <label:label xlink:label="label_c_13906" xlink:role="http://www.eurofiling.info/xbrl/role/rc-code" xlink:type="resource" xml:lang="en">0500</label:label>
    <gen:arc xlink:arcrole="http://xbrl.org/arcrole/2008/element-label" xlink:from="loc_c_13906" xlink:to="label_c_13906" xlink:type="arc"/>
    <link:loc xlink:type="locator" xlink:label="loc_c_13907" xlink:href="m_03.00-rend.xml#c_13907"/>
    <label:label xlink:label="label_c_13907" xlink:role="http://www.eurofiling.info/xbrl/role/rc-code" xlink:type="resource" xml:lang="en">0510</label:label>
    <gen:arc xlink:arcrole="http://xbrl.org/arcrole/2008/element-label" xlink:from="loc_c_13907" xlink:to="label_c_13907" xlink:type="arc"/>
    <link:loc xlink:type="locator" xlink:label="loc_c_13908" xlink:href="m_03.00-rend.xml#c_13908"/>
    <label:label xlink:label="label_c_13908" xlink:role="http://www.eurofiling.info/xbrl/role/rc-code" xlink:type="resource" xml:lang="en">0520</label:label>
    <gen:arc xlink:arcrole="http://xbrl.org/arcrole/2008/element-label" xlink:from="loc_c_13908" xlink:to="label_c_13908" xlink:type="arc"/>
    <link:loc xlink:type="locator" xlink:label="loc_c_13909" xlink:href="m_03.00-rend.xml#c_13909"/>
    <label:label xlink:label="label_c_13909" xlink:role="http://www.eurofiling.info/xbrl/role/rc-code" xlink:type="resource" xml:lang="en">0530</label:label>
    <gen:arc xlink:arcrole="http://xbrl.org/arcrole/2008/element-label" xlink:from="loc_c_13909" xlink:to="label_c_13909" xlink:type="arc"/>
    <link:loc xlink:type="locator" xlink:label="loc_c_13910" xlink:href="m_03.00-rend.xml#c_13910"/>
    <label:label xlink:label="label_c_13910" xlink:role="http://www.eurofiling.info/xbrl/role/rc-code" xlink:type="resource" xml:lang="en">0540</label:label>
    <gen:arc xlink:arcrole="http://xbrl.org/arcrole/2008/element-label" xlink:from="loc_c_13910" xlink:to="label_c_13910" xlink:type="arc"/>
    <link:loc xlink:type="locator" xlink:label="loc_c_13911" xlink:href="m_03.00-rend.xml#c_13911"/>
    <label:label xlink:label="label_c_13911" xlink:role="http://www.eurofiling.info/xbrl/role/rc-code" xlink:type="resource" xml:lang="en">0550</label:label>
    <gen:arc xlink:arcrole="http://xbrl.org/arcrole/2008/element-label" xlink:from="loc_c_13911" xlink:to="label_c_13911" xlink:type="arc"/>
    <link:loc xlink:type="locator" xlink:label="loc_c_13912" xlink:href="m_03.00-rend.xml#c_13912"/>
    <label:label xlink:label="label_c_13912" xlink:role="http://www.eurofiling.info/xbrl/role/rc-code" xlink:type="resource" xml:lang="en">0560</label:label>
    <gen:arc xlink:arcrole="http://xbrl.org/arcrole/2008/element-label" xlink:from="loc_c_13912" xlink:to="label_c_13912" xlink:type="arc"/>
    <link:loc xlink:type="locator" xlink:label="loc_c_13913" xlink:href="m_03.00-rend.xml#c_13913"/>
    <label:label xlink:label="label_c_13913" xlink:role="http://www.eurofiling.info/xbrl/role/rc-code" xlink:type="resource" xml:lang="en">0570</label:label>
    <gen:arc xlink:arcrole="http://xbrl.org/arcrole/2008/element-label" xlink:from="loc_c_13913" xlink:to="label_c_13913" xlink:type="arc"/>
    <link:loc xlink:type="locator" xlink:label="loc_c_13914" xlink:href="m_03.00-rend.xml#c_13914"/>
    <label:label xlink:label="label_c_13914" xlink:role="http://www.eurofiling.info/xbrl/role/rc-code" xlink:type="resource" xml:lang="en">0580</label:label>
    <gen:arc xlink:arcrole="http://xbrl.org/arcrole/2008/element-label" xlink:from="loc_c_13914" xlink:to="label_c_13914" xlink:type="arc"/>
    <link:loc xlink:type="locator" xlink:label="loc_c_13915" xlink:href="m_03.00-rend.xml#c_13915"/>
    <label:label xlink:label="label_c_13915" xlink:role="http://www.eurofiling.info/xbrl/role/rc-code" xlink:type="resource" xml:lang="en">0590</label:label>
    <gen:arc xlink:arcrole="http://xbrl.org/arcrole/2008/element-label" xlink:from="loc_c_13915" xlink:to="label_c_13915" xlink:type="arc"/>
    <link:loc xlink:type="locator" xlink:label="loc_c_13916" xlink:href="m_03.00-rend.xml#c_13916"/>
    <label:label xlink:label="label_c_13916" xlink:role="http://www.eurofiling.info/xbrl/role/rc-code" xlink:type="resource" xml:lang="en">0600</label:label>
    <gen:arc xlink:arcrole="http://xbrl.org/arcrole/2008/element-label" xlink:from="loc_c_13916" xlink:to="label_c_13916" xlink:type="arc"/>
    <link:loc xlink:type="locator" xlink:label="loc_c_13917" xlink:href="m_03.00-rend.xml#c_13917"/>
    <label:label xlink:label="label_c_13917" xlink:role="http://www.eurofiling.info/xbrl/role/rc-code" xlink:type="resource" xml:lang="en">0610</label:label>
    <gen:arc xlink:arcrole="http://xbrl.org/arcrole/2008/element-label" xlink:from="loc_c_13917" xlink:to="label_c_13917" xlink:type="arc"/>
    <link:loc xlink:type="locator" xlink:label="loc_c_18921" xlink:href="m_03.00-rend.xml#c_18921"/>
    <label:label xlink:label="label_c_18921" xlink:role="http://www.eurofiling.info/xbrl/role/rc-code" xlink:type="resource" xml:lang="en">0293</label:label>
    <gen:arc xlink:arcrole="http://xbrl.org/arcrole/2008/element-label" xlink:from="loc_c_18921" xlink:to="label_c_18921" xlink:type="arc"/>
    <link:loc xlink:type="locator" xlink:label="loc_c_18922" xlink:href="m_03.00-rend.xml#c_18922"/>
    <label:label xlink:label="label_c_18922" xlink:role="http://www.eurofiling.info/xbrl/role/rc-code" xlink:type="resource" xml:lang="en">0620</label:label>
    <gen:arc xlink:arcrole="http://xbrl.org/arcrole/2008/element-label" xlink:from="loc_c_18922" xlink:to="label_c_18922" xlink:type="arc"/>
    <link:loc xlink:type="locator" xlink:label="loc_c_18923" xlink:href="m_03.00-rend.xml#c_18923"/>
    <label:label xlink:label="label_c_18923" xlink:role="http://www.eurofiling.info/xbrl/role/rc-code" xlink:type="resource" xml:lang="en">0630</label:label>
    <gen:arc xlink:arcrole="http://xbrl.org/arcrole/2008/element-label" xlink:from="loc_c_18923" xlink:to="label_c_18923" xlink:type="arc"/>
  </gen:link>
</link:linkbase>