{
    "documentInfo": {
        "documentType": "https://xbrl.org/2021/xbrl-csv",
        "namespaces": {
            "eba": "https://www.eba.europa.eu",
            "eba_AP": "http://www.eba.europa.eu/xbrl/crr/dict/dom/AP",
            "eba_BA": "http://www.eba.europa.eu/xbrl/crr/dict/dom/BA",
            "eba_BT": "http://www.eba.europa.eu/xbrl/crr/dict/dom/BT",
            "eba_CG": "http://www.eba.europa.eu/xbrl/crr/dict/dom/CG",
            "eba_GA": "http://www.eba.europa.eu/xbrl/crr/dict/dom/GA",
            "eba_MC": "http://www.eba.europa.eu/xbrl/crr/dict/dom/MC",
            "eba_OL": "http://www.eba.europa.eu/xbrl/crr/dict/dom/OL",
            "eba_RP": "http://www.eba.europa.eu/xbrl/crr/dict/dom/RP",
            "eba_SC": "http://www.eba.europa.eu/xbrl/crr/dict/dom/SC",
            "eba_TI": "http://www.eba.europa.eu/xbrl/crr/dict/dom/TI",
            "eba_dim_3.4": "https://www.eba.europa.eu/xbrl/crr/dict/dim/3.4",
            "eba_dim_3.5": "https://www.eba.europa.eu/xbrl/crr/dict/dim/3.5",
            "eba_met": "https://www.eba.europa.eu/xbrl/crr/dict/met",
            "eba_met_3.4": "https://www.eba.europa.eu/xbrl/crr/dict/met/3.4"
        }
    },
    "tableTemplates": {
        "M_03-00": {
            "columns": {
                "datapoint": {
                    "propertyGroups": {
                        "dp459285": {
                            "decimals": "$decimalsMonetary",
                            "dimensions": {
                                "concept": "eba_met:mi76",
                                "eba_dim_3.4:ARQ": "eba_AP:x199",
                                "eba_dim_3.4:BAS": "eba_BA:x9",
                                "eba_dim_3.4:MCY": "eba_MC:x624",
                                "unit": "$baseCurrency"
                            },
                            "eba:documentation": {
                                "CellCode": "{M_03.00, r0110, c0010}",
                                "DataPointVersionId": 459285
                            }
                        },
                        "dp459286": {
                            "decimals": "$decimalsMonetary",
                            "dimensions": {
                                "concept": "eba_met:mi76",
                                "eba_dim_3.4:ARQ": "eba_AP:x199",
                                "eba_dim_3.4:BAS": "eba_BA:x31",
                                "eba_dim_3.4:MCY": "eba_MC:x1128",
                                "eba_dim_3.4:OFL": "eba_OL:x16",
                                "unit": "$baseCurrency"
                            },
                            "eba:documentation": {
                                "CellCode": "{M_03.00, r0290, c0010}",
                                "DataPointVersionId": 459286
                            }
                        },
                        "dp459287": {
                            "decimals": "$decimalsMonetary",
                            "dimensions": {
                                "concept": "eba_met:mi76",
                                "eba_dim_3.4:ARQ": "eba_AP:x199",
                                "eba_dim_3.4:BAS": "eba_BA:x31",
                                "eba_dim_3.4:MCY": "eba_MC:x1131",
                                "eba_dim_3.4:OFL": "eba_OL:x16",
                                "unit": "$baseCurrency"
                            },
                            "eba:documentation": {
                                "CellCode": "{M_03.00, r0200, c0010}",
                                "DataPointVersionId": 459287
                            }
                        },
                        "dp459288": {
                            "decimals": "$decimalsMonetary",
                            "dimensions": {
                                "concept": "eba_met:mi81",
                                "eba_dim_3.4:ARQ": "eba_AP:x199",
                                "eba_dim_3.4:BAS": "eba_BA:x17",
                                "eba_dim_3.4:ELE": "eba_BT:x12",
                                "eba_dim_3.4:MCY": "eba_MC:x1114",
                                "eba_dim_3.4:OFL": "eba_OL:x12",
                                "unit": "$baseCurrency"
                            },
                            "eba:documentation": {
                                "CellCode": "{M_03.00, r0270, c0010}",
                                "DataPointVersionId": 459288
                            }
                        },
                        "dp459289": {
                            "decimals": "$decimalsMonetary",
                            "dimensions": {
                                "concept": "eba_met:mi81",
                                "eba_dim_3.4:ARQ": "eba_AP:x199",
                                "eba_dim_3.4:BAS": "eba_BA:x31",
                                "eba_dim_3.4:ELE": "eba_BT:x12",
                                "eba_dim_3.4:MCY": "eba_MC:x275",
                                "eba_dim_3.4:OFL": "eba_OL:x10",
                                "unit": "$baseCurrency"
                            },
                            "eba:documentation": {
                                "CellCode": "{M_03.00, r0220, c0010}",
                                "DataPointVersionId": 459289
                            }
                        },
                        "dp459290": {
                            "decimals": "$decimalsMonetary",
                            "dimensions": {
                                "concept": "eba_met:mi81",
                                "eba_dim_3.4:ARQ": "eba_AP:x199",
                                "eba_dim_3.4:BAS": "eba_BA:x31",
                                "eba_dim_3.4:ELE": "eba_BT:x12",
                                "eba_dim_3.4:MCY": "eba_MC:x275",
                                "eba_dim_3.4:OFL": "eba_OL:x11",
                                "unit": "$baseCurrency"
                            },
                            "eba:documentation": {
                                "CellCode": "{M_03.00, r0230, c0010}",
                                "DataPointVersionId": 459290
                            }
                        },
                        "dp459291": {
                            "decimals": "$decimalsMonetary",
                            "dimensions": {
                                "concept": "eba_met:mi81",
                                "eba_dim_3.4:ARQ": "eba_AP:x199",
                                "eba_dim_3.4:BAS": "eba_BA:x31",
                                "eba_dim_3.4:ELE": "eba_BT:x12",
                                "eba_dim_3.4:MCY": "eba_MC:x275",
                                "eba_dim_3.4:OFL": "eba_OL:x15",
                                "unit": "$baseCurrency"
                            },
                            "eba:documentation": {
                                "CellCode": "{M_03.00, r0210, c0010}",
                                "DataPointVersionId": 459291
                            }
                        },
                        "dp459292": {
                            "decimals": "$decimalsMonetary",
                            "dimensions": {
                                "concept": "eba_met:mi81",
                                "eba_dim_3.4:ARQ": "eba_AP:x199",
                                "eba_dim_3.4:BAS": "eba_BA:x31",
                                "eba_dim_3.4:ELE": "eba_BT:x12",
                                "eba_dim_3.4:MCY": "eba_MC:x275",
                                "eba_dim_3.4:OFL": "eba_OL:x18",
                                "unit": "$baseCurrency"
                            },
                            "eba:documentation": {
                                "CellCode": "{M_03.00, r0240, c0010}",
                                "DataPointVersionId": 459292
                            }
                        },
                        "dp459293": {
                            "decimals": "$decimalsMonetary",
                            "dimensions": {
                                "concept": "eba_met:mi81",
                                "eba_dim_3.4:ARQ": "eba_AP:x199",
                                "eba_dim_3.4:BAS": "eba_BA:x31",
                                "eba_dim_3.4:ELE": "eba_BT:x12",
                                "eba_dim_3.4:MCY": "eba_MC:x1117",
                                "eba_dim_3.4:OFL": "eba_OL:x13",
                                "unit": "$baseCurrency"
                            },
                            "eba:documentation": {
                                "CellCode": "{M_03.00, r0260, c0010}",
                                "DataPointVersionId": 459293
                            }
                        },
                        "dp459294": {
                            "decimals": "$decimalsMonetary",
                            "dimensions": {
                                "concept": "eba_met:mi81",
                                "eba_dim_3.4:ARQ": "eba_AP:x199",
                                "eba_dim_3.4:BAS": "eba_BA:x31",
                                "eba_dim_3.4:ELE": "eba_BT:x12",
                                "eba_dim_3.4:MCY": "eba_MC:x1119",
                                "eba_dim_3.4:OFL": "eba_OL:x14",
                                "unit": "$baseCurrency"
                            },
                            "eba:documentation": {
                                "CellCode": "{M_03.00, r0250, c0010}",
                                "DataPointVersionId": 459294
                            }
                        },
                        "dp459295": {
                            "dimensions": {
                                "concept": "eba_met_3.4:ei207",
                                "eba_dim_3.4:ARQ": "eba_AP:x199",
                                "eba_dim_3.4:BAS": "eba_BA:x17"
                            },
                            "eba:documentation": {
                                "CellCode": "{M_03.00, r0010, c0010}",
                                "DataPointVersionId": 459295
                            }
                        },
                        "dp459296": {
                            "decimals": "$decimalsMonetary",
                            "dimensions": {
                                "concept": "eba_met:mi237",
                                "eba_dim_3.4:ARQ": "eba_AP:x199",
                                "eba_dim_3.4:BAS": "eba_BA:x9",
                                "eba_dim_3.4:MCY": "eba_MC:x192",
                                "unit": "$baseCurrency"
                            },
                            "eba:documentation": {
                                "CellCode": "{M_03.00, r0100, c0010}",
                                "DataPointVersionId": 459296
                            }
                        },
                        "dp459297": {
                            "decimals": "$decimalsPercentage",
                            "dimensions": {
                                "concept": "eba_met:pi317",
                                "eba_dim_3.4:ARQ": "eba_AP:x199",
                                "eba_dim_3.4:BAS": "eba_BA:x17",
                                "eba_dim_3.4:MCY": "eba_MC:x3",
                                "eba_dim_3.4:OFL": "eba_OL:x10",
                                "eba_dim_3.4:RMC": "eba_MC:x1137"
                            },
                            "eba:documentation": {
                                "CellCode": "{M_03.00, r0440, c0010}",
                                "DataPointVersionId": 459297
                            }
                        },
                        "dp459298": {
                            "decimals": "$decimalsPercentage",
                            "dimensions": {
                                "concept": "eba_met:pi317",
                                "eba_dim_3.4:ARQ": "eba_AP:x199",
                                "eba_dim_3.4:BAS": "eba_BA:x31",
                                "eba_dim_3.4:MCY": "eba_MC:x1114",
                                "eba_dim_3.4:OFL": "eba_OL:x12",
                                "eba_dim_3.4:RMC": "eba_MC:x1136"
                            },
                            "eba:documentation": {
                                "CellCode": "{M_03.00, r0430, c0010}",
                                "DataPointVersionId": 459298
                            }
                        },
                        "dp459299": {
                            "decimals": "$decimalsPercentage",
                            "dimensions": {
                                "concept": "eba_met:pi317",
                                "eba_dim_3.4:ARQ": "eba_AP:x199",
                                "eba_dim_3.4:BAS": "eba_BA:x31",
                                "eba_dim_3.4:MCY": "eba_MC:x1114",
                                "eba_dim_3.4:OFL": "eba_OL:x12",
                                "eba_dim_3.4:RMC": "eba_MC:x1137"
                            },
                            "eba:documentation": {
                                "CellCode": "{M_03.00, r0410, c0010}",
                                "DataPointVersionId": 459299
                            }
                        },
                        "dp459300": {
                            "decimals": "$decimalsPercentage",
                            "dimensions": {
                                "concept": "eba_met:pi317",
                                "eba_dim_3.4:ARQ": "eba_AP:x199",
                                "eba_dim_3.4:BAS": "eba_BA:x31",
                                "eba_dim_3.4:MCY": "eba_MC:x1131",
                                "eba_dim_3.4:OFL": "eba_OL:x16",
                                "eba_dim_3.4:RMC": "eba_MC:x1136"
                            },
                            "eba:documentation": {
                                "CellCode": "{M_03.00, r0420, c0010}",
                                "DataPointVersionId": 459300
                            }
                        },
                        "dp459301": {
                            "decimals": "$decimalsPercentage",
                            "dimensions": {
                                "concept": "eba_met:pi317",
                                "eba_dim_3.4:ARQ": "eba_AP:x199",
                                "eba_dim_3.4:BAS": "eba_BA:x31",
                                "eba_dim_3.4:MCY": "eba_MC:x1131",
                                "eba_dim_3.4:OFL": "eba_OL:x16",
                                "eba_dim_3.4:RMC": "eba_MC:x1137"
                            },
                            "eba:documentation": {
                                "CellCode": "{M_03.00, r0400, c0010}",
                                "DataPointVersionId": 459301
                            }
                        },
                        "dp459302": {
                            "decimals": "$decimalsMonetary",
                            "dimensions": {
                                "concept": "eba_met:mi339",
                                "eba_dim_3.4:ARQ": "eba_AP:x199",
                                "eba_dim_3.4:BAS": "eba_BA:x17",
                                "eba_dim_3.4:CLS": "eba_CG:x21",
                                "eba_dim_3.4:ELE": "eba_BT:x12",
                                "eba_dim_3.4:MCG": "eba_MC:x409",
                                "eba_dim_3.4:MCY": "eba_MC:x1114",
                                "eba_dim_3.4:OFL": "eba_OL:x12",
                                "unit": "$baseCurrency"
                            },
                            "eba:documentation": {
                                "CellCode": "{M_03.00, r0280, c0010}",
                                "DataPointVersionId": 459302
                            }
                        },
                        "dp459303": {
                            "decimals": "$decimalsMonetary",
                            "dimensions": {
                                "concept": "eba_met:mi308",
                                "eba_dim_3.4:ARQ": "eba_AP:x199",
                                "eba_dim_3.4:BAS": "eba_BA:x7",
                                "eba_dim_3.4:CBP": "eba_GA:x38",
                                "eba_dim_3.4:CWD": "eba_BT:x5",
                                "eba_dim_3.4:ELE": "eba_BT:x13",
                                "eba_dim_3.4:MCR": "eba_MC:x339",
                                "eba_dim_3.4:MCY": "eba_MC:x31",
                                "unit": "$baseCurrency"
                            },
                            "eba:documentation": {
                                "CellCode": "{M_03.00, r0570, c0010}",
                                "DataPointVersionId": 459303
                            }
                        },
                        "dp459304": {
                            "decimals": "$decimalsMonetary",
                            "dimensions": {
                                "concept": "eba_met:mi308",
                                "eba_dim_3.4:ARQ": "eba_AP:x199",
                                "eba_dim_3.4:BAS": "eba_BA:x7",
                                "eba_dim_3.4:CBP": "eba_GA:x38",
                                "eba_dim_3.4:ELE": "eba_BT:x13",
                                "eba_dim_3.4:MCR": "eba_MC:x339",
                                "eba_dim_3.4:MCY": "eba_MC:x31",
                                "unit": "$baseCurrency"
                            },
                            "eba:documentation": {
                                "CellCode": "{M_03.00, r0560, c0010}",
                                "DataPointVersionId": 459304
                            }
                        },
                        "dp459305": {
                            "decimals": "$decimalsMonetary",
                            "dimensions": {
                                "concept": "eba_met:mi308",
                                "eba_dim_3.4:ARQ": "eba_AP:x199",
                                "eba_dim_3.4:BAS": "eba_BA:x7",
                                "eba_dim_3.4:ELE": "eba_BT:x13",
                                "eba_dim_3.4:MCR": "eba_MC:x339",
                                "eba_dim_3.4:MCY": "eba_MC:x31",
                                "unit": "$baseCurrency"
                            },
                            "eba:documentation": {
                                "CellCode": "{M_03.00, r0550, c0010}",
                                "DataPointVersionId": 459305
                            }
                        },
                        "dp459306": {
                            "decimals": "$decimalsMonetary",
                            "dimensions": {
                                "concept": "eba_met:mi308",
                                "eba_dim_3.4:ARQ": "eba_AP:x199",
                                "eba_dim_3.4:BAS": "eba_BA:x7",
                                "eba_dim_3.4:ELE": "eba_BT:x13",
                                "eba_dim_3.4:MCR": "eba_MC:x339",
                                "eba_dim_3.4:MCY": "eba_MC:x31",
                                "eba_dim_3.4:RES": "eba_TI:x22",
                                "unit": "$baseCurrency"
                            },
                            "eba:documentation": {
                                "CellCode": "{M_03.00, r0600, c0010}",
                                "DataPointVersionId": 459306
                            }
                        },
                        "dp459307": {
                            "decimals": "$decimalsMonetary",
                            "dimensions": {
                                "concept": "eba_met:mi308",
                                "eba_dim_3.4:ARQ": "eba_AP:x199",
                                "eba_dim_3.4:BAS": "eba_BA:x7",
                                "eba_dim_3.4:ELE": "eba_BT:x13",
                                "eba_dim_3.4:MCR": "eba_MC:x339",
                                "eba_dim_3.4:MCY": "eba_MC:x31",
                                "eba_dim_3.4:RES": "eba_TI:x63",
                                "unit": "$baseCurrency"
                            },
                            "eba:documentation": {
                                "CellCode": "{M_03.00, r0580, c0010}",
                                "DataPointVersionId": 459307
                            }
                        },
                        "dp459308": {
                            "decimals": "$decimalsMonetary",
                            "dimensions": {
                                "concept": "eba_met:mi308",
                                "eba_dim_3.4:ARQ": "eba_AP:x199",
                                "eba_dim_3.4:BAS": "eba_BA:x7",
                                "eba_dim_3.4:ELE": "eba_BT:x13",
                                "eba_dim_3.4:MCR": "eba_MC:x339",
                                "eba_dim_3.4:MCY": "eba_MC:x31",
                                "eba_dim_3.4:RES": "eba_TI:x271",
                                "unit": "$baseCurrency"
                            },
                            "eba:documentation": {
                                "CellCode": "{M_03.00, r0590, c0010}",
                                "DataPointVersionId": 459308
                            }
                        },
                        "dp459317": {
                            "decimals": "$decimalsMonetary",
                            "dimensions": {
                                "concept": "eba_met:mi76",
                                "eba_dim_3.4:ARQ": "eba_AP:x201",
                                "eba_dim_3.4:BAS": "eba_BA:x9",
                                "eba_dim_3.4:MCY": "eba_MC:x624",
                                "unit": "$baseCurrency"
                            },
                            "eba:documentation": {
                                "CellCode": "{M_03.00, r0110, c0020}",
                                "DataPointVersionId": 459317
                            }
                        },
                        "dp459318": {
                            "decimals": "$decimalsMonetary",
                            "dimensions": {
                                "concept": "eba_met:mi76",
                                "eba_dim_3.4:ARQ": "eba_AP:x201",
                                "eba_dim_3.4:BAS": "eba_BA:x31",
                                "eba_dim_3.4:MCY": "eba_MC:x1131",
                                "eba_dim_3.4:OFL": "eba_OL:x16",
                                "unit": "$baseCurrency"
                            },
                            "eba:documentation": {
                                "CellCode": "{M_03.00, r0200, c0020}",
                                "DataPointVersionId": 459318
                            }
                        },
                        "dp459319": {
                            "decimals": "$decimalsMonetary",
                            "dimensions": {
                                "concept": "eba_met:mi81",
                                "eba_dim_3.4:ARQ": "eba_AP:x201",
                                "eba_dim_3.4:BAS": "eba_BA:x31",
                                "eba_dim_3.4:ELE": "eba_BT:x12",
                                "eba_dim_3.4:MCY": "eba_MC:x275",
                                "eba_dim_3.4:OFL": "eba_OL:x10",
                                "unit": "$baseCurrency"
                            },
                            "eba:documentation": {
                                "CellCode": "{M_03.00, r0220, c0020}",
                                "DataPointVersionId": 459319
                            }
                        },
                        "dp459320": {
                            "decimals": "$decimalsMonetary",
                            "dimensions": {
                                "concept": "eba_met:mi81",
                                "eba_dim_3.4:ARQ": "eba_AP:x201",
                                "eba_dim_3.4:BAS": "eba_BA:x31",
                                "eba_dim_3.4:ELE": "eba_BT:x12",
                                "eba_dim_3.4:MCY": "eba_MC:x275",
                                "eba_dim_3.4:OFL": "eba_OL:x11",
                                "unit": "$baseCurrency"
                            },
                            "eba:documentation": {
                                "CellCode": "{M_03.00, r0230, c0020}",
                                "DataPointVersionId": 459320
                            }
                        },
                        "dp459321": {
                            "decimals": "$decimalsMonetary",
                            "dimensions": {
                                "concept": "eba_met:mi81",
                                "eba_dim_3.4:ARQ": "eba_AP:x201",
                                "eba_dim_3.4:BAS": "eba_BA:x31",
                                "eba_dim_3.4:ELE": "eba_BT:x12",
                                "eba_dim_3.4:MCY": "eba_MC:x275",
                                "eba_dim_3.4:OFL": "eba_OL:x15",
                                "unit": "$baseCurrency"
                            },
                            "eba:documentation": {
                                "CellCode": "{M_03.00, r0210, c0020}",
                                "DataPointVersionId": 459321
                            }
                        },
                        "dp459322": {
                            "decimals": "$decimalsMonetary",
                            "dimensions": {
                                "concept": "eba_met:mi81",
                                "eba_dim_3.4:ARQ": "eba_AP:x201",
                                "eba_dim_3.4:BAS": "eba_BA:x31",
                                "eba_dim_3.4:ELE": "eba_BT:x12",
                                "eba_dim_3.4:MCY": "eba_MC:x275",
                                "eba_dim_3.4:OFL": "eba_OL:x18",
                                "unit": "$baseCurrency"
                            },
                            "eba:documentation": {
                                "CellCode": "{M_03.00, r0240, c0020}",
                                "DataPointVersionId": 459322
                            }
                        },
                        "dp459323": {
                            "decimals": "$decimalsMonetary",
                            "dimensions": {
                                "concept": "eba_met:mi81",
                                "eba_dim_3.4:ARQ": "eba_AP:x201",
                                "eba_dim_3.4:BAS": "eba_BA:x31",
                                "eba_dim_3.4:ELE": "eba_BT:x12",
                                "eba_dim_3.4:MCY": "eba_MC:x1117",
                                "eba_dim_3.4:OFL": "eba_OL:x13",
                                "unit": "$baseCurrency"
                            },
                            "eba:documentation": {
                                "CellCode": "{M_03.00, r0260, c0020}",
                                "DataPointVersionId": 459323
                            }
                        },
                        "dp459324": {
                            "decimals": "$decimalsMonetary",
                            "dimensions": {
                                "concept": "eba_met:mi81",
                                "eba_dim_3.4:ARQ": "eba_AP:x201",
                                "eba_dim_3.4:BAS": "eba_BA:x31",
                                "eba_dim_3.4:ELE": "eba_BT:x12",
                                "eba_dim_3.4:MCY": "eba_MC:x1119",
                                "eba_dim_3.4:OFL": "eba_OL:x14",
                                "unit": "$baseCurrency"
                            },
                            "eba:documentation": {
                                "CellCode": "{M_03.00, r0250, c0020}",
                                "DataPointVersionId": 459324
                            }
                        },
                        "dp459325": {
                            "dimensions": {
                                "concept": "eba_met_3.4:ei207",
                                "eba_dim_3.4:ARQ": "eba_AP:x201",
                                "eba_dim_3.4:BAS": "eba_BA:x17"
                            },
                            "eba:documentation": {
                                "CellCode": "{M_03.00, r0010, c0020}",
                                "DataPointVersionId": 459325
                            }
                        },
                        "dp459326": {
                            "decimals": "$decimalsMonetary",
                            "dimensions": {
                                "concept": "eba_met:mi237",
                                "eba_dim_3.4:ARQ": "eba_AP:x201",
                                "eba_dim_3.4:BAS": "eba_BA:x9",
                                "eba_dim_3.4:MCY": "eba_MC:x192",
                                "unit": "$baseCurrency"
                            },
                            "eba:documentation": {
                                "CellCode": "{M_03.00, r0100, c0020}",
                                "DataPointVersionId": 459326
                            }
                        },
                        "dp459327": {
                            "decimals": "$decimalsPercentage",
                            "dimensions": {
                                "concept": "eba_met:pi317",
                                "eba_dim_3.4:ARQ": "eba_AP:x201",
                                "eba_dim_3.4:BAS": "eba_BA:x17",
                                "eba_dim_3.4:MCY": "eba_MC:x3",
                                "eba_dim_3.4:OFL": "eba_OL:x10",
                                "eba_dim_3.4:RMC": "eba_MC:x1137"
                            },
                            "eba:documentation": {
                                "CellCode": "{M_03.00, r0440, c0020}",
                                "DataPointVersionId": 459327
                            }
                        },
                        "dp459328": {
                            "decimals": "$decimalsPercentage",
                            "dimensions": {
                                "concept": "eba_met:pi317",
                                "eba_dim_3.4:ARQ": "eba_AP:x201",
                                "eba_dim_3.4:BAS": "eba_BA:x31",
                                "eba_dim_3.4:MCY": "eba_MC:x1131",
                                "eba_dim_3.4:OFL": "eba_OL:x16",
                                "eba_dim_3.4:RMC": "eba_MC:x1136"
                            },
                            "eba:documentation": {
                                "CellCode": "{M_03.00, r0420, c0020}",
                                "DataPointVersionId": 459328
                            }
                        },
                        "dp459329": {
                            "decimals": "$decimalsPercentage",
                            "dimensions": {
                                "concept": "eba_met:pi317",
                                "eba_dim_3.4:ARQ": "eba_AP:x201",
                                "eba_dim_3.4:BAS": "eba_BA:x31",
                                "eba_dim_3.4:MCY": "eba_MC:x1131",
                                "eba_dim_3.4:OFL": "eba_OL:x16",
                                "eba_dim_3.4:RMC": "eba_MC:x1137"
                            },
                            "eba:documentation": {
                                "CellCode": "{M_03.00, r0400, c0020}",
                                "DataPointVersionId": 459329
                            }
                        },
                        "dp459330": {
                            "decimals": "$decimalsMonetary",
                            "dimensions": {
                                "concept": "eba_met:mi308",
                                "eba_dim_3.4:ARQ": "eba_AP:x201",
                                "eba_dim_3.4:BAS": "eba_BA:x7",
                                "eba_dim_3.4:MCR": "eba_MC:x338",
                                "eba_dim_3.4:MCY": "eba_MC:x31",
                                "unit": "$baseCurrency"
                            },
                            "eba:documentation": {
                                "CellCode": "{M_03.00, r0610, c0020}",
                                "DataPointVersionId": 459330
                            }
                        },
                        "dp459331": {
                            "decimals": "$decimalsPercentage",
                            "dimensions": {
                                "concept": "eba_met:pi827",
                                "eba_dim_3.4:ARQ": "eba_AP:x201",
                                "eba_dim_3.4:BAS": "eba_BA:x17",
                                "eba_dim_3.4:MCY": "eba_MC:x53"
                            },
                            "eba:documentation": {
                                "CellCode": "{M_03.00, r0500, c0020}",
                                "DataPointVersionId": 459331
                            }
                        },
                        "dp459332": {
                            "decimals": "$decimalsPercentage",
                            "dimensions": {
                                "concept": "eba_met:pi827",
                                "eba_dim_3.4:ARQ": "eba_AP:x201",
                                "eba_dim_3.4:BAS": "eba_BA:x17",
                                "eba_dim_3.4:MCY": "eba_MC:x324"
                            },
                            "eba:documentation": {
                                "CellCode": "{M_03.00, r0520, c0020}",
                                "DataPointVersionId": 459332
                            }
                        },
                        "dp459333": {
                            "decimals": "$decimalsPercentage",
                            "dimensions": {
                                "concept": "eba_met:pi827",
                                "eba_dim_3.4:ARQ": "eba_AP:x201",
                                "eba_dim_3.4:BAS": "eba_BA:x17",
                                "eba_dim_3.4:MCY": "eba_MC:x326"
                            },
                            "eba:documentation": {
                                "CellCode": "{M_03.00, r0530, c0020}",
                                "DataPointVersionId": 459333
                            }
                        },
                        "dp459334": {
                            "decimals": "$decimalsPercentage",
                            "dimensions": {
                                "concept": "eba_met:pi827",
                                "eba_dim_3.4:ARQ": "eba_AP:x201",
                                "eba_dim_3.4:BAS": "eba_BA:x17",
                                "eba_dim_3.4:MCY": "eba_MC:x1111"
                            },
                            "eba:documentation": {
                                "CellCode": "{M_03.00, r0510, c0020}",
                                "DataPointVersionId": 459334
                            }
                        },
                        "dp459335": {
                            "decimals": "$decimalsPercentage",
                            "dimensions": {
                                "concept": "eba_met:pi827",
                                "eba_dim_3.4:ARQ": "eba_AP:x201",
                                "eba_dim_3.4:BAS": "eba_BA:x17",
                                "eba_dim_3.4:MCY": "eba_MC:x1132"
                            },
                            "eba:documentation": {
                                "CellCode": "{M_03.00, r0540, c0020}",
                                "DataPointVersionId": 459335
                            }
                        },
                        "dp480078": {
                            "decimals": "$decimalsMonetary",
                            "dimensions": {
                                "concept": "eba_met:mi81",
                                "eba_dim_3.4:APE": "eba_AP:x260",
                                "eba_dim_3.4:ARQ": "eba_AP:x199",
                                "eba_dim_3.4:BAS": "eba_BA:x31",
                                "eba_dim_3.4:ELE": "eba_BT:x12",
                                "eba_dim_3.4:MCB": "eba_MC:x1307",
                                "eba_dim_3.4:MCY": "eba_MC:x1116",
                                "eba_dim_3.4:OFL": "eba_OL:x13",
                                "unit": "$baseCurrency"
                            },
                            "eba:documentation": {
                                "CellCode": "{M_03.00, r0265, c0010}",
                                "DataPointVersionId": 480078
                            }
                        },
                        "dp480079": {
                            "decimals": "$decimalsMonetary",
                            "dimensions": {
                                "concept": "eba_met:mi81",
                                "eba_dim_3.4:APE": "eba_AP:x260",
                                "eba_dim_3.4:ARQ": "eba_AP:x201",
                                "eba_dim_3.4:BAS": "eba_BA:x31",
                                "eba_dim_3.4:ELE": "eba_BT:x12",
                                "eba_dim_3.4:MCB": "eba_MC:x1307",
                                "eba_dim_3.4:MCY": "eba_MC:x1116",
                                "eba_dim_3.4:OFL": "eba_OL:x13",
                                "unit": "$baseCurrency"
                            },
                            "eba:documentation": {
                                "CellCode": "{M_03.00, r0265, c0020}",
                                "DataPointVersionId": 480079
                            }
                        },
                        "dp480090": {
                            "decimals": "$decimalsMonetary",
                            "dimensions": {
                                "concept": "eba_met:mi76",
                                "eba_dim_3.4:ARQ": "eba_AP:x199",
                                "eba_dim_3.4:BAS": "eba_BA:x31",
                                "eba_dim_3.4:MCY": "eba_MC:x1308",
                                "eba_dim_3.4:OFL": "eba_OL:x13",
                                "unit": "$baseCurrency"
                            },
                            "eba:documentation": {
                                "CellCode": "{M_03.00, r0295, c0010}",
                                "DataPointVersionId": 480090
                            }
                        },
                        "dp480092": {
                            "decimals": "$decimalsMonetary",
                            "dimensions": {
                                "concept": "eba_met:mi76",
                                "eba_dim_3.4:ARQ": "eba_AP:x201",
                                "eba_dim_3.4:BAS": "eba_BA:x31",
                                "eba_dim_3.4:MCY": "eba_MC:x1308",
                                "eba_dim_3.4:OFL": "eba_OL:x13",
                                "unit": "$baseCurrency"
                            },
                            "eba:documentation": {
                                "CellCode": "{M_03.00, r0295, c0020}",
                                "DataPointVersionId": 480092
                            }
                        },
                        "dp480093": {
                            "decimals": "$decimalsMonetary",
                            "dimensions": {
                                "concept": "eba_met:mi76",
                                "eba_dim_3.4:ARQ": "eba_AP:x201",
                                "eba_dim_3.4:BAS": "eba_BA:x31",
                                "eba_dim_3.4:MCY": "eba_MC:x1128",
                                "eba_dim_3.4:OFL": "eba_OL:x16",
                                "unit": "$baseCurrency"
                            },
                            "eba:documentation": {
                                "CellCode": "{M_03.00, r0290, c0020}",
                                "DataPointVersionId": 480093
                            }
                        },
                        "dp480306": {
                            "decimals": "$decimalsMonetary",
                            "dimensions": {
                                "concept": "eba_met:mi76",
                                "eba_dim_3.4:ARQ": "eba_AP:x199",
                                "eba_dim_3.4:BAS": "eba_BA:x11",
                                "eba_dim_3.4:GII": "eba_RP:x104",
                                "eba_dim_3.4:MCY": "eba_MC:x275",
                                "eba_dim_3.4:SCO": "eba_SC:x10",
                                "eba_dim_3.5:MRL": "eba_BT:x27",
                                "unit": "$baseCurrency"
                            },
                            "eba:documentation": {
                                "CellCode": "{M_03.00, r0620, c0010}",
                                "DataPointVersionId": 480306
                            }
                        },
                        "dp480307": {
                            "decimals": "$decimalsMonetary",
                            "dimensions": {
                                "concept": "eba_met:mi76",
                                "eba_dim_3.4:ARQ": "eba_AP:x199",
                                "eba_dim_3.4:BAS": "eba_BA:x11",
                                "eba_dim_3.4:GII": "eba_RP:x104",
                                "eba_dim_3.4:MCY": "eba_MC:x1128",
                                "eba_dim_3.4:SCO": "eba_SC:x10",
                                "eba_dim_3.5:MRL": "eba_BT:x27",
                                "unit": "$baseCurrency"
                            },
                            "eba:documentation": {
                                "CellCode": "{M_03.00, r0293, c0010}",
                                "DataPointVersionId": 480307
                            }
                        },
                        "dp480308": {
                            "decimals": "$decimalsMonetary",
                            "dimensions": {
                                "concept": "eba_met:mi76",
                                "eba_dim_3.4:ARQ": "eba_AP:x201",
                                "eba_dim_3.4:BAS": "eba_BA:x11",
                                "eba_dim_3.4:GII": "eba_RP:x104",
                                "eba_dim_3.4:MCY": "eba_MC:x1128",
                                "eba_dim_3.4:SCO": "eba_SC:x10",
                                "eba_dim_3.5:MRL": "eba_BT:x27",
                                "unit": "$baseCurrency"
                            },
                            "eba:documentation": {
                                "CellCode": "{M_03.00, r0293, c0020}",
                                "DataPointVersionId": 480308
                            }
                        },
                        "dp483576": {
                            "decimals": "$decimalsPercentage",
                            "dimensions": {
                                "concept": "eba_met:pi1347",
                                "eba_dim_3.4:ARQ": "eba_AP:x199"
                            },
                            "eba:documentation": {
                                "CellCode": "{M_03.00, r0630, c0010}",
                                "DataPointVersionId": 483576
                            }
                        }
                    }
                },
                "factValue": {
                    "dimensions": {},
                    "propertiesFrom": [
                        "datapoint"
                    ]
                }
            }
        }
    }
}