<?xml version="1.0" encoding="UTF-8"?>
<!-- Generated by Fujitsu Interstage XWand B0251 -->
<?officialURI http://archprod.service.eogs.dk/taxonomy/20201001/gsd/050gsd_pre.xml?>

<?taxonomy-version 1.7.0?>

<link:linkbase xmlns:xsi="http://www.w3.org/2001/XMLSchema-instance" xsi:schemaLocation="http://www.xbrl.org/2003/linkbase http://www.xbrl.org/2003/xbrl-linkbase-2003-12-31.xsd" xmlns:link="http://www.xbrl.org/2003/linkbase" xmlns:entry="http://xbrl.dcca.dk/entryBalanceSheetAccountByCurrentAndLongTermFormIncomeStatementByNature" xmlns:xbrli="http://www.xbrl.org/2003/instance" xmlns:xlink="http://www.w3.org/1999/xlink" xmlns:xbrldt="http://xbrl.org/2005/xbrldt">
  <link:roleRef roleURI="http://xbrl.dcca.dk/role/050.00/GeneralAndSubmissionDataUvmReg" xlink:type="simple" xlink:href="gsd.xsd#gsd_RoleGeneralAndSubmissionDataUvmReg"/>
  <link:roleRef roleURI="http://uvm.dk/" xlink:type="simple" xlink:href="../cmn.xsd#uvm_Uvm"/>
  <link:presentationLink xlink:type="extended" xlink:role="http://xbrl.dcca.dk/role/050.00/GeneralAndSubmissionDataUvmReg">
    <link:loc xlink:type="locator" xlink:href="gsd.xsd#gsd_InformationOnSubmissionReportAndReportingEntityAbstract" xlink:label="InformationOnSubmissionReportAndReportingEntityAbstract" xlink:title="InformationOnSubmissionReportAndReportingEntityAbstract"/>
    <link:loc xlink:type="locator" xlink:href="gsd.xsd#gsd_InformationOnTypeOfSubmittedReport" xlink:label="InformationOnTypeOfSubmittedReport"/>
    <link:presentationArc xlink:type="arc" xlink:arcrole="http://www.xbrl.org/2003/arcrole/parent-child" xlink:from="InformationOnSubmissionReportAndReportingEntityAbstract" xlink:to="InformationOnTypeOfSubmittedReport" xlink:title="presentation: InformationOnSubmissionReportAndReportingEntityAbstract to InformationOnTypeOfSubmittedReport" order="10.0"/>
    <link:loc xlink:type="locator" xlink:href="gsd.xsd#gsd_InformationOnReportingEntityAbstract" xlink:label="InformationOnReportingEntityAbstract"/>
    <link:presentationArc xlink:type="arc" xlink:arcrole="http://www.xbrl.org/2003/arcrole/parent-child" xlink:from="InformationOnSubmissionReportAndReportingEntityAbstract" xlink:to="InformationOnReportingEntityAbstract" xlink:title="presentation: InformationOnSubmissionReportAndReportingEntityAbstract to InformationOnReportingEntityAbstract" order="40.0" preferredLabel="http://xbrl.dcca.dk/role/050.00/GeneralAndSubmissionDataUvmReg"/>
    <link:loc xlink:type="locator" xlink:href="gsd.xsd#gsd_IdentificationNumberCvrOfReportingEntity" xlink:label="IdentificationNumberCvrOfReportingEntity"/>
    <link:presentationArc xlink:type="arc" xlink:arcrole="http://www.xbrl.org/2003/arcrole/parent-child" xlink:from="InformationOnReportingEntityAbstract" xlink:to="IdentificationNumberCvrOfReportingEntity" xlink:title="presentation: InformationOnReportingEntityAbstract to IdentificationNumberCvrOfReportingEntity" order="70.0" preferredLabel="http://xbrl.dcca.dk/role/050.00/GeneralAndSubmissionDataUvmReg"/>
    <link:loc xlink:type="locator" xlink:href="gsd.xsd#gsd_NameOfReportingEntity" xlink:label="NameOfReportingEntity"/>
    <link:presentationArc xlink:type="arc" xlink:arcrole="http://www.xbrl.org/2003/arcrole/parent-child" xlink:from="InformationOnReportingEntityAbstract" xlink:to="NameOfReportingEntity" xlink:title="presentation: InformationOnReportingEntityAbstract to NameOfReportingEntity" order="10.0" preferredLabel="http://xbrl.dcca.dk/role/050.00/GeneralAndSubmissionDataUvmReg"/>
    <link:loc xlink:type="locator" xlink:href="gsd.xsd#gsd_TelephoneNumberOfReportingEntity" xlink:label="TelephoneNumberOfReportingEntity"/>
    <link:presentationArc xlink:type="arc" xlink:arcrole="http://www.xbrl.org/2003/arcrole/parent-child" xlink:from="InformationOnReportingEntityAbstract" xlink:to="TelephoneNumberOfReportingEntity" xlink:title="presentation: InformationOnReportingEntityAbstract to TelephoneNumberOfReportingEntity" order="30.0" preferredLabel="http://xbrl.dcca.dk/role/050.00/GeneralAndSubmissionDataUvmReg"/>
    <link:loc xlink:type="locator" xlink:href="gsd.xsd#gsd_HomepageOfReportingEntity" xlink:label="HomepageOfReportingEntity"/>
    <link:presentationArc xlink:type="arc" xlink:arcrole="http://www.xbrl.org/2003/arcrole/parent-child" xlink:from="InformationOnReportingEntityAbstract" xlink:to="HomepageOfReportingEntity" xlink:title="presentation: InformationOnReportingEntityAbstract to HomepageOfReportingEntity" order="50.0" preferredLabel="http://xbrl.dcca.dk/role/050.00/GeneralAndSubmissionDataUvmReg"/>
    <link:loc xlink:type="locator" xlink:href="gsd.xsd#gsd_EmailOfReportingEntity" xlink:label="EmailOfReportingEntity"/>
    <link:presentationArc xlink:type="arc" xlink:arcrole="http://www.xbrl.org/2003/arcrole/parent-child" xlink:from="InformationOnReportingEntityAbstract" xlink:to="EmailOfReportingEntity" xlink:title="presentation: InformationOnReportingEntityAbstract to EmailOfReportingEntity" order="40.0" preferredLabel="http://xbrl.dcca.dk/role/050.00/GeneralAndSubmissionDataUvmReg"/>
    <link:loc xlink:type="locator" xlink:href="gsd.xsd#gsd_AddressOfReportingEntityAbstract" xlink:label="AddressOfReportingEntityAbstract" xlink:title="AddressOfReportingEntityAbstract"/>
    <link:presentationArc xlink:type="arc" xlink:arcrole="http://www.xbrl.org/2003/arcrole/parent-child" xlink:from="InformationOnReportingEntityAbstract" xlink:to="AddressOfReportingEntityAbstract" xlink:title="presentation: InformationOnReportingEntityAbstract to AddressOfReportingEntityAbstract" order="20.0" preferredLabel="http://xbrl.dcca.dk/role/050.00/GeneralAndSubmissionDataUvmReg"/>
    <link:loc xlink:type="locator" xlink:href="gsd.xsd#gsd_AddressOfReportingEntityStreetName" xlink:label="AddressOfReportingEntityStreetName" xlink:title="AddressOfReportingEntityStreetName"/>
    <link:presentationArc xlink:type="arc" xlink:arcrole="http://www.xbrl.org/2003/arcrole/parent-child" xlink:from="AddressOfReportingEntityAbstract" xlink:to="AddressOfReportingEntityStreetName" xlink:title="presentation: AddressOfReportingEntityAbstract to AddressOfReportingEntityStreetName" order="1.0" preferredLabel="http://xbrl.dcca.dk/role/050.00/GeneralAndSubmissionDataUvmReg"/>
    <link:loc xlink:type="locator" xlink:href="gsd.xsd#gsd_AddressOfReportingEntityStreetBuildingIdentifier" xlink:label="AddressOfReportingEntityStreetBuildingIdentifier" xlink:title="AddressOfReportingEntityStreetBuildingIdentifier"/>
    <link:presentationArc xlink:type="arc" xlink:arcrole="http://www.xbrl.org/2003/arcrole/parent-child" xlink:from="AddressOfReportingEntityAbstract" xlink:to="AddressOfReportingEntityStreetBuildingIdentifier" xlink:title="presentation: AddressOfReportingEntityAbstract to AddressOfReportingEntityStreetBuildingIdentifier" order="2.0" preferredLabel="http://xbrl.dcca.dk/role/050.00/GeneralAndSubmissionDataUvmReg"/>
    <link:loc xlink:type="locator" xlink:href="gsd.xsd#gsd_AddressOfReportingEntityPostCodeIdentifier" xlink:label="AddressOfReportingEntityPostCodeIdentifier" xlink:title="AddressOfReportingEntityPostCodeIdentifier"/>
    <link:presentationArc xlink:type="arc" xlink:arcrole="http://www.xbrl.org/2003/arcrole/parent-child" xlink:from="AddressOfReportingEntityAbstract" xlink:to="AddressOfReportingEntityPostCodeIdentifier" xlink:title="presentation: AddressOfReportingEntityAbstract to AddressOfReportingEntityPostCodeIdentifier" order="3.0" preferredLabel="http://xbrl.dcca.dk/role/050.00/GeneralAndSubmissionDataUvmReg"/>
    <link:loc xlink:type="locator" xlink:href="gsd.xsd#gsd_AddressOfReportingEntityDistrictName" xlink:label="AddressOfReportingEntityDistrictName" xlink:title="AddressOfReportingEntityDistrictName"/>
    <link:presentationArc xlink:type="arc" xlink:arcrole="http://www.xbrl.org/2003/arcrole/parent-child" xlink:from="AddressOfReportingEntityAbstract" xlink:to="AddressOfReportingEntityDistrictName" xlink:title="presentation: AddressOfReportingEntityAbstract to AddressOfReportingEntityDistrictName" order="4.0" preferredLabel="http://xbrl.dcca.dk/role/050.00/GeneralAndSubmissionDataUvmReg"/>
    <link:loc xlink:type="locator" xlink:href="gsd.xsd#gsd_RegisteredOfficeOfReportingEntity" xlink:label="RegisteredOfficeOfReportingEntity"/>
    <link:presentationArc xlink:type="arc" xlink:arcrole="http://www.xbrl.org/2003/arcrole/parent-child" xlink:from="AddressOfReportingEntityAbstract" xlink:to="RegisteredOfficeOfReportingEntity" xlink:title="presentation: AddressOfReportingEntityAbstract to RegisteredOfficeOfReportingEntity" order="7.0" preferredLabel="http://xbrl.dcca.dk/role/050.00/GeneralAndSubmissionDataUvmReg"/>
    <link:loc xlink:type="locator" xlink:href="gsd.xsd#gsd_LegalEntityIdentifierOfReportingEntity" xlink:label="LegalEntityIdentifierOfReportingEntity" xlink:title="LegalEntityIdentifierOfReportingEntity"/>
    <link:presentationArc xlink:type="arc" xlink:arcrole="http://www.xbrl.org/2003/arcrole/parent-child" xlink:from="InformationOnReportingEntityAbstract" xlink:to="LegalEntityIdentifierOfReportingEntity" xlink:title="presentation: InformationOnReportingEntityAbstract to LegalEntityIdentifierOfReportingEntity" order="80.0" preferredLabel="http://xbrl.dcca.dk/role/050.00/GeneralAndSubmissionDataUvmReg"/>
    <link:loc xlink:type="locator" xlink:href="../cmn.xsd#cmn_InstitutionNumbertOfReportingEntity" xlink:label="InstitutionNumbertOfReportingEntity" xlink:title="InstitutionNumbertOfReportingEntity"/>
    <link:presentationArc xlink:type="arc" xlink:arcrole="http://www.xbrl.org/2003/arcrole/parent-child" xlink:from="InformationOnReportingEntityAbstract" xlink:to="InstitutionNumbertOfReportingEntity" xlink:title="presentation: InformationOnReportingEntityAbstract to InstitutionNumbertOfReportingEntity" order="81.0"/>
    <link:loc xlink:type="locator" xlink:href="gsd.xsd#gsd_InformationOnMainFinancialInstitutionThatRunsAccountsOfReportingEntityAbstract" xlink:label="InformationOnMainFinancialInstitutionThatRunsAccountsOfReportingEntityAbstract"/>
    <link:presentationArc xlink:type="arc" xlink:arcrole="http://www.xbrl.org/2003/arcrole/parent-child" xlink:from="InformationOnSubmissionReportAndReportingEntityAbstract" xlink:to="InformationOnMainFinancialInstitutionThatRunsAccountsOfReportingEntityAbstract" xlink:title="presentation: InformationOnSubmissionReportAndReportingEntityAbstract to InformationOnMainFinancialInstitutionThatRunsAccountsOfReportingEntityAbstract" order="80.0" preferredLabel="http://xbrl.dcca.dk/role/050.00/GeneralAndSubmissionDataUvmReg"/>
    <link:loc xlink:type="locator" xlink:href="gsd.xsd#gsd_DetailsOnFinancialInstitutionAbstract" xlink:label="DetailsOnFinancialInstitutionAbstract" xlink:title="DetailsOnFinancialInstitutionAbstract"/>
    <link:presentationArc xlink:type="arc" xlink:arcrole="http://www.xbrl.org/2003/arcrole/parent-child" xlink:from="InformationOnMainFinancialInstitutionThatRunsAccountsOfReportingEntityAbstract" xlink:to="DetailsOnFinancialInstitutionAbstract" xlink:title="presentation: InformationOnMainFinancialInstitutionThatRunsAccountsOfReportingEntityAbstract to DetailsOnFinancialInstitutionAbstract" order="5.0"/>
    <link:loc xlink:type="locator" xlink:href="gsd.xsd#gsd_IdentificationNumberCvrOfFinancialInstitution" xlink:label="IdentificationNumberCvrOfFinancialInstitution"/>
    <link:presentationArc xlink:type="arc" xlink:arcrole="http://www.xbrl.org/2003/arcrole/parent-child" xlink:from="DetailsOnFinancialInstitutionAbstract" xlink:to="IdentificationNumberCvrOfFinancialInstitution" xlink:title="presentation: DetailsOnFinancialInstitutionAbstract to IdentificationNumberCvrOfFinancialInstitution" order="20.0"/>
    <link:loc xlink:type="locator" xlink:href="gsd.xsd#gsd_LegalEntityIdentifierOfFinancialInstitution" xlink:label="LegalEntityIdentifierOfFinancialInstitution" xlink:title="LegalEntityIdentifierOfFinancialInstitution"/>
    <link:presentationArc xlink:type="arc" xlink:arcrole="http://www.xbrl.org/2003/arcrole/parent-child" xlink:from="DetailsOnFinancialInstitutionAbstract" xlink:to="LegalEntityIdentifierOfFinancialInstitution" xlink:title="presentation: DetailsOnFinancialInstitutionAbstract to LegalEntityIdentifierOfFinancialInstitution" order="30.0"/>
    <link:loc xlink:type="locator" xlink:href="gsd.xsd#gsd_NameOfFinancialInstitution" xlink:label="NameOfFinancialInstitution"/>
    <link:presentationArc xlink:type="arc" xlink:arcrole="http://www.xbrl.org/2003/arcrole/parent-child" xlink:from="DetailsOnFinancialInstitutionAbstract" xlink:to="NameOfFinancialInstitution" xlink:title="presentation: DetailsOnFinancialInstitutionAbstract to NameOfFinancialInstitution" order="40.0"/>
    <link:loc xlink:type="locator" xlink:href="gsd.xsd#gsd_AddressOfFinancialInstitutionAbstract" xlink:label="AddressOfFinancialInstitutionAbstract" xlink:title="AddressOfFinancialInstitutionAbstract"/>
    <link:presentationArc xlink:type="arc" xlink:arcrole="http://www.xbrl.org/2003/arcrole/parent-child" xlink:from="DetailsOnFinancialInstitutionAbstract" xlink:to="AddressOfFinancialInstitutionAbstract" xlink:title="presentation: DetailsOnFinancialInstitutionAbstract to AddressOfFinancialInstitutionAbstract" order="50.0"/>
    <link:loc xlink:type="locator" xlink:href="gsd.xsd#gsd_AddressOfFinancialStreetName" xlink:label="AddressOfFinancialStreetName" xlink:title="AddressOfFinancialStreetName"/>
    <link:presentationArc xlink:type="arc" xlink:arcrole="http://www.xbrl.org/2003/arcrole/parent-child" xlink:from="AddressOfFinancialInstitutionAbstract" xlink:to="AddressOfFinancialStreetName" xlink:title="presentation: AddressOfFinancialInstitutionAbstract to AddressOfFinancialStreetName" order="1.0"/>
    <link:loc xlink:type="locator" xlink:href="gsd.xsd#gsd_AddressOfFinancialStreetBuildingIdentifier" xlink:label="AddressOfFinancialStreetBuildingIdentifier" xlink:title="AddressOfFinancialStreetBuildingIdentifier"/>
    <link:presentationArc xlink:type="arc" xlink:arcrole="http://www.xbrl.org/2003/arcrole/parent-child" xlink:from="AddressOfFinancialInstitutionAbstract" xlink:to="AddressOfFinancialStreetBuildingIdentifier" xlink:title="presentation: AddressOfFinancialInstitutionAbstract to AddressOfFinancialStreetBuildingIdentifier" order="2.0"/>
    <link:loc xlink:type="locator" xlink:href="gsd.xsd#gsd_AddressOfFinancialPostCodeIdentifier" xlink:label="AddressOfFinancialPostCodeIdentifier" xlink:title="AddressOfFinancialPostCodeIdentifier"/>
    <link:presentationArc xlink:type="arc" xlink:arcrole="http://www.xbrl.org/2003/arcrole/parent-child" xlink:from="AddressOfFinancialInstitutionAbstract" xlink:to="AddressOfFinancialPostCodeIdentifier" xlink:title="presentation: AddressOfFinancialInstitutionAbstract to AddressOfFinancialPostCodeIdentifier" order="3.0"/>
    <link:loc xlink:type="locator" xlink:href="gsd.xsd#gsd_AddressOfFinancialDistrictName" xlink:label="AddressOfFinancialDistrictName" xlink:title="AddressOfFinancialDistrictName"/>
    <link:presentationArc xlink:type="arc" xlink:arcrole="http://www.xbrl.org/2003/arcrole/parent-child" xlink:from="AddressOfFinancialInstitutionAbstract" xlink:to="AddressOfFinancialDistrictName" xlink:title="presentation: AddressOfFinancialInstitutionAbstract to AddressOfFinancialDistrictName" order="4.0"/>
    <link:loc xlink:type="locator" xlink:href="gsd.xsd#gsd_AddressOfFinancialCountryIdentificationCode" xlink:label="AddressOfFinancialCountryIdentificationCode" xlink:title="AddressOfFinancialCountryIdentificationCode"/>
    <link:presentationArc xlink:type="arc" xlink:arcrole="http://www.xbrl.org/2003/arcrole/parent-child" xlink:from="AddressOfFinancialInstitutionAbstract" xlink:to="AddressOfFinancialCountryIdentificationCode" xlink:title="presentation: AddressOfFinancialInstitutionAbstract to AddressOfFinancialCountryIdentificationCode" order="5.0"/>
    <link:loc xlink:type="locator" xlink:href="gsd.xsd#gsd_AddressOfFinancialCountry" xlink:label="AddressOfFinancialCountry" xlink:title="AddressOfFinancialCountry"/>
    <link:presentationArc xlink:type="arc" xlink:arcrole="http://www.xbrl.org/2003/arcrole/parent-child" xlink:from="AddressOfFinancialInstitutionAbstract" xlink:to="AddressOfFinancialCountry" xlink:title="presentation: AddressOfFinancialInstitutionAbstract to AddressOfFinancialCountry" order="6.0"/>
    <link:loc xlink:type="locator" xlink:href="gsd.xsd#gsd_DetailsOnFinancialInstitutionHypercube" xlink:label="DetailsOnFinancialInstitutionHypercube" xlink:title="DetailsOnFinancialInstitutionHypercube"/>
    <link:presentationArc xlink:type="arc" xlink:arcrole="http://www.xbrl.org/2003/arcrole/parent-child" xlink:from="DetailsOnFinancialInstitutionAbstract" xlink:to="DetailsOnFinancialInstitutionHypercube" xlink:title="presentation: DetailsOnFinancialInstitutionAbstract to DetailsOnFinancialInstitutionHypercube" order="10.0"/>
    <link:loc xlink:type="locator" xlink:href="gsd.xsd#gsd_IdentificationOfFinancialInstitionDimension" xlink:label="IdentificationOfFinancialInstitionDimension" xlink:title="IdentificationOfFinancialInstitionDimension"/>
    <link:presentationArc xlink:type="arc" xlink:arcrole="http://www.xbrl.org/2003/arcrole/parent-child" xlink:from="DetailsOnFinancialInstitutionHypercube" xlink:to="IdentificationOfFinancialInstitionDimension" xlink:title="presentation: DetailsOnFinancialInstitutionHypercube to IdentificationOfFinancialInstitionDimension" order="10.0"/>
    <link:loc xlink:type="locator" xlink:href="../cmn.xsd#cmn_CommonHypercube" xlink:label="CommonHypercube"/>
    <link:presentationArc xlink:type="arc" xlink:arcrole="http://www.xbrl.org/2003/arcrole/parent-child" xlink:from="InformationOnSubmissionReportAndReportingEntityAbstract" xlink:to="CommonHypercube" xlink:title="presentation: InformationOnSubmissionReportAndReportingEntityAbstract to CommonHypercube" order="999.0"/>
    <link:loc xlink:type="locator" xlink:href="../cmn.xsd#cmn_ConsolidatedSoloDimension" xlink:label="ConsolidatedSoloDimension"/>
    <link:presentationArc xlink:type="arc" xlink:arcrole="http://www.xbrl.org/2003/arcrole/parent-child" xlink:from="CommonHypercube" xlink:to="ConsolidatedSoloDimension" xlink:title="presentation: CommonHypercube to ConsolidatedSoloDimension" order="1.0"/>
    <link:loc xlink:type="locator" xlink:href="../cmn.xsd#cmn_ConsolidatedMember" xlink:label="ConsolidatedMember"/>
    <link:presentationArc xlink:type="arc" xlink:arcrole="http://www.xbrl.org/2003/arcrole/parent-child" xlink:from="ConsolidatedSoloDimension" xlink:to="ConsolidatedMember" xlink:title="presentation: ConsolidatedSoloDimension to ConsolidatedMember" order="1.0"/>
    <link:loc xlink:type="locator" xlink:href="../cmn.xsd#cmn_SoloMember" xlink:label="SoloMember"/>
    <link:presentationArc xlink:type="arc" xlink:arcrole="http://www.xbrl.org/2003/arcrole/parent-child" xlink:from="ConsolidatedSoloDimension" xlink:to="SoloMember" xlink:title="presentation: ConsolidatedSoloDimension to SoloMember" order="2.0"/>
    <link:loc xlink:type="locator" xlink:href="gsd.xsd#gsd_InformationOnReportingPeriodAbstract" xlink:label="InformationOnReportingPeriodAbstract" xlink:title="InformationOnReportingPeriodAbstract"/>
    <link:presentationArc xlink:type="arc" xlink:arcrole="http://www.xbrl.org/2003/arcrole/parent-child" xlink:from="InformationOnSubmissionReportAndReportingEntityAbstract" xlink:to="InformationOnReportingPeriodAbstract" xlink:title="presentation: InformationOnSubmissionReportAndReportingEntityAbstract to InformationOnReportingPeriodAbstract" order="30.0"/>
    <link:loc xlink:type="locator" xlink:href="gsd.xsd#gsd_ReportingPeriodStartDate" xlink:label="ReportingPeriodStartDate"/>
    <link:presentationArc xlink:type="arc" xlink:arcrole="http://www.xbrl.org/2003/arcrole/parent-child" xlink:from="InformationOnReportingPeriodAbstract" xlink:to="ReportingPeriodStartDate" xlink:title="presentation: InformationOnReportingPeriodAbstract to ReportingPeriodStartDate" order="2.0"/>
    <link:loc xlink:type="locator" xlink:href="gsd.xsd#gsd_ReportingPeriodEndDate" xlink:label="ReportingPeriodEndDate"/>
    <link:presentationArc xlink:type="arc" xlink:arcrole="http://www.xbrl.org/2003/arcrole/parent-child" xlink:from="InformationOnReportingPeriodAbstract" xlink:to="ReportingPeriodEndDate" xlink:title="presentation: InformationOnReportingPeriodAbstract to ReportingPeriodEndDate" order="3.0"/>
    <link:loc xlink:type="locator" xlink:href="gsd.xsd#gsd_PrecedingReportingPeriodStartDate" xlink:label="PrecedingReportingPeriodStartDate" xlink:title="PrecedingReportingPeriodStartDate"/>
    <link:presentationArc xlink:type="arc" xlink:arcrole="http://www.xbrl.org/2003/arcrole/parent-child" xlink:from="InformationOnReportingPeriodAbstract" xlink:to="PrecedingReportingPeriodStartDate" xlink:title="presentation: InformationOnReportingPeriodAbstract to PrecedingReportingPeriodStartDate" order="4.0"/>
    <link:loc xlink:type="locator" xlink:href="gsd.xsd#gsd_PredingReportingPeriodEndDate" xlink:label="PredingReportingPeriodEndDate" xlink:title="PredingReportingPeriodEndDate"/>
    <link:presentationArc xlink:type="arc" xlink:arcrole="http://www.xbrl.org/2003/arcrole/parent-child" xlink:from="InformationOnReportingPeriodAbstract" xlink:to="PredingReportingPeriodEndDate" xlink:title="presentation: InformationOnReportingPeriodAbstract to PredingReportingPeriodEndDate" order="5.0"/>
    <link:loc xlink:type="locator" xlink:href="gsd.xsd#gsd_ToolForPreparingTheXBRLInstanceDocument" xlink:label="ToolForPreparingTheXBRLInstanceDocument" xlink:title="ToolForPreparingTheXBRLInstanceDocument"/>
    <link:presentationArc xlink:type="arc" xlink:arcrole="http://www.xbrl.org/2003/arcrole/parent-child" xlink:from="InformationOnSubmissionReportAndReportingEntityAbstract" xlink:to="ToolForPreparingTheXBRLInstanceDocument" xlink:title="presentation: InformationOnSubmissionReportAndReportingEntityAbstract to ToolForPreparingTheXBRLInstanceDocument" order="100.0"/>
    <link:loc xlink:type="locator" xlink:href="gsd.xsd#gsd_AimOfReportingEntity" xlink:label="AimOfReportingEntity" xlink:title="AimOfReportingEntity"/>
    <link:presentationArc xlink:type="arc" xlink:arcrole="http://www.xbrl.org/2003/arcrole/parent-child" xlink:from="InformationOnSubmissionReportAndReportingEntityAbstract" xlink:to="AimOfReportingEntity" xlink:title="presentation: InformationOnSubmissionReportAndReportingEntityAbstract to AimOfReportingEntity" order="70.0" preferredLabel="http://xbrl.dcca.dk/role/050.00/GeneralAndSubmissionDataUvmReg"/>
    <link:loc xlink:type="locator" xlink:href="gsd.xsd#gsd_InformationOnAuditorAbstract" xlink:label="InformationOnAuditorAbstract" xlink:title="InformationOnAuditorAbstract"/>
    <link:presentationArc xlink:type="arc" xlink:arcrole="http://www.xbrl.org/2003/arcrole/parent-child" xlink:from="InformationOnSubmissionReportAndReportingEntityAbstract" xlink:to="InformationOnAuditorAbstract" xlink:title="presentation: InformationOnSubmissionReportAndReportingEntityAbstract to InformationOnAuditorAbstract" order="90.0"/>
    <link:loc xlink:type="locator" xlink:href="gsd.xsd#gsd_DetailsOnAuditorAbstract" xlink:label="DetailsOnAuditorAbstract" xlink:title="DetailsOnAuditorAbstract"/>
    <link:presentationArc xlink:type="arc" xlink:arcrole="http://www.xbrl.org/2003/arcrole/parent-child" xlink:from="InformationOnAuditorAbstract" xlink:to="DetailsOnAuditorAbstract" xlink:title="presentation: InformationOnAuditorAbstract to DetailsOnAuditorAbstract" order="1.0"/>
    <link:loc xlink:type="locator" xlink:href="gsd.xsd#gsd_DetailsOnAuditorHypercube" xlink:label="DetailsOnAuditorHypercube" xlink:title="DetailsOnAuditorHypercube"/>
    <link:presentationArc xlink:type="arc" xlink:arcrole="http://www.xbrl.org/2003/arcrole/parent-child" xlink:from="DetailsOnAuditorAbstract" xlink:to="DetailsOnAuditorHypercube" xlink:title="presentation: DetailsOnAuditorAbstract to DetailsOnAuditorHypercube" order="1.0"/>
    <link:loc xlink:type="locator" xlink:href="../cmn.xsd#cmn_IdentificationOfAuditorDimension" xlink:label="IdentificationOfAuditorDimension" xlink:title="IdentificationOfAuditorDimension"/>
    <link:presentationArc xlink:type="arc" xlink:arcrole="http://www.xbrl.org/2003/arcrole/parent-child" xlink:from="DetailsOnAuditorHypercube" xlink:to="IdentificationOfAuditorDimension" xlink:title="presentation: DetailsOnAuditorHypercube to IdentificationOfAuditorDimension" order="1.0" preferredLabel="http://uvm.dk/"/>
    <link:loc xlink:type="locator" xlink:href="../cmn.xsd#cmn_IdentificationNumberOfAuditor" xlink:label="IdentificationNumberOfAuditor" xlink:title="IdentificationNumberOfAuditor"/>
    <link:presentationArc xlink:type="arc" xlink:arcrole="http://www.xbrl.org/2003/arcrole/parent-child" xlink:from="DetailsOnAuditorAbstract" xlink:to="IdentificationNumberOfAuditor" xlink:title="presentation: DetailsOnAuditorAbstract to IdentificationNumberOfAuditor" order="2.0" preferredLabel="http://uvm.dk/"/>
    <link:loc xlink:type="locator" xlink:href="../cmn.xsd#cmn_NameAndSurnameOfAuditor" xlink:label="NameAndSurnameOfAuditor"/>
    <link:presentationArc xlink:type="arc" xlink:arcrole="http://www.xbrl.org/2003/arcrole/parent-child" xlink:from="DetailsOnAuditorAbstract" xlink:to="NameAndSurnameOfAuditor" xlink:title="presentation: DetailsOnAuditorAbstract to NameAndSurnameOfAuditor" order="3.0" preferredLabel="http://uvm.dk/"/>
    <link:loc xlink:type="locator" xlink:href="../cmn.xsd#cmn_IdentificationNumberCvrOfAuditFirm" xlink:label="IdentificationNumberCvrOfAuditFirm"/>
    <link:presentationArc xlink:type="arc" xlink:arcrole="http://www.xbrl.org/2003/arcrole/parent-child" xlink:from="DetailsOnAuditorAbstract" xlink:to="IdentificationNumberCvrOfAuditFirm" xlink:title="presentation: DetailsOnAuditorAbstract to IdentificationNumberCvrOfAuditFirm" order="4.0"/>
    <link:loc xlink:type="locator" xlink:href="../cmn.xsd#cmn_LegalEntityIdentifierOfAuditFirm" xlink:label="LegalEntityIdentifierOfAuditFirm" xlink:title="LegalEntityIdentifierOfAuditFirm"/>
    <link:presentationArc xlink:type="arc" xlink:arcrole="http://www.xbrl.org/2003/arcrole/parent-child" xlink:from="DetailsOnAuditorAbstract" xlink:to="LegalEntityIdentifierOfAuditFirm" xlink:title="presentation: DetailsOnAuditorAbstract to LegalEntityIdentifierOfAuditFirm" order="5.0"/>
    <link:loc xlink:type="locator" xlink:href="../cmn.xsd#cmn_IdentificationNumberPnrOfAuditFirm" xlink:label="IdentificationNumberPnrOfAuditFirm"/>
    <link:presentationArc xlink:type="arc" xlink:arcrole="http://www.xbrl.org/2003/arcrole/parent-child" xlink:from="DetailsOnAuditorAbstract" xlink:to="IdentificationNumberPnrOfAuditFirm" xlink:title="presentation: DetailsOnAuditorAbstract to IdentificationNumberPnrOfAuditFirm" order="6.0"/>
    <link:loc xlink:type="locator" xlink:href="../cmn.xsd#cmn_NameOfAuditFirm" xlink:label="NameOfAuditFirm"/>
    <link:presentationArc xlink:type="arc" xlink:arcrole="http://www.xbrl.org/2003/arcrole/parent-child" xlink:from="DetailsOnAuditorAbstract" xlink:to="NameOfAuditFirm" xlink:title="presentation: DetailsOnAuditorAbstract to NameOfAuditFirm" order="7.0" preferredLabel="http://uvm.dk/"/>
    <link:loc xlink:type="locator" xlink:href="../cmn.xsd#cmn_DescriptionOfAuditor" xlink:label="DescriptionOfAuditor" xlink:title="DescriptionOfAuditor"/>
    <link:presentationArc xlink:type="arc" xlink:arcrole="http://www.xbrl.org/2003/arcrole/parent-child" xlink:from="DetailsOnAuditorAbstract" xlink:to="DescriptionOfAuditor" xlink:title="presentation: DetailsOnAuditorAbstract to DescriptionOfAuditor" order="8.0"/>
    <link:loc xlink:type="locator" xlink:href="gsd.xsd#gsd_AddressOfAuditorAbstract" xlink:label="AddressOfAuditorAbstract" xlink:title="AddressOfAuditorAbstract"/>
    <link:presentationArc xlink:type="arc" xlink:arcrole="http://www.xbrl.org/2003/arcrole/parent-child" xlink:from="DetailsOnAuditorAbstract" xlink:to="AddressOfAuditorAbstract" xlink:title="presentation: DetailsOnAuditorAbstract to AddressOfAuditorAbstract" order="9.0"/>
    <link:loc xlink:type="locator" xlink:href="gsd.xsd#gsd_AddressOfAuditorStreetName" xlink:label="AddressOfAuditorStreetName" xlink:title="AddressOfAuditorStreetName"/>
    <link:presentationArc xlink:type="arc" xlink:arcrole="http://www.xbrl.org/2003/arcrole/parent-child" xlink:from="AddressOfAuditorAbstract" xlink:to="AddressOfAuditorStreetName" xlink:title="presentation: AddressOfAuditorAbstract to AddressOfAuditorStreetName" order="1.0"/>
    <link:loc xlink:type="locator" xlink:href="gsd.xsd#gsd_AddressOfAuditorStreetBuildingIdentifier" xlink:label="AddressOfAuditorStreetBuildingIdentifier" xlink:title="AddressOfAuditorStreetBuildingIdentifier"/>
    <link:presentationArc xlink:type="arc" xlink:arcrole="http://www.xbrl.org/2003/arcrole/parent-child" xlink:from="AddressOfAuditorAbstract" xlink:to="AddressOfAuditorStreetBuildingIdentifier" xlink:title="presentation: AddressOfAuditorAbstract to AddressOfAuditorStreetBuildingIdentifier" order="2.0"/>
    <link:loc xlink:type="locator" xlink:href="gsd.xsd#gsd_AddressOfAuditorPostCodeIdentifier" xlink:label="AddressOfAuditorPostCodeIdentifier" xlink:title="AddressOfAuditorPostCodeIdentifier"/>
    <link:presentationArc xlink:type="arc" xlink:arcrole="http://www.xbrl.org/2003/arcrole/parent-child" xlink:from="AddressOfAuditorAbstract" xlink:to="AddressOfAuditorPostCodeIdentifier" xlink:title="presentation: AddressOfAuditorAbstract to AddressOfAuditorPostCodeIdentifier" order="3.0"/>
    <link:loc xlink:type="locator" xlink:href="gsd.xsd#gsd_AddressOfAuditorDistrictName" xlink:label="AddressOfAuditorDistrictName" xlink:title="AddressOfAuditorDistrictName"/>
    <link:presentationArc xlink:type="arc" xlink:arcrole="http://www.xbrl.org/2003/arcrole/parent-child" xlink:from="AddressOfAuditorAbstract" xlink:to="AddressOfAuditorDistrictName" xlink:title="presentation: AddressOfAuditorAbstract to AddressOfAuditorDistrictName" order="4.0"/>
    <link:loc xlink:type="locator" xlink:href="gsd.xsd#gsd_AddressOfAuditorCountryIdentificationCode" xlink:label="AddressOfAuditorCountryIdentificationCode"/>
    <link:presentationArc xlink:type="arc" xlink:arcrole="http://www.xbrl.org/2003/arcrole/parent-child" xlink:from="AddressOfAuditorAbstract" xlink:to="AddressOfAuditorCountryIdentificationCode" xlink:title="presentation: AddressOfAuditorAbstract to AddressOfAuditorCountryIdentificationCode" order="5.0"/>
    <link:loc xlink:type="locator" xlink:href="gsd.xsd#gsd_AddressOfAuditorCountry" xlink:label="AddressOfAuditorCountry" xlink:title="AddressOfAuditorCountry"/>
    <link:presentationArc xlink:type="arc" xlink:arcrole="http://www.xbrl.org/2003/arcrole/parent-child" xlink:from="AddressOfAuditorAbstract" xlink:to="AddressOfAuditorCountry" xlink:title="presentation: AddressOfAuditorAbstract to AddressOfAuditorCountry" order="6.0"/>
    <link:loc xlink:type="locator" xlink:href="gsd.xsd#gsd_TelephoneNumberOfAuditor" xlink:label="TelephoneNumberOfAuditor"/>
    <link:presentationArc xlink:type="arc" xlink:arcrole="http://www.xbrl.org/2003/arcrole/parent-child" xlink:from="DetailsOnAuditorAbstract" xlink:to="TelephoneNumberOfAuditor" xlink:title="presentation: DetailsOnAuditorAbstract to TelephoneNumberOfAuditor" order="10.0"/>
    <link:loc xlink:type="locator" xlink:href="gsd.xsd#gsd_EmailOfAuditor" xlink:label="EmailOfAuditor"/>
    <link:presentationArc xlink:type="arc" xlink:arcrole="http://www.xbrl.org/2003/arcrole/parent-child" xlink:from="DetailsOnAuditorAbstract" xlink:to="EmailOfAuditor" xlink:title="presentation: DetailsOnAuditorAbstract to EmailOfAuditor" order="11.0"/>
    <link:loc xlink:type="locator" xlink:href="gsd.xsd#gsd_InformationOnMembersOfExecutiveBoardAbstract" xlink:label="InformationOnMembersOfExecutiveBoardAbstract" xlink:title="InformationOnMembersOfExecutiveBoardAbstract"/>
    <link:presentationArc xlink:type="arc" xlink:arcrole="http://www.xbrl.org/2003/arcrole/parent-child" xlink:from="InformationOnSubmissionReportAndReportingEntityAbstract" xlink:to="InformationOnMembersOfExecutiveBoardAbstract" xlink:title="presentation: InformationOnSubmissionReportAndReportingEntityAbstract to InformationOnMembersOfExecutiveBoardAbstract" order="60.0" preferredLabel="http://xbrl.dcca.dk/role/050.00/GeneralAndSubmissionDataUvmReg"/>
    <link:loc xlink:type="locator" xlink:href="gsd.xsd#gsd_DetailsOnMembersOfExecutiveBoardAbstract" xlink:label="DetailsOnMembersOfExecutiveBoardAbstract" xlink:title="DetailsOnMembersOfExecutiveBoardAbstract"/>
    <link:presentationArc xlink:type="arc" xlink:arcrole="http://www.xbrl.org/2003/arcrole/parent-child" xlink:from="InformationOnMembersOfExecutiveBoardAbstract" xlink:to="DetailsOnMembersOfExecutiveBoardAbstract" xlink:title="presentation: InformationOnMembersOfExecutiveBoardAbstract to DetailsOnMembersOfExecutiveBoardAbstract" order="1.0" preferredLabel="http://xbrl.dcca.dk/role/050.00/GeneralAndSubmissionDataUvmReg"/>
    <link:loc xlink:type="locator" xlink:href="gsd.xsd#gsd_DetailsOnMembersOfExecutiveBoardHypercube" xlink:label="DetailsOnMembersOfExecutiveBoardHypercube" xlink:title="DetailsOnMembersOfExecutiveBoardHypercube"/>
    <link:presentationArc xlink:type="arc" xlink:arcrole="http://www.xbrl.org/2003/arcrole/parent-child" xlink:from="DetailsOnMembersOfExecutiveBoardAbstract" xlink:to="DetailsOnMembersOfExecutiveBoardHypercube" xlink:title="presentation: DetailsOnMembersOfExecutiveBoardAbstract to DetailsOnMembersOfExecutiveBoardHypercube" order="1.0" preferredLabel="http://xbrl.dcca.dk/role/050.00/GeneralAndSubmissionDataUvmReg"/>
    <link:loc xlink:type="locator" xlink:href="../cmn.xsd#cmn_IdentificationOfMemberOfExecutiveBoardDimension" xlink:label="IdentificationOfMemberOfExecutiveBoardDimension" xlink:title="IdentificationOfMemberOfExecutiveBoardDimension"/>
    <link:presentationArc xlink:type="arc" xlink:arcrole="http://www.xbrl.org/2003/arcrole/parent-child" xlink:from="DetailsOnMembersOfExecutiveBoardHypercube" xlink:to="IdentificationOfMemberOfExecutiveBoardDimension" xlink:title="presentation: DetailsOnMembersOfExecutiveBoardHypercube to IdentificationOfMemberOfExecutiveBoardDimension" order="1.0" preferredLabel="http://uvm.dk/"/>
    <link:loc xlink:type="locator" xlink:href="../cmn.xsd#cmn_NameAndSurnameOfMemberOfExecutiveBoard" xlink:label="NameAndSurnameOfMemberOfExecutiveBoard" xlink:title="NameAndSurnameOfMemberOfExecutiveBoard"/>
    <link:presentationArc xlink:type="arc" xlink:arcrole="http://www.xbrl.org/2003/arcrole/parent-child" xlink:from="DetailsOnMembersOfExecutiveBoardAbstract" xlink:to="NameAndSurnameOfMemberOfExecutiveBoard" xlink:title="presentation: DetailsOnMembersOfExecutiveBoardAbstract to NameAndSurnameOfMemberOfExecutiveBoard" order="2.0" preferredLabel="http://uvm.dk/"/>
    <link:loc xlink:type="locator" xlink:href="../cmn.xsd#cmn_DescriptionOfMemberOfExecutiveBoard" xlink:label="DescriptionOfMemberOfExecutiveBoard" xlink:title="DescriptionOfMemberOfExecutiveBoard"/>
    <link:presentationArc xlink:type="arc" xlink:arcrole="http://www.xbrl.org/2003/arcrole/parent-child" xlink:from="DetailsOnMembersOfExecutiveBoardAbstract" xlink:to="DescriptionOfMemberOfExecutiveBoard" xlink:title="presentation: DetailsOnMembersOfExecutiveBoardAbstract to DescriptionOfMemberOfExecutiveBoard" order="3.0" preferredLabel="http://uvm.dk/"/>
    <link:loc xlink:type="locator" xlink:href="../cmn.xsd#cmn_TitleOfMemberOfExecutiveBoard" xlink:label="TitleOfMemberOfExecutiveBoard" xlink:title="TitleOfMemberOfExecutiveBoard"/>
    <link:presentationArc xlink:type="arc" xlink:arcrole="http://www.xbrl.org/2003/arcrole/parent-child" xlink:from="DetailsOnMembersOfExecutiveBoardAbstract" xlink:to="TitleOfMemberOfExecutiveBoard" xlink:title="presentation: DetailsOnMembersOfExecutiveBoardAbstract to TitleOfMemberOfExecutiveBoard" order="4.0" preferredLabel="http://uvm.dk/"/>
    <link:loc xlink:type="locator" xlink:href="gsd.xsd#gsd_InformationOnMembersOfSupervisoryBoardAbstract" xlink:label="InformationOnMembersOfSupervisoryBoardAbstract" xlink:title="InformationOnMembersOfSupervisoryBoardAbstract"/>
    <link:presentationArc xlink:type="arc" xlink:arcrole="http://www.xbrl.org/2003/arcrole/parent-child" xlink:from="InformationOnSubmissionReportAndReportingEntityAbstract" xlink:to="InformationOnMembersOfSupervisoryBoardAbstract" xlink:title="presentation: InformationOnSubmissionReportAndReportingEntityAbstract to InformationOnMembersOfSupervisoryBoardAbstract" order="50.0"/>
    <link:loc xlink:type="locator" xlink:href="gsd.xsd#gsd_DetailsOnMembersOfSupervisoryBoardAbstract" xlink:label="DetailsOnMembersOfSupervisoryBoardAbstract" xlink:title="DetailsOnMembersOfSupervisoryBoardAbstract"/>
    <link:presentationArc xlink:type="arc" xlink:arcrole="http://www.xbrl.org/2003/arcrole/parent-child" xlink:from="InformationOnMembersOfSupervisoryBoardAbstract" xlink:to="DetailsOnMembersOfSupervisoryBoardAbstract" xlink:title="presentation: InformationOnMembersOfSupervisoryBoardAbstract to DetailsOnMembersOfSupervisoryBoardAbstract" order="1.0"/>
    <link:loc xlink:type="locator" xlink:href="gsd.xsd#gsd_DetailsOnMembersOfSupervisoryBoardHypercube" xlink:label="DetailsOnMembersOfSupervisoryBoardHypercube" xlink:title="DetailsOnMembersOfSupervisoryBoardHypercube"/>
    <link:presentationArc xlink:type="arc" xlink:arcrole="http://www.xbrl.org/2003/arcrole/parent-child" xlink:from="DetailsOnMembersOfSupervisoryBoardAbstract" xlink:to="DetailsOnMembersOfSupervisoryBoardHypercube" xlink:title="presentation: DetailsOnMembersOfSupervisoryBoardAbstract to DetailsOnMembersOfSupervisoryBoardHypercube" order="1.0"/>
    <link:loc xlink:type="locator" xlink:href="../cmn.xsd#cmn_IdentificationOfMemberOfSupervisoryBoardDimension" xlink:label="IdentificationOfMemberOfSupervisoryBoardDimension" xlink:title="IdentificationOfMemberOfSupervisoryBoardDimension"/>
    <link:presentationArc xlink:type="arc" xlink:arcrole="http://www.xbrl.org/2003/arcrole/parent-child" xlink:from="DetailsOnMembersOfSupervisoryBoardHypercube" xlink:to="IdentificationOfMemberOfSupervisoryBoardDimension" xlink:title="presentation: DetailsOnMembersOfSupervisoryBoardHypercube to IdentificationOfMemberOfSupervisoryBoardDimension" order="1.0"/>
    <link:loc xlink:type="locator" xlink:href="../cmn.xsd#cmn_NameAndSurnameOfMemberOfSupervisoryBoard" xlink:label="NameAndSurnameOfMemberOfSupervisoryBoard" xlink:title="NameAndSurnameOfMemberOfSupervisoryBoard"/>
    <link:presentationArc xlink:type="arc" xlink:arcrole="http://www.xbrl.org/2003/arcrole/parent-child" xlink:from="DetailsOnMembersOfSupervisoryBoardAbstract" xlink:to="NameAndSurnameOfMemberOfSupervisoryBoard" xlink:title="presentation: DetailsOnMembersOfSupervisoryBoardAbstract to NameAndSurnameOfMemberOfSupervisoryBoard" order="2.0"/>
    <link:loc xlink:type="locator" xlink:href="../cmn.xsd#cmn_TitleOfMemberOfSupervisoryBoard" xlink:label="TitleOfMemberOfSupervisoryBoard" xlink:title="TitleOfMemberOfSupervisoryBoard"/>
    <link:presentationArc xlink:type="arc" xlink:arcrole="http://www.xbrl.org/2003/arcrole/parent-child" xlink:from="DetailsOnMembersOfSupervisoryBoardAbstract" xlink:to="TitleOfMemberOfSupervisoryBoard" xlink:title="presentation: DetailsOnMembersOfSupervisoryBoardAbstract to TitleOfMemberOfSupervisoryBoard" order="3.0"/>
    <link:loc xlink:type="locator" xlink:href="../cmn.xsd#cmn_DescriptionOfMemberOfSupervisoryBoard" xlink:label="DescriptionOfMemberOfSupervisoryBoard" xlink:title="DescriptionOfMemberOfSupervisoryBoard"/>
    <link:presentationArc xlink:type="arc" xlink:arcrole="http://www.xbrl.org/2003/arcrole/parent-child" xlink:from="DetailsOnMembersOfSupervisoryBoardAbstract" xlink:to="DescriptionOfMemberOfSupervisoryBoard" xlink:title="presentation: DetailsOnMembersOfSupervisoryBoardAbstract to DescriptionOfMemberOfSupervisoryBoard" order="4.0"/>
    <link:presentationArc xlink:type="arc" xlink:arcrole="http://www.xbrl.org/2003/arcrole/parent-child" xlink:from="InformationOnSubmissionReportAndReportingEntityAbstract" xlink:to="InstitutionNumbertOfReportingEntity" xlink:title="presentation: InformationOnSubmissionReportAndReportingEntityAbstract to InstitutionNumbertOfReportingEntity" order="15.0"/>
  </link:presentationLink>
</link:linkbase>
