<?xml version="1.0" encoding="UTF-8"?>
<!-- Generated by Fujitsu Interstage XWand B0251 -->
<link:linkbase xmlns:xsi="http://www.w3.org/2001/XMLSchema-instance" xsi:schemaLocation="http://www.xbrl.org/2003/linkbase http://www.xbrl.org/2003/xbrl-linkbase-2003-12-31.xsd" xmlns:link="http://www.xbrl.org/2003/linkbase" xmlns:xlink="http://www.w3.org/1999/xlink" xmlns:xbrli="http://www.xbrl.org/2003/instance">
  <link:labelLink xlink:type="extended" xlink:role="http://www.xbrl.org/2003/role/link">
    <link:loc xlink:type="locator" xlink:href="gsd.xsd#gsd_ToolForPreparingTheXBRLInstanceDocument" xlink:label="ToolForPreparingTheXBRLInstanceDocument" xlink:title="ToolForPreparingTheXBRLInstanceDocument"/>
    <link:label xlink:type="resource" xlink:label="label_ToolForPreparingTheXBRLInstanceDocument" xlink:role="http://www.xbrl.org/2003/role/label" xlink:title="label_ToolForPreparingTheXBRLInstanceDocument" xml:lang="de" id="label_ToolForPreparingTheXBRLInstanceDocument">Tool zum Vorbereiten des XBRL-Instanzdokuments</link:label>
    <link:labelArc xlink:type="arc" xlink:arcrole="http://www.xbrl.org/2003/arcrole/concept-label" xlink:from="ToolForPreparingTheXBRLInstanceDocument" xlink:to="label_ToolForPreparingTheXBRLInstanceDocument" xlink:title="label: ToolForPreparingTheXBRLInstanceDocument to label_ToolForPreparingTheXBRLInstanceDocument"/>
    <link:label xlink:type="resource" xlink:label="label_ToolForPreparingTheXBRLInstanceDocument_2" xlink:role="http://www.xbrl.org/2003/role/label" xlink:title="label_ToolForPreparingTheXBRLInstanceDocument" xml:lang="fr" id="label_ToolForPreparingTheXBRLInstanceDocument_2">Outil de préparation du document d'instance XBRL</link:label>
    <link:labelArc xlink:type="arc" xlink:arcrole="http://www.xbrl.org/2003/arcrole/concept-label" xlink:from="ToolForPreparingTheXBRLInstanceDocument" xlink:to="label_ToolForPreparingTheXBRLInstanceDocument_2" xlink:title="label: ToolForPreparingTheXBRLInstanceDocument to label_ToolForPreparingTheXBRLInstanceDocument"/>
    <link:label xlink:type="resource" xlink:label="label_ToolForPreparingTheXBRLInstanceDocument_3" xlink:role="http://www.xbrl.org/2003/role/label" xlink:title="label_ToolForPreparingTheXBRLInstanceDocument" xml:lang="es" id="label_ToolForPreparingTheXBRLInstanceDocument_3">Herramienta para la preparación del informe XBRL</link:label>
    <link:labelArc xlink:type="arc" xlink:arcrole="http://www.xbrl.org/2003/arcrole/concept-label" xlink:from="ToolForPreparingTheXBRLInstanceDocument" xlink:to="label_ToolForPreparingTheXBRLInstanceDocument_3" xlink:title="label: ToolForPreparingTheXBRLInstanceDocument to label_ToolForPreparingTheXBRLInstanceDocument"/>
    <link:label xlink:type="resource" xlink:label="label_ToolForPreparingTheXBRLInstanceDocument_4" xlink:role="http://www.xbrl.org/2003/role/label" xlink:title="label_ToolForPreparingTheXBRLInstanceDocument" xml:lang="ru" id="label_ToolForPreparingTheXBRLInstanceDocument_4">Инструмент подготовки документа с экземплярами XBRL</link:label>
    <link:labelArc xlink:type="arc" xlink:arcrole="http://www.xbrl.org/2003/arcrole/concept-label" xlink:from="ToolForPreparingTheXBRLInstanceDocument" xlink:to="label_ToolForPreparingTheXBRLInstanceDocument_4" xlink:title="label: ToolForPreparingTheXBRLInstanceDocument to label_ToolForPreparingTheXBRLInstanceDocument"/>
    <link:label xlink:type="resource" xlink:label="label_ToolForPreparingTheXBRLInstanceDocument_5" xlink:role="http://www.xbrl.org/2003/role/label" xlink:title="label_ToolForPreparingTheXBRLInstanceDocument" xml:lang="zh" id="label_ToolForPreparingTheXBRLInstanceDocument_5">用于编制 XBRL 实例文档的工具</link:label>
    <link:labelArc xlink:type="arc" xlink:arcrole="http://www.xbrl.org/2003/arcrole/concept-label" xlink:from="ToolForPreparingTheXBRLInstanceDocument" xlink:to="label_ToolForPreparingTheXBRLInstanceDocument_5" xlink:title="label: ToolForPreparingTheXBRLInstanceDocument to label_ToolForPreparingTheXBRLInstanceDocument"/>
    <link:label xlink:type="resource" xlink:label="label_ToolForPreparingTheXBRLInstanceDocument_6" xlink:role="http://www.xbrl.org/2003/role/label" xlink:title="label_ToolForPreparingTheXBRLInstanceDocument" xml:lang="pt" id="label_ToolForPreparingTheXBRLInstanceDocument_6">Ferramenta para preparação de documento XBRL</link:label>
    <link:labelArc xlink:type="arc" xlink:arcrole="http://www.xbrl.org/2003/arcrole/concept-label" xlink:from="ToolForPreparingTheXBRLInstanceDocument" xlink:to="label_ToolForPreparingTheXBRLInstanceDocument_6" xlink:title="label: ToolForPreparingTheXBRLInstanceDocument to label_ToolForPreparingTheXBRLInstanceDocument"/>
    <link:label xlink:type="resource" xlink:label="label_ToolForPreparingTheXBRLInstanceDocument_7" xlink:role="http://www.xbrl.org/2003/role/label" xlink:title="label_ToolForPreparingTheXBRLInstanceDocument" xml:lang="ar" id="label_ToolForPreparingTheXBRLInstanceDocument_7">أداة إعداد مستند مثيلات XBRL</link:label>
    <link:labelArc xlink:type="arc" xlink:arcrole="http://www.xbrl.org/2003/arcrole/concept-label" xlink:from="ToolForPreparingTheXBRLInstanceDocument" xlink:to="label_ToolForPreparingTheXBRLInstanceDocument_7" xlink:title="label: ToolForPreparingTheXBRLInstanceDocument to label_ToolForPreparingTheXBRLInstanceDocument"/>
    <link:label xlink:type="resource" xlink:label="label_ToolForPreparingTheXBRLInstanceDocument_8" xlink:role="http://www.xbrl.org/2003/role/label" xlink:title="label_ToolForPreparingTheXBRLInstanceDocument" xml:lang="hi" id="label_ToolForPreparingTheXBRLInstanceDocument_8">XBRL-त्वरित दस्तावेज़ तैयार करने के लिए उपकरण</link:label>
    <link:labelArc xlink:type="arc" xlink:arcrole="http://www.xbrl.org/2003/arcrole/concept-label" xlink:from="ToolForPreparingTheXBRLInstanceDocument" xlink:to="label_ToolForPreparingTheXBRLInstanceDocument_8" xlink:title="label: ToolForPreparingTheXBRLInstanceDocument to label_ToolForPreparingTheXBRLInstanceDocument"/>
    <link:loc xlink:type="locator" xlink:href="gsd.xsd#gsd_LegalEntityIdentifierOfFinancialInstitution" xlink:label="LegalEntityIdentifierOfFinancialInstitution" xlink:title="LegalEntityIdentifierOfFinancialInstitution"/>
    <link:label xlink:type="resource" xlink:label="label_LegalEntityIdentifierOfFinancialInstitution" xlink:role="http://www.xbrl.org/2003/role/label" xlink:title="label_LegalEntityIdentifierOfFinancialInstitution" xml:lang="de" id="label_LegalEntityIdentifierOfFinancialInstitution">Legal Entity Identifier [LEI] des Kreditinstituts</link:label>
    <link:labelArc xlink:type="arc" xlink:arcrole="http://www.xbrl.org/2003/arcrole/concept-label" xlink:from="LegalEntityIdentifierOfFinancialInstitution" xlink:to="label_LegalEntityIdentifierOfFinancialInstitution" xlink:title="label: LegalEntityIdentifierOfFinancialInstitution to label_LegalEntityIdentifierOfFinancialInstitution"/>
    <link:label xlink:type="resource" xlink:label="label_LegalEntityIdentifierOfFinancialInstitution_2" xlink:role="http://www.xbrl.org/2003/role/label" xlink:title="label_LegalEntityIdentifierOfFinancialInstitution" xml:lang="fr" id="label_LegalEntityIdentifierOfFinancialInstitution_2">Identifiant d'entité juridique [LEI] de l'institution financière</link:label>
    <link:labelArc xlink:type="arc" xlink:arcrole="http://www.xbrl.org/2003/arcrole/concept-label" xlink:from="LegalEntityIdentifierOfFinancialInstitution" xlink:to="label_LegalEntityIdentifierOfFinancialInstitution_2" xlink:title="label: LegalEntityIdentifierOfFinancialInstitution to label_LegalEntityIdentifierOfFinancialInstitution"/>
    <link:label xlink:type="resource" xlink:label="label_LegalEntityIdentifierOfFinancialInstitution_3" xlink:role="http://www.xbrl.org/2003/role/label" xlink:title="label_LegalEntityIdentifierOfFinancialInstitution" xml:lang="es" id="label_LegalEntityIdentifierOfFinancialInstitution_3">Identificador de la entidad jurídica [LEI] de la entidad financiera</link:label>
    <link:labelArc xlink:type="arc" xlink:arcrole="http://www.xbrl.org/2003/arcrole/concept-label" xlink:from="LegalEntityIdentifierOfFinancialInstitution" xlink:to="label_LegalEntityIdentifierOfFinancialInstitution_3" xlink:title="label: LegalEntityIdentifierOfFinancialInstitution to label_LegalEntityIdentifierOfFinancialInstitution"/>
    <link:label xlink:type="resource" xlink:label="label_LegalEntityIdentifierOfFinancialInstitution_4" xlink:role="http://www.xbrl.org/2003/role/label" xlink:title="label_LegalEntityIdentifierOfFinancialInstitution" xml:lang="ru" id="label_LegalEntityIdentifierOfFinancialInstitution_4">Идентификатор юридического лица [ИЮЛ] финансового учреждения</link:label>
    <link:labelArc xlink:type="arc" xlink:arcrole="http://www.xbrl.org/2003/arcrole/concept-label" xlink:from="LegalEntityIdentifierOfFinancialInstitution" xlink:to="label_LegalEntityIdentifierOfFinancialInstitution_4" xlink:title="label: LegalEntityIdentifierOfFinancialInstitution to label_LegalEntityIdentifierOfFinancialInstitution"/>
    <link:label xlink:type="resource" xlink:label="label_LegalEntityIdentifierOfFinancialInstitution_5" xlink:role="http://www.xbrl.org/2003/role/label" xlink:title="label_LegalEntityIdentifierOfFinancialInstitution" xml:lang="zh" id="label_LegalEntityIdentifierOfFinancialInstitution_5">金融机构法人机构识别编码【LEI】</link:label>
    <link:labelArc xlink:type="arc" xlink:arcrole="http://www.xbrl.org/2003/arcrole/concept-label" xlink:from="LegalEntityIdentifierOfFinancialInstitution" xlink:to="label_LegalEntityIdentifierOfFinancialInstitution_5" xlink:title="label: LegalEntityIdentifierOfFinancialInstitution to label_LegalEntityIdentifierOfFinancialInstitution"/>
    <link:label xlink:type="resource" xlink:label="label_LegalEntityIdentifierOfFinancialInstitution_6" xlink:role="http://www.xbrl.org/2003/role/label" xlink:title="label_LegalEntityIdentifierOfFinancialInstitution" xml:lang="pt" id="label_LegalEntityIdentifierOfFinancialInstitution_6">Identificador de entidade jurídica [LEI] de instituição financeira</link:label>
    <link:labelArc xlink:type="arc" xlink:arcrole="http://www.xbrl.org/2003/arcrole/concept-label" xlink:from="LegalEntityIdentifierOfFinancialInstitution" xlink:to="label_LegalEntityIdentifierOfFinancialInstitution_6" xlink:title="label: LegalEntityIdentifierOfFinancialInstitution to label_LegalEntityIdentifierOfFinancialInstitution"/>
    <link:label xlink:type="resource" xlink:label="label_LegalEntityIdentifierOfFinancialInstitution_7" xlink:role="http://www.xbrl.org/2003/role/label" xlink:title="label_LegalEntityIdentifierOfFinancialInstitution" xml:lang="ar" id="label_LegalEntityIdentifierOfFinancialInstitution_7">معرف الكيان القانوني [LEI] للمؤسسة المالية</link:label>
    <link:labelArc xlink:type="arc" xlink:arcrole="http://www.xbrl.org/2003/arcrole/concept-label" xlink:from="LegalEntityIdentifierOfFinancialInstitution" xlink:to="label_LegalEntityIdentifierOfFinancialInstitution_7" xlink:title="label: LegalEntityIdentifierOfFinancialInstitution to label_LegalEntityIdentifierOfFinancialInstitution"/>
    <link:label xlink:type="resource" xlink:label="label_LegalEntityIdentifierOfFinancialInstitution_8" xlink:role="http://www.xbrl.org/2003/role/label" xlink:title="label_LegalEntityIdentifierOfFinancialInstitution" xml:lang="hi" id="label_LegalEntityIdentifierOfFinancialInstitution_8">वित्तीय संस्था का कानूनी संस्था अभिज्ञापक [LEI]</link:label>
    <link:labelArc xlink:type="arc" xlink:arcrole="http://www.xbrl.org/2003/arcrole/concept-label" xlink:from="LegalEntityIdentifierOfFinancialInstitution" xlink:to="label_LegalEntityIdentifierOfFinancialInstitution_8" xlink:title="label: LegalEntityIdentifierOfFinancialInstitution to label_LegalEntityIdentifierOfFinancialInstitution"/>
    <link:loc xlink:type="locator" xlink:href="gsd.xsd#gsd_LegalEntityIdentifierOfLawFirm" xlink:label="LegalEntityIdentifierOfLawFirm" xlink:title="LegalEntityIdentifierOfLawFirm"/>
    <link:label xlink:type="resource" xlink:label="label_LegalEntityIdentifierOfLawFirm" xlink:role="http://www.xbrl.org/2003/role/label" xlink:title="label_LegalEntityIdentifierOfLawFirm" xml:lang="de" id="label_LegalEntityIdentifierOfLawFirm">Legal Entity Identifier [LEI] des Anwaltsbüros</link:label>
    <link:labelArc xlink:type="arc" xlink:arcrole="http://www.xbrl.org/2003/arcrole/concept-label" xlink:from="LegalEntityIdentifierOfLawFirm" xlink:to="label_LegalEntityIdentifierOfLawFirm" xlink:title="label: LegalEntityIdentifierOfLawFirm to label_LegalEntityIdentifierOfLawFirm"/>
    <link:label xlink:type="resource" xlink:label="label_LegalEntityIdentifierOfLawFirm_2" xlink:role="http://www.xbrl.org/2003/role/label" xlink:title="label_LegalEntityIdentifierOfLawFirm" xml:lang="fr" id="label_LegalEntityIdentifierOfLawFirm_2">Identifiant d'entité juridique [LEI] du cabinet d'avocats</link:label>
    <link:labelArc xlink:type="arc" xlink:arcrole="http://www.xbrl.org/2003/arcrole/concept-label" xlink:from="LegalEntityIdentifierOfLawFirm" xlink:to="label_LegalEntityIdentifierOfLawFirm_2" xlink:title="label: LegalEntityIdentifierOfLawFirm to label_LegalEntityIdentifierOfLawFirm"/>
    <link:label xlink:type="resource" xlink:label="label_LegalEntityIdentifierOfLawFirm_3" xlink:role="http://www.xbrl.org/2003/role/label" xlink:title="label_LegalEntityIdentifierOfLawFirm" xml:lang="es" id="label_LegalEntityIdentifierOfLawFirm_3">Identificador de la entidad jurídica [LEI] del bufete de abogados</link:label>
    <link:labelArc xlink:type="arc" xlink:arcrole="http://www.xbrl.org/2003/arcrole/concept-label" xlink:from="LegalEntityIdentifierOfLawFirm" xlink:to="label_LegalEntityIdentifierOfLawFirm_3" xlink:title="label: LegalEntityIdentifierOfLawFirm to label_LegalEntityIdentifierOfLawFirm"/>
    <link:label xlink:type="resource" xlink:label="label_LegalEntityIdentifierOfLawFirm_4" xlink:role="http://www.xbrl.org/2003/role/label" xlink:title="label_LegalEntityIdentifierOfLawFirm" xml:lang="ru" id="label_LegalEntityIdentifierOfLawFirm_4">Идентификатор юридического лица [ИЮЛ] юридической фирмы</link:label>
    <link:labelArc xlink:type="arc" xlink:arcrole="http://www.xbrl.org/2003/arcrole/concept-label" xlink:from="LegalEntityIdentifierOfLawFirm" xlink:to="label_LegalEntityIdentifierOfLawFirm_4" xlink:title="label: LegalEntityIdentifierOfLawFirm to label_LegalEntityIdentifierOfLawFirm"/>
    <link:label xlink:type="resource" xlink:label="label_LegalEntityIdentifierOfLawFirm_5" xlink:role="http://www.xbrl.org/2003/role/label" xlink:title="label_LegalEntityIdentifierOfLawFirm" xml:lang="zh" id="label_LegalEntityIdentifierOfLawFirm_5">律师事务所法人机构识别编码【LEI】</link:label>
    <link:labelArc xlink:type="arc" xlink:arcrole="http://www.xbrl.org/2003/arcrole/concept-label" xlink:from="LegalEntityIdentifierOfLawFirm" xlink:to="label_LegalEntityIdentifierOfLawFirm_5" xlink:title="label: LegalEntityIdentifierOfLawFirm to label_LegalEntityIdentifierOfLawFirm"/>
    <link:label xlink:type="resource" xlink:label="label_LegalEntityIdentifierOfLawFirm_6" xlink:role="http://www.xbrl.org/2003/role/label" xlink:title="label_LegalEntityIdentifierOfLawFirm" xml:lang="pt" id="label_LegalEntityIdentifierOfLawFirm_6">Identificador de entidade jurídica [LEI] do escritório de advogados</link:label>
    <link:labelArc xlink:type="arc" xlink:arcrole="http://www.xbrl.org/2003/arcrole/concept-label" xlink:from="LegalEntityIdentifierOfLawFirm" xlink:to="label_LegalEntityIdentifierOfLawFirm_6" xlink:title="label: LegalEntityIdentifierOfLawFirm to label_LegalEntityIdentifierOfLawFirm"/>
    <link:label xlink:type="resource" xlink:label="label_LegalEntityIdentifierOfLawFirm_7" xlink:role="http://www.xbrl.org/2003/role/label" xlink:title="label_LegalEntityIdentifierOfLawFirm" xml:lang="ar" id="label_LegalEntityIdentifierOfLawFirm_7">معرف الكيان القانوني [LEI] لمكتب المحاماة</link:label>
    <link:labelArc xlink:type="arc" xlink:arcrole="http://www.xbrl.org/2003/arcrole/concept-label" xlink:from="LegalEntityIdentifierOfLawFirm" xlink:to="label_LegalEntityIdentifierOfLawFirm_7" xlink:title="label: LegalEntityIdentifierOfLawFirm to label_LegalEntityIdentifierOfLawFirm"/>
    <link:label xlink:type="resource" xlink:label="label_LegalEntityIdentifierOfLawFirm_8" xlink:role="http://www.xbrl.org/2003/role/label" xlink:title="label_LegalEntityIdentifierOfLawFirm" xml:lang="hi" id="label_LegalEntityIdentifierOfLawFirm_8">कानून फर्म का कानूनी संस्था अभिज्ञापक [LEI]</link:label>
    <link:labelArc xlink:type="arc" xlink:arcrole="http://www.xbrl.org/2003/arcrole/concept-label" xlink:from="LegalEntityIdentifierOfLawFirm" xlink:to="label_LegalEntityIdentifierOfLawFirm_8" xlink:title="label: LegalEntityIdentifierOfLawFirm to label_LegalEntityIdentifierOfLawFirm"/>
    <link:loc xlink:type="locator" xlink:href="gsd.xsd#gsd_LegalEntityIdentifierOfReportingEntity" xlink:label="LegalEntityIdentifierOfReportingEntity" xlink:title="LegalEntityIdentifierOfReportingEntity"/>
    <link:label xlink:type="resource" xlink:label="label_LegalEntityIdentifierOfReportingEntity" xlink:role="http://www.xbrl.org/2003/role/label" xlink:title="label_LegalEntityIdentifierOfReportingEntity" xml:lang="de" id="label_LegalEntityIdentifierOfReportingEntity">Legal Entity Identifier [LEI] des berichtenden Unternehmens</link:label>
    <link:labelArc xlink:type="arc" xlink:arcrole="http://www.xbrl.org/2003/arcrole/concept-label" xlink:from="LegalEntityIdentifierOfReportingEntity" xlink:to="label_LegalEntityIdentifierOfReportingEntity" xlink:title="label: LegalEntityIdentifierOfReportingEntity to label_LegalEntityIdentifierOfReportingEntity"/>
    <link:label xlink:type="resource" xlink:label="label_LegalEntityIdentifierOfReportingEntity_2" xlink:role="http://www.xbrl.org/2003/role/label" xlink:title="label_LegalEntityIdentifierOfReportingEntity" xml:lang="fr" id="label_LegalEntityIdentifierOfReportingEntity_2">Identificateur d'entité juridique [LEI] de l'entité déclarante</link:label>
    <link:labelArc xlink:type="arc" xlink:arcrole="http://www.xbrl.org/2003/arcrole/concept-label" xlink:from="LegalEntityIdentifierOfReportingEntity" xlink:to="label_LegalEntityIdentifierOfReportingEntity_2" xlink:title="label: LegalEntityIdentifierOfReportingEntity to label_LegalEntityIdentifierOfReportingEntity"/>
    <link:label xlink:type="resource" xlink:label="label_LegalEntityIdentifierOfReportingEntity_3" xlink:role="http://www.xbrl.org/2003/role/label" xlink:title="label_LegalEntityIdentifierOfReportingEntity" xml:lang="es" id="label_LegalEntityIdentifierOfReportingEntity_3">Identificador de la entidad jurídica [LEI] de la entidad auditada</link:label>
    <link:labelArc xlink:type="arc" xlink:arcrole="http://www.xbrl.org/2003/arcrole/concept-label" xlink:from="LegalEntityIdentifierOfReportingEntity" xlink:to="label_LegalEntityIdentifierOfReportingEntity_3" xlink:title="label: LegalEntityIdentifierOfReportingEntity to label_LegalEntityIdentifierOfReportingEntity"/>
    <link:label xlink:type="resource" xlink:label="label_LegalEntityIdentifierOfReportingEntity_4" xlink:role="http://www.xbrl.org/2003/role/label" xlink:title="label_LegalEntityIdentifierOfReportingEntity" xml:lang="ru" id="label_LegalEntityIdentifierOfReportingEntity_4">Идентификатор юридического лица [ИЮЛ] субъекта отчетности</link:label>
    <link:labelArc xlink:type="arc" xlink:arcrole="http://www.xbrl.org/2003/arcrole/concept-label" xlink:from="LegalEntityIdentifierOfReportingEntity" xlink:to="label_LegalEntityIdentifierOfReportingEntity_4" xlink:title="label: LegalEntityIdentifierOfReportingEntity to label_LegalEntityIdentifierOfReportingEntity"/>
    <link:label xlink:type="resource" xlink:label="label_LegalEntityIdentifierOfReportingEntity_5" xlink:role="http://www.xbrl.org/2003/role/label" xlink:title="label_LegalEntityIdentifierOfReportingEntity" xml:lang="zh" id="label_LegalEntityIdentifierOfReportingEntity_5">报告实体法人机构识别编码【LEI】</link:label>
    <link:labelArc xlink:type="arc" xlink:arcrole="http://www.xbrl.org/2003/arcrole/concept-label" xlink:from="LegalEntityIdentifierOfReportingEntity" xlink:to="label_LegalEntityIdentifierOfReportingEntity_5" xlink:title="label: LegalEntityIdentifierOfReportingEntity to label_LegalEntityIdentifierOfReportingEntity"/>
    <link:label xlink:type="resource" xlink:label="label_LegalEntityIdentifierOfReportingEntity_6" xlink:role="http://www.xbrl.org/2003/role/label" xlink:title="label_LegalEntityIdentifierOfReportingEntity" xml:lang="pt" id="label_LegalEntityIdentifierOfReportingEntity_6">Identificador de entidade jurídica [LEI] da entidade relatora</link:label>
    <link:labelArc xlink:type="arc" xlink:arcrole="http://www.xbrl.org/2003/arcrole/concept-label" xlink:from="LegalEntityIdentifierOfReportingEntity" xlink:to="label_LegalEntityIdentifierOfReportingEntity_6" xlink:title="label: LegalEntityIdentifierOfReportingEntity to label_LegalEntityIdentifierOfReportingEntity"/>
    <link:label xlink:type="resource" xlink:label="label_LegalEntityIdentifierOfReportingEntity_7" xlink:role="http://www.xbrl.org/2003/role/label" xlink:title="label_LegalEntityIdentifierOfReportingEntity" xml:lang="ar" id="label_LegalEntityIdentifierOfReportingEntity_7">معرف الكيان القانوني [LEI] للكيان المقدم للتقرير</link:label>
    <link:labelArc xlink:type="arc" xlink:arcrole="http://www.xbrl.org/2003/arcrole/concept-label" xlink:from="LegalEntityIdentifierOfReportingEntity" xlink:to="label_LegalEntityIdentifierOfReportingEntity_7" xlink:title="label: LegalEntityIdentifierOfReportingEntity to label_LegalEntityIdentifierOfReportingEntity"/>
    <link:label xlink:type="resource" xlink:label="label_LegalEntityIdentifierOfReportingEntity_8" xlink:role="http://www.xbrl.org/2003/role/label" xlink:title="label_LegalEntityIdentifierOfReportingEntity" xml:lang="hi" id="label_LegalEntityIdentifierOfReportingEntity_8">रिपोर्टिंग संस्था का कानूनी संस्था अभिज्ञापक [LEI]</link:label>
    <link:labelArc xlink:type="arc" xlink:arcrole="http://www.xbrl.org/2003/arcrole/concept-label" xlink:from="LegalEntityIdentifierOfReportingEntity" xlink:to="label_LegalEntityIdentifierOfReportingEntity_8" xlink:title="label: LegalEntityIdentifierOfReportingEntity to label_LegalEntityIdentifierOfReportingEntity"/>
    <link:loc xlink:type="locator" xlink:href="gsd.xsd#gsd_LegalEntityIdentifierOfSubmittingEnterprise" xlink:label="LegalEntityIdentifierOfSubmittingEnterprise" xlink:title="LegalEntityIdentifierOfSubmittingEnterprise"/>
    <link:label xlink:type="resource" xlink:label="label_LegalEntityIdentifierOfSubmittingEnterprise" xlink:role="http://www.xbrl.org/2003/role/label" xlink:title="label_LegalEntityIdentifierOfSubmittingEnterprise" xml:lang="de" id="label_LegalEntityIdentifierOfSubmittingEnterprise">Legal Entity Identifier [LEI] des einreichenden Unternehmens</link:label>
    <link:labelArc xlink:type="arc" xlink:arcrole="http://www.xbrl.org/2003/arcrole/concept-label" xlink:from="LegalEntityIdentifierOfSubmittingEnterprise" xlink:to="label_LegalEntityIdentifierOfSubmittingEnterprise" xlink:title="label: LegalEntityIdentifierOfSubmittingEnterprise to label_LegalEntityIdentifierOfSubmittingEnterprise"/>
    <link:label xlink:type="resource" xlink:label="label_LegalEntityIdentifierOfSubmittingEnterprise_2" xlink:role="http://www.xbrl.org/2003/role/label" xlink:title="label_LegalEntityIdentifierOfSubmittingEnterprise" xml:lang="fr" id="label_LegalEntityIdentifierOfSubmittingEnterprise_2">Identificateur d'entité juridique [LEI] de l'entreprise soumissionnaire</link:label>
    <link:labelArc xlink:type="arc" xlink:arcrole="http://www.xbrl.org/2003/arcrole/concept-label" xlink:from="LegalEntityIdentifierOfSubmittingEnterprise" xlink:to="label_LegalEntityIdentifierOfSubmittingEnterprise_2" xlink:title="label: LegalEntityIdentifierOfSubmittingEnterprise to label_LegalEntityIdentifierOfSubmittingEnterprise"/>
    <link:label xlink:type="resource" xlink:label="label_LegalEntityIdentifierOfSubmittingEnterprise_3" xlink:role="http://www.xbrl.org/2003/role/label" xlink:title="label_LegalEntityIdentifierOfSubmittingEnterprise" xml:lang="es" id="label_LegalEntityIdentifierOfSubmittingEnterprise_3">Identificador de la entidad jurídica [LEI] de la empresa que presenta el informe</link:label>
    <link:labelArc xlink:type="arc" xlink:arcrole="http://www.xbrl.org/2003/arcrole/concept-label" xlink:from="LegalEntityIdentifierOfSubmittingEnterprise" xlink:to="label_LegalEntityIdentifierOfSubmittingEnterprise_3" xlink:title="label: LegalEntityIdentifierOfSubmittingEnterprise to label_LegalEntityIdentifierOfSubmittingEnterprise"/>
    <link:label xlink:type="resource" xlink:label="label_LegalEntityIdentifierOfSubmittingEnterprise_4" xlink:role="http://www.xbrl.org/2003/role/label" xlink:title="label_LegalEntityIdentifierOfSubmittingEnterprise" xml:lang="ru" id="label_LegalEntityIdentifierOfSubmittingEnterprise_4">Идентификатор юридического лица [ИЮЛ] подающего отчетность предприятия</link:label>
    <link:labelArc xlink:type="arc" xlink:arcrole="http://www.xbrl.org/2003/arcrole/concept-label" xlink:from="LegalEntityIdentifierOfSubmittingEnterprise" xlink:to="label_LegalEntityIdentifierOfSubmittingEnterprise_4" xlink:title="label: LegalEntityIdentifierOfSubmittingEnterprise to label_LegalEntityIdentifierOfSubmittingEnterprise"/>
    <link:label xlink:type="resource" xlink:label="label_LegalEntityIdentifierOfSubmittingEnterprise_5" xlink:role="http://www.xbrl.org/2003/role/label" xlink:title="label_LegalEntityIdentifierOfSubmittingEnterprise" xml:lang="zh" id="label_LegalEntityIdentifierOfSubmittingEnterprise_5">提交企业法人机构识别编码【LEI】</link:label>
    <link:labelArc xlink:type="arc" xlink:arcrole="http://www.xbrl.org/2003/arcrole/concept-label" xlink:from="LegalEntityIdentifierOfSubmittingEnterprise" xlink:to="label_LegalEntityIdentifierOfSubmittingEnterprise_5" xlink:title="label: LegalEntityIdentifierOfSubmittingEnterprise to label_LegalEntityIdentifierOfSubmittingEnterprise"/>
    <link:label xlink:type="resource" xlink:label="label_LegalEntityIdentifierOfSubmittingEnterprise_6" xlink:role="http://www.xbrl.org/2003/role/label" xlink:title="label_LegalEntityIdentifierOfSubmittingEnterprise" xml:lang="pt" id="label_LegalEntityIdentifierOfSubmittingEnterprise_6">Identificador de entidade jurídica [LEI] de empresa apresentante</link:label>
    <link:labelArc xlink:type="arc" xlink:arcrole="http://www.xbrl.org/2003/arcrole/concept-label" xlink:from="LegalEntityIdentifierOfSubmittingEnterprise" xlink:to="label_LegalEntityIdentifierOfSubmittingEnterprise_6" xlink:title="label: LegalEntityIdentifierOfSubmittingEnterprise to label_LegalEntityIdentifierOfSubmittingEnterprise"/>
    <link:label xlink:type="resource" xlink:label="label_LegalEntityIdentifierOfSubmittingEnterprise_7" xlink:role="http://www.xbrl.org/2003/role/label" xlink:title="label_LegalEntityIdentifierOfSubmittingEnterprise" xml:lang="ar" id="label_LegalEntityIdentifierOfSubmittingEnterprise_7">معرف الكيان القانوني [LEI] للشركة المقدمة للطلب</link:label>
    <link:labelArc xlink:type="arc" xlink:arcrole="http://www.xbrl.org/2003/arcrole/concept-label" xlink:from="LegalEntityIdentifierOfSubmittingEnterprise" xlink:to="label_LegalEntityIdentifierOfSubmittingEnterprise_7" xlink:title="label: LegalEntityIdentifierOfSubmittingEnterprise to label_LegalEntityIdentifierOfSubmittingEnterprise"/>
    <link:label xlink:type="resource" xlink:label="label_LegalEntityIdentifierOfSubmittingEnterprise_8" xlink:role="http://www.xbrl.org/2003/role/label" xlink:title="label_LegalEntityIdentifierOfSubmittingEnterprise" xml:lang="hi" id="label_LegalEntityIdentifierOfSubmittingEnterprise_8">प्रस्तुतकर्ता उद्यम का कानूनी संस्था अभिज्ञापक [LEI]</link:label>
    <link:labelArc xlink:type="arc" xlink:arcrole="http://www.xbrl.org/2003/arcrole/concept-label" xlink:from="LegalEntityIdentifierOfSubmittingEnterprise" xlink:to="label_LegalEntityIdentifierOfSubmittingEnterprise_8" xlink:title="label: LegalEntityIdentifierOfSubmittingEnterprise to label_LegalEntityIdentifierOfSubmittingEnterprise"/>
    <link:loc xlink:type="locator" xlink:href="gsd.xsd#gsd_InformationOnTypeOfRelatedSubmittedReport" xlink:label="InformationOnTypeOfRelatedSubmittedReport" xlink:title="InformationOnTypeOfRelatedSubmittedReport"/>
    <link:label xlink:type="resource" xlink:label="label_InformationOnTypeOfRelatedSubmittedReport" xlink:role="http://www.xbrl.org/2003/role/label" xlink:title="label_InformationOnTypeOfRelatedSubmittedReport" xml:lang="de" id="label_InformationOnTypeOfRelatedSubmittedReport">Informationen zur Art des zugehörigen eingereichten Berichts</link:label>
    <link:labelArc xlink:type="arc" xlink:arcrole="http://www.xbrl.org/2003/arcrole/concept-label" xlink:from="InformationOnTypeOfRelatedSubmittedReport" xlink:to="label_InformationOnTypeOfRelatedSubmittedReport" xlink:title="label: InformationOnTypeOfRelatedSubmittedReport to label_InformationOnTypeOfRelatedSubmittedReport"/>
    <link:label xlink:type="resource" xlink:label="label_InformationOnTypeOfRelatedSubmittedReport_2" xlink:role="http://www.xbrl.org/2003/role/label" xlink:title="label_InformationOnTypeOfRelatedSubmittedReport" xml:lang="fr" id="label_InformationOnTypeOfRelatedSubmittedReport_2">Informations sur le type de rapport soumis connexe</link:label>
    <link:labelArc xlink:type="arc" xlink:arcrole="http://www.xbrl.org/2003/arcrole/concept-label" xlink:from="InformationOnTypeOfRelatedSubmittedReport" xlink:to="label_InformationOnTypeOfRelatedSubmittedReport_2" xlink:title="label: InformationOnTypeOfRelatedSubmittedReport to label_InformationOnTypeOfRelatedSubmittedReport"/>
    <link:label xlink:type="resource" xlink:label="label_InformationOnTypeOfRelatedSubmittedReport_3" xlink:role="http://www.xbrl.org/2003/role/label" xlink:title="label_InformationOnTypeOfRelatedSubmittedReport" xml:lang="es" id="label_InformationOnTypeOfRelatedSubmittedReport_3">Información sobre el tipo de informe presentado relacionado</link:label>
    <link:labelArc xlink:type="arc" xlink:arcrole="http://www.xbrl.org/2003/arcrole/concept-label" xlink:from="InformationOnTypeOfRelatedSubmittedReport" xlink:to="label_InformationOnTypeOfRelatedSubmittedReport_3" xlink:title="label: InformationOnTypeOfRelatedSubmittedReport to label_InformationOnTypeOfRelatedSubmittedReport"/>
    <link:label xlink:type="resource" xlink:label="label_InformationOnTypeOfRelatedSubmittedReport_4" xlink:role="http://www.xbrl.org/2003/role/label" xlink:title="label_InformationOnTypeOfRelatedSubmittedReport" xml:lang="ru" id="label_InformationOnTypeOfRelatedSubmittedReport_4">Сведения о типе связанного поданного отчета</link:label>
    <link:labelArc xlink:type="arc" xlink:arcrole="http://www.xbrl.org/2003/arcrole/concept-label" xlink:from="InformationOnTypeOfRelatedSubmittedReport" xlink:to="label_InformationOnTypeOfRelatedSubmittedReport_4" xlink:title="label: InformationOnTypeOfRelatedSubmittedReport to label_InformationOnTypeOfRelatedSubmittedReport"/>
    <link:label xlink:type="resource" xlink:label="label_InformationOnTypeOfRelatedSubmittedReport_5" xlink:role="http://www.xbrl.org/2003/role/label" xlink:title="label_InformationOnTypeOfRelatedSubmittedReport" xml:lang="zh" id="label_InformationOnTypeOfRelatedSubmittedReport_5">相关提交报告的类型信息</link:label>
    <link:labelArc xlink:type="arc" xlink:arcrole="http://www.xbrl.org/2003/arcrole/concept-label" xlink:from="InformationOnTypeOfRelatedSubmittedReport" xlink:to="label_InformationOnTypeOfRelatedSubmittedReport_5" xlink:title="label: InformationOnTypeOfRelatedSubmittedReport to label_InformationOnTypeOfRelatedSubmittedReport"/>
    <link:label xlink:type="resource" xlink:label="label_InformationOnTypeOfRelatedSubmittedReport_6" xlink:role="http://www.xbrl.org/2003/role/label" xlink:title="label_InformationOnTypeOfRelatedSubmittedReport" xml:lang="pt" id="label_InformationOnTypeOfRelatedSubmittedReport_6">Informações sobre o tipo de relatório conexo apresentado</link:label>
    <link:labelArc xlink:type="arc" xlink:arcrole="http://www.xbrl.org/2003/arcrole/concept-label" xlink:from="InformationOnTypeOfRelatedSubmittedReport" xlink:to="label_InformationOnTypeOfRelatedSubmittedReport_6" xlink:title="label: InformationOnTypeOfRelatedSubmittedReport to label_InformationOnTypeOfRelatedSubmittedReport"/>
    <link:label xlink:type="resource" xlink:label="label_InformationOnTypeOfRelatedSubmittedReport_7" xlink:role="http://www.xbrl.org/2003/role/label" xlink:title="label_InformationOnTypeOfRelatedSubmittedReport" xml:lang="ar" id="label_InformationOnTypeOfRelatedSubmittedReport_7">معلومات عن نوع التقرير المقدم ذي الصلة</link:label>
    <link:labelArc xlink:type="arc" xlink:arcrole="http://www.xbrl.org/2003/arcrole/concept-label" xlink:from="InformationOnTypeOfRelatedSubmittedReport" xlink:to="label_InformationOnTypeOfRelatedSubmittedReport_7" xlink:title="label: InformationOnTypeOfRelatedSubmittedReport to label_InformationOnTypeOfRelatedSubmittedReport"/>
    <link:label xlink:type="resource" xlink:label="label_InformationOnTypeOfRelatedSubmittedReport_8" xlink:role="http://www.xbrl.org/2003/role/label" xlink:title="label_InformationOnTypeOfRelatedSubmittedReport" xml:lang="hi" id="label_InformationOnTypeOfRelatedSubmittedReport_8">संबंधित प्रस्तुत रिपोर्ट के प्रकार पर सूचना</link:label>
    <link:labelArc xlink:type="arc" xlink:arcrole="http://www.xbrl.org/2003/arcrole/concept-label" xlink:from="InformationOnTypeOfRelatedSubmittedReport" xlink:to="label_InformationOnTypeOfRelatedSubmittedReport_8" xlink:title="label: InformationOnTypeOfRelatedSubmittedReport to label_InformationOnTypeOfRelatedSubmittedReport"/>
    <link:loc xlink:type="locator" xlink:href="gsd.xsd#gsd_DetailsOnSupervisoryCommitteeHypercube" xlink:label="DetailsOnSupervisoryCommitteeHypercube" xlink:title="DetailsOnSupervisoryCommitteeHypercube"/>
    <link:label xlink:type="resource" xlink:label="label_DetailsOnSupervisoryCommitteeHypercube" xlink:role="http://www.xbrl.org/2003/role/label" xlink:title="label_DetailsOnSupervisoryCommitteeHypercube" xml:lang="de" id="label_DetailsOnSupervisoryCommitteeHypercube">Informationen zum Aufsichtsrat</link:label>
    <link:labelArc xlink:type="arc" xlink:arcrole="http://www.xbrl.org/2003/arcrole/concept-label" xlink:from="DetailsOnSupervisoryCommitteeHypercube" xlink:to="label_DetailsOnSupervisoryCommitteeHypercube" xlink:title="label: DetailsOnSupervisoryCommitteeHypercube to label_DetailsOnSupervisoryCommitteeHypercube"/>
    <link:label xlink:type="resource" xlink:label="label_DetailsOnSupervisoryCommitteeHypercube_2" xlink:role="http://www.xbrl.org/2003/role/label" xlink:title="label_DetailsOnSupervisoryCommitteeHypercube" xml:lang="fr" id="label_DetailsOnSupervisoryCommitteeHypercube_2">Informations sur le comité de surveillance</link:label>
    <link:labelArc xlink:type="arc" xlink:arcrole="http://www.xbrl.org/2003/arcrole/concept-label" xlink:from="DetailsOnSupervisoryCommitteeHypercube" xlink:to="label_DetailsOnSupervisoryCommitteeHypercube_2" xlink:title="label: DetailsOnSupervisoryCommitteeHypercube to label_DetailsOnSupervisoryCommitteeHypercube"/>
    <link:label xlink:type="resource" xlink:label="label_DetailsOnSupervisoryCommitteeHypercube_3" xlink:role="http://www.xbrl.org/2003/role/label" xlink:title="label_DetailsOnSupervisoryCommitteeHypercube" xml:lang="es" id="label_DetailsOnSupervisoryCommitteeHypercube_3">Información sobre el comité de supervisión</link:label>
    <link:labelArc xlink:type="arc" xlink:arcrole="http://www.xbrl.org/2003/arcrole/concept-label" xlink:from="DetailsOnSupervisoryCommitteeHypercube" xlink:to="label_DetailsOnSupervisoryCommitteeHypercube_3" xlink:title="label: DetailsOnSupervisoryCommitteeHypercube to label_DetailsOnSupervisoryCommitteeHypercube"/>
    <link:label xlink:type="resource" xlink:label="label_DetailsOnSupervisoryCommitteeHypercube_4" xlink:role="http://www.xbrl.org/2003/role/label" xlink:title="label_DetailsOnSupervisoryCommitteeHypercube" xml:lang="ru" id="label_DetailsOnSupervisoryCommitteeHypercube_4">Сведения о наблюдательном комитете</link:label>
    <link:labelArc xlink:type="arc" xlink:arcrole="http://www.xbrl.org/2003/arcrole/concept-label" xlink:from="DetailsOnSupervisoryCommitteeHypercube" xlink:to="label_DetailsOnSupervisoryCommitteeHypercube_4" xlink:title="label: DetailsOnSupervisoryCommitteeHypercube to label_DetailsOnSupervisoryCommitteeHypercube"/>
    <link:label xlink:type="resource" xlink:label="label_DetailsOnSupervisoryCommitteeHypercube_5" xlink:role="http://www.xbrl.org/2003/role/label" xlink:title="label_DetailsOnSupervisoryCommitteeHypercube" xml:lang="zh" id="label_DetailsOnSupervisoryCommitteeHypercube_5">监督委员会信息</link:label>
    <link:labelArc xlink:type="arc" xlink:arcrole="http://www.xbrl.org/2003/arcrole/concept-label" xlink:from="DetailsOnSupervisoryCommitteeHypercube" xlink:to="label_DetailsOnSupervisoryCommitteeHypercube_5" xlink:title="label: DetailsOnSupervisoryCommitteeHypercube to label_DetailsOnSupervisoryCommitteeHypercube"/>
    <link:label xlink:type="resource" xlink:label="label_DetailsOnSupervisoryCommitteeHypercube_6" xlink:role="http://www.xbrl.org/2003/role/label" xlink:title="label_DetailsOnSupervisoryCommitteeHypercube" xml:lang="pt" id="label_DetailsOnSupervisoryCommitteeHypercube_6">Informações sobre membro do comité de supervisão</link:label>
    <link:labelArc xlink:type="arc" xlink:arcrole="http://www.xbrl.org/2003/arcrole/concept-label" xlink:from="DetailsOnSupervisoryCommitteeHypercube" xlink:to="label_DetailsOnSupervisoryCommitteeHypercube_6" xlink:title="label: DetailsOnSupervisoryCommitteeHypercube to label_DetailsOnSupervisoryCommitteeHypercube"/>
    <link:label xlink:type="resource" xlink:label="label_DetailsOnSupervisoryCommitteeHypercube_7" xlink:role="http://www.xbrl.org/2003/role/label" xlink:title="label_DetailsOnSupervisoryCommitteeHypercube" xml:lang="ar" id="label_DetailsOnSupervisoryCommitteeHypercube_7">معلومات عن لجنة الإشراف</link:label>
    <link:labelArc xlink:type="arc" xlink:arcrole="http://www.xbrl.org/2003/arcrole/concept-label" xlink:from="DetailsOnSupervisoryCommitteeHypercube" xlink:to="label_DetailsOnSupervisoryCommitteeHypercube_7" xlink:title="label: DetailsOnSupervisoryCommitteeHypercube to label_DetailsOnSupervisoryCommitteeHypercube"/>
    <link:label xlink:type="resource" xlink:label="label_DetailsOnSupervisoryCommitteeHypercube_8" xlink:role="http://www.xbrl.org/2003/role/label" xlink:title="label_DetailsOnSupervisoryCommitteeHypercube" xml:lang="hi" id="label_DetailsOnSupervisoryCommitteeHypercube_8">पर्यवेक्षी कमेटी पर सूचना</link:label>
    <link:labelArc xlink:type="arc" xlink:arcrole="http://www.xbrl.org/2003/arcrole/concept-label" xlink:from="DetailsOnSupervisoryCommitteeHypercube" xlink:to="label_DetailsOnSupervisoryCommitteeHypercube_8" xlink:title="label: DetailsOnSupervisoryCommitteeHypercube to label_DetailsOnSupervisoryCommitteeHypercube"/>
    <link:loc xlink:type="locator" xlink:href="gsd.xsd#gsd_DetailsOnSupervisoryCommiteeAbstract" xlink:label="DetailsOnSupervisoryCommiteeAbstract" xlink:title="DetailsOnSupervisoryCommiteeAbstract"/>
    <link:label xlink:type="resource" xlink:label="label_DetailsOnSupervisoryCommiteeAbstract" xlink:role="http://www.xbrl.org/2003/role/label" xlink:title="label_DetailsOnSupervisoryCommiteeAbstract" xml:lang="de" id="label_DetailsOnSupervisoryCommiteeAbstract">Details zum Aufsichtsrat</link:label>
    <link:labelArc xlink:type="arc" xlink:arcrole="http://www.xbrl.org/2003/arcrole/concept-label" xlink:from="DetailsOnSupervisoryCommiteeAbstract" xlink:to="label_DetailsOnSupervisoryCommiteeAbstract" xlink:title="label: DetailsOnSupervisoryCommiteeAbstract to label_DetailsOnSupervisoryCommiteeAbstract"/>
    <link:label xlink:type="resource" xlink:label="label_DetailsOnSupervisoryCommiteeAbstract_2" xlink:role="http://www.xbrl.org/2003/role/label" xlink:title="label_DetailsOnSupervisoryCommiteeAbstract" xml:lang="fr" id="label_DetailsOnSupervisoryCommiteeAbstract_2">Détails sur le comité de surveillance</link:label>
    <link:labelArc xlink:type="arc" xlink:arcrole="http://www.xbrl.org/2003/arcrole/concept-label" xlink:from="DetailsOnSupervisoryCommiteeAbstract" xlink:to="label_DetailsOnSupervisoryCommiteeAbstract_2" xlink:title="label: DetailsOnSupervisoryCommiteeAbstract to label_DetailsOnSupervisoryCommiteeAbstract"/>
    <link:label xlink:type="resource" xlink:label="label_DetailsOnSupervisoryCommiteeAbstract_3" xlink:role="http://www.xbrl.org/2003/role/label" xlink:title="label_DetailsOnSupervisoryCommiteeAbstract" xml:lang="es" id="label_DetailsOnSupervisoryCommiteeAbstract_3">Detalles sobre el comité de supervisión</link:label>
    <link:labelArc xlink:type="arc" xlink:arcrole="http://www.xbrl.org/2003/arcrole/concept-label" xlink:from="DetailsOnSupervisoryCommiteeAbstract" xlink:to="label_DetailsOnSupervisoryCommiteeAbstract_3" xlink:title="label: DetailsOnSupervisoryCommiteeAbstract to label_DetailsOnSupervisoryCommiteeAbstract"/>
    <link:label xlink:type="resource" xlink:label="label_DetailsOnSupervisoryCommiteeAbstract_4" xlink:role="http://www.xbrl.org/2003/role/label" xlink:title="label_DetailsOnSupervisoryCommiteeAbstract" xml:lang="ru" id="label_DetailsOnSupervisoryCommiteeAbstract_4">Сведения о наблюдательном комитете</link:label>
    <link:labelArc xlink:type="arc" xlink:arcrole="http://www.xbrl.org/2003/arcrole/concept-label" xlink:from="DetailsOnSupervisoryCommiteeAbstract" xlink:to="label_DetailsOnSupervisoryCommiteeAbstract_4" xlink:title="label: DetailsOnSupervisoryCommiteeAbstract to label_DetailsOnSupervisoryCommiteeAbstract"/>
    <link:label xlink:type="resource" xlink:label="label_DetailsOnSupervisoryCommiteeAbstract_5" xlink:role="http://www.xbrl.org/2003/role/label" xlink:title="label_DetailsOnSupervisoryCommiteeAbstract" xml:lang="zh" id="label_DetailsOnSupervisoryCommiteeAbstract_5">监督委员会详情</link:label>
    <link:labelArc xlink:type="arc" xlink:arcrole="http://www.xbrl.org/2003/arcrole/concept-label" xlink:from="DetailsOnSupervisoryCommiteeAbstract" xlink:to="label_DetailsOnSupervisoryCommiteeAbstract_5" xlink:title="label: DetailsOnSupervisoryCommiteeAbstract to label_DetailsOnSupervisoryCommiteeAbstract"/>
    <link:label xlink:type="resource" xlink:label="label_DetailsOnSupervisoryCommiteeAbstract_6" xlink:role="http://www.xbrl.org/2003/role/label" xlink:title="label_DetailsOnSupervisoryCommiteeAbstract" xml:lang="pt" id="label_DetailsOnSupervisoryCommiteeAbstract_6">Pormenores sobre membro do comité de supervisão</link:label>
    <link:labelArc xlink:type="arc" xlink:arcrole="http://www.xbrl.org/2003/arcrole/concept-label" xlink:from="DetailsOnSupervisoryCommiteeAbstract" xlink:to="label_DetailsOnSupervisoryCommiteeAbstract_6" xlink:title="label: DetailsOnSupervisoryCommiteeAbstract to label_DetailsOnSupervisoryCommiteeAbstract"/>
    <link:label xlink:type="resource" xlink:label="label_DetailsOnSupervisoryCommiteeAbstract_7" xlink:role="http://www.xbrl.org/2003/role/label" xlink:title="label_DetailsOnSupervisoryCommiteeAbstract" xml:lang="ar" id="label_DetailsOnSupervisoryCommiteeAbstract_7">تفاصيل عن لجنة الإشراف</link:label>
    <link:labelArc xlink:type="arc" xlink:arcrole="http://www.xbrl.org/2003/arcrole/concept-label" xlink:from="DetailsOnSupervisoryCommiteeAbstract" xlink:to="label_DetailsOnSupervisoryCommiteeAbstract_7" xlink:title="label: DetailsOnSupervisoryCommiteeAbstract to label_DetailsOnSupervisoryCommiteeAbstract"/>
    <link:label xlink:type="resource" xlink:label="label_DetailsOnSupervisoryCommiteeAbstract_8" xlink:role="http://www.xbrl.org/2003/role/label" xlink:title="label_DetailsOnSupervisoryCommiteeAbstract" xml:lang="hi" id="label_DetailsOnSupervisoryCommiteeAbstract_8">पर्यवेक्षी कमेटी पर ब्यौरा</link:label>
    <link:labelArc xlink:type="arc" xlink:arcrole="http://www.xbrl.org/2003/arcrole/concept-label" xlink:from="DetailsOnSupervisoryCommiteeAbstract" xlink:to="label_DetailsOnSupervisoryCommiteeAbstract_8" xlink:title="label: DetailsOnSupervisoryCommiteeAbstract to label_DetailsOnSupervisoryCommiteeAbstract"/>
    <link:loc xlink:type="locator" xlink:href="gsd.xsd#gsd_DetailsOnMembersOfSupervisoryCommitteeAbstract" xlink:label="DetailsOnMembersOfSupervisoryCommitteeAbstract" xlink:title="DetailsOnMembersOfSupervisoryCommitteeAbstract"/>
    <link:label xlink:type="resource" xlink:label="label_DetailsOnMembersOfSupervisoryCommitteeAbstract" xlink:role="http://www.xbrl.org/2003/role/label" xlink:title="label_DetailsOnMembersOfSupervisoryCommitteeAbstract" xml:lang="de" id="label_DetailsOnMembersOfSupervisoryCommitteeAbstract">Details zu den Aufsichtsratsmitgliedern</link:label>
    <link:labelArc xlink:type="arc" xlink:arcrole="http://www.xbrl.org/2003/arcrole/concept-label" xlink:from="DetailsOnMembersOfSupervisoryCommitteeAbstract" xlink:to="label_DetailsOnMembersOfSupervisoryCommitteeAbstract" xlink:title="label: DetailsOnMembersOfSupervisoryCommitteeAbstract to label_DetailsOnMembersOfSupervisoryCommitteeAbstract"/>
    <link:label xlink:type="resource" xlink:label="label_DetailsOnMembersOfSupervisoryCommitteeAbstract_2" xlink:role="http://www.xbrl.org/2003/role/label" xlink:title="label_DetailsOnMembersOfSupervisoryCommitteeAbstract" xml:lang="fr" id="label_DetailsOnMembersOfSupervisoryCommitteeAbstract_2">Détails sur les membres du comité de surveillance</link:label>
    <link:labelArc xlink:type="arc" xlink:arcrole="http://www.xbrl.org/2003/arcrole/concept-label" xlink:from="DetailsOnMembersOfSupervisoryCommitteeAbstract" xlink:to="label_DetailsOnMembersOfSupervisoryCommitteeAbstract_2" xlink:title="label: DetailsOnMembersOfSupervisoryCommitteeAbstract to label_DetailsOnMembersOfSupervisoryCommitteeAbstract"/>
    <link:label xlink:type="resource" xlink:label="label_DetailsOnMembersOfSupervisoryCommitteeAbstract_3" xlink:role="http://www.xbrl.org/2003/role/label" xlink:title="label_DetailsOnMembersOfSupervisoryCommitteeAbstract" xml:lang="es" id="label_DetailsOnMembersOfSupervisoryCommitteeAbstract_3">Detalles sobre los miembros del comité de supervisión</link:label>
    <link:labelArc xlink:type="arc" xlink:arcrole="http://www.xbrl.org/2003/arcrole/concept-label" xlink:from="DetailsOnMembersOfSupervisoryCommitteeAbstract" xlink:to="label_DetailsOnMembersOfSupervisoryCommitteeAbstract_3" xlink:title="label: DetailsOnMembersOfSupervisoryCommitteeAbstract to label_DetailsOnMembersOfSupervisoryCommitteeAbstract"/>
    <link:label xlink:type="resource" xlink:label="label_DetailsOnMembersOfSupervisoryCommitteeAbstract_4" xlink:role="http://www.xbrl.org/2003/role/label" xlink:title="label_DetailsOnMembersOfSupervisoryCommitteeAbstract" xml:lang="ru" id="label_DetailsOnMembersOfSupervisoryCommitteeAbstract_4">Сведения об участниках наблюдательного комитета</link:label>
    <link:labelArc xlink:type="arc" xlink:arcrole="http://www.xbrl.org/2003/arcrole/concept-label" xlink:from="DetailsOnMembersOfSupervisoryCommitteeAbstract" xlink:to="label_DetailsOnMembersOfSupervisoryCommitteeAbstract_4" xlink:title="label: DetailsOnMembersOfSupervisoryCommitteeAbstract to label_DetailsOnMembersOfSupervisoryCommitteeAbstract"/>
    <link:label xlink:type="resource" xlink:label="label_DetailsOnMembersOfSupervisoryCommitteeAbstract_5" xlink:role="http://www.xbrl.org/2003/role/label" xlink:title="label_DetailsOnMembersOfSupervisoryCommitteeAbstract" xml:lang="zh" id="label_DetailsOnMembersOfSupervisoryCommitteeAbstract_5">监督委员会成员详情</link:label>
    <link:labelArc xlink:type="arc" xlink:arcrole="http://www.xbrl.org/2003/arcrole/concept-label" xlink:from="DetailsOnMembersOfSupervisoryCommitteeAbstract" xlink:to="label_DetailsOnMembersOfSupervisoryCommitteeAbstract_5" xlink:title="label: DetailsOnMembersOfSupervisoryCommitteeAbstract to label_DetailsOnMembersOfSupervisoryCommitteeAbstract"/>
    <link:label xlink:type="resource" xlink:label="label_DetailsOnMembersOfSupervisoryCommitteeAbstract_6" xlink:role="http://www.xbrl.org/2003/role/label" xlink:title="label_DetailsOnMembersOfSupervisoryCommitteeAbstract" xml:lang="pt" id="label_DetailsOnMembersOfSupervisoryCommitteeAbstract_6">Pormenores sobre membros do comité de supervisão</link:label>
    <link:labelArc xlink:type="arc" xlink:arcrole="http://www.xbrl.org/2003/arcrole/concept-label" xlink:from="DetailsOnMembersOfSupervisoryCommitteeAbstract" xlink:to="label_DetailsOnMembersOfSupervisoryCommitteeAbstract_6" xlink:title="label: DetailsOnMembersOfSupervisoryCommitteeAbstract to label_DetailsOnMembersOfSupervisoryCommitteeAbstract"/>
    <link:label xlink:type="resource" xlink:label="label_DetailsOnMembersOfSupervisoryCommitteeAbstract_7" xlink:role="http://www.xbrl.org/2003/role/label" xlink:title="label_DetailsOnMembersOfSupervisoryCommitteeAbstract" xml:lang="ar" id="label_DetailsOnMembersOfSupervisoryCommitteeAbstract_7">تفاصيل عن أعضاء لجنة الإشراف</link:label>
    <link:labelArc xlink:type="arc" xlink:arcrole="http://www.xbrl.org/2003/arcrole/concept-label" xlink:from="DetailsOnMembersOfSupervisoryCommitteeAbstract" xlink:to="label_DetailsOnMembersOfSupervisoryCommitteeAbstract_7" xlink:title="label: DetailsOnMembersOfSupervisoryCommitteeAbstract to label_DetailsOnMembersOfSupervisoryCommitteeAbstract"/>
    <link:label xlink:type="resource" xlink:label="label_DetailsOnMembersOfSupervisoryCommitteeAbstract_8" xlink:role="http://www.xbrl.org/2003/role/label" xlink:title="label_DetailsOnMembersOfSupervisoryCommitteeAbstract" xml:lang="hi" id="label_DetailsOnMembersOfSupervisoryCommitteeAbstract_8">पर्यवेक्षी कमेटी के सदस्यों पर ब्यौरा</link:label>
    <link:labelArc xlink:type="arc" xlink:arcrole="http://www.xbrl.org/2003/arcrole/concept-label" xlink:from="DetailsOnMembersOfSupervisoryCommitteeAbstract" xlink:to="label_DetailsOnMembersOfSupervisoryCommitteeAbstract_8" xlink:title="label: DetailsOnMembersOfSupervisoryCommitteeAbstract to label_DetailsOnMembersOfSupervisoryCommitteeAbstract"/>
    <link:loc xlink:type="locator" xlink:href="gsd.xsd#gsd_NameAndSurnameOfMemberOfSupervisoryCommittee" xlink:label="NameAndSurnameOfMemberOfSupervisoryCommittee" xlink:title="NameAndSurnameOfMemberOfSupervisoryCommittee"/>
    <link:label xlink:type="resource" xlink:label="label_NameAndSurnameOfMemberOfSupervisoryCommittee" xlink:role="http://www.xbrl.org/2003/role/label" xlink:title="label_NameAndSurnameOfMemberOfSupervisoryCommittee" xml:lang="de" id="label_NameAndSurnameOfMemberOfSupervisoryCommittee">Vor- und Nachname des Aufsichtsratsmitglieds</link:label>
    <link:labelArc xlink:type="arc" xlink:arcrole="http://www.xbrl.org/2003/arcrole/concept-label" xlink:from="NameAndSurnameOfMemberOfSupervisoryCommittee" xlink:to="label_NameAndSurnameOfMemberOfSupervisoryCommittee" xlink:title="label: NameAndSurnameOfMemberOfSupervisoryCommittee to label_NameAndSurnameOfMemberOfSupervisoryCommittee"/>
    <link:label xlink:type="resource" xlink:label="label_NameAndSurnameOfMemberOfSupervisoryCommittee_2" xlink:role="http://www.xbrl.org/2003/role/label" xlink:title="label_NameAndSurnameOfMemberOfSupervisoryCommittee" xml:lang="fr" id="label_NameAndSurnameOfMemberOfSupervisoryCommittee_2">Nom et prénom du membre du comité de surveillance</link:label>
    <link:labelArc xlink:type="arc" xlink:arcrole="http://www.xbrl.org/2003/arcrole/concept-label" xlink:from="NameAndSurnameOfMemberOfSupervisoryCommittee" xlink:to="label_NameAndSurnameOfMemberOfSupervisoryCommittee_2" xlink:title="label: NameAndSurnameOfMemberOfSupervisoryCommittee to label_NameAndSurnameOfMemberOfSupervisoryCommittee"/>
    <link:label xlink:type="resource" xlink:label="label_NameAndSurnameOfMemberOfSupervisoryCommittee_3" xlink:role="http://www.xbrl.org/2003/role/label" xlink:title="label_NameAndSurnameOfMemberOfSupervisoryCommittee" xml:lang="es" id="label_NameAndSurnameOfMemberOfSupervisoryCommittee_3">Nombre y apellidos del miembro del comité de supervisión</link:label>
    <link:labelArc xlink:type="arc" xlink:arcrole="http://www.xbrl.org/2003/arcrole/concept-label" xlink:from="NameAndSurnameOfMemberOfSupervisoryCommittee" xlink:to="label_NameAndSurnameOfMemberOfSupervisoryCommittee_3" xlink:title="label: NameAndSurnameOfMemberOfSupervisoryCommittee to label_NameAndSurnameOfMemberOfSupervisoryCommittee"/>
    <link:label xlink:type="resource" xlink:label="label_NameAndSurnameOfMemberOfSupervisoryCommittee_4" xlink:role="http://www.xbrl.org/2003/role/label" xlink:title="label_NameAndSurnameOfMemberOfSupervisoryCommittee" xml:lang="ru" id="label_NameAndSurnameOfMemberOfSupervisoryCommittee_4">Имя и фамилия участника наблюдательного комитета</link:label>
    <link:labelArc xlink:type="arc" xlink:arcrole="http://www.xbrl.org/2003/arcrole/concept-label" xlink:from="NameAndSurnameOfMemberOfSupervisoryCommittee" xlink:to="label_NameAndSurnameOfMemberOfSupervisoryCommittee_4" xlink:title="label: NameAndSurnameOfMemberOfSupervisoryCommittee to label_NameAndSurnameOfMemberOfSupervisoryCommittee"/>
    <link:label xlink:type="resource" xlink:label="label_NameAndSurnameOfMemberOfSupervisoryCommittee_5" xlink:role="http://www.xbrl.org/2003/role/label" xlink:title="label_NameAndSurnameOfMemberOfSupervisoryCommittee" xml:lang="zh" id="label_NameAndSurnameOfMemberOfSupervisoryCommittee_5">监督委员会成员姓名</link:label>
    <link:labelArc xlink:type="arc" xlink:arcrole="http://www.xbrl.org/2003/arcrole/concept-label" xlink:from="NameAndSurnameOfMemberOfSupervisoryCommittee" xlink:to="label_NameAndSurnameOfMemberOfSupervisoryCommittee_5" xlink:title="label: NameAndSurnameOfMemberOfSupervisoryCommittee to label_NameAndSurnameOfMemberOfSupervisoryCommittee"/>
    <link:label xlink:type="resource" xlink:label="label_NameAndSurnameOfMemberOfSupervisoryCommittee_6" xlink:role="http://www.xbrl.org/2003/role/label" xlink:title="label_NameAndSurnameOfMemberOfSupervisoryCommittee" xml:lang="pt" id="label_NameAndSurnameOfMemberOfSupervisoryCommittee_6">Nome e apelido de membro do comité de supervisão</link:label>
    <link:labelArc xlink:type="arc" xlink:arcrole="http://www.xbrl.org/2003/arcrole/concept-label" xlink:from="NameAndSurnameOfMemberOfSupervisoryCommittee" xlink:to="label_NameAndSurnameOfMemberOfSupervisoryCommittee_6" xlink:title="label: NameAndSurnameOfMemberOfSupervisoryCommittee to label_NameAndSurnameOfMemberOfSupervisoryCommittee"/>
    <link:label xlink:type="resource" xlink:label="label_NameAndSurnameOfMemberOfSupervisoryCommittee_7" xlink:role="http://www.xbrl.org/2003/role/label" xlink:title="label_NameAndSurnameOfMemberOfSupervisoryCommittee" xml:lang="ar" id="label_NameAndSurnameOfMemberOfSupervisoryCommittee_7">الاسم والاسم العائلي لعضو لجنة الإشراف</link:label>
    <link:labelArc xlink:type="arc" xlink:arcrole="http://www.xbrl.org/2003/arcrole/concept-label" xlink:from="NameAndSurnameOfMemberOfSupervisoryCommittee" xlink:to="label_NameAndSurnameOfMemberOfSupervisoryCommittee_7" xlink:title="label: NameAndSurnameOfMemberOfSupervisoryCommittee to label_NameAndSurnameOfMemberOfSupervisoryCommittee"/>
    <link:label xlink:type="resource" xlink:label="label_NameAndSurnameOfMemberOfSupervisoryCommittee_8" xlink:role="http://www.xbrl.org/2003/role/label" xlink:title="label_NameAndSurnameOfMemberOfSupervisoryCommittee" xml:lang="hi" id="label_NameAndSurnameOfMemberOfSupervisoryCommittee_8">पर्यवेक्षी कमेटी के सदस्य का नाम और उपनाम</link:label>
    <link:labelArc xlink:type="arc" xlink:arcrole="http://www.xbrl.org/2003/arcrole/concept-label" xlink:from="NameAndSurnameOfMemberOfSupervisoryCommittee" xlink:to="label_NameAndSurnameOfMemberOfSupervisoryCommittee_8" xlink:title="label: NameAndSurnameOfMemberOfSupervisoryCommittee to label_NameAndSurnameOfMemberOfSupervisoryCommittee"/>
    <link:loc xlink:type="locator" xlink:href="gsd.xsd#gsd_TitleOfMemberOfSupervisoryCommittee" xlink:label="TitleOfMemberOfSupervisoryCommittee" xlink:title="TitleOfMemberOfSupervisoryCommittee"/>
    <link:label xlink:type="resource" xlink:label="label_TitleOfMemberOfSupervisoryCommittee" xlink:role="http://www.xbrl.org/2003/role/label" xlink:title="label_TitleOfMemberOfSupervisoryCommittee" xml:lang="de" id="label_TitleOfMemberOfSupervisoryCommittee">Anrede des Aufsichtsratsmitglieds</link:label>
    <link:labelArc xlink:type="arc" xlink:arcrole="http://www.xbrl.org/2003/arcrole/concept-label" xlink:from="TitleOfMemberOfSupervisoryCommittee" xlink:to="label_TitleOfMemberOfSupervisoryCommittee" xlink:title="label: TitleOfMemberOfSupervisoryCommittee to label_TitleOfMemberOfSupervisoryCommittee"/>
    <link:label xlink:type="resource" xlink:label="label_TitleOfMemberOfSupervisoryCommittee_2" xlink:role="http://www.xbrl.org/2003/role/label" xlink:title="label_TitleOfMemberOfSupervisoryCommittee" xml:lang="fr" id="label_TitleOfMemberOfSupervisoryCommittee_2">Titre du membre du comité de surveillance</link:label>
    <link:labelArc xlink:type="arc" xlink:arcrole="http://www.xbrl.org/2003/arcrole/concept-label" xlink:from="TitleOfMemberOfSupervisoryCommittee" xlink:to="label_TitleOfMemberOfSupervisoryCommittee_2" xlink:title="label: TitleOfMemberOfSupervisoryCommittee to label_TitleOfMemberOfSupervisoryCommittee"/>
    <link:label xlink:type="resource" xlink:label="label_TitleOfMemberOfSupervisoryCommittee_3" xlink:role="http://www.xbrl.org/2003/role/label" xlink:title="label_TitleOfMemberOfSupervisoryCommittee" xml:lang="es" id="label_TitleOfMemberOfSupervisoryCommittee_3">Cargo del miembro del comité de supervisión</link:label>
    <link:labelArc xlink:type="arc" xlink:arcrole="http://www.xbrl.org/2003/arcrole/concept-label" xlink:from="TitleOfMemberOfSupervisoryCommittee" xlink:to="label_TitleOfMemberOfSupervisoryCommittee_3" xlink:title="label: TitleOfMemberOfSupervisoryCommittee to label_TitleOfMemberOfSupervisoryCommittee"/>
    <link:label xlink:type="resource" xlink:label="label_TitleOfMemberOfSupervisoryCommittee_4" xlink:role="http://www.xbrl.org/2003/role/label" xlink:title="label_TitleOfMemberOfSupervisoryCommittee" xml:lang="ru" id="label_TitleOfMemberOfSupervisoryCommittee_4">Должность участника наблюдательного комитета</link:label>
    <link:labelArc xlink:type="arc" xlink:arcrole="http://www.xbrl.org/2003/arcrole/concept-label" xlink:from="TitleOfMemberOfSupervisoryCommittee" xlink:to="label_TitleOfMemberOfSupervisoryCommittee_4" xlink:title="label: TitleOfMemberOfSupervisoryCommittee to label_TitleOfMemberOfSupervisoryCommittee"/>
    <link:label xlink:type="resource" xlink:label="label_TitleOfMemberOfSupervisoryCommittee_5" xlink:role="http://www.xbrl.org/2003/role/label" xlink:title="label_TitleOfMemberOfSupervisoryCommittee" xml:lang="zh" id="label_TitleOfMemberOfSupervisoryCommittee_5">监督委员会成员职务</link:label>
    <link:labelArc xlink:type="arc" xlink:arcrole="http://www.xbrl.org/2003/arcrole/concept-label" xlink:from="TitleOfMemberOfSupervisoryCommittee" xlink:to="label_TitleOfMemberOfSupervisoryCommittee_5" xlink:title="label: TitleOfMemberOfSupervisoryCommittee to label_TitleOfMemberOfSupervisoryCommittee"/>
    <link:label xlink:type="resource" xlink:label="label_TitleOfMemberOfSupervisoryCommittee_6" xlink:role="http://www.xbrl.org/2003/role/label" xlink:title="label_TitleOfMemberOfSupervisoryCommittee" xml:lang="pt" id="label_TitleOfMemberOfSupervisoryCommittee_6">Título do membro do comité de supervisão</link:label>
    <link:labelArc xlink:type="arc" xlink:arcrole="http://www.xbrl.org/2003/arcrole/concept-label" xlink:from="TitleOfMemberOfSupervisoryCommittee" xlink:to="label_TitleOfMemberOfSupervisoryCommittee_6" xlink:title="label: TitleOfMemberOfSupervisoryCommittee to label_TitleOfMemberOfSupervisoryCommittee"/>
    <link:label xlink:type="resource" xlink:label="label_TitleOfMemberOfSupervisoryCommittee_7" xlink:role="http://www.xbrl.org/2003/role/label" xlink:title="label_TitleOfMemberOfSupervisoryCommittee" xml:lang="ar" id="label_TitleOfMemberOfSupervisoryCommittee_7">صفة عضو لجنة الإشراف</link:label>
    <link:labelArc xlink:type="arc" xlink:arcrole="http://www.xbrl.org/2003/arcrole/concept-label" xlink:from="TitleOfMemberOfSupervisoryCommittee" xlink:to="label_TitleOfMemberOfSupervisoryCommittee_7" xlink:title="label: TitleOfMemberOfSupervisoryCommittee to label_TitleOfMemberOfSupervisoryCommittee"/>
    <link:label xlink:type="resource" xlink:label="label_TitleOfMemberOfSupervisoryCommittee_8" xlink:role="http://www.xbrl.org/2003/role/label" xlink:title="label_TitleOfMemberOfSupervisoryCommittee" xml:lang="hi" id="label_TitleOfMemberOfSupervisoryCommittee_8">पर्यवेक्षी कमेटी के सदस्य का शीर्षक</link:label>
    <link:labelArc xlink:type="arc" xlink:arcrole="http://www.xbrl.org/2003/arcrole/concept-label" xlink:from="TitleOfMemberOfSupervisoryCommittee" xlink:to="label_TitleOfMemberOfSupervisoryCommittee_8" xlink:title="label: TitleOfMemberOfSupervisoryCommittee to label_TitleOfMemberOfSupervisoryCommittee"/>
    <link:loc xlink:type="locator" xlink:href="gsd.xsd#gsd_DescriptionOfMemberOfSupervisoryCommittee" xlink:label="DescriptionOfMemberOfSupervisoryCommittee" xlink:title="DescriptionOfMemberOfSupervisoryCommittee"/>
    <link:label xlink:type="resource" xlink:label="label_DescriptionOfMemberOfSupervisoryCommittee" xlink:role="http://www.xbrl.org/2003/role/label" xlink:title="label_DescriptionOfMemberOfSupervisoryCommittee" xml:lang="de" id="label_DescriptionOfMemberOfSupervisoryCommittee">Beschreibung des Aufsichtsratsmitglieds</link:label>
    <link:labelArc xlink:type="arc" xlink:arcrole="http://www.xbrl.org/2003/arcrole/concept-label" xlink:from="DescriptionOfMemberOfSupervisoryCommittee" xlink:to="label_DescriptionOfMemberOfSupervisoryCommittee" xlink:title="label: DescriptionOfMemberOfSupervisoryCommittee to label_DescriptionOfMemberOfSupervisoryCommittee"/>
    <link:label xlink:type="resource" xlink:label="label_DescriptionOfMemberOfSupervisoryCommittee_2" xlink:role="http://www.xbrl.org/2003/role/label" xlink:title="label_DescriptionOfMemberOfSupervisoryCommittee" xml:lang="fr" id="label_DescriptionOfMemberOfSupervisoryCommittee_2">Description du membre du comité de surveillance</link:label>
    <link:labelArc xlink:type="arc" xlink:arcrole="http://www.xbrl.org/2003/arcrole/concept-label" xlink:from="DescriptionOfMemberOfSupervisoryCommittee" xlink:to="label_DescriptionOfMemberOfSupervisoryCommittee_2" xlink:title="label: DescriptionOfMemberOfSupervisoryCommittee to label_DescriptionOfMemberOfSupervisoryCommittee"/>
    <link:label xlink:type="resource" xlink:label="label_DescriptionOfMemberOfSupervisoryCommittee_3" xlink:role="http://www.xbrl.org/2003/role/label" xlink:title="label_DescriptionOfMemberOfSupervisoryCommittee" xml:lang="es" id="label_DescriptionOfMemberOfSupervisoryCommittee_3">Descripción del miembro del comité de supervisión</link:label>
    <link:labelArc xlink:type="arc" xlink:arcrole="http://www.xbrl.org/2003/arcrole/concept-label" xlink:from="DescriptionOfMemberOfSupervisoryCommittee" xlink:to="label_DescriptionOfMemberOfSupervisoryCommittee_3" xlink:title="label: DescriptionOfMemberOfSupervisoryCommittee to label_DescriptionOfMemberOfSupervisoryCommittee"/>
    <link:label xlink:type="resource" xlink:label="label_DescriptionOfMemberOfSupervisoryCommittee_4" xlink:role="http://www.xbrl.org/2003/role/label" xlink:title="label_DescriptionOfMemberOfSupervisoryCommittee" xml:lang="ru" id="label_DescriptionOfMemberOfSupervisoryCommittee_4">Описание участника наблюдательного комитета</link:label>
    <link:labelArc xlink:type="arc" xlink:arcrole="http://www.xbrl.org/2003/arcrole/concept-label" xlink:from="DescriptionOfMemberOfSupervisoryCommittee" xlink:to="label_DescriptionOfMemberOfSupervisoryCommittee_4" xlink:title="label: DescriptionOfMemberOfSupervisoryCommittee to label_DescriptionOfMemberOfSupervisoryCommittee"/>
    <link:label xlink:type="resource" xlink:label="label_DescriptionOfMemberOfSupervisoryCommittee_5" xlink:role="http://www.xbrl.org/2003/role/label" xlink:title="label_DescriptionOfMemberOfSupervisoryCommittee" xml:lang="zh" id="label_DescriptionOfMemberOfSupervisoryCommittee_5">监督委员会成员说明</link:label>
    <link:labelArc xlink:type="arc" xlink:arcrole="http://www.xbrl.org/2003/arcrole/concept-label" xlink:from="DescriptionOfMemberOfSupervisoryCommittee" xlink:to="label_DescriptionOfMemberOfSupervisoryCommittee_5" xlink:title="label: DescriptionOfMemberOfSupervisoryCommittee to label_DescriptionOfMemberOfSupervisoryCommittee"/>
    <link:label xlink:type="resource" xlink:label="label_DescriptionOfMemberOfSupervisoryCommittee_6" xlink:role="http://www.xbrl.org/2003/role/label" xlink:title="label_DescriptionOfMemberOfSupervisoryCommittee" xml:lang="pt" id="label_DescriptionOfMemberOfSupervisoryCommittee_6">Descrição do membro do comité de supervisão</link:label>
    <link:labelArc xlink:type="arc" xlink:arcrole="http://www.xbrl.org/2003/arcrole/concept-label" xlink:from="DescriptionOfMemberOfSupervisoryCommittee" xlink:to="label_DescriptionOfMemberOfSupervisoryCommittee_6" xlink:title="label: DescriptionOfMemberOfSupervisoryCommittee to label_DescriptionOfMemberOfSupervisoryCommittee"/>
    <link:label xlink:type="resource" xlink:label="label_DescriptionOfMemberOfSupervisoryCommittee_7" xlink:role="http://www.xbrl.org/2003/role/label" xlink:title="label_DescriptionOfMemberOfSupervisoryCommittee" xml:lang="ar" id="label_DescriptionOfMemberOfSupervisoryCommittee_7">وصف عضو لجنة الإشراف</link:label>
    <link:labelArc xlink:type="arc" xlink:arcrole="http://www.xbrl.org/2003/arcrole/concept-label" xlink:from="DescriptionOfMemberOfSupervisoryCommittee" xlink:to="label_DescriptionOfMemberOfSupervisoryCommittee_7" xlink:title="label: DescriptionOfMemberOfSupervisoryCommittee to label_DescriptionOfMemberOfSupervisoryCommittee"/>
    <link:label xlink:type="resource" xlink:label="label_DescriptionOfMemberOfSupervisoryCommittee_8" xlink:role="http://www.xbrl.org/2003/role/label" xlink:title="label_DescriptionOfMemberOfSupervisoryCommittee" xml:lang="hi" id="label_DescriptionOfMemberOfSupervisoryCommittee_8">पर्यवेक्षी कमेटी के सदस्य का वर्णन</link:label>
    <link:labelArc xlink:type="arc" xlink:arcrole="http://www.xbrl.org/2003/arcrole/concept-label" xlink:from="DescriptionOfMemberOfSupervisoryCommittee" xlink:to="label_DescriptionOfMemberOfSupervisoryCommittee_8" xlink:title="label: DescriptionOfMemberOfSupervisoryCommittee to label_DescriptionOfMemberOfSupervisoryCommittee"/>
  </link:labelLink>
</link:linkbase>
