<?xml version="1.0" encoding="UTF-8"?>
<!-- Generated by Fujitsu Interstage XWand B0251 -->
<?officialURI http://archprod.service.eogs.dk/taxonomy/20201001/sob/300sob_def.xml?>

<?taxonomy-version 1.7.0?>

<link:linkbase xmlns:xsi="http://www.w3.org/2001/XMLSchema-instance" xsi:schemaLocation="http://www.xbrl.org/2003/linkbase http://www.xbrl.org/2003/xbrl-linkbase-2003-12-31.xsd" xmlns:link="http://www.xbrl.org/2003/linkbase" xmlns:entry="http://xbrl.dcca.dk/entryBalanceSheetAccountByCurrentAndLongTermFormIncomeStatementByNature" xmlns:xbrli="http://www.xbrl.org/2003/instance" xmlns:xlink="http://www.w3.org/1999/xlink" xmlns:xbrldt="http://xbrl.org/2005/xbrldt">
  <link:roleRef roleURI="http://xbrl.dcca.dk/role/300.00/StatementOfExecutiveAndSupervisoryBoards" xlink:type="simple" xlink:href="sob.xsd#sob_RoleStatementOfExecutiveAndSupervisoryBoards"/>
  <link:roleRef roleURI="http://xbrl.dcca.dk/role/300.01/Hypercube/StatementOfExecutiveAndSupervisoryBoards/DetailsOnMemberOfExecutiveBoardApprovingAnnualReport" xlink:type="simple" xlink:href="sob.xsd#sob_RoleHypercubeStatementOfExecutiveAndSupervisoryBoardsDetailsOnMemberOfExecutiveBoardApprovingAnnualReport"/>
  <link:roleRef roleURI="http://xbrl.dcca.dk/role/901.01/DimensionConsolidatedSolo" xlink:type="simple" xlink:href="../cmn.xsd#cmn_RoleDimensionConsolidatedSolo"/>
  <link:roleRef roleURI="http://xbrl.dcca.dk/role/300.02/Hypercube/StatementOfExecutiveAndSupervisoryBoards/DetailsOnMemberOfSupervisoryBoardApprovingAnnualReport" xlink:type="simple" xlink:href="sob.xsd#sob_RoleHypercubeStatementOfExecutiveAndSupervisoryBoardsDetailsOnMemberOfSupervisoryBoardApprovingAnnualReport"/>
  <link:roleRef roleURI="http://xbrl.dcca.dk/role/300.03/Hypercube/StatementOfExecutiveAndSupervisoryBoards/DetailsOnLiquidatorApprovingAnnualReport" xlink:type="simple" xlink:href="sob.xsd#sob_RoleHypercubeStatementOfExecutiveAndSupervisoryBoardsDetailsOnLiquidatorApprovingAnnualReport"/>
  <link:roleRef roleURI="http://xbrl.dcca.dk/role/300.00/StatementOfExecutiveAndSupervisoryBoards/Details" xlink:type="simple" xlink:href="sob.xsd#sob_RoleStatementOfExecutiveAndSupervisoryBoardsDetails"/>
  <link:roleRef roleURI="http://xbrl.dcca.dk/role/911.01/DimensionManagementCategory" xlink:type="simple" xlink:href="../fsa/fsa.xsd#fsa_RoleDimensionManagementCategory"/>
  <link:roleRef roleURI="http://xbrl.dcca.dk/role/300.04/Hypercube/StatementOfExecutiveAndSupervisoryBoards/DetailsOnSupervisoryCommittee" xlink:type="simple" xlink:href="sob.xsd#sob_RoleHypercubeStatementOfExecutiveAndSupervisoryBoardsDetailsOnSupervisoryCommittee"/>
  <link:arcroleRef arcroleURI="http://xbrl.org/int/dim/arcrole/all" xlink:type="simple" xlink:href="http://www.xbrl.org/2005/xbrldt-2005.xsd#all"/>
  <link:arcroleRef arcroleURI="http://xbrl.org/int/dim/arcrole/domain-member" xlink:type="simple" xlink:href="http://www.xbrl.org/2005/xbrldt-2005.xsd#domain-member"/>
  <link:arcroleRef arcroleURI="http://xbrl.org/int/dim/arcrole/hypercube-dimension" xlink:type="simple" xlink:href="http://www.xbrl.org/2005/xbrldt-2005.xsd#hypercube-dimension"/>
  <link:definitionLink xlink:type="extended" xlink:role="http://xbrl.dcca.dk/role/300.04/Hypercube/StatementOfExecutiveAndSupervisoryBoards/DetailsOnSupervisoryCommittee">
    <link:loc xlink:type="locator" xlink:href="../gsd/gsd.xsd#gsd_DetailsOnSupervisoryCommitteeHypercube" xlink:label="DetailsOnSupervisoryCommitteeHypercube" xlink:title="DetailsOnSupervisoryCommitteeHypercube"/>
    <link:loc xlink:type="locator" xlink:href="../cmn.xsd#cmn_IdentificationOfMemberOfSupervisoryCommitteeDimension" xlink:label="IdentificationOfMemberOfSupervisoryCommitteeDimension" xlink:title="IdentificationOfMemberOfSupervisoryCommitteeDimension"/>
    <link:definitionArc xlink:type="arc" xlink:arcrole="http://xbrl.org/int/dim/arcrole/hypercube-dimension" xlink:from="DetailsOnSupervisoryCommitteeHypercube" xlink:to="IdentificationOfMemberOfSupervisoryCommitteeDimension" xlink:title="definition: DetailsOnSupervisoryCommitteeHypercube to IdentificationOfMemberOfSupervisoryCommitteeDimension" order="1.0"/>
    <link:loc xlink:type="locator" xlink:href="../cmn.xsd#cmn_ConsolidatedSoloDimension" xlink:label="ConsolidatedSoloDimension" xlink:title="ConsolidatedSoloDimension"/>
    <link:definitionArc xlink:type="arc" xlink:arcrole="http://xbrl.org/int/dim/arcrole/hypercube-dimension" xlink:from="DetailsOnSupervisoryCommitteeHypercube" xlink:to="ConsolidatedSoloDimension" xlink:title="definition: DetailsOnSupervisoryCommitteeHypercube to ConsolidatedSoloDimension" order="2.0" xbrldt:targetRole="http://xbrl.dcca.dk/role/901.01/DimensionConsolidatedSolo"/>
  </link:definitionLink>
  <link:definitionLink xlink:type="extended" xlink:role="http://xbrl.dcca.dk/role/300.00/StatementOfExecutiveAndSupervisoryBoards/Details">
    <link:loc xlink:type="locator" xlink:href="sob.xsd#sob_DetailsOnMemberOfExecutiveBoardApprovingAnnualReportAbstract" xlink:label="DetailsOnMemberOfExecutiveBoardApprovingAnnualReportAbstract"/>
    <link:loc xlink:type="locator" xlink:href="sob.xsd#sob_DetailsOnMemberOfExecutiveBoardApprovingAnnualReportHypercube" xlink:label="DetailsOnMemberOfExecutiveBoardApprovingAnnualReportHypercube"/>
    <link:definitionArc xlink:type="arc" xlink:arcrole="http://xbrl.org/int/dim/arcrole/all" xlink:from="DetailsOnMemberOfExecutiveBoardApprovingAnnualReportAbstract" xlink:to="DetailsOnMemberOfExecutiveBoardApprovingAnnualReportHypercube" order="10.0" xbrldt:contextElement="scenario" xbrldt:targetRole="http://xbrl.dcca.dk/role/300.01/Hypercube/StatementOfExecutiveAndSupervisoryBoards/DetailsOnMemberOfExecutiveBoardApprovingAnnualReport" xbrldt:closed="true"/>
    <link:loc xlink:type="locator" xlink:href="../cmn.xsd#cmn_NameAndSurnameOfMemberOfExecutiveBoard" xlink:label="NameAndSurnameOfMemberOfExecutiveBoard"/>
    <link:definitionArc xlink:type="arc" xlink:arcrole="http://xbrl.org/int/dim/arcrole/domain-member" xlink:from="DetailsOnMemberOfExecutiveBoardApprovingAnnualReportAbstract" xlink:to="NameAndSurnameOfMemberOfExecutiveBoard" order="30.0"/>
    <link:loc xlink:type="locator" xlink:href="sob.xsd#sob_DescriptionOfObjectionsOfMemberOfExecutiveBoardOnAnnualReport" xlink:label="DescriptionOfObjectionsOfMemberOfExecutiveBoardOnAnnualReport"/>
    <link:definitionArc xlink:type="arc" xlink:arcrole="http://xbrl.org/int/dim/arcrole/domain-member" xlink:from="DetailsOnMemberOfExecutiveBoardApprovingAnnualReportAbstract" xlink:to="DescriptionOfObjectionsOfMemberOfExecutiveBoardOnAnnualReport" order="60.0"/>
    <link:loc xlink:type="locator" xlink:href="sob.xsd#sob_DescriptionOfSpecificAndAdequateGroundsForObjectionsOfMemberOfExecutiveBoardOnAnnualReport" xlink:label="DescriptionOfSpecificAndAdequateGroundsForObjectionsOfMemberOfExecutiveBoardOnAnnualReport"/>
    <link:definitionArc xlink:type="arc" xlink:arcrole="http://xbrl.org/int/dim/arcrole/domain-member" xlink:from="DescriptionOfObjectionsOfMemberOfExecutiveBoardOnAnnualReport" xlink:to="DescriptionOfSpecificAndAdequateGroundsForObjectionsOfMemberOfExecutiveBoardOnAnnualReport" order="10.0"/>
    <link:loc xlink:type="locator" xlink:href="../cmn.xsd#cmn_TitleOfMemberOfExecutiveBoard" xlink:label="TitleOfMemberOfExecutiveBoard"/>
    <link:definitionArc xlink:type="arc" xlink:arcrole="http://xbrl.org/int/dim/arcrole/domain-member" xlink:from="DetailsOnMemberOfExecutiveBoardApprovingAnnualReportAbstract" xlink:to="TitleOfMemberOfExecutiveBoard" xlink:title="definition: DetailsOnMemberOfExecutiveBoardApprovingAnnualReportAbstract to TitleOfMemberOfExecutiveBoard" order="40.0"/>
    <link:loc xlink:type="locator" xlink:href="../cmn.xsd#cmn_DescriptionOfMemberOfExecutiveBoard" xlink:label="DescriptionOfMemberOfExecutiveBoard" xlink:title="DescriptionOfMemberOfExecutiveBoard"/>
    <link:definitionArc xlink:type="arc" xlink:arcrole="http://xbrl.org/int/dim/arcrole/domain-member" xlink:from="DetailsOnMemberOfExecutiveBoardApprovingAnnualReportAbstract" xlink:to="DescriptionOfMemberOfExecutiveBoard" xlink:title="definition: DetailsOnMemberOfExecutiveBoardApprovingAnnualReportAbstract to DescriptionOfMemberOfExecutiveBoard" order="50.0"/>
    <link:loc xlink:type="locator" xlink:href="sob.xsd#sob_DetailsOnParticipantNotPartOfTheRegisteredManagementMemberOfExecutiveBoardAbstract" xlink:label="DetailsOnParticipantNotPartOfTheRegisteredManagementMemberOfExecutiveBoardAbstract" xlink:title="DetailsOnParticipantNotPartOfTheRegisteredManagementMemberOfExecutiveBoardAbstract"/>
    <link:definitionArc xlink:type="arc" xlink:arcrole="http://xbrl.org/int/dim/arcrole/domain-member" xlink:from="DetailsOnMemberOfExecutiveBoardApprovingAnnualReportAbstract" xlink:to="DetailsOnParticipantNotPartOfTheRegisteredManagementMemberOfExecutiveBoardAbstract" xlink:title="definition: DetailsOnMemberOfExecutiveBoardApprovingAnnualReportAbstract to DetailsOnParticipantNotPartOfTheRegisteredManagementMemberOfExecutiveBoardAbstract" order="70.0"/>
    <link:loc xlink:type="locator" xlink:href="sob.xsd#sob_IdentificationNumberCVRofParticipantNotPartOfTheRegisteredManagementMemberOfExecutiveBoard" xlink:label="IdentificationNumberCVRofParticipantNotPartOfTheRegisteredManagementMemberOfExecutiveBoard" xlink:title="IdentificationNumberCVRofParticipantNotPartOfTheRegisteredManagementMemberOfExecutiveBoard"/>
    <link:definitionArc xlink:type="arc" xlink:arcrole="http://xbrl.org/int/dim/arcrole/domain-member" xlink:from="DetailsOnParticipantNotPartOfTheRegisteredManagementMemberOfExecutiveBoardAbstract" xlink:to="IdentificationNumberCVRofParticipantNotPartOfTheRegisteredManagementMemberOfExecutiveBoard" xlink:title="definition: DetailsOnParticipantNotPartOfTheRegisteredManagementMemberOfExecutiveBoardAbstract to IdentificationNumberCVRofParticipantNotPartOfTheRegisteredManagementMemberOfExecutiveBoard" order="10.0"/>
    <link:loc xlink:type="locator" xlink:href="sob.xsd#sob_NameOfEntityParticipantNotPartOfTheRegisteredManagementMemberOfExecutiveBoard" xlink:label="NameOfEntityParticipantNotPartOfTheRegisteredManagementMemberOfExecutiveBoard" xlink:title="NameOfEntityParticipantNotPartOfTheRegisteredManagementMemberOfExecutiveBoard"/>
    <link:definitionArc xlink:type="arc" xlink:arcrole="http://xbrl.org/int/dim/arcrole/domain-member" xlink:from="DetailsOnParticipantNotPartOfTheRegisteredManagementMemberOfExecutiveBoardAbstract" xlink:to="NameOfEntityParticipantNotPartOfTheRegisteredManagementMemberOfExecutiveBoard" xlink:title="definition: DetailsOnParticipantNotPartOfTheRegisteredManagementMemberOfExecutiveBoardAbstract to NameOfEntityParticipantNotPartOfTheRegisteredManagementMemberOfExecutiveBoard" order="20.0"/>
    <link:loc xlink:type="locator" xlink:href="sob.xsd#sob_DescriptionOfParticipantNotPartOfTheRegisteredManagementMemberOfExecutiveBoard" xlink:label="DescriptionOfParticipantNotPartOfTheRegisteredManagementMemberOfExecutiveBoard" xlink:title="DescriptionOfParticipantNotPartOfTheRegisteredManagementMemberOfExecutiveBoard"/>
    <link:definitionArc xlink:type="arc" xlink:arcrole="http://xbrl.org/int/dim/arcrole/domain-member" xlink:from="DetailsOnParticipantNotPartOfTheRegisteredManagementMemberOfExecutiveBoardAbstract" xlink:to="DescriptionOfParticipantNotPartOfTheRegisteredManagementMemberOfExecutiveBoard" xlink:title="definition: DetailsOnParticipantNotPartOfTheRegisteredManagementMemberOfExecutiveBoardAbstract to DescriptionOfParticipantNotPartOfTheRegisteredManagementMemberOfExecutiveBoard" order="30.0"/>
    <link:loc xlink:type="locator" xlink:href="sob.xsd#sob_DetailsOnMemberOfSupervisoryBoardApprovingAnnualReportAbstract" xlink:label="DetailsOnMemberOfSupervisoryBoardApprovingAnnualReportAbstract"/>
    <link:loc xlink:type="locator" xlink:href="sob.xsd#sob_DetailsOnMemberOfSupervisoryBoardApprovingAnnualReportHypercube" xlink:label="DetailsOnMemberOfSupervisoryBoardApprovingAnnualReportHypercube"/>
    <link:definitionArc xlink:type="arc" xlink:arcrole="http://xbrl.org/int/dim/arcrole/all" xlink:from="DetailsOnMemberOfSupervisoryBoardApprovingAnnualReportAbstract" xlink:to="DetailsOnMemberOfSupervisoryBoardApprovingAnnualReportHypercube" order="10.0" xbrldt:contextElement="scenario" xbrldt:targetRole="http://xbrl.dcca.dk/role/300.02/Hypercube/StatementOfExecutiveAndSupervisoryBoards/DetailsOnMemberOfSupervisoryBoardApprovingAnnualReport" xbrldt:closed="true"/>
    <link:loc xlink:type="locator" xlink:href="../cmn.xsd#cmn_NameAndSurnameOfMemberOfSupervisoryBoard" xlink:label="NameAndSurnameOfMemberOfSupervisoryBoard"/>
    <link:definitionArc xlink:type="arc" xlink:arcrole="http://xbrl.org/int/dim/arcrole/domain-member" xlink:from="DetailsOnMemberOfSupervisoryBoardApprovingAnnualReportAbstract" xlink:to="NameAndSurnameOfMemberOfSupervisoryBoard" order="30.0"/>
    <link:loc xlink:type="locator" xlink:href="sob.xsd#sob_DescriptionOfObjectionsOfMemberOfSupervisoryBoardOnAnnualReport" xlink:label="DescriptionOfObjectionsOfMemberOfSupervisoryBoardOnAnnualReport"/>
    <link:definitionArc xlink:type="arc" xlink:arcrole="http://xbrl.org/int/dim/arcrole/domain-member" xlink:from="DetailsOnMemberOfSupervisoryBoardApprovingAnnualReportAbstract" xlink:to="DescriptionOfObjectionsOfMemberOfSupervisoryBoardOnAnnualReport" order="60.0"/>
    <link:loc xlink:type="locator" xlink:href="sob.xsd#sob_DescriptionOfSpecificAndAdequateGroundsForObjectionsOfMemberOfSupervisoryBoardOnAnnualReport" xlink:label="DescriptionOfSpecificAndAdequateGroundsForObjectionsOfMemberOfSupervisoryBoardOnAnnualReport"/>
    <link:definitionArc xlink:type="arc" xlink:arcrole="http://xbrl.org/int/dim/arcrole/domain-member" xlink:from="DescriptionOfObjectionsOfMemberOfSupervisoryBoardOnAnnualReport" xlink:to="DescriptionOfSpecificAndAdequateGroundsForObjectionsOfMemberOfSupervisoryBoardOnAnnualReport" order="10.0"/>
    <link:loc xlink:type="locator" xlink:href="../cmn.xsd#cmn_TitleOfMemberOfSupervisoryBoard" xlink:label="TitleOfMemberOfSupervisoryBoard"/>
    <link:definitionArc xlink:type="arc" xlink:arcrole="http://xbrl.org/int/dim/arcrole/domain-member" xlink:from="DetailsOnMemberOfSupervisoryBoardApprovingAnnualReportAbstract" xlink:to="TitleOfMemberOfSupervisoryBoard" xlink:title="definition: DetailsOnMemberOfSupervisoryBoardApprovingAnnualReportAbstract to TitleOfMemberOfSupervisoryBoard" order="40.0"/>
    <link:loc xlink:type="locator" xlink:href="../cmn.xsd#cmn_DescriptionOfMemberOfSupervisoryBoard" xlink:label="DescriptionOfMemberOfSupervisoryBoard" xlink:title="DescriptionOfMemberOfSupervisoryBoard"/>
    <link:definitionArc xlink:type="arc" xlink:arcrole="http://xbrl.org/int/dim/arcrole/domain-member" xlink:from="DetailsOnMemberOfSupervisoryBoardApprovingAnnualReportAbstract" xlink:to="DescriptionOfMemberOfSupervisoryBoard" xlink:title="definition: DetailsOnMemberOfSupervisoryBoardApprovingAnnualReportAbstract to DescriptionOfMemberOfSupervisoryBoard" order="50.0"/>
    <link:loc xlink:type="locator" xlink:href="sob.xsd#sob_DetailsOnParticipantNotPartOfTheRegisteredManagementMemberOfSupervisoryBoardAbstract" xlink:label="DetailsOnParticipantNotPartOfTheRegisteredManagementMemberOfSupervisoryBoardAbstract" xlink:title="DetailsOnParticipantNotPartOfTheRegisteredManagementMemberOfSupervisoryBoardAbstract"/>
    <link:definitionArc xlink:type="arc" xlink:arcrole="http://xbrl.org/int/dim/arcrole/domain-member" xlink:from="DetailsOnMemberOfSupervisoryBoardApprovingAnnualReportAbstract" xlink:to="DetailsOnParticipantNotPartOfTheRegisteredManagementMemberOfSupervisoryBoardAbstract" xlink:title="definition: DetailsOnMemberOfSupervisoryBoardApprovingAnnualReportAbstract to DetailsOnParticipantNotPartOfTheRegisteredManagementMemberOfSupervisoryBoardAbstract" order="70.0"/>
    <link:loc xlink:type="locator" xlink:href="sob.xsd#sob_IdentificationNumberCVRofParticipantNotPartOfTheRegisteredManagementMemberOfSupervisoryBoard" xlink:label="IdentificationNumberCVRofParticipantNotPartOfTheRegisteredManagementMemberOfSupervisoryBoard" xlink:title="IdentificationNumberCVRofParticipantNotPartOfTheRegisteredManagementMemberOfSupervisoryBoard"/>
    <link:definitionArc xlink:type="arc" xlink:arcrole="http://xbrl.org/int/dim/arcrole/domain-member" xlink:from="DetailsOnParticipantNotPartOfTheRegisteredManagementMemberOfSupervisoryBoardAbstract" xlink:to="IdentificationNumberCVRofParticipantNotPartOfTheRegisteredManagementMemberOfSupervisoryBoard" xlink:title="definition: DetailsOnParticipantNotPartOfTheRegisteredManagementMemberOfSupervisoryBoardAbstract to IdentificationNumberCVRofParticipantNotPartOfTheRegisteredManagementMemberOfSupervisoryBoard" order="10.0"/>
    <link:loc xlink:type="locator" xlink:href="sob.xsd#sob_NameOfEntityParticipantNotPartOfTheRegisteredManagementMemberOfSupervisoryBoard" xlink:label="NameOfEntityParticipantNotPartOfTheRegisteredManagementMemberOfSupervisoryBoard" xlink:title="NameOfEntityParticipantNotPartOfTheRegisteredManagementMemberOfSupervisoryBoard"/>
    <link:definitionArc xlink:type="arc" xlink:arcrole="http://xbrl.org/int/dim/arcrole/domain-member" xlink:from="DetailsOnParticipantNotPartOfTheRegisteredManagementMemberOfSupervisoryBoardAbstract" xlink:to="NameOfEntityParticipantNotPartOfTheRegisteredManagementMemberOfSupervisoryBoard" xlink:title="definition: DetailsOnParticipantNotPartOfTheRegisteredManagementMemberOfSupervisoryBoardAbstract to NameOfEntityParticipantNotPartOfTheRegisteredManagementMemberOfSupervisoryBoard" order="20.0"/>
    <link:loc xlink:type="locator" xlink:href="sob.xsd#sob_DescriptionOfParticipantNotPartOfTheRegisteredManagementMemberOfSupervisoryBoard" xlink:label="DescriptionOfParticipantNotPartOfTheRegisteredManagementMemberOfSupervisoryBoard" xlink:title="DescriptionOfParticipantNotPartOfTheRegisteredManagementMemberOfSupervisoryBoard"/>
    <link:definitionArc xlink:type="arc" xlink:arcrole="http://xbrl.org/int/dim/arcrole/domain-member" xlink:from="DetailsOnParticipantNotPartOfTheRegisteredManagementMemberOfSupervisoryBoardAbstract" xlink:to="DescriptionOfParticipantNotPartOfTheRegisteredManagementMemberOfSupervisoryBoard" xlink:title="definition: DetailsOnParticipantNotPartOfTheRegisteredManagementMemberOfSupervisoryBoardAbstract to DescriptionOfParticipantNotPartOfTheRegisteredManagementMemberOfSupervisoryBoard" order="30.0"/>
    <link:loc xlink:type="locator" xlink:href="sob.xsd#sob_DetailsOnLiquidatorApprovingAnnualReportAbstract" xlink:label="DetailsOnLiquidatorApprovingAnnualReportAbstract" xlink:title="DetailsOnLiquidatorApprovingAnnualReportAbstract"/>
    <link:loc xlink:type="locator" xlink:href="sob.xsd#sob_DetailsOnLiquidatorApprovingAnnualReportHypercube" xlink:label="DetailsOnLiquidatorApprovingAnnualReportHypercube" xlink:title="DetailsOnLiquidatorApprovingAnnualReportHypercube"/>
    <link:definitionArc xlink:type="arc" xlink:arcrole="http://xbrl.org/int/dim/arcrole/all" xlink:from="DetailsOnLiquidatorApprovingAnnualReportAbstract" xlink:to="DetailsOnLiquidatorApprovingAnnualReportHypercube" xlink:title="definition: DetailsOnLiquidatorApprovingAnnualReportAbstract to DetailsOnLiquidatorApprovingAnnualReportHypercube" order="10.0" xbrldt:targetRole="http://xbrl.dcca.dk/role/300.03/Hypercube/StatementOfExecutiveAndSupervisoryBoards/DetailsOnLiquidatorApprovingAnnualReport" xbrldt:contextElement="scenario" xbrldt:closed="true"/>
    <link:loc xlink:type="locator" xlink:href="../cmn.xsd#cmn_NameAndSurnameOfLiquidator" xlink:label="NameAndSurnameOfLiquidator" xlink:title="NameAndSurnameOfLiquidator"/>
    <link:definitionArc xlink:type="arc" xlink:arcrole="http://xbrl.org/int/dim/arcrole/domain-member" xlink:from="DetailsOnLiquidatorApprovingAnnualReportAbstract" xlink:to="NameAndSurnameOfLiquidator" xlink:title="definition: DetailsOnLiquidatorApprovingAnnualReportAbstract to NameAndSurnameOfLiquidator" order="30.0"/>
    <link:loc xlink:type="locator" xlink:href="../cmn.xsd#cmn_TitleOfLiquidator" xlink:label="TitleOfLiquidator" xlink:title="TitleOfLiquidator"/>
    <link:definitionArc xlink:type="arc" xlink:arcrole="http://xbrl.org/int/dim/arcrole/domain-member" xlink:from="DetailsOnLiquidatorApprovingAnnualReportAbstract" xlink:to="TitleOfLiquidator" xlink:title="definition: DetailsOnLiquidatorApprovingAnnualReportAbstract to TitleOfLiquidator" order="40.0"/>
    <link:loc xlink:type="locator" xlink:href="../cmn.xsd#cmn_DescriptionOfLikvidator" xlink:label="DescriptionOfLikvidator" xlink:title="DescriptionOfLikvidator"/>
    <link:definitionArc xlink:type="arc" xlink:arcrole="http://xbrl.org/int/dim/arcrole/domain-member" xlink:from="DetailsOnLiquidatorApprovingAnnualReportAbstract" xlink:to="DescriptionOfLikvidator" xlink:title="definition: DetailsOnLiquidatorApprovingAnnualReportAbstract to DescriptionOfLikvidator" order="50.0"/>
    <link:loc xlink:type="locator" xlink:href="sob.xsd#sob_DescriptionOfObjectionsOfLiquidatorOnAnnualReport" xlink:label="DescriptionOfObjectionsOfLiquidatorOnAnnualReport" xlink:title="DescriptionOfObjectionsOfLiquidatorOnAnnualReport"/>
    <link:definitionArc xlink:type="arc" xlink:arcrole="http://xbrl.org/int/dim/arcrole/domain-member" xlink:from="DetailsOnLiquidatorApprovingAnnualReportAbstract" xlink:to="DescriptionOfObjectionsOfLiquidatorOnAnnualReport" xlink:title="definition: DetailsOnLiquidatorApprovingAnnualReportAbstract to DescriptionOfObjectionsOfLiquidatorOnAnnualReport" order="60.0"/>
    <link:loc xlink:type="locator" xlink:href="sob.xsd#sob_DescriptionOfSpecificAndAdequateGroundsForObjectionsOfLiquidatorOnAnnualReport" xlink:label="DescriptionOfSpecificAndAdequateGroundsForObjectionsOfLiquidatorOnAnnualReport" xlink:title="DescriptionOfSpecificAndAdequateGroundsForObjectionsOfLiquidatorOnAnnualReport"/>
    <link:definitionArc xlink:type="arc" xlink:arcrole="http://xbrl.org/int/dim/arcrole/domain-member" xlink:from="DescriptionOfObjectionsOfLiquidatorOnAnnualReport" xlink:to="DescriptionOfSpecificAndAdequateGroundsForObjectionsOfLiquidatorOnAnnualReport" xlink:title="definition: DescriptionOfObjectionsOfLiquidatorOnAnnualReport to DescriptionOfSpecificAndAdequateGroundsForObjectionsOfLiquidatorOnAnnualReport" order="10.0"/>
    <link:loc xlink:type="locator" xlink:href="../gsd/gsd.xsd#gsd_DetailsOnSupervisoryCommiteeAbstract" xlink:label="DetailsOnSupervisoryCommiteeAbstract" xlink:title="DetailsOnSupervisoryCommiteeAbstract"/>
    <link:loc xlink:type="locator" xlink:href="../gsd/gsd.xsd#gsd_DetailsOnSupervisoryCommitteeHypercube" xlink:label="DetailsOnSupervisoryCommitteeHypercube" xlink:title="DetailsOnSupervisoryCommitteeHypercube"/>
    <link:definitionArc xlink:type="arc" xlink:arcrole="http://xbrl.org/int/dim/arcrole/all" xlink:from="DetailsOnSupervisoryCommiteeAbstract" xlink:to="DetailsOnSupervisoryCommitteeHypercube" xlink:title="definition: DetailsOnSupervisoryCommiteeAbstract to DetailsOnSupervisoryCommitteeHypercube" order="1.0" xbrldt:targetRole="http://xbrl.dcca.dk/role/300.04/Hypercube/StatementOfExecutiveAndSupervisoryBoards/DetailsOnSupervisoryCommittee" xbrldt:contextElement="scenario" xbrldt:closed="true"/>
    <link:loc xlink:type="locator" xlink:href="../gsd/gsd.xsd#gsd_NameAndSurnameOfMemberOfSupervisoryCommittee" xlink:label="NameAndSurnameOfMemberOfSupervisoryCommittee" xlink:title="NameAndSurnameOfMemberOfSupervisoryCommittee"/>
    <link:definitionArc xlink:type="arc" xlink:arcrole="http://xbrl.org/int/dim/arcrole/domain-member" xlink:from="DetailsOnSupervisoryCommiteeAbstract" xlink:to="NameAndSurnameOfMemberOfSupervisoryCommittee" xlink:title="definition: DetailsOnSupervisoryCommiteeAbstract to NameAndSurnameOfMemberOfSupervisoryCommittee" order="2.0"/>
    <link:loc xlink:type="locator" xlink:href="../gsd/gsd.xsd#gsd_TitleOfMemberOfSupervisoryCommittee" xlink:label="TitleOfMemberOfSupervisoryCommittee" xlink:title="TitleOfMemberOfSupervisoryCommittee"/>
    <link:definitionArc xlink:type="arc" xlink:arcrole="http://xbrl.org/int/dim/arcrole/domain-member" xlink:from="DetailsOnSupervisoryCommiteeAbstract" xlink:to="TitleOfMemberOfSupervisoryCommittee" xlink:title="definition: DetailsOnSupervisoryCommiteeAbstract to TitleOfMemberOfSupervisoryCommittee" order="3.0"/>
    <link:loc xlink:type="locator" xlink:href="../gsd/gsd.xsd#gsd_DescriptionOfMemberOfSupervisoryCommittee" xlink:label="DescriptionOfMemberOfSupervisoryCommittee" xlink:title="DescriptionOfMemberOfSupervisoryCommittee"/>
    <link:definitionArc xlink:type="arc" xlink:arcrole="http://xbrl.org/int/dim/arcrole/domain-member" xlink:from="DetailsOnSupervisoryCommiteeAbstract" xlink:to="DescriptionOfMemberOfSupervisoryCommittee" xlink:title="definition: DetailsOnSupervisoryCommiteeAbstract to DescriptionOfMemberOfSupervisoryCommittee" order="4.0"/>
    <link:definitionArc xlink:type="arc" xlink:arcrole="http://xbrl.org/int/dim/arcrole/domain-member" xlink:from="DescriptionOfMemberOfSupervisoryCommittee" xlink:to="NameAndSurnameOfMemberOfSupervisoryCommittee" xlink:title="definition: DescriptionOfMemberOfSupervisoryCommittee to NameAndSurnameOfMemberOfSupervisoryCommittee" order="1.0"/>
    <link:definitionArc xlink:type="arc" xlink:arcrole="http://xbrl.org/int/dim/arcrole/domain-member" xlink:from="DescriptionOfMemberOfSupervisoryCommittee" xlink:to="TitleOfMemberOfSupervisoryCommittee" xlink:title="definition: DescriptionOfMemberOfSupervisoryCommittee to TitleOfMemberOfSupervisoryCommittee" order="2.0"/>
  </link:definitionLink>
  <link:definitionLink xlink:type="extended" xlink:role="http://xbrl.dcca.dk/role/300.00/StatementOfExecutiveAndSupervisoryBoards">
    <link:loc xlink:type="locator" xlink:href="../cmn.xsd#cmn_CommonHypercube" xlink:label="CommonHypercube"/>
    <link:loc xlink:type="locator" xlink:href="../cmn.xsd#cmn_ConsolidatedSoloDimension" xlink:label="ConsolidatedSoloDimension"/>
    <link:definitionArc xlink:type="arc" xlink:arcrole="http://xbrl.org/int/dim/arcrole/hypercube-dimension" xlink:from="CommonHypercube" xlink:to="ConsolidatedSoloDimension" order="10.0" xbrldt:targetRole="http://xbrl.dcca.dk/role/901.01/DimensionConsolidatedSolo"/>
    <link:loc xlink:type="locator" xlink:href="sob.xsd#sob_StatementEtcByExecutiveAndSupervisoryBoardsAbstract" xlink:label="StatementEtcByExecutiveAndSupervisoryBoardsAbstract" xlink:title="StatementEtcByExecutiveAndSupervisoryBoardsAbstract"/>
    <link:loc xlink:type="locator" xlink:href="sob.xsd#sob_StatementByExecutiveAndSupervisoryBoards" xlink:label="StatementByExecutiveAndSupervisoryBoards"/>
    <link:definitionArc xlink:type="arc" xlink:arcrole="http://xbrl.org/int/dim/arcrole/domain-member" xlink:from="StatementEtcByExecutiveAndSupervisoryBoardsAbstract" xlink:to="StatementByExecutiveAndSupervisoryBoards" xlink:title="definition: StatementEtcByExecutiveAndSupervisoryBoardsAbstract to StatementByExecutiveAndSupervisoryBoards" order="10.0"/>
    <link:loc xlink:type="locator" xlink:href="sob.xsd#sob_ConfirmationThatAnnualReportIsPresentedInAccordanceWithRequirementsProvidedForByLegislationAnyStandardsAndRequirementsProvidedByArticlesOfAssociationOrByAgreement" xlink:label="ConfirmationThatAnnualReportIsPresentedInAccordanceWithRequirementsProvidedForByLegislationAnyStandardsAndRequirementsProvidedByArticlesOfAssociationOrByAgreement"/>
    <link:definitionArc xlink:type="arc" xlink:arcrole="http://xbrl.org/int/dim/arcrole/domain-member" xlink:from="StatementByExecutiveAndSupervisoryBoards" xlink:to="ConfirmationThatAnnualReportIsPresentedInAccordanceWithRequirementsProvidedForByLegislationAnyStandardsAndRequirementsProvidedByArticlesOfAssociationOrByAgreement" order="30.0"/>
    <link:loc xlink:type="locator" xlink:href="sob.xsd#sob_ConfirmationThatFinancialStatementGivesTrueAndFairViewOfAssetsLiabilitiesEquityFinancialPositionAndResults" xlink:label="ConfirmationThatFinancialStatementGivesTrueAndFairViewOfAssetsLiabilitiesEquityFinancialPositionAndResults"/>
    <link:definitionArc xlink:type="arc" xlink:arcrole="http://xbrl.org/int/dim/arcrole/domain-member" xlink:from="StatementByExecutiveAndSupervisoryBoards" xlink:to="ConfirmationThatFinancialStatementGivesTrueAndFairViewOfAssetsLiabilitiesEquityFinancialPositionAndResults" order="40.0"/>
    <link:loc xlink:type="locator" xlink:href="sob.xsd#sob_ConfirmationThatFinancialStatementsAreExemptedFromAuditing" xlink:label="ConfirmationThatFinancialStatementsAreExemptedFromAuditing"/>
    <link:definitionArc xlink:type="arc" xlink:arcrole="http://xbrl.org/int/dim/arcrole/domain-member" xlink:from="StatementByExecutiveAndSupervisoryBoards" xlink:to="ConfirmationThatFinancialStatementsAreExemptedFromAuditing" order="50.0"/>
    <link:loc xlink:type="locator" xlink:href="sob.xsd#sob_ConfirmationThatSupplementaryReportsGiveTrueAndFairViewInAccordanceWithGenerallyAcceptedGuidelinesForSuchReports" xlink:label="ConfirmationThatSupplementaryReportsGiveTrueAndFairViewInAccordanceWithGenerallyAcceptedGuidelinesForSuchReports"/>
    <link:definitionArc xlink:type="arc" xlink:arcrole="http://xbrl.org/int/dim/arcrole/domain-member" xlink:from="StatementByExecutiveAndSupervisoryBoards" xlink:to="ConfirmationThatSupplementaryReportsGiveTrueAndFairViewInAccordanceWithGenerallyAcceptedGuidelinesForSuchReports" order="60.0"/>
    <link:loc xlink:type="locator" xlink:href="sob.xsd#sob_ApprovalOfAnnualReportAbstract" xlink:label="ApprovalOfAnnualReportAbstract"/>
    <link:definitionArc xlink:type="arc" xlink:arcrole="http://xbrl.org/int/dim/arcrole/domain-member" xlink:from="StatementByExecutiveAndSupervisoryBoards" xlink:to="ApprovalOfAnnualReportAbstract" order="90.0"/>
    <link:loc xlink:type="locator" xlink:href="sob.xsd#sob_DateOfApprovalOfAnnualReport" xlink:label="DateOfApprovalOfAnnualReport"/>
    <link:definitionArc xlink:type="arc" xlink:arcrole="http://xbrl.org/int/dim/arcrole/domain-member" xlink:from="ApprovalOfAnnualReportAbstract" xlink:to="DateOfApprovalOfAnnualReport" order="10.0"/>
    <link:loc xlink:type="locator" xlink:href="sob.xsd#sob_PlaceOfSignatureOfStatement" xlink:label="PlaceOfSignatureOfStatement"/>
    <link:definitionArc xlink:type="arc" xlink:arcrole="http://xbrl.org/int/dim/arcrole/domain-member" xlink:from="ApprovalOfAnnualReportAbstract" xlink:to="PlaceOfSignatureOfStatement" order="20.0"/>
    <link:loc xlink:type="locator" xlink:href="sob.xsd#sob_DetailsOnMemberOfExecutiveBoardApprovingAnnualReportAbstract" xlink:label="DetailsOnMemberOfExecutiveBoardApprovingAnnualReportAbstract"/>
    <link:definitionArc xlink:type="arc" xlink:arcrole="http://xbrl.org/int/dim/arcrole/domain-member" xlink:from="ApprovalOfAnnualReportAbstract" xlink:to="DetailsOnMemberOfExecutiveBoardApprovingAnnualReportAbstract" order="30.0" xbrldt:targetRole="http://xbrl.dcca.dk/role/300.00/StatementOfExecutiveAndSupervisoryBoards/Details"/>
    <link:loc xlink:type="locator" xlink:href="sob.xsd#sob_DetailsOnMemberOfSupervisoryBoardApprovingAnnualReportAbstract" xlink:label="DetailsOnMemberOfSupervisoryBoardApprovingAnnualReportAbstract"/>
    <link:definitionArc xlink:type="arc" xlink:arcrole="http://xbrl.org/int/dim/arcrole/domain-member" xlink:from="ApprovalOfAnnualReportAbstract" xlink:to="DetailsOnMemberOfSupervisoryBoardApprovingAnnualReportAbstract" order="40.0" xbrldt:targetRole="http://xbrl.dcca.dk/role/300.00/StatementOfExecutiveAndSupervisoryBoards/Details"/>
    <link:loc xlink:type="locator" xlink:href="sob.xsd#sob_DetailsOnLiquidatorApprovingAnnualReportAbstract" xlink:label="DetailsOnLiquidatorApprovingAnnualReportAbstract" xlink:title="DetailsOnLiquidatorApprovingAnnualReportAbstract"/>
    <link:definitionArc xlink:type="arc" xlink:arcrole="http://xbrl.org/int/dim/arcrole/domain-member" xlink:from="ApprovalOfAnnualReportAbstract" xlink:to="DetailsOnLiquidatorApprovingAnnualReportAbstract" xlink:title="definition: ApprovalOfAnnualReportAbstract to DetailsOnLiquidatorApprovingAnnualReportAbstract" order="50.0" xbrldt:targetRole="http://xbrl.dcca.dk/role/300.00/StatementOfExecutiveAndSupervisoryBoards/Details"/>
    <link:loc xlink:type="locator" xlink:href="../gsd/gsd.xsd#gsd_DetailsOnSupervisoryCommiteeAbstract" xlink:label="DetailsOnSupervisoryCommiteeAbstract" xlink:title="DetailsOnSupervisoryCommiteeAbstract"/>
    <link:definitionArc xlink:type="arc" xlink:arcrole="http://xbrl.org/int/dim/arcrole/domain-member" xlink:from="ApprovalOfAnnualReportAbstract" xlink:to="DetailsOnSupervisoryCommiteeAbstract" xlink:title="definition: ApprovalOfAnnualReportAbstract to DetailsOnSupervisoryCommiteeAbstract" order="45.0" xbrldt:targetRole="http://xbrl.dcca.dk/role/300.00/StatementOfExecutiveAndSupervisoryBoards/Details"/>
    <link:loc xlink:type="locator" xlink:href="sob.xsd#sob_IdentificationOfApprovedAnnualReport" xlink:label="IdentificationOfApprovedAnnualReport"/>
    <link:definitionArc xlink:type="arc" xlink:arcrole="http://xbrl.org/int/dim/arcrole/domain-member" xlink:from="StatementByExecutiveAndSupervisoryBoards" xlink:to="IdentificationOfApprovedAnnualReport" order="20.0"/>
    <link:loc xlink:type="locator" xlink:href="sob.xsd#sob_RecommendationForApprovalOfAnnualReportByGeneralMeeting" xlink:label="RecommendationForApprovalOfAnnualReportByGeneralMeeting"/>
    <link:definitionArc xlink:type="arc" xlink:arcrole="http://xbrl.org/int/dim/arcrole/domain-member" xlink:from="StatementByExecutiveAndSupervisoryBoards" xlink:to="RecommendationForApprovalOfAnnualReportByGeneralMeeting" order="80.0"/>
    <link:loc xlink:type="locator" xlink:href="sob.xsd#sob_ManagementsStatementAboutManagementsReview" xlink:label="ManagementsStatementAboutManagementsReview"/>
    <link:definitionArc xlink:type="arc" xlink:arcrole="http://xbrl.org/int/dim/arcrole/domain-member" xlink:from="StatementByExecutiveAndSupervisoryBoards" xlink:to="ManagementsStatementAboutManagementsReview" order="70.0"/>
    <link:loc xlink:type="locator" xlink:href="sob.xsd#sob_TheReportingEntityAppliesTheExceptionConcerningOptingOutOfTheStatementByManagementEtc" xlink:label="TheReportingEntityAppliesTheExceptionConcerningOptingOutOfTheStatementByManagementEtc" xlink:title="TheReportingEntityAppliesTheExceptionConcerningOptingOutOfTheStatementByManagementEtc"/>
    <link:definitionArc xlink:type="arc" xlink:arcrole="http://xbrl.org/int/dim/arcrole/domain-member" xlink:from="StatementByExecutiveAndSupervisoryBoards" xlink:to="TheReportingEntityAppliesTheExceptionConcerningOptingOutOfTheStatementByManagementEtc" xlink:title="definition: StatementByExecutiveAndSupervisoryBoards to TheReportingEntityAppliesTheExceptionConcerningOptingOutOfTheStatementByManagementEtc" order="10.0"/>
    <link:definitionArc xlink:type="arc" xlink:arcrole="http://xbrl.org/int/dim/arcrole/all" xlink:from="StatementEtcByExecutiveAndSupervisoryBoardsAbstract" xlink:to="CommonHypercube" xlink:title="definition: StatementEtcByExecutiveAndSupervisoryBoardsAbstract to CommonHypercube" order="30.0" xbrldt:contextElement="scenario" xbrldt:closed="true"/>
    <link:loc xlink:type="locator" xlink:href="sob.xsd#sob_RelatedToStatementByExecutiveAndSupervisoryBoardsAbstract" xlink:label="RelatedToStatementByExecutiveAndSupervisoryBoardsAbstract" xlink:title="RelatedToStatementByExecutiveAndSupervisoryBoardsAbstract"/>
    <link:definitionArc xlink:type="arc" xlink:arcrole="http://xbrl.org/int/dim/arcrole/domain-member" xlink:from="StatementEtcByExecutiveAndSupervisoryBoardsAbstract" xlink:to="RelatedToStatementByExecutiveAndSupervisoryBoardsAbstract" xlink:title="definition: StatementEtcByExecutiveAndSupervisoryBoardsAbstract to RelatedToStatementByExecutiveAndSupervisoryBoardsAbstract" order="20.0"/>
    <link:loc xlink:type="locator" xlink:href="sob.xsd#sob_StatementOnOptingOutOfAuditingFinancialStatementsInNextReportingPeriodDueToExemption" xlink:label="StatementOnOptingOutOfAuditingFinancialStatementsInNextReportingPeriodDueToExemption"/>
    <link:definitionArc xlink:type="arc" xlink:arcrole="http://xbrl.org/int/dim/arcrole/domain-member" xlink:from="RelatedToStatementByExecutiveAndSupervisoryBoardsAbstract" xlink:to="StatementOnOptingOutOfAuditingFinancialStatementsInNextReportingPeriodDueToExemption" xlink:title="definition: RelatedToStatementByExecutiveAndSupervisoryBoardsAbstract to StatementOnOptingOutOfAuditingFinancialStatementsInNextReportingPeriodDueToExemption" order="10.0"/>
  </link:definitionLink>
  <link:definitionLink xlink:type="extended" xlink:role="http://xbrl.dcca.dk/role/300.01/Hypercube/StatementOfExecutiveAndSupervisoryBoards/DetailsOnMemberOfExecutiveBoardApprovingAnnualReport">
    <link:loc xlink:type="locator" xlink:href="sob.xsd#sob_DetailsOnMemberOfExecutiveBoardApprovingAnnualReportHypercube" xlink:label="DetailsOnMemberOfExecutiveBoardApprovingAnnualReportHypercube"/>
    <link:loc xlink:type="locator" xlink:href="../cmn.xsd#cmn_ConsolidatedSoloDimension" xlink:label="ConsolidatedSoloDimension"/>
    <link:definitionArc xlink:type="arc" xlink:arcrole="http://xbrl.org/int/dim/arcrole/hypercube-dimension" xlink:from="DetailsOnMemberOfExecutiveBoardApprovingAnnualReportHypercube" xlink:to="ConsolidatedSoloDimension" order="30.0" xbrldt:targetRole="http://xbrl.dcca.dk/role/901.01/DimensionConsolidatedSolo"/>
    <link:loc xlink:type="locator" xlink:href="../cmn.xsd#cmn_IdentificationOfMemberOfExecutiveBoardDimension" xlink:label="IdentificationOfMemberOfExecutiveBoardDimension"/>
    <link:definitionArc xlink:type="arc" xlink:arcrole="http://xbrl.org/int/dim/arcrole/hypercube-dimension" xlink:from="DetailsOnMemberOfExecutiveBoardApprovingAnnualReportHypercube" xlink:to="IdentificationOfMemberOfExecutiveBoardDimension" order="10.0"/>
    <link:loc xlink:type="locator" xlink:href="../cmn.xsd#cmn_TypeOfParticipantDimension" xlink:label="TypeOfParticipantDimension" xlink:title="TypeOfParticipantDimension"/>
    <link:definitionArc xlink:type="arc" xlink:arcrole="http://xbrl.org/int/dim/arcrole/hypercube-dimension" xlink:from="DetailsOnMemberOfExecutiveBoardApprovingAnnualReportHypercube" xlink:to="TypeOfParticipantDimension" xlink:title="definition: DetailsOnMemberOfExecutiveBoardApprovingAnnualReportHypercube to TypeOfParticipantDimension" order="20.0" xbrldt:targetRole="http://xbrl.dcca.dk/role/911.01/DimensionManagementCategory"/>
  </link:definitionLink>
  <link:definitionLink xlink:type="extended" xlink:role="http://xbrl.dcca.dk/role/300.02/Hypercube/StatementOfExecutiveAndSupervisoryBoards/DetailsOnMemberOfSupervisoryBoardApprovingAnnualReport">
    <link:loc xlink:type="locator" xlink:href="sob.xsd#sob_DetailsOnMemberOfSupervisoryBoardApprovingAnnualReportHypercube" xlink:label="DetailsOnMemberOfSupervisoryBoardApprovingAnnualReportHypercube"/>
    <link:loc xlink:type="locator" xlink:href="../cmn.xsd#cmn_IdentificationOfMemberOfSupervisoryBoardDimension" xlink:label="IdentificationOfMemberOfSupervisoryBoardDimension"/>
    <link:definitionArc xlink:type="arc" xlink:arcrole="http://xbrl.org/int/dim/arcrole/hypercube-dimension" xlink:from="DetailsOnMemberOfSupervisoryBoardApprovingAnnualReportHypercube" xlink:to="IdentificationOfMemberOfSupervisoryBoardDimension" order="10.0"/>
    <link:loc xlink:type="locator" xlink:href="../cmn.xsd#cmn_ConsolidatedSoloDimension" xlink:label="ConsolidatedSoloDimension"/>
    <link:definitionArc xlink:type="arc" xlink:arcrole="http://xbrl.org/int/dim/arcrole/hypercube-dimension" xlink:from="DetailsOnMemberOfSupervisoryBoardApprovingAnnualReportHypercube" xlink:to="ConsolidatedSoloDimension" order="30.0" xbrldt:targetRole="http://xbrl.dcca.dk/role/901.01/DimensionConsolidatedSolo"/>
    <link:loc xlink:type="locator" xlink:href="../cmn.xsd#cmn_TypeOfParticipantDimension" xlink:label="TypeOfParticipantDimension" xlink:title="TypeOfParticipantDimension"/>
    <link:definitionArc xlink:type="arc" xlink:arcrole="http://xbrl.org/int/dim/arcrole/hypercube-dimension" xlink:from="DetailsOnMemberOfSupervisoryBoardApprovingAnnualReportHypercube" xlink:to="TypeOfParticipantDimension" xlink:title="definition: DetailsOnMemberOfSupervisoryBoardApprovingAnnualReportHypercube to TypeOfParticipantDimension" order="20.0" xbrldt:targetRole="http://xbrl.dcca.dk/role/911.01/DimensionManagementCategory"/>
  </link:definitionLink>
  <link:definitionLink xlink:type="extended" xlink:role="http://xbrl.dcca.dk/role/300.03/Hypercube/StatementOfExecutiveAndSupervisoryBoards/DetailsOnLiquidatorApprovingAnnualReport">
    <link:loc xlink:type="locator" xlink:href="sob.xsd#sob_DetailsOnLiquidatorApprovingAnnualReportHypercube" xlink:label="DetailsOnLiquidatorApprovingAnnualReportHypercube" xlink:title="DetailsOnLiquidatorApprovingAnnualReportHypercube"/>
    <link:loc xlink:type="locator" xlink:href="../cmn.xsd#cmn_IdentificationOfLiquidatorDimension" xlink:label="IdentificationOfLiquidatorDimension" xlink:title="IdentificationOfLiquidatorDimension"/>
    <link:definitionArc xlink:type="arc" xlink:arcrole="http://xbrl.org/int/dim/arcrole/hypercube-dimension" xlink:from="DetailsOnLiquidatorApprovingAnnualReportHypercube" xlink:to="IdentificationOfLiquidatorDimension" xlink:title="definition: DetailsOnLiquidatorApprovingAnnualReportHypercube to IdentificationOfLiquidatorDimension" order="10.0"/>
    <link:loc xlink:type="locator" xlink:href="../cmn.xsd#cmn_ConsolidatedSoloDimension" xlink:label="ConsolidatedSoloDimension" xlink:title="ConsolidatedSoloDimension"/>
    <link:definitionArc xlink:type="arc" xlink:arcrole="http://xbrl.org/int/dim/arcrole/hypercube-dimension" xlink:from="DetailsOnLiquidatorApprovingAnnualReportHypercube" xlink:to="ConsolidatedSoloDimension" xlink:title="definition: DetailsOnLiquidatorApprovingAnnualReportHypercube to ConsolidatedSoloDimension" order="20.0" xbrldt:targetRole="http://xbrl.dcca.dk/role/901.01/DimensionConsolidatedSolo"/>
  </link:definitionLink>
</link:linkbase>
