<?xml version="1.0" encoding="UTF-8"?>
<!-- Generated by Fujitsu Interstage XWand B0251 -->
<?officialURI http://archprod.service.eogs.dk/taxonomy/20201001/mrv/200mrv_pre.xml?>

<?taxonomy-version 1.7.0?>

<link:linkbase xmlns:xsi="http://www.w3.org/2001/XMLSchema-instance" xsi:schemaLocation="http://www.xbrl.org/2003/linkbase http://www.xbrl.org/2003/xbrl-linkbase-2003-12-31.xsd" xmlns:link="http://www.xbrl.org/2003/linkbase" xmlns:entry="http://xbrl.dcca.dk/entryBalanceSheetAccountByCurrentAndLongTermFormIncomeStatementByNature" xmlns:xlink="http://www.w3.org/1999/xlink" xmlns:xbrli="http://www.xbrl.org/2003/instance">
  <link:roleRef roleURI="http://xbrl.dcca.dk/role/210.00/KeyFiguresAndFinancialRatios" xlink:type="simple" xlink:href="mrv.xsd#mrv_RoleKeyFiguresAndFinancialRatios"/>
  <link:presentationLink xlink:type="extended" xlink:role="http://xbrl.dcca.dk/role/210.00/KeyFiguresAndFinancialRatios">
    <link:loc xlink:type="locator" xlink:href="../cmn.xsd#cmn_CommonHypercube" xlink:label="CommonHypercube"/>
    <link:loc xlink:type="locator" xlink:href="../cmn.xsd#cmn_ConsolidatedSoloDimension" xlink:label="ConsolidatedSoloDimension"/>
    <link:presentationArc xlink:type="arc" xlink:arcrole="http://www.xbrl.org/2003/arcrole/parent-child" xlink:from="CommonHypercube" xlink:to="ConsolidatedSoloDimension" xlink:title="presentation: CommonHypercube to ConsolidatedSoloDimension" order="1.0"/>
    <link:loc xlink:type="locator" xlink:href="../cmn.xsd#cmn_ConsolidatedMember" xlink:label="ConsolidatedMember"/>
    <link:presentationArc xlink:type="arc" xlink:arcrole="http://www.xbrl.org/2003/arcrole/parent-child" xlink:from="ConsolidatedSoloDimension" xlink:to="ConsolidatedMember" xlink:title="presentation: ConsolidatedSoloDimension to ConsolidatedMember" order="1.0"/>
    <link:loc xlink:type="locator" xlink:href="../cmn.xsd#cmn_SoloMember" xlink:label="SoloMember"/>
    <link:presentationArc xlink:type="arc" xlink:arcrole="http://www.xbrl.org/2003/arcrole/parent-child" xlink:from="ConsolidatedSoloDimension" xlink:to="SoloMember" xlink:title="presentation: ConsolidatedSoloDimension to SoloMember" order="2.0"/>
    <link:loc xlink:type="locator" xlink:href="mrv.xsd#mrv_RetrospectiveInformationFromLastFiveYearsAbstract" xlink:label="RetrospectiveInformationFromLastFiveYearsAbstract" xlink:title="RetrospectiveInformationFromLastFiveYearsAbstract"/>
    <link:loc xlink:type="locator" xlink:href="mrv.xsd#mrv_InformationOnCalculationOfKeyFiguresAndFinancialRatios" xlink:label="InformationOnCalculationOfKeyFiguresAndFinancialRatios"/>
    <link:presentationArc xlink:type="arc" xlink:arcrole="http://www.xbrl.org/2003/arcrole/parent-child" xlink:from="RetrospectiveInformationFromLastFiveYearsAbstract" xlink:to="InformationOnCalculationOfKeyFiguresAndFinancialRatios" xlink:title="presentation: RetrospectiveInformationFromLastFiveYearsAbstract to InformationOnCalculationOfKeyFiguresAndFinancialRatios" order="2.0"/>
    <link:loc xlink:type="locator" xlink:href="mrv.xsd#mrv_DescriptionOfKeyFiguresAndFinancialRatios" xlink:label="DescriptionOfKeyFiguresAndFinancialRatios"/>
    <link:presentationArc xlink:type="arc" xlink:arcrole="http://www.xbrl.org/2003/arcrole/parent-child" xlink:from="RetrospectiveInformationFromLastFiveYearsAbstract" xlink:to="DescriptionOfKeyFiguresAndFinancialRatios" xlink:title="presentation: RetrospectiveInformationFromLastFiveYearsAbstract to DescriptionOfKeyFiguresAndFinancialRatios" order="3.0"/>
    <link:loc xlink:type="locator" xlink:href="mrv.xsd#mrv_DetailsOnKeyFiguresAndFinancialRatiosAbstract" xlink:label="DetailsOnKeyFiguresAndFinancialRatiosAbstract"/>
    <link:presentationArc xlink:type="arc" xlink:arcrole="http://www.xbrl.org/2003/arcrole/parent-child" xlink:from="DescriptionOfKeyFiguresAndFinancialRatios" xlink:to="DetailsOnKeyFiguresAndFinancialRatiosAbstract" xlink:title="presentation: DescriptionOfKeyFiguresAndFinancialRatios to DetailsOnKeyFiguresAndFinancialRatiosAbstract" order="1.0"/>
    <link:loc xlink:type="locator" xlink:href="mrv.xsd#mrv_DetailsOnKeyFiguresAndFinancialRatiosHypercube" xlink:label="DetailsOnKeyFiguresAndFinancialRatiosHypercube"/>
    <link:presentationArc xlink:type="arc" xlink:arcrole="http://www.xbrl.org/2003/arcrole/parent-child" xlink:from="DetailsOnKeyFiguresAndFinancialRatiosAbstract" xlink:to="DetailsOnKeyFiguresAndFinancialRatiosHypercube" xlink:title="presentation: DetailsOnKeyFiguresAndFinancialRatiosAbstract to DetailsOnKeyFiguresAndFinancialRatiosHypercube" order="1.0"/>
    <link:loc xlink:type="locator" xlink:href="../cmn.xsd#cmn_RetrospectiveInformationDimension" xlink:label="RetrospectiveInformationDimension"/>
    <link:presentationArc xlink:type="arc" xlink:arcrole="http://www.xbrl.org/2003/arcrole/parent-child" xlink:from="DetailsOnKeyFiguresAndFinancialRatiosHypercube" xlink:to="RetrospectiveInformationDimension" xlink:title="presentation: DetailsOnKeyFiguresAndFinancialRatiosHypercube to RetrospectiveInformationDimension" order="1.0"/>
    <link:loc xlink:type="locator" xlink:href="../cmn.xsd#cmn_CurrentYearMember" xlink:label="CurrentYearMember"/>
    <link:presentationArc xlink:type="arc" xlink:arcrole="http://www.xbrl.org/2003/arcrole/parent-child" xlink:from="RetrospectiveInformationDimension" xlink:to="CurrentYearMember" xlink:title="presentation: RetrospectiveInformationDimension to CurrentYearMember" order="1.0"/>
    <link:loc xlink:type="locator" xlink:href="../cmn.xsd#cmn_PreviousYearMember" xlink:label="PreviousYearMember"/>
    <link:presentationArc xlink:type="arc" xlink:arcrole="http://www.xbrl.org/2003/arcrole/parent-child" xlink:from="RetrospectiveInformationDimension" xlink:to="PreviousYearMember" xlink:title="presentation: RetrospectiveInformationDimension to PreviousYearMember" order="2.0"/>
    <link:loc xlink:type="locator" xlink:href="../cmn.xsd#cmn_TwoYearsAgoMember" xlink:label="TwoYearsAgoMember"/>
    <link:presentationArc xlink:type="arc" xlink:arcrole="http://www.xbrl.org/2003/arcrole/parent-child" xlink:from="RetrospectiveInformationDimension" xlink:to="TwoYearsAgoMember" xlink:title="presentation: RetrospectiveInformationDimension to TwoYearsAgoMember" order="3.0"/>
    <link:loc xlink:type="locator" xlink:href="../cmn.xsd#cmn_ThreeYearsAgoMember" xlink:label="ThreeYearsAgoMember"/>
    <link:presentationArc xlink:type="arc" xlink:arcrole="http://www.xbrl.org/2003/arcrole/parent-child" xlink:from="RetrospectiveInformationDimension" xlink:to="ThreeYearsAgoMember" xlink:title="presentation: RetrospectiveInformationDimension to ThreeYearsAgoMember" order="4.0"/>
    <link:loc xlink:type="locator" xlink:href="../cmn.xsd#cmn_FourYearsAgoMember" xlink:label="FourYearsAgoMember"/>
    <link:presentationArc xlink:type="arc" xlink:arcrole="http://www.xbrl.org/2003/arcrole/parent-child" xlink:from="RetrospectiveInformationDimension" xlink:to="FourYearsAgoMember" xlink:title="presentation: RetrospectiveInformationDimension to FourYearsAgoMember" order="5.0"/>
    <link:loc xlink:type="locator" xlink:href="mrv.xsd#mrv_GrossMargin" xlink:label="GrossMargin"/>
    <link:presentationArc xlink:type="arc" xlink:arcrole="http://www.xbrl.org/2003/arcrole/parent-child" xlink:from="DetailsOnKeyFiguresAndFinancialRatiosAbstract" xlink:to="GrossMargin" xlink:title="presentation: DetailsOnKeyFiguresAndFinancialRatiosAbstract to GrossMargin" order="2.0"/>
    <link:loc xlink:type="locator" xlink:href="mrv.xsd#mrv_OperatingMargin" xlink:label="OperatingMargin"/>
    <link:presentationArc xlink:type="arc" xlink:arcrole="http://www.xbrl.org/2003/arcrole/parent-child" xlink:from="DetailsOnKeyFiguresAndFinancialRatiosAbstract" xlink:to="OperatingMargin" xlink:title="presentation: DetailsOnKeyFiguresAndFinancialRatiosAbstract to OperatingMargin" order="3.0"/>
    <link:loc xlink:type="locator" xlink:href="mrv.xsd#mrv_ReturnOnCapitalEmployed" xlink:label="ReturnOnCapitalEmployed"/>
    <link:presentationArc xlink:type="arc" xlink:arcrole="http://www.xbrl.org/2003/arcrole/parent-child" xlink:from="DetailsOnKeyFiguresAndFinancialRatiosAbstract" xlink:to="ReturnOnCapitalEmployed" xlink:title="presentation: DetailsOnKeyFiguresAndFinancialRatiosAbstract to ReturnOnCapitalEmployed" order="4.0"/>
    <link:loc xlink:type="locator" xlink:href="mrv.xsd#mrv_EquityRatio" xlink:label="EquityRatio"/>
    <link:presentationArc xlink:type="arc" xlink:arcrole="http://www.xbrl.org/2003/arcrole/parent-child" xlink:from="DetailsOnKeyFiguresAndFinancialRatiosAbstract" xlink:to="EquityRatio" xlink:title="presentation: DetailsOnKeyFiguresAndFinancialRatiosAbstract to EquityRatio" order="5.0"/>
    <link:loc xlink:type="locator" xlink:href="mrv.xsd#mrv_SolvencyRatio" xlink:label="SolvencyRatio"/>
    <link:presentationArc xlink:type="arc" xlink:arcrole="http://www.xbrl.org/2003/arcrole/parent-child" xlink:from="DetailsOnKeyFiguresAndFinancialRatiosAbstract" xlink:to="SolvencyRatio" xlink:title="presentation: DetailsOnKeyFiguresAndFinancialRatiosAbstract to SolvencyRatio" order="6.0"/>
    <link:loc xlink:type="locator" xlink:href="mrv.xsd#mrv_ReturnOnEquity" xlink:label="ReturnOnEquity"/>
    <link:presentationArc xlink:type="arc" xlink:arcrole="http://www.xbrl.org/2003/arcrole/parent-child" xlink:from="DetailsOnKeyFiguresAndFinancialRatiosAbstract" xlink:to="ReturnOnEquity" xlink:title="presentation: DetailsOnKeyFiguresAndFinancialRatiosAbstract to ReturnOnEquity" order="7.0"/>
    <link:loc xlink:type="locator" xlink:href="mrv.xsd#mrv_ReturnOnInvestedCapital" xlink:label="ReturnOnInvestedCapital"/>
    <link:presentationArc xlink:type="arc" xlink:arcrole="http://www.xbrl.org/2003/arcrole/parent-child" xlink:from="DetailsOnKeyFiguresAndFinancialRatiosAbstract" xlink:to="ReturnOnInvestedCapital" xlink:title="presentation: DetailsOnKeyFiguresAndFinancialRatiosAbstract to ReturnOnInvestedCapital" order="8.0"/>
    <link:loc xlink:type="locator" xlink:href="mrv.xsd#mrv_FinancialGearing" xlink:label="FinancialGearing"/>
    <link:presentationArc xlink:type="arc" xlink:arcrole="http://www.xbrl.org/2003/arcrole/parent-child" xlink:from="DetailsOnKeyFiguresAndFinancialRatiosAbstract" xlink:to="FinancialGearing" xlink:title="presentation: DetailsOnKeyFiguresAndFinancialRatiosAbstract to FinancialGearing" order="9.0"/>
    <link:loc xlink:type="locator" xlink:href="mrv.xsd#mrv_EmployeeTurnover" xlink:label="EmployeeTurnover"/>
    <link:presentationArc xlink:type="arc" xlink:arcrole="http://www.xbrl.org/2003/arcrole/parent-child" xlink:from="DetailsOnKeyFiguresAndFinancialRatiosAbstract" xlink:to="EmployeeTurnover" xlink:title="presentation: DetailsOnKeyFiguresAndFinancialRatiosAbstract to EmployeeTurnover" order="10.0"/>
    <link:loc xlink:type="locator" xlink:href="../fsa/fsa.xsd#fsa_GrossResult" xlink:label="GrossResult"/>
    <link:presentationArc xlink:type="arc" xlink:arcrole="http://www.xbrl.org/2003/arcrole/parent-child" xlink:from="DetailsOnKeyFiguresAndFinancialRatiosAbstract" xlink:to="GrossResult" xlink:title="presentation: DetailsOnKeyFiguresAndFinancialRatiosAbstract to GrossResult" order="19.0"/>
    <link:loc xlink:type="locator" xlink:href="../fsa/fsa.xsd#fsa_GrossProfitLoss" xlink:label="GrossProfitLoss"/>
    <link:presentationArc xlink:type="arc" xlink:arcrole="http://www.xbrl.org/2003/arcrole/parent-child" xlink:from="DetailsOnKeyFiguresAndFinancialRatiosAbstract" xlink:to="GrossProfitLoss" xlink:title="presentation: DetailsOnKeyFiguresAndFinancialRatiosAbstract to GrossProfitLoss" order="20.0"/>
    <link:loc xlink:type="locator" xlink:href="../fsa/fsa.xsd#fsa_AverageNumberOfEmployees" xlink:label="AverageNumberOfEmployees"/>
    <link:presentationArc xlink:type="arc" xlink:arcrole="http://www.xbrl.org/2003/arcrole/parent-child" xlink:from="DetailsOnKeyFiguresAndFinancialRatiosAbstract" xlink:to="AverageNumberOfEmployees" xlink:title="presentation: DetailsOnKeyFiguresAndFinancialRatiosAbstract to AverageNumberOfEmployees" order="24.0"/>
    <link:loc xlink:type="locator" xlink:href="../fsa/fsa.xsd#fsa_CashFlowsFromUsedInOperatingActivities" xlink:label="CashFlowsFromUsedInOperatingActivities"/>
    <link:presentationArc xlink:type="arc" xlink:arcrole="http://www.xbrl.org/2003/arcrole/parent-child" xlink:from="DetailsOnKeyFiguresAndFinancialRatiosAbstract" xlink:to="CashFlowsFromUsedInOperatingActivities" xlink:title="presentation: DetailsOnKeyFiguresAndFinancialRatiosAbstract to CashFlowsFromUsedInOperatingActivities" use="optional" order="21.0"/>
    <link:loc xlink:type="locator" xlink:href="../fsa/fsa.xsd#fsa_CashFlowsFromUsedInInvestingActivities" xlink:label="CashFlowsFromUsedInInvestingActivities"/>
    <link:presentationArc xlink:type="arc" xlink:arcrole="http://www.xbrl.org/2003/arcrole/parent-child" xlink:from="DetailsOnKeyFiguresAndFinancialRatiosAbstract" xlink:to="CashFlowsFromUsedInInvestingActivities" xlink:title="presentation: DetailsOnKeyFiguresAndFinancialRatiosAbstract to CashFlowsFromUsedInInvestingActivities" order="22.0"/>
    <link:loc xlink:type="locator" xlink:href="../fsa/fsa.xsd#fsa_CashFlowsFromUsedInFinancingActivities" xlink:label="CashFlowsFromUsedInFinancingActivities"/>
    <link:presentationArc xlink:type="arc" xlink:arcrole="http://www.xbrl.org/2003/arcrole/parent-child" xlink:from="DetailsOnKeyFiguresAndFinancialRatiosAbstract" xlink:to="CashFlowsFromUsedInFinancingActivities" xlink:title="presentation: DetailsOnKeyFiguresAndFinancialRatiosAbstract to CashFlowsFromUsedInFinancingActivities" order="23.0"/>
    <link:loc xlink:type="locator" xlink:href="../fsa/fsa.xsd#fsa_Revenue" xlink:label="Revenue"/>
    <link:presentationArc xlink:type="arc" xlink:arcrole="http://www.xbrl.org/2003/arcrole/parent-child" xlink:from="DetailsOnKeyFiguresAndFinancialRatiosAbstract" xlink:to="Revenue" xlink:title="presentation: DetailsOnKeyFiguresAndFinancialRatiosAbstract to Revenue" order="11.0"/>
    <link:loc xlink:type="locator" xlink:href="../fsa/fsa.xsd#fsa_ProfitLossFromOrdinaryOperatingActivities" xlink:label="ProfitLossFromOrdinaryOperatingActivities"/>
    <link:presentationArc xlink:type="arc" xlink:arcrole="http://www.xbrl.org/2003/arcrole/parent-child" xlink:from="DetailsOnKeyFiguresAndFinancialRatiosAbstract" xlink:to="ProfitLossFromOrdinaryOperatingActivities" xlink:title="presentation: DetailsOnKeyFiguresAndFinancialRatiosAbstract to ProfitLossFromOrdinaryOperatingActivities" order="12.0"/>
    <link:loc xlink:type="locator" xlink:href="../fsa/fsa.xsd#fsa_ResultsFromNetFinancials" xlink:label="ResultsFromNetFinancials"/>
    <link:presentationArc xlink:type="arc" xlink:arcrole="http://www.xbrl.org/2003/arcrole/parent-child" xlink:from="DetailsOnKeyFiguresAndFinancialRatiosAbstract" xlink:to="ResultsFromNetFinancials" xlink:title="presentation: DetailsOnKeyFiguresAndFinancialRatiosAbstract to ResultsFromNetFinancials" order="13.0"/>
    <link:loc xlink:type="locator" xlink:href="../fsa/fsa.xsd#fsa_ResultsFromExtraordinaryItems" xlink:label="ResultsFromExtraordinaryItems"/>
    <link:presentationArc xlink:type="arc" xlink:arcrole="http://www.xbrl.org/2003/arcrole/parent-child" xlink:from="DetailsOnKeyFiguresAndFinancialRatiosAbstract" xlink:to="ResultsFromExtraordinaryItems" xlink:title="presentation: DetailsOnKeyFiguresAndFinancialRatiosAbstract to ResultsFromExtraordinaryItems" order="14.0"/>
    <link:loc xlink:type="locator" xlink:href="../fsa/fsa.xsd#fsa_ProfitLoss" xlink:label="ProfitLoss"/>
    <link:presentationArc xlink:type="arc" xlink:arcrole="http://www.xbrl.org/2003/arcrole/parent-child" xlink:from="DetailsOnKeyFiguresAndFinancialRatiosAbstract" xlink:to="ProfitLoss" xlink:title="presentation: DetailsOnKeyFiguresAndFinancialRatiosAbstract to ProfitLoss" order="15.0"/>
    <link:loc xlink:type="locator" xlink:href="../fsa/fsa.xsd#fsa_Assets" xlink:label="Assets"/>
    <link:presentationArc xlink:type="arc" xlink:arcrole="http://www.xbrl.org/2003/arcrole/parent-child" xlink:from="DetailsOnKeyFiguresAndFinancialRatiosAbstract" xlink:to="Assets" xlink:title="presentation: DetailsOnKeyFiguresAndFinancialRatiosAbstract to Assets" order="16.0"/>
    <link:loc xlink:type="locator" xlink:href="../fsa/fsa.xsd#fsa_InvestmentInPropertyPlantAndEquipment" xlink:label="InvestmentInPropertyPlantAndEquipment"/>
    <link:presentationArc xlink:type="arc" xlink:arcrole="http://www.xbrl.org/2003/arcrole/parent-child" xlink:from="DetailsOnKeyFiguresAndFinancialRatiosAbstract" xlink:to="InvestmentInPropertyPlantAndEquipment" xlink:title="presentation: DetailsOnKeyFiguresAndFinancialRatiosAbstract to InvestmentInPropertyPlantAndEquipment" order="17.0"/>
    <link:loc xlink:type="locator" xlink:href="../fsa/fsa.xsd#fsa_Equity" xlink:label="Equity"/>
    <link:presentationArc xlink:type="arc" xlink:arcrole="http://www.xbrl.org/2003/arcrole/parent-child" xlink:from="DetailsOnKeyFiguresAndFinancialRatiosAbstract" xlink:to="Equity" xlink:title="presentation: DetailsOnKeyFiguresAndFinancialRatiosAbstract to Equity" order="18.0"/>
    <link:loc xlink:type="locator" xlink:href="mrv.xsd#mrv_DescriptionOfOtherKeyFiguresAndFinancialRatios" xlink:label="DescriptionOfOtherKeyFiguresAndFinancialRatios"/>
    <link:presentationArc xlink:type="arc" xlink:arcrole="http://www.xbrl.org/2003/arcrole/parent-child" xlink:from="RetrospectiveInformationFromLastFiveYearsAbstract" xlink:to="DescriptionOfOtherKeyFiguresAndFinancialRatios" xlink:title="presentation: RetrospectiveInformationFromLastFiveYearsAbstract to DescriptionOfOtherKeyFiguresAndFinancialRatios" order="4.0"/>
    <link:loc xlink:type="locator" xlink:href="mrv.xsd#mrv_DetailsOnOtherKeyFiguresAndFinancialRatiosAbstract" xlink:label="DetailsOnOtherKeyFiguresAndFinancialRatiosAbstract"/>
    <link:presentationArc xlink:type="arc" xlink:arcrole="http://www.xbrl.org/2003/arcrole/parent-child" xlink:from="DescriptionOfOtherKeyFiguresAndFinancialRatios" xlink:to="DetailsOnOtherKeyFiguresAndFinancialRatiosAbstract" xlink:title="presentation: DescriptionOfOtherKeyFiguresAndFinancialRatios to DetailsOnOtherKeyFiguresAndFinancialRatiosAbstract" order="1.0"/>
    <link:loc xlink:type="locator" xlink:href="mrv.xsd#mrv_DetailsOnOtherKeyFiguresAndFinancialRatiosHypercube" xlink:label="DetailsOnOtherKeyFiguresAndFinancialRatiosHypercube"/>
    <link:presentationArc xlink:type="arc" xlink:arcrole="http://www.xbrl.org/2003/arcrole/parent-child" xlink:from="DetailsOnOtherKeyFiguresAndFinancialRatiosAbstract" xlink:to="DetailsOnOtherKeyFiguresAndFinancialRatiosHypercube" xlink:title="presentation: DetailsOnOtherKeyFiguresAndFinancialRatiosAbstract to DetailsOnOtherKeyFiguresAndFinancialRatiosHypercube" order="1.0"/>
    <link:loc xlink:type="locator" xlink:href="mrv.xsd#mrv_IdentificationOfKeyFigureOrFinancialRatioDimension" xlink:label="IdentificationOfKeyFigureOrFinancialRatioDimension"/>
    <link:presentationArc xlink:type="arc" xlink:arcrole="http://www.xbrl.org/2003/arcrole/parent-child" xlink:from="DetailsOnOtherKeyFiguresAndFinancialRatiosHypercube" xlink:to="IdentificationOfKeyFigureOrFinancialRatioDimension" xlink:title="presentation: DetailsOnOtherKeyFiguresAndFinancialRatiosHypercube to IdentificationOfKeyFigureOrFinancialRatioDimension" order="1.0"/>
    <link:presentationArc xlink:type="arc" xlink:arcrole="http://www.xbrl.org/2003/arcrole/parent-child" xlink:from="DetailsOnOtherKeyFiguresAndFinancialRatiosHypercube" xlink:to="RetrospectiveInformationDimension" xlink:title="presentation: DetailsOnOtherKeyFiguresAndFinancialRatiosHypercube to RetrospectiveInformationDimension" order="2.0"/>
    <link:loc xlink:type="locator" xlink:href="mrv.xsd#mrv_NameOfKeyFigureOrFinancialRatio" xlink:label="NameOfKeyFigureOrFinancialRatio"/>
    <link:presentationArc xlink:type="arc" xlink:arcrole="http://www.xbrl.org/2003/arcrole/parent-child" xlink:from="DetailsOnOtherKeyFiguresAndFinancialRatiosAbstract" xlink:to="NameOfKeyFigureOrFinancialRatio" xlink:title="presentation: DetailsOnOtherKeyFiguresAndFinancialRatiosAbstract to NameOfKeyFigureOrFinancialRatio" order="2.0"/>
    <link:loc xlink:type="locator" xlink:href="mrv.xsd#mrv_ValueOfKeyFigureOrFinancialRatio" xlink:label="ValueOfKeyFigureOrFinancialRatio"/>
    <link:presentationArc xlink:type="arc" xlink:arcrole="http://www.xbrl.org/2003/arcrole/parent-child" xlink:from="DetailsOnOtherKeyFiguresAndFinancialRatiosAbstract" xlink:to="ValueOfKeyFigureOrFinancialRatio" xlink:title="presentation: DetailsOnOtherKeyFiguresAndFinancialRatiosAbstract to ValueOfKeyFigureOrFinancialRatio" order="3.0"/>
    <link:loc xlink:type="locator" xlink:href="mrv.xsd#mrv_ValueOfKeyFigureOrFinancialRatioMonetary" xlink:label="ValueOfKeyFigureOrFinancialRatioMonetary" xlink:title="ValueOfKeyFigureOrFinancialRatioMonetary"/>
    <link:presentationArc xlink:type="arc" xlink:arcrole="http://www.xbrl.org/2003/arcrole/parent-child" xlink:from="DetailsOnOtherKeyFiguresAndFinancialRatiosAbstract" xlink:to="ValueOfKeyFigureOrFinancialRatioMonetary" xlink:title="presentation: DetailsOnOtherKeyFiguresAndFinancialRatiosAbstract to ValueOfKeyFigureOrFinancialRatioMonetary" order="4.0"/>
    <link:loc xlink:type="locator" xlink:href="mrv.xsd#mrv_InformationOnWhichImpactChangesInAccountingPoliciesHaveOnKeyFiguresAndFinancialRatiosPreviousPeriods" xlink:label="InformationOnWhichImpactChangesInAccountingPoliciesHaveOnKeyFiguresAndFinancialRatiosPreviousPeriods" xlink:title="InformationOnWhichImpactChangesInAccountingPoliciesHaveOnKeyFiguresAndFinancialRatiosPreviousPeriods"/>
    <link:presentationArc xlink:type="arc" xlink:arcrole="http://www.xbrl.org/2003/arcrole/parent-child" xlink:from="RetrospectiveInformationFromLastFiveYearsAbstract" xlink:to="InformationOnWhichImpactChangesInAccountingPoliciesHaveOnKeyFiguresAndFinancialRatiosPreviousPeriods" xlink:title="presentation: RetrospectiveInformationFromLastFiveYearsAbstract to InformationOnWhichImpactChangesInAccountingPoliciesHaveOnKeyFiguresAndFinancialRatiosPreviousPeriods" order="5.0"/>
    <link:presentationArc xlink:type="arc" xlink:arcrole="http://www.xbrl.org/2003/arcrole/parent-child" xlink:from="RetrospectiveInformationFromLastFiveYearsAbstract" xlink:to="CommonHypercube" xlink:title="presentation: RetrospectiveInformationFromLastFiveYearsAbstract to CommonHypercube" order="6.0"/>
  </link:presentationLink>
</link:linkbase>
