<?xml version="1.0" encoding="UTF-8"?>
<!-- Generated by Fujitsu Interstage XWand B0251 -->
<?officialURI http://archprod.service.eogs.dk/taxonomy/20201001/mrv/250mrv_def.xml?>

<?taxonomy-version 1.7.0?>

<link:linkbase xmlns:xsi="http://www.w3.org/2001/XMLSchema-instance" xsi:schemaLocation="http://www.xbrl.org/2003/linkbase http://www.xbrl.org/2003/xbrl-linkbase-2003-12-31.xsd" xmlns:link="http://www.xbrl.org/2003/linkbase" xmlns:entry="http://xbrl.dcca.dk/entryBalanceSheetAccountByCurrentAndLongTermFormIncomeStatementByNature" xmlns:xlink="http://www.w3.org/1999/xlink" xmlns:xbrli="http://www.xbrl.org/2003/instance" xmlns:xbrldt="http://xbrl.org/2005/xbrldt">
  <link:roleRef roleURI="http://xbrl.dcca.dk/role/250.00/ManagementsReviewUvmReg" xlink:type="simple" xlink:href="mrv.xsd#mrv_RoleManagementsReviewUvmReg"/>
  <link:roleRef roleURI="http://xbrl.dcca.dk/role/901.01/DimensionConsolidatedSolo" xlink:type="simple" xlink:href="../cmn.xsd#cmn_RoleDimensionConsolidatedSolo"/>
  <link:roleRef roleURI="http://xbrl.dcca.dk/role/251.00/PerformanceReporting" xlink:type="simple" xlink:href="mrv.xsd#mrv_RolePerformanceReportingUvmReg"/>
  <link:arcroleRef arcroleURI="http://xbrl.org/int/dim/arcrole/all" xlink:type="simple" xlink:href="http://www.xbrl.org/2005/xbrldt-2005.xsd#all"/>
  <link:arcroleRef arcroleURI="http://xbrl.org/int/dim/arcrole/domain-member" xlink:type="simple" xlink:href="http://www.xbrl.org/2005/xbrldt-2005.xsd#domain-member"/>
  <link:arcroleRef arcroleURI="http://xbrl.org/int/dim/arcrole/hypercube-dimension" xlink:type="simple" xlink:href="http://www.xbrl.org/2005/xbrldt-2005.xsd#hypercube-dimension"/>
  <link:definitionLink xlink:type="extended" xlink:role="http://xbrl.dcca.dk/role/250.00/ManagementsReviewUvmReg">
    <link:loc xlink:type="locator" xlink:href="../cmn.xsd#cmn_CommonHypercube" xlink:label="CommonHypercube"/>
    <link:loc xlink:type="locator" xlink:href="../cmn.xsd#cmn_ConsolidatedSoloDimension" xlink:label="ConsolidatedSoloDimension"/>
    <link:definitionArc xlink:type="arc" xlink:arcrole="http://xbrl.org/int/dim/arcrole/hypercube-dimension" xlink:from="CommonHypercube" xlink:to="ConsolidatedSoloDimension" xlink:title="definition: CommonHypercube to ConsolidatedSoloDimension" order="1.0" xbrldt:targetRole="http://xbrl.dcca.dk/role/901.01/DimensionConsolidatedSolo"/>
    <link:loc xlink:type="locator" xlink:href="mrv.xsd#mrv_ManagementsReviewIncludingKeyFiguresAndFinancialRatiosAbstract" xlink:label="ManagementsReviewIncludingKeyFiguresAndFinancialRatiosAbstract" xlink:title="ManagementsReviewIncludingKeyFiguresAndFinancialRatiosAbstract"/>
    <link:loc xlink:type="locator" xlink:href="mrv.xsd#mrv_ManagementsReview" xlink:label="ManagementsReview" xlink:title="ManagementsReview"/>
    <link:definitionArc xlink:type="arc" xlink:arcrole="http://xbrl.org/int/dim/arcrole/domain-member" xlink:from="ManagementsReviewIncludingKeyFiguresAndFinancialRatiosAbstract" xlink:to="ManagementsReview" xlink:title="definition: ManagementsReviewIncludingKeyFiguresAndFinancialRatiosAbstract to ManagementsReview" order="10.0"/>
    <link:loc xlink:type="locator" xlink:href="mrv.xsd#mrv_DescriptionOfTheInstitutionUvmReg" xlink:label="DescriptionOfTheInstitutionUvmReg" xlink:title="DescriptionOfTheInstitutionUvmReg"/>
    <link:definitionArc xlink:type="arc" xlink:arcrole="http://xbrl.org/int/dim/arcrole/domain-member" xlink:from="ManagementsReview" xlink:to="DescriptionOfTheInstitutionUvmReg" xlink:title="definition: ManagementsReview to DescriptionOfTheInstitutionUvmReg" order="10.0"/>
    <link:loc xlink:type="locator" xlink:href="mrv.xsd#mrv_MissionUvmReg" xlink:label="MissionUvmReg" xlink:title="MissionUvmReg"/>
    <link:definitionArc xlink:type="arc" xlink:arcrole="http://xbrl.org/int/dim/arcrole/domain-member" xlink:from="DescriptionOfTheInstitutionUvmReg" xlink:to="MissionUvmReg" xlink:title="definition: DescriptionOfTheInstitutionUvmReg to MissionUvmReg" order="1.0"/>
    <link:loc xlink:type="locator" xlink:href="mrv.xsd#mrv_VisionUvmReg" xlink:label="VisionUvmReg" xlink:title="VisionUvmReg"/>
    <link:definitionArc xlink:type="arc" xlink:arcrole="http://xbrl.org/int/dim/arcrole/domain-member" xlink:from="DescriptionOfTheInstitutionUvmReg" xlink:to="VisionUvmReg" xlink:title="definition: DescriptionOfTheInstitutionUvmReg to VisionUvmReg" order="2.0"/>
    <link:loc xlink:type="locator" xlink:href="mrv.xsd#mrv_MainActivitiesUvmReg" xlink:label="MainActivitiesUvmReg" xlink:title="MainActivitiesUvmReg"/>
    <link:definitionArc xlink:type="arc" xlink:arcrole="http://xbrl.org/int/dim/arcrole/domain-member" xlink:from="DescriptionOfTheInstitutionUvmReg" xlink:to="MainActivitiesUvmReg" xlink:title="definition: DescriptionOfTheInstitutionUvmReg to MainActivitiesUvmReg" order="3.0"/>
    <link:loc xlink:type="locator" xlink:href="mrv.xsd#mrv_ResultsInTheReportingPeriodUvmReg" xlink:label="ResultsInTheReportingPeriodUvmReg" xlink:title="ResultsInTheReportingPeriodUvmReg"/>
    <link:definitionArc xlink:type="arc" xlink:arcrole="http://xbrl.org/int/dim/arcrole/domain-member" xlink:from="ManagementsReview" xlink:to="ResultsInTheReportingPeriodUvmReg" xlink:title="definition: ManagementsReview to ResultsInTheReportingPeriodUvmReg" order="20.0"/>
    <link:loc xlink:type="locator" xlink:href="../fsa/fsa.xsd#fsa_DisclosureOfUncertaintiesRelatingToGoingConcern" xlink:label="DisclosureOfUncertaintiesRelatingToGoingConcern" xlink:title="DisclosureOfUncertaintiesRelatingToGoingConcern"/>
    <link:definitionArc xlink:type="arc" xlink:arcrole="http://xbrl.org/int/dim/arcrole/domain-member" xlink:from="ManagementsReview" xlink:to="DisclosureOfUncertaintiesRelatingToGoingConcern" xlink:title="definition: ManagementsReview to DisclosureOfUncertaintiesRelatingToGoingConcern" order="40.0"/>
    <link:loc xlink:type="locator" xlink:href="mrv.xsd#mrv_DescriptionOfAnyUncertaintyConnectedWithRecognitionOrMeasurement" xlink:label="DescriptionOfAnyUncertaintyConnectedWithRecognitionOrMeasurement" xlink:title="DescriptionOfAnyUncertaintyConnectedWithRecognitionOrMeasurement"/>
    <link:definitionArc xlink:type="arc" xlink:arcrole="http://xbrl.org/int/dim/arcrole/domain-member" xlink:from="ManagementsReview" xlink:to="DescriptionOfAnyUncertaintyConnectedWithRecognitionOrMeasurement" xlink:title="definition: ManagementsReview to DescriptionOfAnyUncertaintyConnectedWithRecognitionOrMeasurement" order="50.0"/>
    <link:loc xlink:type="locator" xlink:href="../fsa/fsa.xsd#fsa_DisclosureOfAnyUnusualMatters" xlink:label="DisclosureOfAnyUnusualMatters" xlink:title="DisclosureOfAnyUnusualMatters"/>
    <link:definitionArc xlink:type="arc" xlink:arcrole="http://xbrl.org/int/dim/arcrole/domain-member" xlink:from="ManagementsReview" xlink:to="DisclosureOfAnyUnusualMatters" xlink:title="definition: ManagementsReview to DisclosureOfAnyUnusualMatters" order="60.0"/>
    <link:loc xlink:type="locator" xlink:href="../fsa/fsa.xsd#fsa_DisclosureOfSignificantEventsOccurringAfterEndOfReportingPeriod" xlink:label="DisclosureOfSignificantEventsOccurringAfterEndOfReportingPeriod" xlink:title="DisclosureOfSignificantEventsOccurringAfterEndOfReportingPeriod"/>
    <link:definitionArc xlink:type="arc" xlink:arcrole="http://xbrl.org/int/dim/arcrole/domain-member" xlink:from="ManagementsReview" xlink:to="DisclosureOfSignificantEventsOccurringAfterEndOfReportingPeriod" xlink:title="definition: ManagementsReview to DisclosureOfSignificantEventsOccurringAfterEndOfReportingPeriod" order="70.0"/>
    <link:loc xlink:type="locator" xlink:href="mrv.xsd#mrv_DescriptionOfExpectedDevelopmentInTheFolowingYearUvmReg" xlink:label="DescriptionOfExpectedDevelopmentInTheFolowingYearUvmReg" xlink:title="DescriptionOfExpectedDevelopmentInTheFolowingYearUvmReg"/>
    <link:definitionArc xlink:type="arc" xlink:arcrole="http://xbrl.org/int/dim/arcrole/domain-member" xlink:from="ManagementsReview" xlink:to="DescriptionOfExpectedDevelopmentInTheFolowingYearUvmReg" xlink:title="definition: ManagementsReview to DescriptionOfExpectedDevelopmentInTheFolowingYearUvmReg" order="80.0"/>
    <link:loc xlink:type="locator" xlink:href="mrv.xsd#mrv_AnnualResultIncludingKeyFiguresAndFinancialRatios" xlink:label="AnnualResultIncludingKeyFiguresAndFinancialRatios" xlink:title="AnnualResultIncludingKeyFiguresAndFinancialRatios"/>
    <link:definitionArc xlink:type="arc" xlink:arcrole="http://xbrl.org/int/dim/arcrole/domain-member" xlink:from="ManagementsReview" xlink:to="AnnualResultIncludingKeyFiguresAndFinancialRatios" xlink:title="definition: ManagementsReview to AnnualResultIncludingKeyFiguresAndFinancialRatios" order="30.0"/>
    <link:definitionArc xlink:type="arc" xlink:arcrole="http://xbrl.org/int/dim/arcrole/all" xlink:from="ManagementsReviewIncludingKeyFiguresAndFinancialRatiosAbstract" xlink:to="CommonHypercube" xlink:title="definition: ManagementsReviewIncludingKeyFiguresAndFinancialRatiosAbstract to CommonHypercube" order="99.0" xbrldt:contextElement="scenario" xbrldt:closed="true"/>
  </link:definitionLink>
  <link:definitionLink xlink:type="extended" xlink:role="http://xbrl.dcca.dk/role/251.00/PerformanceReporting">
    <link:loc xlink:type="locator" xlink:href="../cmn.xsd#cmn_CommonHypercube" xlink:label="CommonHypercube"/>
    <link:loc xlink:type="locator" xlink:href="../cmn.xsd#cmn_ConsolidatedSoloDimension" xlink:label="ConsolidatedSoloDimension"/>
    <link:definitionArc xlink:type="arc" xlink:arcrole="http://xbrl.org/int/dim/arcrole/hypercube-dimension" xlink:from="CommonHypercube" xlink:to="ConsolidatedSoloDimension" xlink:title="definition: CommonHypercube to ConsolidatedSoloDimension" order="1.0" xbrldt:targetRole="http://xbrl.dcca.dk/role/901.01/DimensionConsolidatedSolo"/>
    <link:loc xlink:type="locator" xlink:href="mrv.xsd#mrv_PerformanceReportingUvmRegAbstract" xlink:label="PerformanceReportingUvmRegAbstract" xlink:title="PerformanceReportingUvmRegAbstract"/>
    <link:loc xlink:type="locator" xlink:href="mrv.xsd#mrv_PerformanceReportingUvmReg" xlink:label="PerformanceReportingUvmReg" xlink:title="PerformanceReportingUvmReg"/>
    <link:definitionArc xlink:type="arc" xlink:arcrole="http://xbrl.org/int/dim/arcrole/domain-member" xlink:from="PerformanceReportingUvmRegAbstract" xlink:to="PerformanceReportingUvmReg" xlink:title="definition: PerformanceReportingUvmRegAbstract to PerformanceReportingUvmReg" order="1.0"/>
    <link:definitionArc xlink:type="arc" xlink:arcrole="http://xbrl.org/int/dim/arcrole/all" xlink:from="PerformanceReportingUvmRegAbstract" xlink:to="CommonHypercube" xlink:title="definition: PerformanceReportingUvmRegAbstract to CommonHypercube" order="2.0" xbrldt:contextElement="scenario" xbrldt:closed="true"/>
  </link:definitionLink>
</link:linkbase>
