<?xml version="1.0" encoding="UTF-8"?>
<!-- Generated by Fujitsu Interstage XWand B0251 -->
<?officialURI http://archprod.service.eogs.dk/taxonomy/20201001/mrv/264mrv_def.xml?>

<?taxonomy-version 1.7.0?>

<link:linkbase xmlns:xsi="http://www.w3.org/2001/XMLSchema-instance" xsi:schemaLocation="http://www.xbrl.org/2003/linkbase http://www.xbrl.org/2003/xbrl-linkbase-2003-12-31.xsd" xmlns:link="http://www.xbrl.org/2003/linkbase" xmlns:entry="http://xbrl.dcca.dk/entryBalanceSheetAccountByCurrentAndLongTermFormIncomeStatementByNature" xmlns:xlink="http://www.w3.org/1999/xlink" xmlns:xbrli="http://www.xbrl.org/2003/instance" xmlns:xbrldt="http://xbrl.org/2005/xbrldt">
  <link:roleRef roleURI="http://xbrl.dcca.dk/role/900.01/DimensionDefaultMembers" xlink:type="simple" xlink:href="../cmn.xsd#cmn_RoleDimensionDefaultMembers"/>
  <link:roleRef roleURI="http://xbrl.dcca.dk/role/902.01/DimensionRetrospectiveInformation" xlink:type="simple" xlink:href="../cmn.xsd#cmn_RoleDimensionRetrospectiveInformation"/>
  <link:roleRef roleURI="http://xbrl.dcca.dk/role/901.01/DimensionConsolidatedSolo" xlink:type="simple" xlink:href="../cmn.xsd#cmn_RoleDimensionConsolidatedSolo"/>
  <link:roleRef roleURI="http://xbrl.dcca.dk/role/264.00/KeyFiguresAndFinancialRatiosUvmSk" xlink:type="simple" xlink:href="mrv.xsd#mrv_RoleKeyFiguresAndFinancialRatiosUvmSk"/>
  <link:arcroleRef arcroleURI="http://xbrl.org/int/dim/arcrole/all" xlink:type="simple" xlink:href="http://www.xbrl.org/2005/xbrldt-2005.xsd#all"/>
  <link:arcroleRef arcroleURI="http://xbrl.org/int/dim/arcrole/domain-member" xlink:type="simple" xlink:href="http://www.xbrl.org/2005/xbrldt-2005.xsd#domain-member"/>
  <link:arcroleRef arcroleURI="http://xbrl.org/int/dim/arcrole/hypercube-dimension" xlink:type="simple" xlink:href="http://www.xbrl.org/2005/xbrldt-2005.xsd#hypercube-dimension"/>
  <link:definitionLink xlink:type="extended" xlink:role="http://xbrl.dcca.dk/role/264.00/KeyFiguresAndFinancialRatiosUvmSk">
    <link:loc xlink:type="locator" xlink:href="../cmn.xsd#cmn_CommonHypercube" xlink:label="CommonHypercube"/>
    <link:loc xlink:type="locator" xlink:href="../cmn.xsd#cmn_ConsolidatedSoloDimension" xlink:label="ConsolidatedSoloDimension"/>
    <link:definitionArc xlink:type="arc" xlink:arcrole="http://xbrl.org/int/dim/arcrole/hypercube-dimension" xlink:from="CommonHypercube" xlink:to="ConsolidatedSoloDimension" xlink:title="definition: CommonHypercube to ConsolidatedSoloDimension" order="1.0" xbrldt:targetRole="http://xbrl.dcca.dk/role/901.01/DimensionConsolidatedSolo"/>
    <link:loc xlink:type="locator" xlink:href="mrv.xsd#mrv_RetrospectiveInformationFromLastFiveYearsAbstract" xlink:label="RetrospectiveInformationFromLastFiveYearsAbstract" xlink:title="RetrospectiveInformationFromLastFiveYearsAbstract"/>
    <link:loc xlink:type="locator" xlink:href="mrv.xsd#mrv_InformationOnCalculationOfKeyFiguresAndFinancialRatios" xlink:label="InformationOnCalculationOfKeyFiguresAndFinancialRatios" xlink:title="InformationOnCalculationOfKeyFiguresAndFinancialRatios"/>
    <link:definitionArc xlink:type="arc" xlink:arcrole="http://xbrl.org/int/dim/arcrole/domain-member" xlink:from="RetrospectiveInformationFromLastFiveYearsAbstract" xlink:to="InformationOnCalculationOfKeyFiguresAndFinancialRatios" xlink:title="definition: RetrospectiveInformationFromLastFiveYearsAbstract to InformationOnCalculationOfKeyFiguresAndFinancialRatios" order="1.0"/>
    <link:loc xlink:type="locator" xlink:href="../fsa/fsa.xsd#fsa_IncomeStatementRegAbstract" xlink:label="IncomeStatementRegAbstract" xlink:title="IncomeStatementRegAbstract"/>
    <link:definitionArc xlink:type="arc" xlink:arcrole="http://xbrl.org/int/dim/arcrole/domain-member" xlink:from="InformationOnCalculationOfKeyFiguresAndFinancialRatios" xlink:to="IncomeStatementRegAbstract" xlink:title="definition: InformationOnCalculationOfKeyFiguresAndFinancialRatios to IncomeStatementRegAbstract" order="1.0"/>
    <link:loc xlink:type="locator" xlink:href="../fsa/fsa.xsd#fsa_Revenue" xlink:label="Revenue" xlink:title="Revenue"/>
    <link:definitionArc xlink:type="arc" xlink:arcrole="http://xbrl.org/int/dim/arcrole/domain-member" xlink:from="IncomeStatementRegAbstract" xlink:to="Revenue" xlink:title="definition: IncomeStatementRegAbstract to Revenue" order="1.0"/>
    <link:loc xlink:type="locator" xlink:href="../fsa/fsa.xsd#fsa_Expenses" xlink:label="Expenses" xlink:title="Expenses"/>
    <link:definitionArc xlink:type="arc" xlink:arcrole="http://xbrl.org/int/dim/arcrole/domain-member" xlink:from="IncomeStatementRegAbstract" xlink:to="Expenses" xlink:title="definition: IncomeStatementRegAbstract to Expenses" order="3.0"/>
    <link:loc xlink:type="locator" xlink:href="../dst/dst.xsd#dst_ProfitLossBeforeFinancialAndExtraordinaryItems" xlink:label="ProfitLossBeforeFinancialAndExtraordinaryItems" xlink:title="ProfitLossBeforeFinancialAndExtraordinaryItems"/>
    <link:definitionArc xlink:type="arc" xlink:arcrole="http://xbrl.org/int/dim/arcrole/domain-member" xlink:from="IncomeStatementRegAbstract" xlink:to="ProfitLossBeforeFinancialAndExtraordinaryItems" xlink:title="definition: IncomeStatementRegAbstract to ProfitLossBeforeFinancialAndExtraordinaryItems" order="4.0"/>
    <link:loc xlink:type="locator" xlink:href="../fsa/fsa.xsd#fsa_ResultsFromNetFinancials" xlink:label="ResultsFromNetFinancials" xlink:title="ResultsFromNetFinancials"/>
    <link:definitionArc xlink:type="arc" xlink:arcrole="http://xbrl.org/int/dim/arcrole/domain-member" xlink:from="IncomeStatementRegAbstract" xlink:to="ResultsFromNetFinancials" xlink:title="definition: IncomeStatementRegAbstract to ResultsFromNetFinancials" order="5.0"/>
    <link:loc xlink:type="locator" xlink:href="../fsa/fsa.xsd#fsa_ProfitLoss" xlink:label="ProfitLoss" xlink:title="ProfitLoss"/>
    <link:definitionArc xlink:type="arc" xlink:arcrole="http://xbrl.org/int/dim/arcrole/domain-member" xlink:from="IncomeStatementRegAbstract" xlink:to="ProfitLoss" xlink:title="definition: IncomeStatementRegAbstract to ProfitLoss" order="6.0"/>
    <link:loc xlink:type="locator" xlink:href="../fsa/fsa.xsd#fsa_ProfitLossExcludingSpecialItems" xlink:label="ProfitLossExcludingSpecialItems" xlink:title="ProfitLossExcludingSpecialItems"/>
    <link:definitionArc xlink:type="arc" xlink:arcrole="http://xbrl.org/int/dim/arcrole/domain-member" xlink:from="IncomeStatementRegAbstract" xlink:to="ProfitLossExcludingSpecialItems" xlink:title="definition: IncomeStatementRegAbstract to ProfitLossExcludingSpecialItems" order="7.0"/>
    <link:loc xlink:type="locator" xlink:href="../fsa/fsa.xsd#fsa_StateGrants" xlink:label="StateGrants" xlink:title="StateGrants"/>
    <link:definitionArc xlink:type="arc" xlink:arcrole="http://xbrl.org/int/dim/arcrole/domain-member" xlink:from="IncomeStatementRegAbstract" xlink:to="StateGrants" xlink:title="definition: IncomeStatementRegAbstract to StateGrants" order="2.0"/>
    <link:loc xlink:type="locator" xlink:href="../fsa/fsa.xsd#fsa_BalanceSheetUvmRegAbstract" xlink:label="BalanceSheetUvmRegAbstract" xlink:title="BalanceSheetUvmRegAbstract"/>
    <link:definitionArc xlink:type="arc" xlink:arcrole="http://xbrl.org/int/dim/arcrole/domain-member" xlink:from="InformationOnCalculationOfKeyFiguresAndFinancialRatios" xlink:to="BalanceSheetUvmRegAbstract" xlink:title="definition: InformationOnCalculationOfKeyFiguresAndFinancialRatios to BalanceSheetUvmRegAbstract" order="2.0"/>
    <link:loc xlink:type="locator" xlink:href="../fsa/fsa.xsd#fsa_Assets" xlink:label="Assets" xlink:title="Assets"/>
    <link:definitionArc xlink:type="arc" xlink:arcrole="http://xbrl.org/int/dim/arcrole/domain-member" xlink:from="BalanceSheetUvmRegAbstract" xlink:to="Assets" xlink:title="definition: BalanceSheetUvmRegAbstract to Assets" order="3.0"/>
    <link:loc xlink:type="locator" xlink:href="../fsa/fsa.xsd#fsa_NoncurrentAssets" xlink:label="NoncurrentAssets" xlink:title="NoncurrentAssets"/>
    <link:definitionArc xlink:type="arc" xlink:arcrole="http://xbrl.org/int/dim/arcrole/domain-member" xlink:from="BalanceSheetUvmRegAbstract" xlink:to="NoncurrentAssets" xlink:title="definition: BalanceSheetUvmRegAbstract to NoncurrentAssets" order="1.0"/>
    <link:loc xlink:type="locator" xlink:href="../fsa/fsa.xsd#fsa_CurrentAssets" xlink:label="CurrentAssets" xlink:title="CurrentAssets"/>
    <link:definitionArc xlink:type="arc" xlink:arcrole="http://xbrl.org/int/dim/arcrole/domain-member" xlink:from="BalanceSheetUvmRegAbstract" xlink:to="CurrentAssets" xlink:title="definition: BalanceSheetUvmRegAbstract to CurrentAssets" order="2.0"/>
    <link:loc xlink:type="locator" xlink:href="../fsa/fsa.xsd#fsa_Equity" xlink:label="Equity" xlink:title="Equity"/>
    <link:definitionArc xlink:type="arc" xlink:arcrole="http://xbrl.org/int/dim/arcrole/domain-member" xlink:from="BalanceSheetUvmRegAbstract" xlink:to="Equity" xlink:title="definition: BalanceSheetUvmRegAbstract to Equity" order="4.0"/>
    <link:loc xlink:type="locator" xlink:href="../fsa/fsa.xsd#fsa_Provisions" xlink:label="Provisions" xlink:title="Provisions"/>
    <link:definitionArc xlink:type="arc" xlink:arcrole="http://xbrl.org/int/dim/arcrole/domain-member" xlink:from="BalanceSheetUvmRegAbstract" xlink:to="Provisions" xlink:title="definition: BalanceSheetUvmRegAbstract to Provisions" order="5.0"/>
    <link:loc xlink:type="locator" xlink:href="../fsa/fsa.xsd#fsa_LongtermLiabilitiesOtherThanProvisions" xlink:label="LongtermLiabilitiesOtherThanProvisions" xlink:title="LongtermLiabilitiesOtherThanProvisions"/>
    <link:definitionArc xlink:type="arc" xlink:arcrole="http://xbrl.org/int/dim/arcrole/domain-member" xlink:from="BalanceSheetUvmRegAbstract" xlink:to="LongtermLiabilitiesOtherThanProvisions" xlink:title="definition: BalanceSheetUvmRegAbstract to LongtermLiabilitiesOtherThanProvisions" order="6.0"/>
    <link:loc xlink:type="locator" xlink:href="../fsa/fsa.xsd#fsa_ShorttermLiabilitiesOtherThanProvisions" xlink:label="ShorttermLiabilitiesOtherThanProvisions" xlink:title="ShorttermLiabilitiesOtherThanProvisions"/>
    <link:definitionArc xlink:type="arc" xlink:arcrole="http://xbrl.org/int/dim/arcrole/domain-member" xlink:from="BalanceSheetUvmRegAbstract" xlink:to="ShorttermLiabilitiesOtherThanProvisions" xlink:title="definition: BalanceSheetUvmRegAbstract to ShorttermLiabilitiesOtherThanProvisions" order="7.0"/>
    <link:loc xlink:type="locator" xlink:href="mrv.xsd#mrv_CashFlowsStatementAbstract" xlink:label="CashFlowsStatementAbstract" xlink:title="CashFlowsStatementAbstract"/>
    <link:definitionArc xlink:type="arc" xlink:arcrole="http://xbrl.org/int/dim/arcrole/domain-member" xlink:from="InformationOnCalculationOfKeyFiguresAndFinancialRatios" xlink:to="CashFlowsStatementAbstract" xlink:title="definition: InformationOnCalculationOfKeyFiguresAndFinancialRatios to CashFlowsStatementAbstract" order="3.0"/>
    <link:loc xlink:type="locator" xlink:href="../fsa/fsa.xsd#fsa_CashFlowsFromUsedInOperatingActivities" xlink:label="CashFlowsFromUsedInOperatingActivities" xlink:title="CashFlowsFromUsedInOperatingActivities"/>
    <link:definitionArc xlink:type="arc" xlink:arcrole="http://xbrl.org/int/dim/arcrole/domain-member" xlink:from="CashFlowsStatementAbstract" xlink:to="CashFlowsFromUsedInOperatingActivities" xlink:title="definition: CashFlowsStatementAbstract to CashFlowsFromUsedInOperatingActivities" order="1.0"/>
    <link:loc xlink:type="locator" xlink:href="../fsa/fsa.xsd#fsa_CashFlowsFromUsedInFinancingActivities" xlink:label="CashFlowsFromUsedInFinancingActivities" xlink:title="CashFlowsFromUsedInFinancingActivities"/>
    <link:definitionArc xlink:type="arc" xlink:arcrole="http://xbrl.org/int/dim/arcrole/domain-member" xlink:from="CashFlowsStatementAbstract" xlink:to="CashFlowsFromUsedInFinancingActivities" xlink:title="definition: CashFlowsStatementAbstract to CashFlowsFromUsedInFinancingActivities" order="3.0"/>
    <link:loc xlink:type="locator" xlink:href="../fsa/fsa.xsd#fsa_CashFlowsFromUsedInInvestingActivities" xlink:label="CashFlowsFromUsedInInvestingActivities" xlink:title="CashFlowsFromUsedInInvestingActivities"/>
    <link:definitionArc xlink:type="arc" xlink:arcrole="http://xbrl.org/int/dim/arcrole/domain-member" xlink:from="CashFlowsStatementAbstract" xlink:to="CashFlowsFromUsedInInvestingActivities" xlink:title="definition: CashFlowsStatementAbstract to CashFlowsFromUsedInInvestingActivities" order="2.0"/>
    <link:loc xlink:type="locator" xlink:href="../fsa/fsa.xsd#fsa_NetIncreaseDecreaseInCashAndCashEquivalents" xlink:label="NetIncreaseDecreaseInCashAndCashEquivalents" xlink:title="NetIncreaseDecreaseInCashAndCashEquivalents"/>
    <link:definitionArc xlink:type="arc" xlink:arcrole="http://xbrl.org/int/dim/arcrole/domain-member" xlink:from="CashFlowsStatementAbstract" xlink:to="NetIncreaseDecreaseInCashAndCashEquivalents" xlink:title="definition: CashFlowsStatementAbstract to NetIncreaseDecreaseInCashAndCashEquivalents" order="4.0"/>
    <link:loc xlink:type="locator" xlink:href="../fsa/fsa.xsd#fsa_CashAndCashEquivalentsInCachflow" xlink:label="CashAndCashEquivalentsInCachflow" xlink:title="CashAndCashEquivalentsInCachflow"/>
    <link:definitionArc xlink:type="arc" xlink:arcrole="http://xbrl.org/int/dim/arcrole/domain-member" xlink:from="CashFlowsStatementAbstract" xlink:to="CashAndCashEquivalentsInCachflow" xlink:title="definition: CashFlowsStatementAbstract to CashAndCashEquivalentsInCachflow" order="5.0"/>
    <link:loc xlink:type="locator" xlink:href="../fsa/fsa.xsd#fsa_CashAndCashEquivalentsInCachflow" xlink:label="CashAndCashEquivalentsInCachflow_2" xlink:title="CashAndCashEquivalentsInCachflow"/>
    <link:definitionArc xlink:type="arc" xlink:arcrole="http://xbrl.org/int/dim/arcrole/domain-member" xlink:from="CashFlowsStatementAbstract" xlink:to="CashAndCashEquivalentsInCachflow_2" xlink:title="definition: CashFlowsStatementAbstract to CashAndCashEquivalentsInCachflow" order="6.0"/>
    <link:loc xlink:type="locator" xlink:href="../fsa/fsa.xsd#fsa_RemaininPartOfOverdraftFacilityNotUsedEndingBalance" xlink:label="RemaininPartOfOverdraftFacilityNotUsedEndingBalance" xlink:title="RemaininPartOfOverdraftFacilityNotUsedEndingBalance"/>
    <link:definitionArc xlink:type="arc" xlink:arcrole="http://xbrl.org/int/dim/arcrole/domain-member" xlink:from="CashFlowsStatementAbstract" xlink:to="RemaininPartOfOverdraftFacilityNotUsedEndingBalance" xlink:title="definition: CashFlowsStatementAbstract to RemaininPartOfOverdraftFacilityNotUsedEndingBalance" order="9.0"/>
    <link:loc xlink:type="locator" xlink:href="../fsa/fsa.xsd#fsa_TotalLiquidityAtHand" xlink:label="TotalLiquidityAtHand" xlink:title="TotalLiquidityAtHand"/>
    <link:definitionArc xlink:type="arc" xlink:arcrole="http://xbrl.org/int/dim/arcrole/domain-member" xlink:from="CashFlowsStatementAbstract" xlink:to="TotalLiquidityAtHand" xlink:title="definition: CashFlowsStatementAbstract to TotalLiquidityAtHand" order="20.0"/>
    <link:loc xlink:type="locator" xlink:href="../fsa/fsa.xsd#fsa_RemainingPartOfConstructionCreditNotUsedEndingBalance" xlink:label="RemainingPartOfConstructionCreditNotUsedEndingBalance" xlink:title="RemainingPartOfConstructionCreditNotUsedEndingBalance"/>
    <link:definitionArc xlink:type="arc" xlink:arcrole="http://xbrl.org/int/dim/arcrole/domain-member" xlink:from="CashFlowsStatementAbstract" xlink:to="RemainingPartOfConstructionCreditNotUsedEndingBalance" xlink:title="definition: CashFlowsStatementAbstract to RemainingPartOfConstructionCreditNotUsedEndingBalance" order="11.0"/>
    <link:loc xlink:type="locator" xlink:href="../fsa/fsa.xsd#fsa_ShorttermInvestments" xlink:label="ShorttermInvestments" xlink:title="ShorttermInvestments"/>
    <link:definitionArc xlink:type="arc" xlink:arcrole="http://xbrl.org/int/dim/arcrole/domain-member" xlink:from="CashFlowsStatementAbstract" xlink:to="ShorttermInvestments" xlink:title="definition: CashFlowsStatementAbstract to ShorttermInvestments" order="12.0"/>
    <link:loc xlink:type="locator" xlink:href="../fsa/fsa.xsd#fsa_FinancialRatiosAbstract" xlink:label="FinancialRatiosAbstract" xlink:title="FinancialRatiosAbstract"/>
    <link:definitionArc xlink:type="arc" xlink:arcrole="http://xbrl.org/int/dim/arcrole/domain-member" xlink:from="InformationOnCalculationOfKeyFiguresAndFinancialRatios" xlink:to="FinancialRatiosAbstract" xlink:title="definition: InformationOnCalculationOfKeyFiguresAndFinancialRatios to FinancialRatiosAbstract" order="4.0"/>
    <link:loc xlink:type="locator" xlink:href="mrv.xsd#mrv_OperatingMargin" xlink:label="OperatingMargin" xlink:title="OperatingMargin"/>
    <link:definitionArc xlink:type="arc" xlink:arcrole="http://xbrl.org/int/dim/arcrole/domain-member" xlink:from="FinancialRatiosAbstract" xlink:to="OperatingMargin" xlink:title="definition: FinancialRatiosAbstract to OperatingMargin" order="10.0"/>
    <link:loc xlink:type="locator" xlink:href="mrv.xsd#mrv_LiquidityRatio" xlink:label="LiquidityRatio" xlink:title="LiquidityRatio"/>
    <link:definitionArc xlink:type="arc" xlink:arcrole="http://xbrl.org/int/dim/arcrole/domain-member" xlink:from="FinancialRatiosAbstract" xlink:to="LiquidityRatio" xlink:title="definition: FinancialRatiosAbstract to LiquidityRatio" order="30.0"/>
    <link:loc xlink:type="locator" xlink:href="mrv.xsd#mrv_EquityRatio" xlink:label="EquityRatio" xlink:title="EquityRatio"/>
    <link:definitionArc xlink:type="arc" xlink:arcrole="http://xbrl.org/int/dim/arcrole/domain-member" xlink:from="FinancialRatiosAbstract" xlink:to="EquityRatio" xlink:title="definition: FinancialRatiosAbstract to EquityRatio" order="40.0"/>
    <link:loc xlink:type="locator" xlink:href="mrv.xsd#mrv_FinancingRatio" xlink:label="FinancingRatio" xlink:title="FinancingRatio"/>
    <link:definitionArc xlink:type="arc" xlink:arcrole="http://xbrl.org/int/dim/arcrole/domain-member" xlink:from="FinancialRatiosAbstract" xlink:to="FinancingRatio" xlink:title="definition: FinancialRatiosAbstract to FinancingRatio" order="50.0"/>
    <link:loc xlink:type="locator" xlink:href="mrv.xsd#mrv_OperatingMarginExcludingSpecialItems" xlink:label="OperatingMarginExcludingSpecialItems" xlink:title="OperatingMarginExcludingSpecialItems"/>
    <link:definitionArc xlink:type="arc" xlink:arcrole="http://xbrl.org/int/dim/arcrole/domain-member" xlink:from="FinancialRatiosAbstract" xlink:to="OperatingMarginExcludingSpecialItems" xlink:title="definition: FinancialRatiosAbstract to OperatingMarginExcludingSpecialItems" order="20.0"/>
    <link:definitionArc xlink:type="arc" xlink:arcrole="http://xbrl.org/int/dim/arcrole/all" xlink:from="RetrospectiveInformationFromLastFiveYearsAbstract" xlink:to="CommonHypercube" xlink:title="definition: RetrospectiveInformationFromLastFiveYearsAbstract to CommonHypercube" order="2.0" xbrldt:contextElement="scenario" xbrldt:closed="true"/>
  </link:definitionLink>
</link:linkbase>
