<?xml version="1.0" encoding="UTF-8"?>
<!-- Generated by Fujitsu Interstage XWand B0251 -->
<?officialURI http://archprod.service.eogs.dk/taxonomy/20201001/mrv/269pgym_mrv_def.xml?>

<?taxonomy-version 1.7.0?>

<link:linkbase xmlns:xsi="http://www.w3.org/2001/XMLSchema-instance" xsi:schemaLocation="http://www.xbrl.org/2003/linkbase http://www.xbrl.org/2003/xbrl-linkbase-2003-12-31.xsd" xmlns:link="http://www.xbrl.org/2003/linkbase" xmlns:entry="http://xbrl.dcca.dk/entryBalanceSheetAccountByCurrentAndLongTermFormIncomeStatementByNature" xmlns:xbrldt="http://xbrl.org/2005/xbrldt" xmlns:xbrli="http://www.xbrl.org/2003/instance" xmlns:xlink="http://www.w3.org/1999/xlink">
  <link:roleRef roleURI="http://xbrl.dcca.dk/role/900.01/DimensionDefaultMembers" xlink:type="simple" xlink:href="../cmn.xsd#cmn_RoleDimensionDefaultMembers"/>
  <link:roleRef roleURI="http://xbrl.dcca.dk/role/902.01/DimensionRetrospectiveInformation" xlink:type="simple" xlink:href="../cmn.xsd#cmn_RoleDimensionRetrospectiveInformation"/>
  <link:roleRef roleURI="http://xbrl.dcca.dk/role/901.01/DimensionConsolidatedSolo" xlink:type="simple" xlink:href="../cmn.xsd#cmn_RoleDimensionConsolidatedSolo"/>
  <link:roleRef roleURI="http://xbrl.dcca.dk/role/269.00/KeyFiguresAndFinancialRatiosUvmPgym" xlink:type="simple" xlink:href="mrv.xsd#mrv_RoleKeyFiguresAndFinancialRatiosUvmPgym"/>
  <link:arcroleRef arcroleURI="http://xbrl.org/int/dim/arcrole/all" xlink:type="simple" xlink:href="http://www.xbrl.org/2005/xbrldt-2005.xsd#all"/>
  <link:arcroleRef arcroleURI="http://xbrl.org/int/dim/arcrole/domain-member" xlink:type="simple" xlink:href="http://www.xbrl.org/2005/xbrldt-2005.xsd#domain-member"/>
  <link:arcroleRef arcroleURI="http://xbrl.org/int/dim/arcrole/hypercube-dimension" xlink:type="simple" xlink:href="http://www.xbrl.org/2005/xbrldt-2005.xsd#hypercube-dimension"/>
  <link:definitionLink xlink:type="extended" xlink:role="http://xbrl.dcca.dk/role/269.00/KeyFiguresAndFinancialRatiosUvmPgym">
    <link:loc xlink:type="locator" xlink:href="../cmn.xsd#cmn_CommonHypercube" xlink:label="CommonHypercube"/>
    <link:loc xlink:type="locator" xlink:href="../cmn.xsd#cmn_ConsolidatedSoloDimension" xlink:label="ConsolidatedSoloDimension"/>
    <link:definitionArc xlink:type="arc" xlink:arcrole="http://xbrl.org/int/dim/arcrole/hypercube-dimension" xlink:from="CommonHypercube" xlink:to="ConsolidatedSoloDimension" xlink:title="definition: CommonHypercube to ConsolidatedSoloDimension" order="1.0" xbrldt:targetRole="http://xbrl.dcca.dk/role/901.01/DimensionConsolidatedSolo"/>
    <link:loc xlink:type="locator" xlink:href="mrv.xsd#mrv_RetrospectiveInformationFromLastFiveYearsAbstract" xlink:label="RetrospectiveInformationFromLastFiveYearsAbstract" xlink:title="RetrospectiveInformationFromLastFiveYearsAbstract"/>
    <link:loc xlink:type="locator" xlink:href="mrv.xsd#mrv_InformationOnCalculationOfKeyFiguresAndFinancialRatios" xlink:label="InformationOnCalculationOfKeyFiguresAndFinancialRatios" xlink:title="InformationOnCalculationOfKeyFiguresAndFinancialRatios"/>
    <link:definitionArc xlink:type="arc" xlink:arcrole="http://xbrl.org/int/dim/arcrole/domain-member" xlink:from="RetrospectiveInformationFromLastFiveYearsAbstract" xlink:to="InformationOnCalculationOfKeyFiguresAndFinancialRatios" xlink:title="definition: RetrospectiveInformationFromLastFiveYearsAbstract to InformationOnCalculationOfKeyFiguresAndFinancialRatios" order="1.0"/>
    <link:loc xlink:type="locator" xlink:href="mrv.xsd#mrv_FTEsStudentsFulltimeEducationInReportingPeriod" xlink:label="FTEsStudentsFulltimeEducationInReportingPeriod" xlink:title="FTEsStudentsFulltimeEducationInReportingPeriod"/>
    <link:definitionArc xlink:type="arc" xlink:arcrole="http://xbrl.org/int/dim/arcrole/domain-member" xlink:from="InformationOnCalculationOfKeyFiguresAndFinancialRatios" xlink:to="FTEsStudentsFulltimeEducationInReportingPeriod" xlink:title="definition: InformationOnCalculationOfKeyFiguresAndFinancialRatios to FTEsStudentsFulltimeEducationInReportingPeriod" order="1.0"/>
    <link:loc xlink:type="locator" xlink:href="mrv.xsd#mrv_FTEsStudentsSinglecourseInReportingPeriod" xlink:label="FTEsStudentsSinglecourseInReportingPeriod" xlink:title="FTEsStudentsSinglecourseInReportingPeriod"/>
    <link:definitionArc xlink:type="arc" xlink:arcrole="http://xbrl.org/int/dim/arcrole/domain-member" xlink:from="InformationOnCalculationOfKeyFiguresAndFinancialRatios" xlink:to="FTEsStudentsSinglecourseInReportingPeriod" xlink:title="definition: InformationOnCalculationOfKeyFiguresAndFinancialRatios to FTEsStudentsSinglecourseInReportingPeriod" order="2.0"/>
    <link:loc xlink:type="locator" xlink:href="mrv.xsd#mrv_FtesStudents" xlink:label="FtesStudents" xlink:title="FtesStudents"/>
    <link:definitionArc xlink:type="arc" xlink:arcrole="http://xbrl.org/int/dim/arcrole/domain-member" xlink:from="InformationOnCalculationOfKeyFiguresAndFinancialRatios" xlink:to="FtesStudents" xlink:title="definition: InformationOnCalculationOfKeyFiguresAndFinancialRatios to FtesStudents" order="3.0"/>
    <link:loc xlink:type="locator" xlink:href="mrv.xsd#mrv_DevelopmentInActivity" xlink:label="DevelopmentInActivity" xlink:title="DevelopmentInActivity"/>
    <link:definitionArc xlink:type="arc" xlink:arcrole="http://xbrl.org/int/dim/arcrole/domain-member" xlink:from="InformationOnCalculationOfKeyFiguresAndFinancialRatios" xlink:to="DevelopmentInActivity" xlink:title="definition: InformationOnCalculationOfKeyFiguresAndFinancialRatios to DevelopmentInActivity" order="4.0"/>
    <link:loc xlink:type="locator" xlink:href="mrv.xsd#mrv_FtesStudentsIncludingBoarding" xlink:label="FtesStudentsIncludingBoarding" xlink:title="FtesStudentsIncludingBoarding"/>
    <link:definitionArc xlink:type="arc" xlink:arcrole="http://xbrl.org/int/dim/arcrole/domain-member" xlink:from="InformationOnCalculationOfKeyFiguresAndFinancialRatios" xlink:to="FtesStudentsIncludingBoarding" xlink:title="definition: InformationOnCalculationOfKeyFiguresAndFinancialRatios to FtesStudentsIncludingBoarding" order="5.0"/>
    <link:loc xlink:type="locator" xlink:href="mrv.xsd#mrv_TuitionFeesPerFTEPrivateUpperSecondarySchools" xlink:label="TuitionFeesPerFTEPrivateUpperSecondarySchools" xlink:title="TuitionFeesPerFTEPrivateUpperSecondarySchools"/>
    <link:definitionArc xlink:type="arc" xlink:arcrole="http://xbrl.org/int/dim/arcrole/domain-member" xlink:from="InformationOnCalculationOfKeyFiguresAndFinancialRatios" xlink:to="TuitionFeesPerFTEPrivateUpperSecondarySchools" xlink:title="definition: InformationOnCalculationOfKeyFiguresAndFinancialRatios to TuitionFeesPerFTEPrivateUpperSecondarySchools" order="6.0"/>
    <link:loc xlink:type="locator" xlink:href="mrv.xsd#mrv_PaymentForAccommodationPerFTEStudentsPrivateUpperSecondarySchools" xlink:label="PaymentForAccommodationPerFTEStudentsPrivateUpperSecondarySchools" xlink:title="PaymentForAccommodationPerFTEStudentsPrivateUpperSecondarySchools"/>
    <link:definitionArc xlink:type="arc" xlink:arcrole="http://xbrl.org/int/dim/arcrole/domain-member" xlink:from="InformationOnCalculationOfKeyFiguresAndFinancialRatios" xlink:to="PaymentForAccommodationPerFTEStudentsPrivateUpperSecondarySchools" xlink:title="definition: InformationOnCalculationOfKeyFiguresAndFinancialRatios to PaymentForAccommodationPerFTEStudentsPrivateUpperSecondarySchools" order="7.0"/>
    <link:loc xlink:type="locator" xlink:href="mrv.xsd#mrv_FTEsEmployedTeachers" xlink:label="FTEsEmployedTeachers" xlink:title="FTEsEmployedTeachers"/>
    <link:definitionArc xlink:type="arc" xlink:arcrole="http://xbrl.org/int/dim/arcrole/domain-member" xlink:from="InformationOnCalculationOfKeyFiguresAndFinancialRatios" xlink:to="FTEsEmployedTeachers" xlink:title="definition: InformationOnCalculationOfKeyFiguresAndFinancialRatios to FTEsEmployedTeachers" order="8.0"/>
    <link:loc xlink:type="locator" xlink:href="mrv.xsd#mrv_FTEsOtherEmployee" xlink:label="FTEsOtherEmployee" xlink:title="FTEsOtherEmployee"/>
    <link:definitionArc xlink:type="arc" xlink:arcrole="http://xbrl.org/int/dim/arcrole/domain-member" xlink:from="InformationOnCalculationOfKeyFiguresAndFinancialRatios" xlink:to="FTEsOtherEmployee" xlink:title="definition: InformationOnCalculationOfKeyFiguresAndFinancialRatios to FTEsOtherEmployee" order="9.0"/>
    <link:loc xlink:type="locator" xlink:href="../fsa/fsa.xsd#fsa_FTEsInclEmployeesOnSpecialTerms" xlink:label="FTEsInclEmployeesOnSpecialTerms" xlink:title="FTEsInclEmployeesOnSpecialTerms"/>
    <link:definitionArc xlink:type="arc" xlink:arcrole="http://xbrl.org/int/dim/arcrole/domain-member" xlink:from="InformationOnCalculationOfKeyFiguresAndFinancialRatios" xlink:to="FTEsInclEmployeesOnSpecialTerms" xlink:title="definition: InformationOnCalculationOfKeyFiguresAndFinancialRatios to FTEsInclEmployeesOnSpecialTerms" order="10.0"/>
    <link:loc xlink:type="locator" xlink:href="../fsa/fsa.xsd#fsa_ShareOfEmployeesOnSpecialTerms" xlink:label="ShareOfEmployeesOnSpecialTerms" xlink:title="ShareOfEmployeesOnSpecialTerms"/>
    <link:definitionArc xlink:type="arc" xlink:arcrole="http://xbrl.org/int/dim/arcrole/domain-member" xlink:from="InformationOnCalculationOfKeyFiguresAndFinancialRatios" xlink:to="ShareOfEmployeesOnSpecialTerms" xlink:title="definition: InformationOnCalculationOfKeyFiguresAndFinancialRatios to ShareOfEmployeesOnSpecialTerms" order="11.0"/>
    <link:loc xlink:type="locator" xlink:href="mrv.xsd#mrv_FTEStudentsPerFTEsEmployedTeachers" xlink:label="FTEStudentsPerFTEsEmployedTeachers" xlink:title="FTEStudentsPerFTEsEmployedTeachers"/>
    <link:definitionArc xlink:type="arc" xlink:arcrole="http://xbrl.org/int/dim/arcrole/domain-member" xlink:from="InformationOnCalculationOfKeyFiguresAndFinancialRatios" xlink:to="FTEStudentsPerFTEsEmployedTeachers" xlink:title="definition: InformationOnCalculationOfKeyFiguresAndFinancialRatios to FTEStudentsPerFTEsEmployedTeachers" order="12.0"/>
    <link:loc xlink:type="locator" xlink:href="mrv.xsd#mrv_FTEsEmployeeRecievingWagesDirectFromMunicipality" xlink:label="FTEsEmployeeRecievingWagesDirectFromMunicipality" xlink:title="FTEsEmployeeRecievingWagesDirectFromMunicipality"/>
    <link:definitionArc xlink:type="arc" xlink:arcrole="http://xbrl.org/int/dim/arcrole/domain-member" xlink:from="InformationOnCalculationOfKeyFiguresAndFinancialRatios" xlink:to="FTEsEmployeeRecievingWagesDirectFromMunicipality" xlink:title="definition: InformationOnCalculationOfKeyFiguresAndFinancialRatios to FTEsEmployeeRecievingWagesDirectFromMunicipality" order="13.0"/>
    <link:loc xlink:type="locator" xlink:href="mrv.xsd#mrv_WagesAndSalariesExpensesConductionEducationPerFTEsStudents" xlink:label="WagesAndSalariesExpensesConductionEducationPerFTEsStudents" xlink:title="WagesAndSalariesExpensesConductionEducationPerFTEsStudents"/>
    <link:definitionArc xlink:type="arc" xlink:arcrole="http://xbrl.org/int/dim/arcrole/domain-member" xlink:from="InformationOnCalculationOfKeyFiguresAndFinancialRatios" xlink:to="WagesAndSalariesExpensesConductionEducationPerFTEsStudents" xlink:title="definition: InformationOnCalculationOfKeyFiguresAndFinancialRatios to WagesAndSalariesExpensesConductionEducationPerFTEsStudents" order="14.0"/>
    <link:loc xlink:type="locator" xlink:href="mrv.xsd#mrv_OtherWagesAndSalariesExpensesPerFtesStudents" xlink:label="OtherWagesAndSalariesExpensesPerFtesStudents" xlink:title="OtherWagesAndSalariesExpensesPerFtesStudents"/>
    <link:definitionArc xlink:type="arc" xlink:arcrole="http://xbrl.org/int/dim/arcrole/domain-member" xlink:from="InformationOnCalculationOfKeyFiguresAndFinancialRatios" xlink:to="OtherWagesAndSalariesExpensesPerFtesStudents" xlink:title="definition: InformationOnCalculationOfKeyFiguresAndFinancialRatios to OtherWagesAndSalariesExpensesPerFtesStudents" order="15.0"/>
    <link:loc xlink:type="locator" xlink:href="mrv.xsd#mrv_WagesAndSalariesExpensesPerFtesStudents" xlink:label="WagesAndSalariesExpensesPerFtesStudents" xlink:title="WagesAndSalariesExpensesPerFtesStudents"/>
    <link:definitionArc xlink:type="arc" xlink:arcrole="http://xbrl.org/int/dim/arcrole/domain-member" xlink:from="InformationOnCalculationOfKeyFiguresAndFinancialRatios" xlink:to="WagesAndSalariesExpensesPerFtesStudents" xlink:title="definition: InformationOnCalculationOfKeyFiguresAndFinancialRatios to WagesAndSalariesExpensesPerFtesStudents" order="16.0"/>
    <link:loc xlink:type="locator" xlink:href="mrv.xsd#mrv_ConductionOfEducationExpensesPerFTEsStudents" xlink:label="ConductionOfEducationExpensesPerFTEsStudents" xlink:title="ConductionOfEducationExpensesPerFTEsStudents"/>
    <link:definitionArc xlink:type="arc" xlink:arcrole="http://xbrl.org/int/dim/arcrole/domain-member" xlink:from="InformationOnCalculationOfKeyFiguresAndFinancialRatios" xlink:to="ConductionOfEducationExpensesPerFTEsStudents" xlink:title="definition: InformationOnCalculationOfKeyFiguresAndFinancialRatios to ConductionOfEducationExpensesPerFTEsStudents" order="17.0"/>
    <link:loc xlink:type="locator" xlink:href="mrv.xsd#mrv_PropertyExpensesPerFTEsStudents" xlink:label="PropertyExpensesPerFTEsStudents" xlink:title="PropertyExpensesPerFTEsStudents"/>
    <link:definitionArc xlink:type="arc" xlink:arcrole="http://xbrl.org/int/dim/arcrole/domain-member" xlink:from="InformationOnCalculationOfKeyFiguresAndFinancialRatios" xlink:to="PropertyExpensesPerFTEsStudents" xlink:title="definition: InformationOnCalculationOfKeyFiguresAndFinancialRatios to PropertyExpensesPerFTEsStudents" order="18.0"/>
    <link:loc xlink:type="locator" xlink:href="mrv.xsd#mrv_BoardingExpensesPerFTEsStudents" xlink:label="BoardingExpensesPerFTEsStudents" xlink:title="BoardingExpensesPerFTEsStudents"/>
    <link:definitionArc xlink:type="arc" xlink:arcrole="http://xbrl.org/int/dim/arcrole/domain-member" xlink:from="InformationOnCalculationOfKeyFiguresAndFinancialRatios" xlink:to="BoardingExpensesPerFTEsStudents" xlink:title="definition: InformationOnCalculationOfKeyFiguresAndFinancialRatios to BoardingExpensesPerFTEsStudents" order="19.0"/>
    <link:loc xlink:type="locator" xlink:href="mrv.xsd#mrv_AdministrationEspensesPerFTEsStudents" xlink:label="AdministrationEspensesPerFTEsStudents" xlink:title="AdministrationEspensesPerFTEsStudents"/>
    <link:definitionArc xlink:type="arc" xlink:arcrole="http://xbrl.org/int/dim/arcrole/domain-member" xlink:from="InformationOnCalculationOfKeyFiguresAndFinancialRatios" xlink:to="AdministrationEspensesPerFTEsStudents" xlink:title="definition: InformationOnCalculationOfKeyFiguresAndFinancialRatios to AdministrationEspensesPerFTEsStudents" order="20.0"/>
    <link:loc xlink:type="locator" xlink:href="mrv.xsd#mrv_TotalExpensesExcludingBoardingPerFTEsStudents" xlink:label="TotalExpensesExcludingBoardingPerFTEsStudents" xlink:title="TotalExpensesExcludingBoardingPerFTEsStudents"/>
    <link:definitionArc xlink:type="arc" xlink:arcrole="http://xbrl.org/int/dim/arcrole/domain-member" xlink:from="InformationOnCalculationOfKeyFiguresAndFinancialRatios" xlink:to="TotalExpensesExcludingBoardingPerFTEsStudents" xlink:title="definition: InformationOnCalculationOfKeyFiguresAndFinancialRatios to TotalExpensesExcludingBoardingPerFTEsStudents" order="21.0"/>
    <link:definitionArc xlink:type="arc" xlink:arcrole="http://xbrl.org/int/dim/arcrole/all" xlink:from="RetrospectiveInformationFromLastFiveYearsAbstract" xlink:to="CommonHypercube" xlink:title="definition: RetrospectiveInformationFromLastFiveYearsAbstract to CommonHypercube" order="10.0" xbrldt:contextElement="scenario" xbrldt:closed="true"/>
    <link:loc xlink:type="locator" xlink:href="mrv.xsd#mrv_DescriptionOfPrimaryActivitiesOfEntity" xlink:label="DescriptionOfPrimaryActivitiesOfEntity" xlink:title="DescriptionOfPrimaryActivitiesOfEntity"/>
    <link:definitionArc xlink:type="arc" xlink:arcrole="http://xbrl.org/int/dim/arcrole/domain-member" xlink:from="RetrospectiveInformationFromLastFiveYearsAbstract" xlink:to="DescriptionOfPrimaryActivitiesOfEntity" xlink:title="definition: RetrospectiveInformationFromLastFiveYearsAbstract to DescriptionOfPrimaryActivitiesOfEntity" order="2.0"/>
    <link:loc xlink:type="locator" xlink:href="mrv.xsd#mrv_AnnualResultIncludingKeyFiguresAndFinancialRatios" xlink:label="AnnualResultIncludingKeyFiguresAndFinancialRatios" xlink:title="AnnualResultIncludingKeyFiguresAndFinancialRatios"/>
    <link:definitionArc xlink:type="arc" xlink:arcrole="http://xbrl.org/int/dim/arcrole/domain-member" xlink:from="RetrospectiveInformationFromLastFiveYearsAbstract" xlink:to="AnnualResultIncludingKeyFiguresAndFinancialRatios" xlink:title="definition: RetrospectiveInformationFromLastFiveYearsAbstract to AnnualResultIncludingKeyFiguresAndFinancialRatios" order="3.0"/>
    <link:loc xlink:type="locator" xlink:href="../fsa/fsa.xsd#fsa_DisclosureOfUncertaintiesRelatingToGoingConcern" xlink:label="DisclosureOfUncertaintiesRelatingToGoingConcern" xlink:title="DisclosureOfUncertaintiesRelatingToGoingConcern"/>
    <link:definitionArc xlink:type="arc" xlink:arcrole="http://xbrl.org/int/dim/arcrole/domain-member" xlink:from="RetrospectiveInformationFromLastFiveYearsAbstract" xlink:to="DisclosureOfUncertaintiesRelatingToGoingConcern" xlink:title="definition: RetrospectiveInformationFromLastFiveYearsAbstract to DisclosureOfUncertaintiesRelatingToGoingConcern" order="4.0"/>
    <link:loc xlink:type="locator" xlink:href="mrv.xsd#mrv_DescriptionOfAnyUncertaintyConnectedWithRecognitionOrMeasurement" xlink:label="DescriptionOfAnyUncertaintyConnectedWithRecognitionOrMeasurement" xlink:title="DescriptionOfAnyUncertaintyConnectedWithRecognitionOrMeasurement"/>
    <link:definitionArc xlink:type="arc" xlink:arcrole="http://xbrl.org/int/dim/arcrole/domain-member" xlink:from="RetrospectiveInformationFromLastFiveYearsAbstract" xlink:to="DescriptionOfAnyUncertaintyConnectedWithRecognitionOrMeasurement" xlink:title="definition: RetrospectiveInformationFromLastFiveYearsAbstract to DescriptionOfAnyUncertaintyConnectedWithRecognitionOrMeasurement" order="5.0"/>
    <link:loc xlink:type="locator" xlink:href="../fsa/fsa.xsd#fsa_DisclosureOfAnyUnusualMatters" xlink:label="DisclosureOfAnyUnusualMatters" xlink:title="DisclosureOfAnyUnusualMatters"/>
    <link:definitionArc xlink:type="arc" xlink:arcrole="http://xbrl.org/int/dim/arcrole/domain-member" xlink:from="RetrospectiveInformationFromLastFiveYearsAbstract" xlink:to="DisclosureOfAnyUnusualMatters" xlink:title="definition: RetrospectiveInformationFromLastFiveYearsAbstract to DisclosureOfAnyUnusualMatters" order="6.0"/>
    <link:loc xlink:type="locator" xlink:href="../fsa/fsa.xsd#fsa_DisclosureOfSignificantEventsOccurringAfterEndOfReportingPeriod" xlink:label="DisclosureOfSignificantEventsOccurringAfterEndOfReportingPeriod" xlink:title="DisclosureOfSignificantEventsOccurringAfterEndOfReportingPeriod"/>
    <link:definitionArc xlink:type="arc" xlink:arcrole="http://xbrl.org/int/dim/arcrole/domain-member" xlink:from="RetrospectiveInformationFromLastFiveYearsAbstract" xlink:to="DisclosureOfSignificantEventsOccurringAfterEndOfReportingPeriod" xlink:title="definition: RetrospectiveInformationFromLastFiveYearsAbstract to DisclosureOfSignificantEventsOccurringAfterEndOfReportingPeriod" order="7.0"/>
    <link:loc xlink:type="locator" xlink:href="mrv.xsd#mrv_DescriptionOfExpectedDevelopmentInTheFolowingYearUvmReg" xlink:label="DescriptionOfExpectedDevelopmentInTheFolowingYearUvmReg" xlink:title="DescriptionOfExpectedDevelopmentInTheFolowingYearUvmReg"/>
    <link:definitionArc xlink:type="arc" xlink:arcrole="http://xbrl.org/int/dim/arcrole/domain-member" xlink:from="RetrospectiveInformationFromLastFiveYearsAbstract" xlink:to="DescriptionOfExpectedDevelopmentInTheFolowingYearUvmReg" xlink:title="definition: RetrospectiveInformationFromLastFiveYearsAbstract to DescriptionOfExpectedDevelopmentInTheFolowingYearUvmReg" order="8.0"/>
    <link:loc xlink:type="locator" xlink:href="mrv.xsd#mrv_SignificantFinancialRelationWithOtherInstitutionsRecievingPublicGrants" xlink:label="SignificantFinancialRelationWithOtherInstitutionsRecievingPublicGrants" xlink:title="SignificantFinancialRelationWithOtherInstitutionsRecievingPublicGrants"/>
    <link:definitionArc xlink:type="arc" xlink:arcrole="http://xbrl.org/int/dim/arcrole/domain-member" xlink:from="RetrospectiveInformationFromLastFiveYearsAbstract" xlink:to="SignificantFinancialRelationWithOtherInstitutionsRecievingPublicGrants" xlink:title="definition: RetrospectiveInformationFromLastFiveYearsAbstract to SignificantFinancialRelationWithOtherInstitutionsRecievingPublicGrants" order="9.0"/>
  </link:definitionLink>
</link:linkbase>
