<?xml version="1.0" encoding="UTF-8"?>
<!-- Generated by Fujitsu Interstage XWand B0251 -->
<?officialURI http://archprod.service.eogs.dk/taxonomy/20201001/mrv/mrv-lab-ar.xml?>

<?taxonomy-version 1.7.0?>

<link:linkbase xmlns:xsi="http://www.w3.org/2001/XMLSchema-instance" xsi:schemaLocation="http://www.xbrl.org/2003/linkbase http://www.xbrl.org/2003/xbrl-linkbase-2003-12-31.xsd" xmlns:link="http://www.xbrl.org/2003/linkbase" xmlns:xlink="http://www.w3.org/1999/xlink" xmlns:xbrli="http://www.xbrl.org/2003/instance">
  <link:labelLink xlink:type="extended" xlink:role="http://www.xbrl.org/2003/role/link">
    <link:loc xlink:type="locator" xlink:href="mrv.xsd#mrv_DescriptionOfAnyUncertaintyConnectedWithRecognitionOrMeasurement" xlink:label="DescriptionOfAnyUncertaintyConnectedWithRecognitionOrMeasurement" xlink:title="DescriptionOfAnyUncertaintyConnectedWithRecognitionOrMeasurement"/>
    <link:label xlink:type="resource" xlink:label="label_DescriptionOfAnyUncertaintyConnectedWithRecognitionOrMeasurement" xlink:role="http://www.xbrl.org/2003/role/label" xlink:title="label_DescriptionOfAnyUncertaintyConnectedWithRecognitionOrMeasurement" xml:lang="ar" id="label_DescriptionOfAnyUncertaintyConnectedWithRecognitionOrMeasurement">وصف أية شكوك  ذات صلة بالاعتراف أو القياس مع أصول المحاسبة المقبولة</link:label>
    <link:labelArc xlink:type="arc" xlink:arcrole="http://www.xbrl.org/2003/arcrole/concept-label" xlink:from="DescriptionOfAnyUncertaintyConnectedWithRecognitionOrMeasurement" xlink:to="label_DescriptionOfAnyUncertaintyConnectedWithRecognitionOrMeasurement" xlink:title="label: DescriptionOfAnyUncertaintyConnectedWithRecognitionOrMeasurement to label_DescriptionOfAnyUncertaintyConnectedWithRecognitionOrMeasurement"/>
    <link:loc xlink:type="locator" xlink:href="mrv.xsd#mrv_DescriptionOfAnyUnusualMattersAffectingRecognitionOrMeasurement" xlink:label="DescriptionOfAnyUnusualMattersAffectingRecognitionOrMeasurement" xlink:title="DescriptionOfAnyUnusualMattersAffectingRecognitionOrMeasurement"/>
    <link:label xlink:type="resource" xlink:label="label_DescriptionOfAnyUnusualMattersAffectingRecognitionOrMeasurement" xlink:role="http://www.xbrl.org/2003/role/label" xlink:title="label_DescriptionOfAnyUnusualMattersAffectingRecognitionOrMeasurement" xml:lang="ar" id="label_DescriptionOfAnyUnusualMattersAffectingRecognitionOrMeasurement">وصف لأية ظروف استثنائية أثرت على الاعتراف والقياس مع أصول المحاسبة المقبولة</link:label>
    <link:labelArc xlink:type="arc" xlink:arcrole="http://www.xbrl.org/2003/arcrole/concept-label" xlink:from="DescriptionOfAnyUnusualMattersAffectingRecognitionOrMeasurement" xlink:to="label_DescriptionOfAnyUnusualMattersAffectingRecognitionOrMeasurement" xlink:title="label: DescriptionOfAnyUnusualMattersAffectingRecognitionOrMeasurement to label_DescriptionOfAnyUnusualMattersAffectingRecognitionOrMeasurement"/>
    <link:loc xlink:type="locator" xlink:href="mrv.xsd#mrv_DescriptionOfAssessmentOfAchievedResultsOfWorkWithCommunity" xlink:label="DescriptionOfAssessmentOfAchievedResultsOfWorkWithCommunity" xlink:title="DescriptionOfAssessmentOfAchievedResultsOfWorkWithCommunity"/>
    <link:label xlink:type="resource" xlink:label="label_DescriptionOfAssessmentOfAchievedResultsOfWorkWithCommunity" xlink:role="http://www.xbrl.org/2003/role/label" xlink:title="label_DescriptionOfAssessmentOfAchievedResultsOfWorkWithCommunity" xml:lang="ar" id="label_DescriptionOfAssessmentOfAchievedResultsOfWorkWithCommunity">وصف تقييم النتائج التي حققتها الاضلاع في المسؤولية الاجتماعية للشركة</link:label>
    <link:labelArc xlink:type="arc" xlink:arcrole="http://www.xbrl.org/2003/arcrole/concept-label" xlink:from="DescriptionOfAssessmentOfAchievedResultsOfWorkWithCommunity" xlink:to="label_DescriptionOfAssessmentOfAchievedResultsOfWorkWithCommunity" xlink:title="label: DescriptionOfAssessmentOfAchievedResultsOfWorkWithCommunity to label_DescriptionOfAssessmentOfAchievedResultsOfWorkWithCommunity"/>
    <link:loc xlink:type="locator" xlink:href="mrv.xsd#mrv_DescriptionOfAssumedSpecificPrerequisitesAndUncertainFactorsForAssessmentOfExpectedDevelopment" xlink:label="DescriptionOfAssumedSpecificPrerequisitesAndUncertainFactorsForAssessmentOfExpectedDevelopment" xlink:title="DescriptionOfAssumedSpecificPrerequisitesAndUncertainFactorsForAssessmentOfExpectedDevelopment"/>
    <link:label xlink:type="resource" xlink:label="label_DescriptionOfAssumedSpecificPrerequisitesAndUncertainFactorsForAssessmentOfExpectedDevelopment" xlink:role="http://www.xbrl.org/2003/role/label" xlink:title="label_DescriptionOfAssumedSpecificPrerequisitesAndUncertainFactorsForAssessmentOfExpectedDevelopment" xml:lang="ar" id="label_DescriptionOfAssumedSpecificPrerequisitesAndUncertainFactorsForAssessmentOfExpectedDevelopment">وصف المتطلبات المحددة المفترضة والعوامل المشكوك بها من أجل تقييم التطوير المنتظر</link:label>
    <link:labelArc xlink:type="arc" xlink:arcrole="http://www.xbrl.org/2003/arcrole/concept-label" xlink:from="DescriptionOfAssumedSpecificPrerequisitesAndUncertainFactorsForAssessmentOfExpectedDevelopment" xlink:to="label_DescriptionOfAssumedSpecificPrerequisitesAndUncertainFactorsForAssessmentOfExpectedDevelopment" xlink:title="label: DescriptionOfAssumedSpecificPrerequisitesAndUncertainFactorsForAssessmentOfExpectedDevelopment to label_DescriptionOfAssumedSpecificPrerequisitesAndUncertainFactorsForAssessmentOfExpectedDevelopment"/>
    <link:loc xlink:type="locator" xlink:href="mrv.xsd#mrv_DescriptionOfBranchesAbroad" xlink:label="DescriptionOfBranchesAbroad" xlink:title="DescriptionOfBranchesAbroad"/>
    <link:label xlink:type="resource" xlink:label="label_DescriptionOfBranchesAbroad" xlink:role="http://www.xbrl.org/2003/role/label" xlink:title="label_DescriptionOfBranchesAbroad" xml:lang="ar" id="label_DescriptionOfBranchesAbroad">وصف للفروع الموجودة في الخارج</link:label>
    <link:labelArc xlink:type="arc" xlink:arcrole="http://www.xbrl.org/2003/arcrole/concept-label" xlink:from="DescriptionOfBranchesAbroad" xlink:to="label_DescriptionOfBranchesAbroad" xlink:title="label: DescriptionOfBranchesAbroad to label_DescriptionOfBranchesAbroad"/>
    <link:loc xlink:type="locator" xlink:href="mrv.xsd#mrv_DescriptionOfDevelopmentInActivitiesAndFinancialAffairs" xlink:label="DescriptionOfDevelopmentInActivitiesAndFinancialAffairs" xlink:title="DescriptionOfDevelopmentInActivitiesAndFinancialAffairs"/>
    <link:label xlink:type="resource" xlink:label="label_DescriptionOfDevelopmentInActivitiesAndFinancialAffairs" xlink:role="http://www.xbrl.org/2003/role/label" xlink:title="label_DescriptionOfDevelopmentInActivitiesAndFinancialAffairs" xml:lang="ar" id="label_DescriptionOfDevelopmentInActivitiesAndFinancialAffairs">وصف لتطوير النشاطات والشؤون المالية</link:label>
    <link:labelArc xlink:type="arc" xlink:arcrole="http://www.xbrl.org/2003/arcrole/concept-label" xlink:from="DescriptionOfDevelopmentInActivitiesAndFinancialAffairs" xlink:to="label_DescriptionOfDevelopmentInActivitiesAndFinancialAffairs" xlink:title="label: DescriptionOfDevelopmentInActivitiesAndFinancialAffairs to label_DescriptionOfDevelopmentInActivitiesAndFinancialAffairs"/>
    <link:loc xlink:type="locator" xlink:href="mrv.xsd#mrv_DescriptionOfEmployeeMatters" xlink:label="DescriptionOfEmployeeMatters" xlink:title="DescriptionOfEmployeeMatters"/>
    <link:label xlink:type="resource" xlink:label="label_DescriptionOfEmployeeMatters" xlink:role="http://www.xbrl.org/2003/role/label" xlink:title="label_DescriptionOfEmployeeMatters" xml:lang="ar" id="label_DescriptionOfEmployeeMatters">وصف لشؤون الموظفين</link:label>
    <link:labelArc xlink:type="arc" xlink:arcrole="http://www.xbrl.org/2003/arcrole/concept-label" xlink:from="DescriptionOfEmployeeMatters" xlink:to="label_DescriptionOfEmployeeMatters" xlink:title="label: DescriptionOfEmployeeMatters to label_DescriptionOfEmployeeMatters"/>
    <link:loc xlink:type="locator" xlink:href="mrv.xsd#mrv_DescriptionOfExpectationsForFutureWorkWithCommunity" xlink:label="DescriptionOfExpectationsForFutureWorkWithCommunity" xlink:title="DescriptionOfExpectationsForFutureWorkWithCommunity"/>
    <link:label xlink:type="resource" xlink:label="label_DescriptionOfExpectationsForFutureWorkWithCommunity" xlink:role="http://www.xbrl.org/2003/role/label" xlink:title="label_DescriptionOfExpectationsForFutureWorkWithCommunity" xml:lang="ar" id="label_DescriptionOfExpectationsForFutureWorkWithCommunity">وصف للتوقعات المستقبلية في الانخراط في المسؤولية الاجتماعية للشركة</link:label>
    <link:labelArc xlink:type="arc" xlink:arcrole="http://www.xbrl.org/2003/arcrole/concept-label" xlink:from="DescriptionOfExpectationsForFutureWorkWithCommunity" xlink:to="label_DescriptionOfExpectationsForFutureWorkWithCommunity" xlink:title="label: DescriptionOfExpectationsForFutureWorkWithCommunity to label_DescriptionOfExpectationsForFutureWorkWithCommunity"/>
    <link:loc xlink:type="locator" xlink:href="mrv.xsd#mrv_DescriptionOfExpectedDevelopment" xlink:label="DescriptionOfExpectedDevelopment" xlink:title="DescriptionOfExpectedDevelopment"/>
    <link:label xlink:type="resource" xlink:label="label_DescriptionOfExpectedDevelopment" xlink:role="http://www.xbrl.org/2003/role/label" xlink:title="label_DescriptionOfExpectedDevelopment" xml:lang="ar" id="label_DescriptionOfExpectedDevelopment">وصف التطوير المنتظر</link:label>
    <link:labelArc xlink:type="arc" xlink:arcrole="http://www.xbrl.org/2003/arcrole/concept-label" xlink:from="DescriptionOfExpectedDevelopment" xlink:to="label_DescriptionOfExpectedDevelopment" xlink:title="label: DescriptionOfExpectedDevelopment to label_DescriptionOfExpectedDevelopment"/>
    <link:loc xlink:type="locator" xlink:href="mrv.xsd#mrv_DescriptionOfImpactOnExternalEnvironmentAndMeasuresOfPreventingReducingOrMitigatingDamage" xlink:label="DescriptionOfImpactOnExternalEnvironmentAndMeasuresOfPreventingReducingOrMitigatingDamage" xlink:title="DescriptionOfImpactOnExternalEnvironmentAndMeasuresOfPreventingReducingOrMitigatingDamage"/>
    <link:label xlink:type="resource" xlink:label="label_DescriptionOfImpactOnExternalEnvironmentAndMeasuresOfPreventingReducingOrMitigatingDamage" xlink:role="http://www.xbrl.org/2003/role/label" xlink:title="label_DescriptionOfImpactOnExternalEnvironmentAndMeasuresOfPreventingReducingOrMitigatingDamage" xml:lang="ar" id="label_DescriptionOfImpactOnExternalEnvironmentAndMeasuresOfPreventingReducingOrMitigatingDamage">وصف الأثر على البيئة الخارجية وإجراءات درء أو تقليل أو تخفيف ضرر</link:label>
    <link:labelArc xlink:type="arc" xlink:arcrole="http://www.xbrl.org/2003/arcrole/concept-label" xlink:from="DescriptionOfImpactOnExternalEnvironmentAndMeasuresOfPreventingReducingOrMitigatingDamage" xlink:to="label_DescriptionOfImpactOnExternalEnvironmentAndMeasuresOfPreventingReducingOrMitigatingDamage" xlink:title="label: DescriptionOfImpactOnExternalEnvironmentAndMeasuresOfPreventingReducingOrMitigatingDamage to label_DescriptionOfImpactOnExternalEnvironmentAndMeasuresOfPreventingReducingOrMitigatingDamage"/>
    <link:loc xlink:type="locator" xlink:href="mrv.xsd#mrv_DescriptionOfKeyFiguresAndFinancialRatios" xlink:label="DescriptionOfKeyFiguresAndFinancialRatios" xlink:title="DescriptionOfKeyFiguresAndFinancialRatios"/>
    <link:label xlink:type="resource" xlink:label="label_DescriptionOfKeyFiguresAndFinancialRatios" xlink:role="http://www.xbrl.org/2003/role/label" xlink:title="label_DescriptionOfKeyFiguresAndFinancialRatios" xml:lang="ar" id="label_DescriptionOfKeyFiguresAndFinancialRatios">وصف الأرقام الرئيسية والنسب المالية</link:label>
    <link:labelArc xlink:type="arc" xlink:arcrole="http://www.xbrl.org/2003/arcrole/concept-label" xlink:from="DescriptionOfKeyFiguresAndFinancialRatios" xlink:to="label_DescriptionOfKeyFiguresAndFinancialRatios" xlink:title="label: DescriptionOfKeyFiguresAndFinancialRatios to label_DescriptionOfKeyFiguresAndFinancialRatios"/>
    <link:loc xlink:type="locator" xlink:href="mrv.xsd#mrv_DescriptionOfKnowledgeResources" xlink:label="DescriptionOfKnowledgeResources" xlink:title="DescriptionOfKnowledgeResources"/>
    <link:label xlink:type="resource" xlink:label="label_DescriptionOfKnowledgeResources" xlink:role="http://www.xbrl.org/2003/role/label" xlink:title="label_DescriptionOfKnowledgeResources" xml:lang="ar" id="label_DescriptionOfKnowledgeResources">وصف مصادر المعرفة</link:label>
    <link:labelArc xlink:type="arc" xlink:arcrole="http://www.xbrl.org/2003/arcrole/concept-label" xlink:from="DescriptionOfKnowledgeResources" xlink:to="label_DescriptionOfKnowledgeResources" xlink:title="label: DescriptionOfKnowledgeResources to label_DescriptionOfKnowledgeResources"/>
    <link:loc xlink:type="locator" xlink:href="mrv.xsd#mrv_DescriptionOfMethodsAndMeasurementBasisUsedForPreparationOfSupplementaryReports" xlink:label="DescriptionOfMethodsAndMeasurementBasisUsedForPreparationOfSupplementaryReports" xlink:title="DescriptionOfMethodsAndMeasurementBasisUsedForPreparationOfSupplementaryReports"/>
    <link:label xlink:type="resource" xlink:label="label_DescriptionOfMethodsAndMeasurementBasisUsedForPreparationOfSupplementaryReports" xlink:role="http://www.xbrl.org/2003/role/label" xlink:title="label_DescriptionOfMethodsAndMeasurementBasisUsedForPreparationOfSupplementaryReports" xml:lang="ar" id="label_DescriptionOfMethodsAndMeasurementBasisUsedForPreparationOfSupplementaryReports">وصف طرق القياس المستعملة في تحضير التقارير الإضافية</link:label>
    <link:labelArc xlink:type="arc" xlink:arcrole="http://www.xbrl.org/2003/arcrole/concept-label" xlink:from="DescriptionOfMethodsAndMeasurementBasisUsedForPreparationOfSupplementaryReports" xlink:to="label_DescriptionOfMethodsAndMeasurementBasisUsedForPreparationOfSupplementaryReports" xlink:title="label: DescriptionOfMethodsAndMeasurementBasisUsedForPreparationOfSupplementaryReports to label_DescriptionOfMethodsAndMeasurementBasisUsedForPreparationOfSupplementaryReports"/>
    <link:loc xlink:type="locator" xlink:href="mrv.xsd#mrv_DescriptionOfNetProfitRelationToExpectedDevelopmentAssumedInPreviousReport" xlink:label="DescriptionOfNetProfitRelationToExpectedDevelopmentAssumedInPreviousReport" xlink:title="DescriptionOfNetProfitRelationToExpectedDevelopmentAssumedInPreviousReport"/>
    <link:label xlink:type="resource" xlink:label="label_DescriptionOfNetProfitRelationToExpectedDevelopmentAssumedInPreviousReport" xlink:role="http://www.xbrl.org/2003/role/label" xlink:title="label_DescriptionOfNetProfitRelationToExpectedDevelopmentAssumedInPreviousReport" xml:lang="ar" id="label_DescriptionOfNetProfitRelationToExpectedDevelopmentAssumedInPreviousReport">وصف علاقة الربح (الخسارة) الصافي/الصافية بالتطوير المتوقع والمعترف عليه في تقرير السابق</link:label>
    <link:labelArc xlink:type="arc" xlink:arcrole="http://www.xbrl.org/2003/arcrole/concept-label" xlink:from="DescriptionOfNetProfitRelationToExpectedDevelopmentAssumedInPreviousReport" xlink:to="label_DescriptionOfNetProfitRelationToExpectedDevelopmentAssumedInPreviousReport" xlink:title="label: DescriptionOfNetProfitRelationToExpectedDevelopmentAssumedInPreviousReport to label_DescriptionOfNetProfitRelationToExpectedDevelopmentAssumedInPreviousReport"/>
    <link:loc xlink:type="locator" xlink:href="mrv.xsd#mrv_DescriptionOfOtherKeyFiguresAndFinancialRatios" xlink:label="DescriptionOfOtherKeyFiguresAndFinancialRatios" xlink:title="DescriptionOfOtherKeyFiguresAndFinancialRatios"/>
    <link:label xlink:type="resource" xlink:label="label_DescriptionOfOtherKeyFiguresAndFinancialRatios" xlink:role="http://www.xbrl.org/2003/role/label" xlink:title="label_DescriptionOfOtherKeyFiguresAndFinancialRatios" xml:lang="ar" id="label_DescriptionOfOtherKeyFiguresAndFinancialRatios">وصف أرقام رئيسية ونسب مالية أخرى</link:label>
    <link:labelArc xlink:type="arc" xlink:arcrole="http://www.xbrl.org/2003/arcrole/concept-label" xlink:from="DescriptionOfOtherKeyFiguresAndFinancialRatios" xlink:to="label_DescriptionOfOtherKeyFiguresAndFinancialRatios" xlink:title="label: DescriptionOfOtherKeyFiguresAndFinancialRatios to label_DescriptionOfOtherKeyFiguresAndFinancialRatios"/>
    <link:loc xlink:type="locator" xlink:href="mrv.xsd#mrv_DescriptionOfPoliciesOnSocialResponsibility" xlink:label="DescriptionOfPoliciesOnSocialResponsibility" xlink:title="DescriptionOfPoliciesOnSocialResponsibility"/>
    <link:label xlink:type="resource" xlink:label="label_DescriptionOfPoliciesOnSocialResponsibility" xlink:role="http://www.xbrl.org/2003/role/label" xlink:title="label_DescriptionOfPoliciesOnSocialResponsibility" xml:lang="ar" id="label_DescriptionOfPoliciesOnSocialResponsibility">وصف السياسات في ما يخص المسؤولية الاجتماعية للشركة</link:label>
    <link:labelArc xlink:type="arc" xlink:arcrole="http://www.xbrl.org/2003/arcrole/concept-label" xlink:from="DescriptionOfPoliciesOnSocialResponsibility" xlink:to="label_DescriptionOfPoliciesOnSocialResponsibility" xlink:title="label: DescriptionOfPoliciesOnSocialResponsibility to label_DescriptionOfPoliciesOnSocialResponsibility"/>
    <link:loc xlink:type="locator" xlink:href="mrv.xsd#mrv_DescriptionOfPrimaryActivitiesOfEntity" xlink:label="DescriptionOfPrimaryActivitiesOfEntity" xlink:title="DescriptionOfPrimaryActivitiesOfEntity"/>
    <link:label xlink:type="resource" xlink:label="label_DescriptionOfPrimaryActivitiesOfEntity" xlink:role="http://www.xbrl.org/2003/role/label" xlink:title="label_DescriptionOfPrimaryActivitiesOfEntity" xml:lang="ar" id="label_DescriptionOfPrimaryActivitiesOfEntity">وصف النشاطات الأولية للكيان</link:label>
    <link:labelArc xlink:type="arc" xlink:arcrole="http://www.xbrl.org/2003/arcrole/concept-label" xlink:from="DescriptionOfPrimaryActivitiesOfEntity" xlink:to="label_DescriptionOfPrimaryActivitiesOfEntity" xlink:title="label: DescriptionOfPrimaryActivitiesOfEntity to label_DescriptionOfPrimaryActivitiesOfEntity"/>
    <link:loc xlink:type="locator" xlink:href="mrv.xsd#mrv_DescriptionOfResearchAndDevelopmentActivitiesInAndForReportingEntity" xlink:label="DescriptionOfResearchAndDevelopmentActivitiesInAndForReportingEntity" xlink:title="DescriptionOfResearchAndDevelopmentActivitiesInAndForReportingEntity"/>
    <link:label xlink:type="resource" xlink:label="label_DescriptionOfResearchAndDevelopmentActivitiesInAndForReportingEntity" xlink:role="http://www.xbrl.org/2003/role/label" xlink:title="label_DescriptionOfResearchAndDevelopmentActivitiesInAndForReportingEntity" xml:lang="ar" id="label_DescriptionOfResearchAndDevelopmentActivitiesInAndForReportingEntity">وصف نشاطات البحث والتطوير في الكيان المقدم للتقرير أو من أجله</link:label>
    <link:labelArc xlink:type="arc" xlink:arcrole="http://www.xbrl.org/2003/arcrole/concept-label" xlink:from="DescriptionOfResearchAndDevelopmentActivitiesInAndForReportingEntity" xlink:to="label_DescriptionOfResearchAndDevelopmentActivitiesInAndForReportingEntity" xlink:title="label: DescriptionOfResearchAndDevelopmentActivitiesInAndForReportingEntity to label_DescriptionOfResearchAndDevelopmentActivitiesInAndForReportingEntity"/>
    <link:loc xlink:type="locator" xlink:href="mrv.xsd#mrv_DescriptionOfSignificantChangesInBusinessAndEconomicConditions" xlink:label="DescriptionOfSignificantChangesInBusinessAndEconomicConditions" xlink:title="DescriptionOfSignificantChangesInBusinessAndEconomicConditions"/>
    <link:label xlink:type="resource" xlink:label="label_DescriptionOfSignificantChangesInBusinessAndEconomicConditions" xlink:role="http://www.xbrl.org/2003/role/label" xlink:title="label_DescriptionOfSignificantChangesInBusinessAndEconomicConditions" xml:lang="ar" id="label_DescriptionOfSignificantChangesInBusinessAndEconomicConditions">وصف التغييرات الأساسية في الشروط الإقتصادية وشروط العمل</link:label>
    <link:labelArc xlink:type="arc" xlink:arcrole="http://www.xbrl.org/2003/arcrole/concept-label" xlink:from="DescriptionOfSignificantChangesInBusinessAndEconomicConditions" xlink:to="label_DescriptionOfSignificantChangesInBusinessAndEconomicConditions" xlink:title="label: DescriptionOfSignificantChangesInBusinessAndEconomicConditions to label_DescriptionOfSignificantChangesInBusinessAndEconomicConditions"/>
    <link:loc xlink:type="locator" xlink:href="mrv.xsd#mrv_DescriptionOfSignificantEventsOccurringAfterEndOfReportingPeriod" xlink:label="DescriptionOfSignificantEventsOccurringAfterEndOfReportingPeriod" xlink:title="DescriptionOfSignificantEventsOccurringAfterEndOfReportingPeriod"/>
    <link:label xlink:type="resource" xlink:label="label_DescriptionOfSignificantEventsOccurringAfterEndOfReportingPeriod" xlink:role="http://www.xbrl.org/2003/role/label" xlink:title="label_DescriptionOfSignificantEventsOccurringAfterEndOfReportingPeriod" xml:lang="ar" id="label_DescriptionOfSignificantEventsOccurringAfterEndOfReportingPeriod">وصف الأحداث المهمة التي تحصل بعد نهاية فترة التقرير</link:label>
    <link:labelArc xlink:type="arc" xlink:arcrole="http://www.xbrl.org/2003/arcrole/concept-label" xlink:from="DescriptionOfSignificantEventsOccurringAfterEndOfReportingPeriod" xlink:to="label_DescriptionOfSignificantEventsOccurringAfterEndOfReportingPeriod" xlink:title="label: DescriptionOfSignificantEventsOccurringAfterEndOfReportingPeriod to label_DescriptionOfSignificantEventsOccurringAfterEndOfReportingPeriod"/>
    <link:loc xlink:type="locator" xlink:href="mrv.xsd#mrv_DescriptionOfStandardsGuidelinesAndPrinciplesOfCorporateSocialResponsibility" xlink:label="DescriptionOfStandardsGuidelinesAndPrinciplesOfCorporateSocialResponsibility" xlink:title="DescriptionOfStandardsGuidelinesAndPrinciplesOfCorporateSocialResponsibility"/>
    <link:label xlink:type="resource" xlink:label="label_DescriptionOfStandardsGuidelinesAndPrinciplesOfCorporateSocialResponsibility" xlink:role="http://www.xbrl.org/2003/role/label" xlink:title="label_DescriptionOfStandardsGuidelinesAndPrinciplesOfCorporateSocialResponsibility" xml:lang="ar" id="label_DescriptionOfStandardsGuidelinesAndPrinciplesOfCorporateSocialResponsibility">وصف للمبادئ التوجيهية ومعايير ومبادئ المسؤولية الاجتماعية للشركة</link:label>
    <link:labelArc xlink:type="arc" xlink:arcrole="http://www.xbrl.org/2003/arcrole/concept-label" xlink:from="DescriptionOfStandardsGuidelinesAndPrinciplesOfCorporateSocialResponsibility" xlink:to="label_DescriptionOfStandardsGuidelinesAndPrinciplesOfCorporateSocialResponsibility" xlink:title="label: DescriptionOfStandardsGuidelinesAndPrinciplesOfCorporateSocialResponsibility to label_DescriptionOfStandardsGuidelinesAndPrinciplesOfCorporateSocialResponsibility"/>
    <link:loc xlink:type="locator" xlink:href="mrv.xsd#mrv_DescriptionOfSystemsAndProceduresOfTranslatingCorporateSocialResponsibilityPoliciesIntoAction" xlink:label="DescriptionOfSystemsAndProceduresOfTranslatingCorporateSocialResponsibilityPoliciesIntoAction" xlink:title="DescriptionOfSystemsAndProceduresOfTranslatingCorporateSocialResponsibilityPoliciesIntoAction"/>
    <link:label xlink:type="resource" xlink:label="label_DescriptionOfSystemsAndProceduresOfTranslatingCorporateSocialResponsibilityPoliciesIntoAction" xlink:role="http://www.xbrl.org/2003/role/label" xlink:title="label_DescriptionOfSystemsAndProceduresOfTranslatingCorporateSocialResponsibilityPoliciesIntoAction" xml:lang="ar" id="label_DescriptionOfSystemsAndProceduresOfTranslatingCorporateSocialResponsibilityPoliciesIntoAction">وصف لوسائل وطرق تحويل سياسات المسؤولية الاجتماعية للشركة إلى فعل حقيقي</link:label>
    <link:labelArc xlink:type="arc" xlink:arcrole="http://www.xbrl.org/2003/arcrole/concept-label" xlink:from="DescriptionOfSystemsAndProceduresOfTranslatingCorporateSocialResponsibilityPoliciesIntoAction" xlink:to="label_DescriptionOfSystemsAndProceduresOfTranslatingCorporateSocialResponsibilityPoliciesIntoAction" xlink:title="label: DescriptionOfSystemsAndProceduresOfTranslatingCorporateSocialResponsibilityPoliciesIntoAction to label_DescriptionOfSystemsAndProceduresOfTranslatingCorporateSocialResponsibilityPoliciesIntoAction"/>
    <link:loc xlink:type="locator" xlink:href="mrv.xsd#mrv_DescriptionOfTranslatingCorporateSocialResponsibilityPoliciesIntoAction" xlink:label="DescriptionOfTranslatingCorporateSocialResponsibilityPoliciesIntoAction" xlink:title="DescriptionOfTranslatingCorporateSocialResponsibilityPoliciesIntoAction"/>
    <link:label xlink:type="resource" xlink:label="label_DescriptionOfTranslatingCorporateSocialResponsibilityPoliciesIntoAction" xlink:role="http://www.xbrl.org/2003/role/label" xlink:title="label_DescriptionOfTranslatingCorporateSocialResponsibilityPoliciesIntoAction" xml:lang="ar" id="label_DescriptionOfTranslatingCorporateSocialResponsibilityPoliciesIntoAction">وصف  تحويل سياسات المسؤولية الاجتماعية للشركة إلى فعل حقيقي</link:label>
    <link:labelArc xlink:type="arc" xlink:arcrole="http://www.xbrl.org/2003/arcrole/concept-label" xlink:from="DescriptionOfTranslatingCorporateSocialResponsibilityPoliciesIntoAction" xlink:to="label_DescriptionOfTranslatingCorporateSocialResponsibilityPoliciesIntoAction" xlink:title="label: DescriptionOfTranslatingCorporateSocialResponsibilityPoliciesIntoAction to label_DescriptionOfTranslatingCorporateSocialResponsibilityPoliciesIntoAction"/>
    <link:loc xlink:type="locator" xlink:href="mrv.xsd#mrv_DetailsOnKeyFiguresAndFinancialRatiosAbstract" xlink:label="DetailsOnKeyFiguresAndFinancialRatiosAbstract" xlink:title="DetailsOnKeyFiguresAndFinancialRatiosAbstract"/>
    <link:label xlink:type="resource" xlink:label="label_DetailsOnKeyFiguresAndFinancialRatiosAbstract" xlink:role="http://www.xbrl.org/2003/role/label" xlink:title="label_DetailsOnKeyFiguresAndFinancialRatiosAbstract" xml:lang="ar" id="label_DetailsOnKeyFiguresAndFinancialRatiosAbstract">تفاصيل الأرقام الرئيسية والنسب المالية</link:label>
    <link:labelArc xlink:type="arc" xlink:arcrole="http://www.xbrl.org/2003/arcrole/concept-label" xlink:from="DetailsOnKeyFiguresAndFinancialRatiosAbstract" xlink:to="label_DetailsOnKeyFiguresAndFinancialRatiosAbstract" xlink:title="label: DetailsOnKeyFiguresAndFinancialRatiosAbstract to label_DetailsOnKeyFiguresAndFinancialRatiosAbstract"/>
    <link:loc xlink:type="locator" xlink:href="mrv.xsd#mrv_DetailsOnKeyFiguresAndFinancialRatiosHypercube" xlink:label="DetailsOnKeyFiguresAndFinancialRatiosHypercube" xlink:title="DetailsOnKeyFiguresAndFinancialRatiosHypercube"/>
    <link:label xlink:type="resource" xlink:label="label_DetailsOnKeyFiguresAndFinancialRatiosHypercube" xlink:role="http://www.xbrl.org/2003/role/label" xlink:title="label_DetailsOnKeyFiguresAndFinancialRatiosHypercube" xml:lang="ar" id="label_DetailsOnKeyFiguresAndFinancialRatiosHypercube">تفاصيل الأرقام الرئيسية والنسب المالية</link:label>
    <link:labelArc xlink:type="arc" xlink:arcrole="http://www.xbrl.org/2003/arcrole/concept-label" xlink:from="DetailsOnKeyFiguresAndFinancialRatiosHypercube" xlink:to="label_DetailsOnKeyFiguresAndFinancialRatiosHypercube" xlink:title="label: DetailsOnKeyFiguresAndFinancialRatiosHypercube to label_DetailsOnKeyFiguresAndFinancialRatiosHypercube"/>
    <link:loc xlink:type="locator" xlink:href="mrv.xsd#mrv_DetailsOnOtherKeyFiguresAndFinancialRatiosAbstract" xlink:label="DetailsOnOtherKeyFiguresAndFinancialRatiosAbstract" xlink:title="DetailsOnOtherKeyFiguresAndFinancialRatiosAbstract"/>
    <link:label xlink:type="resource" xlink:label="label_DetailsOnOtherKeyFiguresAndFinancialRatiosAbstract" xlink:role="http://www.xbrl.org/2003/role/label" xlink:title="label_DetailsOnOtherKeyFiguresAndFinancialRatiosAbstract" xml:lang="ar" id="label_DetailsOnOtherKeyFiguresAndFinancialRatiosAbstract">تفاصيل أرقام رئيسية ونسب المالية أخرى</link:label>
    <link:labelArc xlink:type="arc" xlink:arcrole="http://www.xbrl.org/2003/arcrole/concept-label" xlink:from="DetailsOnOtherKeyFiguresAndFinancialRatiosAbstract" xlink:to="label_DetailsOnOtherKeyFiguresAndFinancialRatiosAbstract" xlink:title="label: DetailsOnOtherKeyFiguresAndFinancialRatiosAbstract to label_DetailsOnOtherKeyFiguresAndFinancialRatiosAbstract"/>
    <link:loc xlink:type="locator" xlink:href="mrv.xsd#mrv_DetailsOnOtherKeyFiguresAndFinancialRatiosHypercube" xlink:label="DetailsOnOtherKeyFiguresAndFinancialRatiosHypercube" xlink:title="DetailsOnOtherKeyFiguresAndFinancialRatiosHypercube"/>
    <link:label xlink:type="resource" xlink:label="label_DetailsOnOtherKeyFiguresAndFinancialRatiosHypercube" xlink:role="http://www.xbrl.org/2003/role/label" xlink:title="label_DetailsOnOtherKeyFiguresAndFinancialRatiosHypercube" xml:lang="ar" id="label_DetailsOnOtherKeyFiguresAndFinancialRatiosHypercube">تفاصيل أرقام رئيسية ونسب المالية أخرى</link:label>
    <link:labelArc xlink:type="arc" xlink:arcrole="http://www.xbrl.org/2003/arcrole/concept-label" xlink:from="DetailsOnOtherKeyFiguresAndFinancialRatiosHypercube" xlink:to="label_DetailsOnOtherKeyFiguresAndFinancialRatiosHypercube" xlink:title="label: DetailsOnOtherKeyFiguresAndFinancialRatiosHypercube to label_DetailsOnOtherKeyFiguresAndFinancialRatiosHypercube"/>
    <link:loc xlink:type="locator" xlink:href="mrv.xsd#mrv_EmployeeTurnover" xlink:label="EmployeeTurnover" xlink:title="EmployeeTurnover"/>
    <link:label xlink:type="resource" xlink:label="label_EmployeeTurnover" xlink:role="http://www.xbrl.org/2003/role/label" xlink:title="label_EmployeeTurnover" xml:lang="ar" id="label_EmployeeTurnover">دخل الموظف</link:label>
    <link:labelArc xlink:type="arc" xlink:arcrole="http://www.xbrl.org/2003/arcrole/concept-label" xlink:from="EmployeeTurnover" xlink:to="label_EmployeeTurnover" xlink:title="label: EmployeeTurnover to label_EmployeeTurnover"/>
    <link:loc xlink:type="locator" xlink:href="mrv.xsd#mrv_ExplanationThatEntityHasNoPoliciesOnSocialResponsibility" xlink:label="ExplanationThatEntityHasNoPoliciesOnSocialResponsibility" xlink:title="ExplanationThatEntityHasNoPoliciesOnSocialResponsibility"/>
    <link:label xlink:type="resource" xlink:label="label_ExplanationThatEntityHasNoPoliciesOnSocialResponsibility" xlink:role="http://www.xbrl.org/2003/role/label" xlink:title="label_ExplanationThatEntityHasNoPoliciesOnSocialResponsibility" xml:lang="ar" id="label_ExplanationThatEntityHasNoPoliciesOnSocialResponsibility">تفسير عدم وجود سياسات المسؤولية الاجتماعية للشركات في الكيان</link:label>
    <link:labelArc xlink:type="arc" xlink:arcrole="http://www.xbrl.org/2003/arcrole/concept-label" xlink:from="ExplanationThatEntityHasNoPoliciesOnSocialResponsibility" xlink:to="label_ExplanationThatEntityHasNoPoliciesOnSocialResponsibility" xlink:title="label: ExplanationThatEntityHasNoPoliciesOnSocialResponsibility to label_ExplanationThatEntityHasNoPoliciesOnSocialResponsibility"/>
    <link:loc xlink:type="locator" xlink:href="mrv.xsd#mrv_FinancialGearing" xlink:label="FinancialGearing" xlink:title="FinancialGearing"/>
    <link:label xlink:type="resource" xlink:label="label_FinancialGearing" xlink:role="http://www.xbrl.org/2003/role/label" xlink:title="label_FinancialGearing" xml:lang="ar" id="label_FinancialGearing">المديونية المالية</link:label>
    <link:labelArc xlink:type="arc" xlink:arcrole="http://www.xbrl.org/2003/arcrole/concept-label" xlink:from="FinancialGearing" xlink:to="label_FinancialGearing" xlink:title="label: FinancialGearing to label_FinancialGearing"/>
    <link:loc xlink:type="locator" xlink:href="mrv.xsd#mrv_GrossMargin" xlink:label="GrossMargin" xlink:title="GrossMargin"/>
    <link:label xlink:type="resource" xlink:label="label_GrossMargin" xlink:role="http://www.xbrl.org/2003/role/label" xlink:title="label_GrossMargin" xml:lang="ar" id="label_GrossMargin">إجمالي هامش الربح</link:label>
    <link:labelArc xlink:type="arc" xlink:arcrole="http://www.xbrl.org/2003/arcrole/concept-label" xlink:from="GrossMargin" xlink:to="label_GrossMargin" xlink:title="label: GrossMargin to label_GrossMargin"/>
    <link:loc xlink:type="locator" xlink:href="mrv.xsd#mrv_IdentificationOfKeyFigureOrFinancialRatioDimension" xlink:label="IdentificationOfKeyFigureOrFinancialRatioDimension" xlink:title="IdentificationOfKeyFigureOrFinancialRatioDimension"/>
    <link:label xlink:type="resource" xlink:label="label_IdentificationOfKeyFigureOrFinancialRatioDimension" xlink:role="http://www.xbrl.org/2003/role/label" xlink:title="label_IdentificationOfKeyFigureOrFinancialRatioDimension" xml:lang="ar" id="label_IdentificationOfKeyFigureOrFinancialRatioDimension">تحديد الأرقام الرئيسية والنسب المالية</link:label>
    <link:labelArc xlink:type="arc" xlink:arcrole="http://www.xbrl.org/2003/arcrole/concept-label" xlink:from="IdentificationOfKeyFigureOrFinancialRatioDimension" xlink:to="label_IdentificationOfKeyFigureOrFinancialRatioDimension" xlink:title="label: IdentificationOfKeyFigureOrFinancialRatioDimension to label_IdentificationOfKeyFigureOrFinancialRatioDimension"/>
    <link:loc xlink:type="locator" xlink:href="mrv.xsd#mrv_InformationOnCalculationOfKeyFiguresAndFinancialRatios" xlink:label="InformationOnCalculationOfKeyFiguresAndFinancialRatios" xlink:title="InformationOnCalculationOfKeyFiguresAndFinancialRatios"/>
    <link:label xlink:type="resource" xlink:label="label_InformationOnCalculationOfKeyFiguresAndFinancialRatios" xlink:role="http://www.xbrl.org/2003/role/label" xlink:title="label_InformationOnCalculationOfKeyFiguresAndFinancialRatios" xml:lang="ar" id="label_InformationOnCalculationOfKeyFiguresAndFinancialRatios">معلومات عن حساب  الأرقام الرئيسية والنسب المالية</link:label>
    <link:labelArc xlink:type="arc" xlink:arcrole="http://www.xbrl.org/2003/arcrole/concept-label" xlink:from="InformationOnCalculationOfKeyFiguresAndFinancialRatios" xlink:to="label_InformationOnCalculationOfKeyFiguresAndFinancialRatios" xlink:title="label: InformationOnCalculationOfKeyFiguresAndFinancialRatios to label_InformationOnCalculationOfKeyFiguresAndFinancialRatios"/>
    <link:loc xlink:type="locator" xlink:href="mrv.xsd#mrv_ManagementsReview" xlink:label="ManagementsReview" xlink:title="ManagementsReview"/>
    <link:label xlink:type="resource" xlink:label="label_ManagementsReview" xlink:role="http://www.xbrl.org/2003/role/label" xlink:title="label_ManagementsReview" xml:lang="ar" id="label_ManagementsReview">مراجعة الإدارة</link:label>
    <link:labelArc xlink:type="arc" xlink:arcrole="http://www.xbrl.org/2003/arcrole/concept-label" xlink:from="ManagementsReview" xlink:to="label_ManagementsReview" xlink:title="label: ManagementsReview to label_ManagementsReview"/>
    <link:loc xlink:type="locator" xlink:href="mrv.xsd#mrv_NameOfKeyFigureOrFinancialRatio" xlink:label="NameOfKeyFigureOrFinancialRatio" xlink:title="NameOfKeyFigureOrFinancialRatio"/>
    <link:label xlink:type="resource" xlink:label="label_NameOfKeyFigureOrFinancialRatio" xlink:role="http://www.xbrl.org/2003/role/label" xlink:title="label_NameOfKeyFigureOrFinancialRatio" xml:lang="ar" id="label_NameOfKeyFigureOrFinancialRatio">اسم رقم رئيس أو نسبة مالية</link:label>
    <link:labelArc xlink:type="arc" xlink:arcrole="http://www.xbrl.org/2003/arcrole/concept-label" xlink:from="NameOfKeyFigureOrFinancialRatio" xlink:to="label_NameOfKeyFigureOrFinancialRatio" xlink:title="label: NameOfKeyFigureOrFinancialRatio to label_NameOfKeyFigureOrFinancialRatio"/>
    <link:loc xlink:type="locator" xlink:href="mrv.xsd#mrv_OperatingMargin" xlink:label="OperatingMargin" xlink:title="OperatingMargin"/>
    <link:label xlink:type="resource" xlink:label="label_OperatingMargin" xlink:role="http://www.xbrl.org/2003/role/label" xlink:title="label_OperatingMargin" xml:lang="ar" id="label_OperatingMargin">هامش التشغيل</link:label>
    <link:labelArc xlink:type="arc" xlink:arcrole="http://www.xbrl.org/2003/arcrole/concept-label" xlink:from="OperatingMargin" xlink:to="label_OperatingMargin" xlink:title="label: OperatingMargin to label_OperatingMargin"/>
    <link:loc xlink:type="locator" xlink:href="mrv.xsd#mrv_RetrospectiveInformationFromLastFiveYearsAbstract" xlink:label="RetrospectiveInformationFromLastFiveYearsAbstract" xlink:title="RetrospectiveInformationFromLastFiveYearsAbstract"/>
    <link:label xlink:type="resource" xlink:label="label_RetrospectiveInformationFromLastFiveYearsAbstract" xlink:role="http://www.xbrl.org/2003/role/label" xlink:title="label_RetrospectiveInformationFromLastFiveYearsAbstract" xml:lang="ar" id="label_RetrospectiveInformationFromLastFiveYearsAbstract">معلومات رجعية عن  السنوات الخمس الماضية</link:label>
    <link:labelArc xlink:type="arc" xlink:arcrole="http://www.xbrl.org/2003/arcrole/concept-label" xlink:from="RetrospectiveInformationFromLastFiveYearsAbstract" xlink:to="label_RetrospectiveInformationFromLastFiveYearsAbstract" xlink:title="label: RetrospectiveInformationFromLastFiveYearsAbstract to label_RetrospectiveInformationFromLastFiveYearsAbstract"/>
    <link:loc xlink:type="locator" xlink:href="mrv.xsd#mrv_ReturnOnCapitalEmployed" xlink:label="ReturnOnCapitalEmployed" xlink:title="ReturnOnCapitalEmployed"/>
    <link:label xlink:type="resource" xlink:label="label_ReturnOnCapitalEmployed" xlink:role="http://www.xbrl.org/2003/role/label" xlink:title="label_ReturnOnCapitalEmployed" xml:lang="ar" id="label_ReturnOnCapitalEmployed">العائد  على رأس المال المستخدم</link:label>
    <link:labelArc xlink:type="arc" xlink:arcrole="http://www.xbrl.org/2003/arcrole/concept-label" xlink:from="ReturnOnCapitalEmployed" xlink:to="label_ReturnOnCapitalEmployed" xlink:title="label: ReturnOnCapitalEmployed to label_ReturnOnCapitalEmployed"/>
    <link:loc xlink:type="locator" xlink:href="mrv.xsd#mrv_ReturnOnEquity" xlink:label="ReturnOnEquity" xlink:title="ReturnOnEquity"/>
    <link:label xlink:type="resource" xlink:label="label_ReturnOnEquity" xlink:role="http://www.xbrl.org/2003/role/label" xlink:title="label_ReturnOnEquity" xml:lang="ar" id="label_ReturnOnEquity">العائد على حقوق المساهمين</link:label>
    <link:labelArc xlink:type="arc" xlink:arcrole="http://www.xbrl.org/2003/arcrole/concept-label" xlink:from="ReturnOnEquity" xlink:to="label_ReturnOnEquity" xlink:title="label: ReturnOnEquity to label_ReturnOnEquity"/>
    <link:loc xlink:type="locator" xlink:href="mrv.xsd#mrv_ReturnOnInvestedCapital" xlink:label="ReturnOnInvestedCapital" xlink:title="ReturnOnInvestedCapital"/>
    <link:label xlink:type="resource" xlink:label="label_ReturnOnInvestedCapital" xlink:role="http://www.xbrl.org/2003/role/label" xlink:title="label_ReturnOnInvestedCapital" xml:lang="ar" id="label_ReturnOnInvestedCapital">العائد على رأس المال المستثمر</link:label>
    <link:labelArc xlink:type="arc" xlink:arcrole="http://www.xbrl.org/2003/arcrole/concept-label" xlink:from="ReturnOnInvestedCapital" xlink:to="label_ReturnOnInvestedCapital" xlink:title="label: ReturnOnInvestedCapital to label_ReturnOnInvestedCapital"/>
    <link:loc xlink:type="locator" xlink:href="mrv.xsd#mrv_SolvencyRatio" xlink:label="SolvencyRatio" xlink:title="SolvencyRatio"/>
    <link:label xlink:type="resource" xlink:label="label_SolvencyRatio" xlink:role="http://www.xbrl.org/2003/role/label" xlink:title="label_SolvencyRatio" xml:lang="ar" id="label_SolvencyRatio">نسبة الملاءة</link:label>
    <link:labelArc xlink:type="arc" xlink:arcrole="http://www.xbrl.org/2003/arcrole/concept-label" xlink:from="SolvencyRatio" xlink:to="label_SolvencyRatio" xlink:title="label: SolvencyRatio to label_SolvencyRatio"/>
    <link:loc xlink:type="locator" xlink:href="mrv.xsd#mrv_StatementOfCorporateSocialResponsibility" xlink:label="StatementOfCorporateSocialResponsibility" xlink:title="StatementOfCorporateSocialResponsibility"/>
    <link:label xlink:type="resource" xlink:label="label_StatementOfCorporateSocialResponsibility" xlink:role="http://www.xbrl.org/2003/role/label" xlink:title="label_StatementOfCorporateSocialResponsibility" xml:lang="ar" id="label_StatementOfCorporateSocialResponsibility">بيان المسؤولية الاجتماعة للشركة</link:label>
    <link:labelArc xlink:type="arc" xlink:arcrole="http://www.xbrl.org/2003/arcrole/concept-label" xlink:from="StatementOfCorporateSocialResponsibility" xlink:to="label_StatementOfCorporateSocialResponsibility" xlink:title="label: StatementOfCorporateSocialResponsibility to label_StatementOfCorporateSocialResponsibility"/>
    <link:loc xlink:type="locator" xlink:href="mrv.xsd#mrv_SupplementaryReports" xlink:label="SupplementaryReports" xlink:title="SupplementaryReports"/>
    <link:label xlink:type="resource" xlink:label="label_SupplementaryReports" xlink:role="http://www.xbrl.org/2003/role/label" xlink:title="label_SupplementaryReports" xml:lang="ar" id="label_SupplementaryReports">التقارير الإضافية</link:label>
    <link:labelArc xlink:type="arc" xlink:arcrole="http://www.xbrl.org/2003/arcrole/concept-label" xlink:from="SupplementaryReports" xlink:to="label_SupplementaryReports" xlink:title="label: SupplementaryReports to label_SupplementaryReports"/>
    <link:loc xlink:type="locator" xlink:href="mrv.xsd#mrv_ValueOfKeyFigureOrFinancialRatio" xlink:label="ValueOfKeyFigureOrFinancialRatio" xlink:title="ValueOfKeyFigureOrFinancialRatio"/>
    <link:label xlink:type="resource" xlink:label="label_ValueOfKeyFigureOrFinancialRatio" xlink:role="http://www.xbrl.org/2003/role/label" xlink:title="label_ValueOfKeyFigureOrFinancialRatio" xml:lang="ar" id="label_ValueOfKeyFigureOrFinancialRatio">قيمة الأرقام الرئيسية والنسب المالية</link:label>
    <link:labelArc xlink:type="arc" xlink:arcrole="http://www.xbrl.org/2003/arcrole/concept-label" xlink:from="ValueOfKeyFigureOrFinancialRatio" xlink:to="label_ValueOfKeyFigureOrFinancialRatio" xlink:title="label: ValueOfKeyFigureOrFinancialRatio to label_ValueOfKeyFigureOrFinancialRatio"/>
    <link:loc xlink:type="locator" xlink:href="mrv.xsd#mrv_DescriptionOfGroupRelations" xlink:label="DescriptionOfGroupRelations" xlink:title="DescriptionOfGroupRelations"/>
    <link:label xlink:type="resource" xlink:label="label_DescriptionOfGroupRelations" xlink:role="http://www.xbrl.org/2003/role/label" xlink:title="label_DescriptionOfGroupRelations" xml:lang="ar" id="label_DescriptionOfGroupRelations">وصف علاقات المجموعة</link:label>
    <link:labelArc xlink:type="arc" xlink:arcrole="http://www.xbrl.org/2003/arcrole/concept-label" xlink:from="DescriptionOfGroupRelations" xlink:to="label_DescriptionOfGroupRelations" xlink:title="label: DescriptionOfGroupRelations to label_DescriptionOfGroupRelations"/>
    <link:loc xlink:type="locator" xlink:href="mrv.xsd#mrv_EquityRatio" xlink:label="EquityRatio" xlink:title="EquityRatio"/>
    <link:label xlink:type="resource" xlink:label="label_EquityRatio" xlink:role="http://www.xbrl.org/2003/role/label" xlink:title="label_EquityRatio" xml:lang="ar" id="label_EquityRatio">نسبة حقوق المساهمين</link:label>
    <link:labelArc xlink:type="arc" xlink:arcrole="http://www.xbrl.org/2003/arcrole/concept-label" xlink:from="EquityRatio" xlink:to="label_EquityRatio" xlink:title="label: EquityRatio to label_EquityRatio"/>
    <link:loc xlink:type="locator" xlink:href="mrv.xsd#mrv_LinkToStatementOfCorporateSocialResponsibility" xlink:label="LinkToStatementOfCorporateSocialResponsibility" xlink:title="LinkToStatementOfCorporateSocialResponsibility"/>
    <link:label xlink:type="resource" xlink:label="label_LinkToStatementOfCorporateSocialResponsibility_7" xlink:role="http://www.xbrl.org/2003/role/label" xlink:title="label_LinkToStatementOfCorporateSocialResponsibility" xml:lang="ar" id="label_LinkToStatementOfCorporateSocialResponsibility_7">رابط بيان المسؤولية الاجتماعية للشركات</link:label>
    <link:labelArc xlink:type="arc" xlink:arcrole="http://www.xbrl.org/2003/arcrole/concept-label" xlink:from="LinkToStatementOfCorporateSocialResponsibility" xlink:to="label_LinkToStatementOfCorporateSocialResponsibility_7" xlink:title="label: LinkToStatementOfCorporateSocialResponsibility to label_LinkToStatementOfCorporateSocialResponsibility"/>
    <link:loc xlink:type="locator" xlink:href="mrv.xsd#mrv_CorporateGovernanceReport" xlink:label="CorporateGovernanceReport" xlink:title="CorporateGovernanceReport"/>
    <link:label xlink:type="resource" xlink:label="label_CorporateGovernanceReport_7" xlink:role="http://www.xbrl.org/2003/role/label" xlink:title="label_CorporateGovernanceReport" xml:lang="ar" id="label_CorporateGovernanceReport_7">تقرير حوكمة الشركة</link:label>
    <link:labelArc xlink:type="arc" xlink:arcrole="http://www.xbrl.org/2003/arcrole/concept-label" xlink:from="CorporateGovernanceReport" xlink:to="label_CorporateGovernanceReport_7" xlink:title="label: CorporateGovernanceReport to label_CorporateGovernanceReport"/>
    <link:loc xlink:type="locator" xlink:href="mrv.xsd#mrv_LinkToCorporateGovernanceReport" xlink:label="LinkToCorporateGovernanceReport" xlink:title="LinkToCorporateGovernanceReport"/>
    <link:label xlink:type="resource" xlink:label="label_LinkToCorporateGovernanceReport_7" xlink:role="http://www.xbrl.org/2003/role/label" xlink:title="label_LinkToCorporateGovernanceReport" xml:lang="ar" id="label_LinkToCorporateGovernanceReport_7">رباط إلى تقرير حوكمة الشركة</link:label>
    <link:labelArc xlink:type="arc" xlink:arcrole="http://www.xbrl.org/2003/arcrole/concept-label" xlink:from="LinkToCorporateGovernanceReport" xlink:to="label_LinkToCorporateGovernanceReport_7" xlink:title="label: LinkToCorporateGovernanceReport to label_LinkToCorporateGovernanceReport"/>
    <link:loc xlink:type="locator" xlink:href="mrv.xsd#mrv_StatementOfTargetFiguresAndPoliciesForTheUnderrepresentedGender" xlink:label="StatementOfTargetFiguresAndPoliciesForTheUnderrepresentedGender" xlink:title="StatementOfTargetFiguresAndPoliciesForTheUnderrepresentedGender"/>
    <link:label xlink:type="resource" xlink:label="label_StatementOfTargetFiguresAndPoliciesForTheUnderrepresentedGender_7" xlink:role="http://www.xbrl.org/2003/role/label" xlink:title="label_StatementOfTargetFiguresAndPoliciesForTheUnderrepresentedGender" xml:lang="ar" id="label_StatementOfTargetFiguresAndPoliciesForTheUnderrepresentedGender_7">بيان عن الأرقام والسياسات المستهدفة بالنسبة غلى الجنس الأقل تمثيلاً</link:label>
    <link:labelArc xlink:type="arc" xlink:arcrole="http://www.xbrl.org/2003/arcrole/concept-label" xlink:from="StatementOfTargetFiguresAndPoliciesForTheUnderrepresentedGender" xlink:to="label_StatementOfTargetFiguresAndPoliciesForTheUnderrepresentedGender_7" xlink:title="label: StatementOfTargetFiguresAndPoliciesForTheUnderrepresentedGender to label_StatementOfTargetFiguresAndPoliciesForTheUnderrepresentedGender"/>
    <link:loc xlink:type="locator" xlink:href="mrv.xsd#mrv_LinkToStatementOfTargetFiguresAndPoliciesForTheUnderrepresentedGender" xlink:label="LinkToStatementOfTargetFiguresAndPoliciesForTheUnderrepresentedGender" xlink:title="LinkToStatementOfTargetFiguresAndPoliciesForTheUnderrepresentedGender"/>
    <link:label xlink:type="resource" xlink:label="label_LinkToStatementOfTargetFiguresAndPoliciesForTheUnderrepresentedGender_7" xlink:role="http://www.xbrl.org/2003/role/label" xlink:title="label_LinkToStatementOfTargetFiguresAndPoliciesForTheUnderrepresentedGender" xml:lang="ar" id="label_LinkToStatementOfTargetFiguresAndPoliciesForTheUnderrepresentedGender_7">رابط إلى بيان عن الأرقام والسياسات المستهدفة بالنسبة غلى الجنس الأقل تمثيلاً</link:label>
    <link:labelArc xlink:type="arc" xlink:arcrole="http://www.xbrl.org/2003/arcrole/concept-label" xlink:from="LinkToStatementOfTargetFiguresAndPoliciesForTheUnderrepresentedGender" xlink:to="label_LinkToStatementOfTargetFiguresAndPoliciesForTheUnderrepresentedGender_7" xlink:title="label: LinkToStatementOfTargetFiguresAndPoliciesForTheUnderrepresentedGender to label_LinkToStatementOfTargetFiguresAndPoliciesForTheUnderrepresentedGender"/>
    <link:loc xlink:type="locator" xlink:href="mrv.xsd#mrv_InformationFromStatementByManagementGivenInManagementsReviewDueToOptingOutOfStatementByManagementAbstract" xlink:label="InformationFromStatementByManagementGivenInManagementsReviewDueToOptingOutOfStatementByManagementAbstract" xlink:title="InformationFromStatementByManagementGivenInManagementsReviewDueToOptingOutOfStatementByManagementAbstract"/>
    <link:label xlink:type="resource" xlink:label="label_InformationFromStatementByManagementGivenInManagementsReviewDueToOptingOutOfStatementByManagementAbstract_7" xlink:role="http://www.xbrl.org/2003/role/label" xlink:title="label_InformationFromStatementByManagementGivenInManagementsReviewDueToOptingOutOfStatementByManagementAbstract" xml:lang="ar" id="label_InformationFromStatementByManagementGivenInManagementsReviewDueToOptingOutOfStatementByManagementAbstract_7">معلومات من بيان إداري ورد في مراجعة  الإدارة بسبب السحب من البيان من قبل الإدارة الخ.</link:label>
    <link:labelArc xlink:type="arc" xlink:arcrole="http://www.xbrl.org/2003/arcrole/concept-label" xlink:from="InformationFromStatementByManagementGivenInManagementsReviewDueToOptingOutOfStatementByManagementAbstract" xlink:to="label_InformationFromStatementByManagementGivenInManagementsReviewDueToOptingOutOfStatementByManagementAbstract_7" xlink:title="label: InformationFromStatementByManagementGivenInManagementsReviewDueToOptingOutOfStatementByManagementAbstract to label_InformationFromStatementByManagementGivenInManagementsReviewDueToOptingOutOfStatementByManagementAbstract"/>
    <link:loc xlink:type="locator" xlink:href="mrv.xsd#mrv_DescriptionOfTheBusinessModelOfTheEntityCorporateSocialResponsibility" xlink:label="DescriptionOfTheBusinessModelOfTheEntityCorporateSocialResponsibility" xlink:title="DescriptionOfTheBusinessModelOfTheEntityCorporateSocialResponsibility"/>
    <link:label xlink:type="resource" xlink:label="label_DescriptionOfTheBusinessModelOfTheEntityCorporateSocialResponsibility_7" xlink:role="http://www.xbrl.org/2003/role/label" xlink:title="label_DescriptionOfTheBusinessModelOfTheEntityCorporateSocialResponsibility" xml:lang="ar" id="label_DescriptionOfTheBusinessModelOfTheEntityCorporateSocialResponsibility_7">وصف لنموذج الأعمال التجارية للمؤسسة وللمسؤولية الاجتماعية </link:label>
    <link:labelArc xlink:type="arc" xlink:arcrole="http://www.xbrl.org/2003/arcrole/concept-label" xlink:from="DescriptionOfTheBusinessModelOfTheEntityCorporateSocialResponsibility" xlink:to="label_DescriptionOfTheBusinessModelOfTheEntityCorporateSocialResponsibility_7" xlink:title="label: DescriptionOfTheBusinessModelOfTheEntityCorporateSocialResponsibility to label_DescriptionOfTheBusinessModelOfTheEntityCorporateSocialResponsibility"/>
    <link:loc xlink:type="locator" xlink:href="mrv.xsd#mrv_DetailsOnPoliciesOnCorporateSocialResponsibilityAbstract" xlink:label="DetailsOnPoliciesOnCorporateSocialResponsibilityAbstract" xlink:title="DetailsOnPoliciesOnCorporateSocialResponsibilityAbstract"/>
    <link:label xlink:type="resource" xlink:label="label_DetailsOnPoliciesOnCorporateSocialResponsibilityAbstract_7" xlink:role="http://www.xbrl.org/2003/role/label" xlink:title="label_DetailsOnPoliciesOnCorporateSocialResponsibilityAbstract" xml:lang="ar" id="label_DetailsOnPoliciesOnCorporateSocialResponsibilityAbstract_7">تفاصيل حول سياسات المسؤولية الاجتماعية للمنشأه</link:label>
    <link:labelArc xlink:type="arc" xlink:arcrole="http://www.xbrl.org/2003/arcrole/concept-label" xlink:from="DetailsOnPoliciesOnCorporateSocialResponsibilityAbstract" xlink:to="label_DetailsOnPoliciesOnCorporateSocialResponsibilityAbstract_7" xlink:title="label: DetailsOnPoliciesOnCorporateSocialResponsibilityAbstract to label_DetailsOnPoliciesOnCorporateSocialResponsibilityAbstract"/>
    <link:loc xlink:type="locator" xlink:href="mrv.xsd#mrv_DetailsOnPoliciesOnCorporateSocialResponsibilityHypercube" xlink:label="DetailsOnPoliciesOnCorporateSocialResponsibilityHypercube" xlink:title="DetailsOnPoliciesOnCorporateSocialResponsibilityHypercube"/>
    <link:label xlink:type="resource" xlink:label="label_DetailsOnPoliciesOnCorporateSocialResponsibilityHypercube_7" xlink:role="http://www.xbrl.org/2003/role/label" xlink:title="label_DetailsOnPoliciesOnCorporateSocialResponsibilityHypercube" xml:lang="ar" id="label_DetailsOnPoliciesOnCorporateSocialResponsibilityHypercube_7">تفاصيل حول سياسات المسؤولية الاجتماعية للمنشأه</link:label>
    <link:labelArc xlink:type="arc" xlink:arcrole="http://www.xbrl.org/2003/arcrole/concept-label" xlink:from="DetailsOnPoliciesOnCorporateSocialResponsibilityHypercube" xlink:to="label_DetailsOnPoliciesOnCorporateSocialResponsibilityHypercube_7" xlink:title="label: DetailsOnPoliciesOnCorporateSocialResponsibilityHypercube to label_DetailsOnPoliciesOnCorporateSocialResponsibilityHypercube"/>
    <link:loc xlink:type="locator" xlink:href="mrv.xsd#mrv_DetailsOnPoliciesOnOtherCorporateSocialResponsibilityAbstract" xlink:label="DetailsOnPoliciesOnOtherCorporateSocialResponsibilityAbstract" xlink:title="DetailsOnPoliciesOnOtherCorporateSocialResponsibilityAbstract"/>
    <link:label xlink:type="resource" xlink:label="label_DetailsOnPoliciesOnOtherCorporateSocialResponsibilityAbstract_7" xlink:role="http://www.xbrl.org/2003/role/label" xlink:title="label_DetailsOnPoliciesOnOtherCorporateSocialResponsibilityAbstract" xml:lang="ar" id="label_DetailsOnPoliciesOnOtherCorporateSocialResponsibilityAbstract_7">تفاصيل حول سياسات أخرى بخصوص المسؤولية الاجتماعية للمنشأه</link:label>
    <link:labelArc xlink:type="arc" xlink:arcrole="http://www.xbrl.org/2003/arcrole/concept-label" xlink:from="DetailsOnPoliciesOnOtherCorporateSocialResponsibilityAbstract" xlink:to="label_DetailsOnPoliciesOnOtherCorporateSocialResponsibilityAbstract_7" xlink:title="label: DetailsOnPoliciesOnOtherCorporateSocialResponsibilityAbstract to label_DetailsOnPoliciesOnOtherCorporateSocialResponsibilityAbstract"/>
    <link:loc xlink:type="locator" xlink:href="mrv.xsd#mrv_DetailsOnPoliciesOnOtherCorporateSocialResponsibilityHypercube" xlink:label="DetailsOnPoliciesOnOtherCorporateSocialResponsibilityHypercube" xlink:title="DetailsOnPoliciesOnOtherCorporateSocialResponsibilityHypercube"/>
    <link:label xlink:type="resource" xlink:label="label_DetailsOnPoliciesOnOtherCorporateSocialResponsibilityHypercube_7" xlink:role="http://www.xbrl.org/2003/role/label" xlink:title="label_DetailsOnPoliciesOnOtherCorporateSocialResponsibilityHypercube" xml:lang="ar" id="label_DetailsOnPoliciesOnOtherCorporateSocialResponsibilityHypercube_7">تفاصيل حول سياسات  أخرى بخصوص المسؤولية الاجتماعية للمنشأه</link:label>
    <link:labelArc xlink:type="arc" xlink:arcrole="http://www.xbrl.org/2003/arcrole/concept-label" xlink:from="DetailsOnPoliciesOnOtherCorporateSocialResponsibilityHypercube" xlink:to="label_DetailsOnPoliciesOnOtherCorporateSocialResponsibilityHypercube_7" xlink:title="label: DetailsOnPoliciesOnOtherCorporateSocialResponsibilityHypercube to label_DetailsOnPoliciesOnOtherCorporateSocialResponsibilityHypercube"/>
    <link:loc xlink:type="locator" xlink:href="mrv.xsd#mrv_TypeOfPoliciesDimension" xlink:label="TypeOfPoliciesDimension" xlink:title="TypeOfPoliciesDimension"/>
    <link:label xlink:type="resource" xlink:label="label_TypeOfPoliciesDimension_7" xlink:role="http://www.xbrl.org/2003/role/label" xlink:title="label_TypeOfPoliciesDimension" xml:lang="ar" id="label_TypeOfPoliciesDimension_7">أنواع السياسات</link:label>
    <link:labelArc xlink:type="arc" xlink:arcrole="http://www.xbrl.org/2003/arcrole/concept-label" xlink:from="TypeOfPoliciesDimension" xlink:to="label_TypeOfPoliciesDimension_7" xlink:title="label: TypeOfPoliciesDimension to label_TypeOfPoliciesDimension"/>
    <link:loc xlink:type="locator" xlink:href="mrv.xsd#mrv_AllPoliciesMember" xlink:label="AllPoliciesMember" xlink:title="AllPoliciesMember"/>
    <link:label xlink:type="resource" xlink:label="label_AllPoliciesMember_7" xlink:role="http://www.xbrl.org/2003/role/label" xlink:title="label_AllPoliciesMember" xml:lang="ar" id="label_AllPoliciesMember_7">كافة السياسات</link:label>
    <link:labelArc xlink:type="arc" xlink:arcrole="http://www.xbrl.org/2003/arcrole/concept-label" xlink:from="AllPoliciesMember" xlink:to="label_AllPoliciesMember_7" xlink:title="label: AllPoliciesMember to label_AllPoliciesMember"/>
    <link:loc xlink:type="locator" xlink:href="mrv.xsd#mrv_IdentificationOfPolicyDimension" xlink:label="IdentificationOfPolicyDimension" xlink:title="IdentificationOfPolicyDimension"/>
    <link:label xlink:type="resource" xlink:label="label_IdentificationOfPolicyDimension_7" xlink:role="http://www.xbrl.org/2003/role/label" xlink:title="label_IdentificationOfPolicyDimension" xml:lang="ar" id="label_IdentificationOfPolicyDimension_7">تحديد السياسة</link:label>
    <link:labelArc xlink:type="arc" xlink:arcrole="http://www.xbrl.org/2003/arcrole/concept-label" xlink:from="IdentificationOfPolicyDimension" xlink:to="label_IdentificationOfPolicyDimension_7" xlink:title="label: IdentificationOfPolicyDimension to label_IdentificationOfPolicyDimension"/>
    <link:loc xlink:type="locator" xlink:href="mrv.xsd#mrv_PoliciesOnEnvironmentMember" xlink:label="PoliciesOnEnvironmentMember" xlink:title="PoliciesOnEnvironmentMember"/>
    <link:label xlink:type="resource" xlink:label="label_PoliciesOnEnvironmentMember_7" xlink:role="http://www.xbrl.org/2003/role/label" xlink:title="label_PoliciesOnEnvironmentMember" xml:lang="ar" id="label_PoliciesOnEnvironmentMember_7">السياسات بخصوص البيئة</link:label>
    <link:labelArc xlink:type="arc" xlink:arcrole="http://www.xbrl.org/2003/arcrole/concept-label" xlink:from="PoliciesOnEnvironmentMember" xlink:to="label_PoliciesOnEnvironmentMember_7" xlink:title="label: PoliciesOnEnvironmentMember to label_PoliciesOnEnvironmentMember"/>
    <link:loc xlink:type="locator" xlink:href="mrv.xsd#mrv_PoliciesOnSocialConditionsAndLaborPracticesMember" xlink:label="PoliciesOnSocialConditionsAndLaborPracticesMember" xlink:title="PoliciesOnSocialConditionsAndLaborPracticesMember"/>
    <link:label xlink:type="resource" xlink:label="label_PoliciesOnSocialConditionsAndLaborPracticesMember_7" xlink:role="http://www.xbrl.org/2003/role/label" xlink:title="label_PoliciesOnSocialConditionsAndLaborPracticesMember" xml:lang="ar" id="label_PoliciesOnSocialConditionsAndLaborPracticesMember_7">السياسات بخصوص الأوضاع الاجتماعية وممارسات العمل</link:label>
    <link:labelArc xlink:type="arc" xlink:arcrole="http://www.xbrl.org/2003/arcrole/concept-label" xlink:from="PoliciesOnSocialConditionsAndLaborPracticesMember" xlink:to="label_PoliciesOnSocialConditionsAndLaborPracticesMember_7" xlink:title="label: PoliciesOnSocialConditionsAndLaborPracticesMember to label_PoliciesOnSocialConditionsAndLaborPracticesMember"/>
    <link:loc xlink:type="locator" xlink:href="mrv.xsd#mrv_PoliciesOnHumanRightsMember" xlink:label="PoliciesOnHumanRights" xlink:title="PoliciesOnHumanRights"/>
    <link:label xlink:type="resource" xlink:label="label_PoliciesOnHumanRights_7" xlink:role="http://www.xbrl.org/2003/role/label" xlink:title="label_PoliciesOnHumanRights" xml:lang="ar" id="label_PoliciesOnHumanRights_7">السياسات بخصوص حقوق الانسان</link:label>
    <link:labelArc xlink:type="arc" xlink:arcrole="http://www.xbrl.org/2003/arcrole/concept-label" xlink:from="PoliciesOnHumanRights" xlink:to="label_PoliciesOnHumanRights_7" xlink:title="label: PoliciesOnHumanRights to label_PoliciesOnHumanRights"/>
    <link:loc xlink:type="locator" xlink:href="mrv.xsd#mrv_PoliciesOnAntiCorruptionAndBriberyMember" xlink:label="PoliciesOnAntiCorruptionAndBriberyMember" xlink:title="PoliciesOnAntiCorruptionAndBriberyMember"/>
    <link:label xlink:type="resource" xlink:label="label_PoliciesOnAntiCorruptionAndBriberyMember_7" xlink:role="http://www.xbrl.org/2003/role/label" xlink:title="label_PoliciesOnAntiCorruptionAndBriberyMember" xml:lang="ar" id="label_PoliciesOnAntiCorruptionAndBriberyMember_7">السياسات بخصوص مكافحة الفساد والرشوة</link:label>
    <link:labelArc xlink:type="arc" xlink:arcrole="http://www.xbrl.org/2003/arcrole/concept-label" xlink:from="PoliciesOnAntiCorruptionAndBriberyMember" xlink:to="label_PoliciesOnAntiCorruptionAndBriberyMember_7" xlink:title="label: PoliciesOnAntiCorruptionAndBriberyMember to label_PoliciesOnAntiCorruptionAndBriberyMember"/>
    <link:loc xlink:type="locator" xlink:href="mrv.xsd#mrv_DescriptionOfPrincipalRiskInRelationToTheSignificantActivitiesOfEntityCorporateSocialResponsibility" xlink:label="DescriptionOfPrincipalRiskInRelationToTheSignificantActivitiesOfEntityCorporateSocialResponsibility" xlink:title="DescriptionOfPrincipalRiskInRelationToTheSignificantActivitiesOfEntityCorporateSocialResponsibility"/>
    <link:label xlink:type="resource" xlink:label="label_DescriptionOfPrincipalRiskInRelationToTheSignificantActivitiesOfEntityCorporateSocialResponsibility_7" xlink:role="http://www.xbrl.org/2003/role/label" xlink:title="label_DescriptionOfPrincipalRiskInRelationToTheSignificantActivitiesOfEntityCorporateSocialResponsibility" xml:lang="ar" id="label_DescriptionOfPrincipalRiskInRelationToTheSignificantActivitiesOfEntityCorporateSocialResponsibility_7">وصف الخطر الرئيس فيما يتعلق بالنشاطات الأساسية للمنشأة وبمسؤوليتها الاجتماعية</link:label>
    <link:labelArc xlink:type="arc" xlink:arcrole="http://www.xbrl.org/2003/arcrole/concept-label" xlink:from="DescriptionOfPrincipalRiskInRelationToTheSignificantActivitiesOfEntityCorporateSocialResponsibility" xlink:to="label_DescriptionOfPrincipalRiskInRelationToTheSignificantActivitiesOfEntityCorporateSocialResponsibility_7" xlink:title="label: DescriptionOfPrincipalRiskInRelationToTheSignificantActivitiesOfEntityCorporateSocialResponsibility to label_DescriptionOfPrincipalRiskInRelationToTheSignificantActivitiesOfEntityCorporateSocialResponsibility"/>
    <link:loc xlink:type="locator" xlink:href="mrv.xsd#mrv_DescriptionOfTheEntitysUseOfAnyNonFinancialKeyPerformanceIndicatorsCorporateSocialResponsibility" xlink:label="DescriptionOfTheEntitysUseOfAnyNonFinancialKeyPerformanceIndicatorsCorporateSocialResponsibility" xlink:title="DescriptionOfTheEntitysUseOfAnyNonFinancialKeyPerformanceIndicatorsCorporateSocialResponsibility"/>
    <link:label xlink:type="resource" xlink:label="label_DescriptionOfTheEntitysUseOfAnyNonFinancialKeyPerformanceIndicatorsCorporateSocialResponsibility_7" xlink:role="http://www.xbrl.org/2003/role/label" xlink:title="label_DescriptionOfTheEntitysUseOfAnyNonFinancialKeyPerformanceIndicatorsCorporateSocialResponsibility" xml:lang="ar" id="label_DescriptionOfTheEntitysUseOfAnyNonFinancialKeyPerformanceIndicatorsCorporateSocialResponsibility_7">وصف لاستخدام المنشأة لأي مؤشر أداء أساسي غير مالي وللمسؤولية الاجتماعية</link:label>
    <link:labelArc xlink:type="arc" xlink:arcrole="http://www.xbrl.org/2003/arcrole/concept-label" xlink:from="DescriptionOfTheEntitysUseOfAnyNonFinancialKeyPerformanceIndicatorsCorporateSocialResponsibility" xlink:to="label_DescriptionOfTheEntitysUseOfAnyNonFinancialKeyPerformanceIndicatorsCorporateSocialResponsibility_7" xlink:title="label: DescriptionOfTheEntitysUseOfAnyNonFinancialKeyPerformanceIndicatorsCorporateSocialResponsibility to label_DescriptionOfTheEntitysUseOfAnyNonFinancialKeyPerformanceIndicatorsCorporateSocialResponsibility"/>
    <link:loc xlink:type="locator" xlink:href="mrv.xsd#mrv_NameOfPolicyCorporateSocialResponsibility" xlink:label="NameOfPolicyCorporateSocialResponsibility" xlink:title="NameOfPolicyCorporateSocialResponsibility"/>
    <link:label xlink:type="resource" xlink:label="label_NameOfPolicyCorporateSocialResponsibility_7" xlink:role="http://www.xbrl.org/2003/role/label" xlink:title="label_NameOfPolicyCorporateSocialResponsibility" xml:lang="ar" id="label_NameOfPolicyCorporateSocialResponsibility_7">اسم السياسة والمسؤولية الاجتماعية للمنشأة</link:label>
    <link:labelArc xlink:type="arc" xlink:arcrole="http://www.xbrl.org/2003/arcrole/concept-label" xlink:from="NameOfPolicyCorporateSocialResponsibility" xlink:to="label_NameOfPolicyCorporateSocialResponsibility_7" xlink:title="label: NameOfPolicyCorporateSocialResponsibility to label_NameOfPolicyCorporateSocialResponsibility"/>
    <link:loc xlink:type="locator" xlink:href="mrv.xsd#mrv_RelatedToManagementsReviewAbstract" xlink:label="RelatedToManagementsReviewAbstract" xlink:title="RelatedToManagementsReviewAbstract"/>
    <link:label xlink:type="resource" xlink:label="label_RelatedToManagementsReviewAbstract_7" xlink:role="http://www.xbrl.org/2003/role/label" xlink:title="label_RelatedToManagementsReviewAbstract" xml:lang="ar" id="label_RelatedToManagementsReviewAbstract_7">ذات صلة بمراجعة الإدارة</link:label>
    <link:labelArc xlink:type="arc" xlink:arcrole="http://www.xbrl.org/2003/arcrole/concept-label" xlink:from="RelatedToManagementsReviewAbstract" xlink:to="label_RelatedToManagementsReviewAbstract_7" xlink:title="label: RelatedToManagementsReviewAbstract to label_RelatedToManagementsReviewAbstract"/>
    <link:loc xlink:type="locator" xlink:href="mrv.xsd#mrv_ReportOnPaymentsToAuthorities" xlink:label="ReportOnPaymentsToAuthorities" xlink:title="ReportOnPaymentsToAuthorities"/>
    <link:label xlink:type="resource" xlink:label="label_ReportOnPaymentsToAuthorities_7" xlink:role="http://www.xbrl.org/2003/role/label" xlink:title="label_ReportOnPaymentsToAuthorities" xml:lang="ar" id="label_ReportOnPaymentsToAuthorities_7">تقرير عن المدفوعات للسلطات</link:label>
    <link:labelArc xlink:type="arc" xlink:arcrole="http://www.xbrl.org/2003/arcrole/concept-label" xlink:from="ReportOnPaymentsToAuthorities" xlink:to="label_ReportOnPaymentsToAuthorities_7" xlink:title="label: ReportOnPaymentsToAuthorities to label_ReportOnPaymentsToAuthorities"/>
    <link:loc xlink:type="locator" xlink:href="mrv.xsd#mrv_ManagementsReviewEtcAbstract" xlink:label="ManagementsReviewEtcAbstract" xlink:title="ManagementsReviewEtcAbstract"/>
    <link:label xlink:type="resource" xlink:label="label_ManagementsReviewEtcAbstract_7" xlink:role="http://www.xbrl.org/2003/role/label" xlink:title="label_ManagementsReviewEtcAbstract" xml:lang="ar" id="label_ManagementsReviewEtcAbstract_7">مراجعة الإدارة، إلخ</link:label>
    <link:labelArc xlink:type="arc" xlink:arcrole="http://www.xbrl.org/2003/arcrole/concept-label" xlink:from="ManagementsReviewEtcAbstract" xlink:to="label_ManagementsReviewEtcAbstract_7" xlink:title="label: ManagementsReviewEtcAbstract to label_ManagementsReviewEtcAbstract"/>
    <link:loc xlink:type="locator" xlink:href="mrv.xsd#mrv_ValueOfKeyFigureOrFinancialRatioMonetary" xlink:label="ValueOfKeyFigureOrFinancialRatioMonetary" xlink:title="ValueOfKeyFigureOrFinancialRatioMonetary"/>
    <link:label xlink:type="resource" xlink:label="label_ValueOfKeyFigureOrFinancialRatioMonetary_7" xlink:role="http://www.xbrl.org/2003/role/label" xlink:title="label_ValueOfKeyFigureOrFinancialRatioMonetary" xml:lang="ar" id="label_ValueOfKeyFigureOrFinancialRatioMonetary_7">قيمة الرقم الرئيس أو النسبة المالية أو النقدية</link:label>
    <link:labelArc xlink:type="arc" xlink:arcrole="http://www.xbrl.org/2003/arcrole/concept-label" xlink:from="ValueOfKeyFigureOrFinancialRatioMonetary" xlink:to="label_ValueOfKeyFigureOrFinancialRatioMonetary_7" xlink:title="label: ValueOfKeyFigureOrFinancialRatioMonetary to label_ValueOfKeyFigureOrFinancialRatioMonetary"/>
  </link:labelLink>
</link:linkbase>
