{
    "documentInfo": {
        "documentType": "https://xbrl.org/2021/xbrl-csv",
        "namespaces": {
            "eba": "https://www.eba.europa.eu",
            "eba_AP": "http://www.eba.europa.eu/xbrl/crr/dict/dom/AP",
            "eba_BA": "http://www.eba.europa.eu/xbrl/crr/dict/dom/BA",
            "eba_GA": "http://www.eba.europa.eu/xbrl/crr/dict/dom/GA",
            "eba_MC": "http://www.eba.europa.eu/xbrl/crr/dict/dom/MC",
            "eba_RP": "http://www.eba.europa.eu/xbrl/crr/dict/dom/RP",
            "eba_dim_3.4": "https://www.eba.europa.eu/xbrl/crr/dict/dim/3.4",
            "eba_met": "https://www.eba.europa.eu/xbrl/crr/dict/met",
            "eba_met_3.4": "https://www.eba.europa.eu/xbrl/crr/dict/met/3.4",
            "eba_met_3.5": "https://www.eba.europa.eu/xbrl/crr/dict/met/3.5"
        }
    },
    "tableTemplates": {
        "M_07-00": {
            "columns": {
                "CTI": {},
                "IEN": {},
                "IIE": {},
                "TOE": {},
                "datapoint": {
                    "propertyGroups": {
                        "dp459269": {
                            "decimals": "$decimalsMonetary",
                            "dimensions": {
                                "concept": "eba_met:mi81",
                                "eba_dim_3.4:ARQ": "eba_AP:x195",
                                "eba_dim_3.4:BAS": "eba_BA:x24",
                                "eba_dim_3.4:MCY": "eba_MC:x1130",
                                "unit": "$baseCurrency"
                            },
                            "eba:documentation": {
                                "CellCode": "{M_07.00, r*, c0090}",
                                "DataPointVersionId": 459269
                            }
                        },
                        "dp459444": {
                            "dimensions": {
                                "concept": "eba_met:di157",
                                "eba_dim_3.4:BAS": "eba_BA:x17",
                                "eba_dim_3.4:MCK": "eba_MC:x1130"
                            },
                            "eba:documentation": {
                                "CellCode": "{M_07.00, r*, c0120}",
                                "DataPointVersionId": 459444
                            }
                        },
                        "dp459472": {
                            "dimensions": {
                                "concept": "eba_met_3.4:ei598",
                                "eba_dim_3.4:BAS": "eba_BA:x17",
                                "eba_dim_3.4:MCK": "eba_MC:x1130"
                            },
                            "eba:documentation": {
                                "CellCode": "{M_07.00, r*, c0110}",
                                "DataPointVersionId": 459472
                            }
                        },
                        "dp459475": {
                            "dimensions": {
                                "concept": "eba_met_3.4:ei600",
                                "eba_dim_3.4:BAS": "eba_BA:x17",
                                "eba_dim_3.4:CBP": "eba_GA:x38",
                                "eba_dim_3.4:MCK": "eba_MC:x1130"
                            },
                            "eba:documentation": {
                                "CellCode": "{M_07.00, r*, c0050}",
                                "DataPointVersionId": 459475
                            }
                        },
                        "dp459583": {
                            "dimensions": {
                                "concept": "eba_met:si830",
                                "eba_dim_3.4:BAS": "eba_BA:x17",
                                "eba_dim_3.4:MCK": "eba_MC:x1130",
                                "eba_dim_3.4:RPR": "eba_RP:x34"
                            },
                            "eba:documentation": {
                                "CellCode": "{M_07.00, r*, c0010}",
                                "DataPointVersionId": 459583
                            }
                        },
                        "dp459584": {
                            "dimensions": {
                                "concept": "eba_met:si832",
                                "eba_dim_3.4:BAS": "eba_BA:x17",
                                "eba_dim_3.4:MCY": "eba_MC:x1130"
                            },
                            "eba:documentation": {
                                "CellCode": "{M_07.00, r*, c0080}",
                                "DataPointVersionId": 459584
                            }
                        },
                        "dp459585": {
                            "dimensions": {
                                "concept": "eba_met:si833",
                                "eba_dim_3.4:BAS": "eba_BA:x17",
                                "eba_dim_3.4:MCK": "eba_MC:x1130"
                            },
                            "eba:documentation": {
                                "CellCode": "{M_07.00, r*, c0060}",
                                "DataPointVersionId": 459585
                            }
                        },
                        "dp459586": {
                            "dimensions": {
                                "concept": "eba_met_3.5:ei834",
                                "eba_dim_3.4:BAS": "eba_BA:x17",
                                "eba_dim_3.4:CBR": "eba_GA:x32",
                                "eba_dim_3.4:MCK": "eba_MC:x1130"
                            },
                            "eba:documentation": {
                                "CellCode": "{M_07.00, r*, c0100}",
                                "DataPointVersionId": 459586
                            }
                        },
                        "dp459587": {
                            "dimensions": {
                                "concept": "eba_met:di836",
                                "eba_dim_3.4:BAS": "eba_BA:x17",
                                "eba_dim_3.4:MCK": "eba_MC:x1130"
                            },
                            "eba:documentation": {
                                "CellCode": "{M_07.00, r*, c0130}",
                                "DataPointVersionId": 459587
                            }
                        },
                        "dp459588": {
                            "dimensions": {
                                "concept": "eba_met:bi837",
                                "eba_dim_3.4:BAS": "eba_BA:x17",
                                "eba_dim_3.4:MCK": "eba_MC:x1130"
                            },
                            "eba:documentation": {
                                "CellCode": "{M_07.00, r*, c0140}",
                                "DataPointVersionId": 459588
                            }
                        }
                    }
                },
                "factValue": {
                    "dimensions": {
                        "eba_dim:CTI": "$CTI",
                        "eba_dim:IEN": "$IEN",
                        "eba_dim:IIE": "$IIE",
                        "eba_dim:TOE": "$TOE"
                    },
                    "propertiesFrom": [
                        "datapoint"
                    ]
                }
            }
        }
    }
}