<?xml version='1.0' encoding='UTF-8'?>
<!--(C) EBA-->
<?officialURI http://www.eba.europa.eu/eu/fr/xbrl/crr/fws/mrel/3.5/tab/m_07.00/m_07.00-lab-codes.xml?>
<?taxonomy-version 3.5?>
<link:linkbase xmlns:xsi="http://www.w3.org/2001/XMLSchema-instance" xmlns:link="http://www.xbrl.org/2003/linkbase" xmlns:xlink="http://www.w3.org/1999/xlink" xmlns:xbrldt="http://xbrl.org/2005/xbrldt" xmlns:label="http://xbrl.org/2008/label" xmlns:gen="http://xbrl.org/2008/generic" xsi:schemaLocation="http://xbrl.org/2008/generic http://www.xbrl.org/2008/generic-link.xsd http://xbrl.org/2008/label http://www.xbrl.org/2008/generic-label.xsd">
  <link:arcroleRef arcroleURI="http://xbrl.org/arcrole/2008/element-label" xlink:type="simple" xlink:href="http://www.xbrl.org/2008/generic-label.xsd#element-label"/>
  <link:roleRef roleURI="http://www.eurofiling.info/xbrl/role/rc-code" xlink:type="simple" xlink:href="http://www.eurofiling.info/eu/fr/xbrl/ext/model.xsd#rc-code"/>
  <link:roleRef roleURI="http://www.eurofiling.info/xbrl/role/filing-indicator-code" xlink:type="simple" xlink:href="http://www.eurofiling.info/eu/fr/xbrl/ext/model.xsd#filing-indicator-code"/>
  <gen:link xlink:type="extended" xlink:role="http://www.xbrl.org/2003/role/link">
    <link:loc xlink:type="locator" xlink:label="loc_eba_tM_07.00" xlink:href="m_07.00-rend.xml#eba_tM_07.00"/>
    <label:label xlink:label="label_eba_tM_07.00" xlink:role="http://www.eurofiling.info/xbrl/role/rc-code" xlink:type="resource" xml:lang="en">M_07.00</label:label>
    <gen:arc xlink:arcrole="http://xbrl.org/arcrole/2008/element-label" xlink:from="loc_eba_tM_07.00" xlink:to="label_eba_tM_07.00" xlink:type="arc"/>
    <label:label xlink:label="label_eba_tM_07.00_1" xlink:role="http://www.eurofiling.info/xbrl/role/filing-indicator-code" xlink:type="resource" xml:lang="en">M_07.00</label:label>
    <gen:arc xlink:arcrole="http://xbrl.org/arcrole/2008/element-label" xlink:from="loc_eba_tM_07.00" xlink:to="label_eba_tM_07.00_1" xlink:type="arc"/>
    <link:loc xlink:type="locator" xlink:label="loc_c_13973" xlink:href="m_07.00-rend.xml#c_13973"/>
    <label:label xlink:label="label_c_13973" xlink:role="http://www.eurofiling.info/xbrl/role/rc-code" xlink:type="resource" xml:lang="en">0009</label:label>
    <gen:arc xlink:arcrole="http://xbrl.org/arcrole/2008/element-label" xlink:from="loc_c_13973" xlink:to="label_c_13973" xlink:type="arc"/>
    <link:loc xlink:type="locator" xlink:label="loc_c_13974" xlink:href="m_07.00-rend.xml#c_13974"/>
    <label:label xlink:label="label_c_13974" xlink:role="http://www.eurofiling.info/xbrl/role/rc-code" xlink:type="resource" xml:lang="en">0010</label:label>
    <gen:arc xlink:arcrole="http://xbrl.org/arcrole/2008/element-label" xlink:from="loc_c_13974" xlink:to="label_c_13974" xlink:type="arc"/>
    <link:loc xlink:type="locator" xlink:label="loc_c_13978" xlink:href="m_07.00-rend.xml#c_13978"/>
    <label:label xlink:label="label_c_13978" xlink:role="http://www.eurofiling.info/xbrl/role/rc-code" xlink:type="resource" xml:lang="en">0050</label:label>
    <gen:arc xlink:arcrole="http://xbrl.org/arcrole/2008/element-label" xlink:from="loc_c_13978" xlink:to="label_c_13978" xlink:type="arc"/>
    <link:loc xlink:type="locator" xlink:label="loc_c_13979" xlink:href="m_07.00-rend.xml#c_13979"/>
    <label:label xlink:label="label_c_13979" xlink:role="http://www.eurofiling.info/xbrl/role/rc-code" xlink:type="resource" xml:lang="en">0060</label:label>
    <gen:arc xlink:arcrole="http://xbrl.org/arcrole/2008/element-label" xlink:from="loc_c_13979" xlink:to="label_c_13979" xlink:type="arc"/>
    <link:loc xlink:type="locator" xlink:label="loc_c_13980" xlink:href="m_07.00-rend.xml#c_13980"/>
    <label:label xlink:label="label_c_13980" xlink:role="http://www.eurofiling.info/xbrl/role/rc-code" xlink:type="resource" xml:lang="en">0069</label:label>
    <gen:arc xlink:arcrole="http://xbrl.org/arcrole/2008/element-label" xlink:from="loc_c_13980" xlink:to="label_c_13980" xlink:type="arc"/>
    <link:loc xlink:type="locator" xlink:label="loc_c_13982" xlink:href="m_07.00-rend.xml#c_13982"/>
    <label:label xlink:label="label_c_13982" xlink:role="http://www.eurofiling.info/xbrl/role/rc-code" xlink:type="resource" xml:lang="en">0080</label:label>
    <gen:arc xlink:arcrole="http://xbrl.org/arcrole/2008/element-label" xlink:from="loc_c_13982" xlink:to="label_c_13982" xlink:type="arc"/>
    <link:loc xlink:type="locator" xlink:label="loc_c_13983" xlink:href="m_07.00-rend.xml#c_13983"/>
    <label:label xlink:label="label_c_13983" xlink:role="http://www.eurofiling.info/xbrl/role/rc-code" xlink:type="resource" xml:lang="en">0090</label:label>
    <gen:arc xlink:arcrole="http://xbrl.org/arcrole/2008/element-label" xlink:from="loc_c_13983" xlink:to="label_c_13983" xlink:type="arc"/>
    <link:loc xlink:type="locator" xlink:label="loc_c_13984" xlink:href="m_07.00-rend.xml#c_13984"/>
    <label:label xlink:label="label_c_13984" xlink:role="http://www.eurofiling.info/xbrl/role/rc-code" xlink:type="resource" xml:lang="en">0099</label:label>
    <gen:arc xlink:arcrole="http://xbrl.org/arcrole/2008/element-label" xlink:from="loc_c_13984" xlink:to="label_c_13984" xlink:type="arc"/>
    <link:loc xlink:type="locator" xlink:label="loc_c_13985" xlink:href="m_07.00-rend.xml#c_13985"/>
    <label:label xlink:label="label_c_13985" xlink:role="http://www.eurofiling.info/xbrl/role/rc-code" xlink:type="resource" xml:lang="en">0100</label:label>
    <gen:arc xlink:arcrole="http://xbrl.org/arcrole/2008/element-label" xlink:from="loc_c_13985" xlink:to="label_c_13985" xlink:type="arc"/>
    <link:loc xlink:type="locator" xlink:label="loc_c_13986" xlink:href="m_07.00-rend.xml#c_13986"/>
    <label:label xlink:label="label_c_13986" xlink:role="http://www.eurofiling.info/xbrl/role/rc-code" xlink:type="resource" xml:lang="en">0110</label:label>
    <gen:arc xlink:arcrole="http://xbrl.org/arcrole/2008/element-label" xlink:from="loc_c_13986" xlink:to="label_c_13986" xlink:type="arc"/>
    <link:loc xlink:type="locator" xlink:label="loc_c_13987" xlink:href="m_07.00-rend.xml#c_13987"/>
    <label:label xlink:label="label_c_13987" xlink:role="http://www.eurofiling.info/xbrl/role/rc-code" xlink:type="resource" xml:lang="en">0120</label:label>
    <gen:arc xlink:arcrole="http://xbrl.org/arcrole/2008/element-label" xlink:from="loc_c_13987" xlink:to="label_c_13987" xlink:type="arc"/>
    <link:loc xlink:type="locator" xlink:label="loc_c_13988" xlink:href="m_07.00-rend.xml#c_13988"/>
    <label:label xlink:label="label_c_13988" xlink:role="http://www.eurofiling.info/xbrl/role/rc-code" xlink:type="resource" xml:lang="en">0130</label:label>
    <gen:arc xlink:arcrole="http://xbrl.org/arcrole/2008/element-label" xlink:from="loc_c_13988" xlink:to="label_c_13988" xlink:type="arc"/>
    <link:loc xlink:type="locator" xlink:label="loc_c_13989" xlink:href="m_07.00-rend.xml#c_13989"/>
    <label:label xlink:label="label_c_13989" xlink:role="http://www.eurofiling.info/xbrl/role/rc-code" xlink:type="resource" xml:lang="en">0140</label:label>
    <gen:arc xlink:arcrole="http://xbrl.org/arcrole/2008/element-label" xlink:from="loc_c_13989" xlink:to="label_c_13989" xlink:type="arc"/>
    <link:loc xlink:type="locator" xlink:label="loc_eba_a2" xlink:href="m_07.00-rend.xml#eba_a2"/>
    <label:label xlink:label="label_c_13975" xlink:role="http://www.eurofiling.info/xbrl/role/rc-code" xlink:type="resource" xml:lang="en">0020</label:label>
    <gen:arc xlink:arcrole="http://xbrl.org/arcrole/2008/element-label" xlink:from="loc_eba_a2" xlink:to="label_c_13975" xlink:type="arc"/>
    <link:loc xlink:type="locator" xlink:label="loc_eba_a3" xlink:href="m_07.00-rend.xml#eba_a3"/>
    <label:label xlink:label="label_c_13976" xlink:role="http://www.eurofiling.info/xbrl/role/rc-code" xlink:type="resource" xml:lang="en">0030</label:label>
    <gen:arc xlink:arcrole="http://xbrl.org/arcrole/2008/element-label" xlink:from="loc_eba_a3" xlink:to="label_c_13976" xlink:type="arc"/>
    <link:loc xlink:type="locator" xlink:label="loc_eba_a4" xlink:href="m_07.00-rend.xml#eba_a4"/>
    <label:label xlink:label="label_c_13977" xlink:role="http://www.eurofiling.info/xbrl/role/rc-code" xlink:type="resource" xml:lang="en">0040</label:label>
    <gen:arc xlink:arcrole="http://xbrl.org/arcrole/2008/element-label" xlink:from="loc_eba_a4" xlink:to="label_c_13977" xlink:type="arc"/>
    <link:loc xlink:type="locator" xlink:label="loc_eba_a5" xlink:href="m_07.00-rend.xml#eba_a5"/>
    <label:label xlink:label="label_c_13981" xlink:role="http://www.eurofiling.info/xbrl/role/rc-code" xlink:type="resource" xml:lang="en">0070</label:label>
    <gen:arc xlink:arcrole="http://xbrl.org/arcrole/2008/element-label" xlink:from="loc_eba_a5" xlink:to="label_c_13981" xlink:type="arc"/>
  </gen:link>
</link:linkbase>