<?xml version='1.0' encoding='UTF-8'?>
<!--(C) EBA-->
<?officialURI http://www.eba.europa.eu/eu/fr/xbrl/crr/fws/mrel/3.5/tab/m_07.00/m_07.00-rend.xml?>
<?taxonomy-version 3.5?>
<link:linkbase xmlns:xsi="http://www.w3.org/2001/XMLSchema-instance" xmlns:link="http://www.xbrl.org/2003/linkbase" xmlns:xlink="http://www.w3.org/1999/xlink" xmlns:xbrldt="http://xbrl.org/2005/xbrldt" xmlns:table="http://xbrl.org/2014/table" xmlns:df="http://xbrl.org/2008/filter/dimension" xmlns:formula="http://xbrl.org/2008/formula" xmlns:gen="http://xbrl.org/2008/generic" xmlns:eba_exp="http://www.eba.europa.eu/xbrl/crr/dict/exp" xmlns:eba_met="http://www.eba.europa.eu/xbrl/crr/dict/met" xmlns:eba_BA="http://www.eba.europa.eu/xbrl/crr/dict/dom/BA" xmlns:eba_MC="http://www.eba.europa.eu/xbrl/crr/dict/dom/MC" xmlns:eba_RP="http://www.eba.europa.eu/xbrl/crr/dict/dom/RP" xmlns:eba_GA="http://www.eba.europa.eu/xbrl/crr/dict/dom/GA" xmlns:eba_AP="http://www.eba.europa.eu/xbrl/crr/dict/dom/AP" xmlns:eba_met_3.5="http://www.eba.europa.eu/xbrl/crr/dict/met/3.5" xmlns:eba_met_3.4="http://www.eba.europa.eu/xbrl/crr/dict/met/3.4" xmlns:eba_dim_3.4="http://www.eba.europa.eu/xbrl/crr/dict/dim/3.4" xsi:schemaLocation="http://xbrl.org/2014/table http://www.xbrl.org/2014/table.xsd http://xbrl.org/2008/formula http://www.xbrl.org/2008/formula.xsd http://xbrl.org/2008/filter/dimension http://www.xbrl.org/2008/dimension-filter.xsd">
  <link:arcroleRef arcroleURI="http://xbrl.org/arcrole/2014/aspect-node-filter" xlink:type="simple" xlink:href="http://www.xbrl.org/2014/table.xsd#aspect-node-filter"/>
  <link:arcroleRef arcroleURI="http://xbrl.org/arcrole/2014/breakdown-tree" xlink:type="simple" xlink:href="http://www.xbrl.org/2014/table.xsd#breakdown-tree"/>
  <link:arcroleRef arcroleURI="http://xbrl.org/arcrole/2014/definition-node-subtree" xlink:type="simple" xlink:href="http://www.xbrl.org/2014/table.xsd#definition-node-subtree"/>
  <link:arcroleRef arcroleURI="http://xbrl.org/arcrole/2014/table-breakdown" xlink:type="simple" xlink:href="http://www.xbrl.org/2014/table.xsd#table-breakdown"/>
  <link:roleRef roleURI="http://www.eba.europa.eu/xbrl/crr/role/fws/mrel/3.5/tab/M_07.00" xlink:type="simple" xlink:href="m_07.00.xsd#role"/>
  <link:roleRef roleURI="http://www.eba.europa.eu/xbrl/crr/role/dict/dom/BT/3.4/BT3" xlink:type="simple" xlink:href="../../../../../dict/dom/bt/3.4/hier.xsd#eba_BT3"/>
  <link:roleRef roleURI="http://www.eba.europa.eu/xbrl/crr/role/dict/dom/OL/3.4/OL3" xlink:type="simple" xlink:href="../../../../../dict/dom/ol/3.4/hier.xsd#eba_OL3"/>
  <gen:link xlink:type="extended" xlink:role="http://www.eba.europa.eu/xbrl/crr/role/fws/mrel/3.5/tab/M_07.00">
    <table:table xlink:type="resource" xlink:label="eba_tM_07.00" id="eba_tM_07.00"/>
    <table:breakdown xlink:type="resource" xlink:label="eba_a1" id="eba_a1" parentChildOrder="parent-first"/>
    <table:tableBreakdownArc xlink:type="arc" xlink:arcrole="http://xbrl.org/arcrole/2014/table-breakdown" xlink:from="eba_tM_07.00" xlink:to="eba_a1" axis="x" order="1"/>
    <table:ruleNode xlink:type="resource" xlink:label="eba_a1_root" id="eba_a1_root" merge="true" abstract="true"/>
    <table:breakdownTreeArc xlink:type="arc" xlink:arcrole="http://xbrl.org/arcrole/2014/breakdown-tree" xlink:from="eba_a1" xlink:to="eba_a1_root" order="0"/>
    <table:ruleNode xlink:type="resource" xlink:label="c_13973" id="c_13973" parentChildOrder="parent-first" abstract="true"/>
    <table:definitionNodeSubtreeArc xlink:type="arc" xlink:arcrole="http://xbrl.org/arcrole/2014/definition-node-subtree" xlink:from="eba_a1_root" xlink:to="c_13973" order="9" />
    <table:ruleNode xlink:type="resource" xlink:label="c_13974" id="c_13974" parentChildOrder="parent-first">
      <formula:concept>
        <formula:qname>eba_met:si830</formula:qname>
      </formula:concept>
      <formula:explicitDimension dimension="eba_dim_3.4:BAS">
        <formula:member>
          <formula:qname>eba_BA:x17</formula:qname>
        </formula:member>
      </formula:explicitDimension>
      <formula:explicitDimension dimension="eba_dim_3.4:MCK">
        <formula:member>
          <formula:qname>eba_MC:x1130</formula:qname>
        </formula:member>
      </formula:explicitDimension>
      <formula:explicitDimension dimension="eba_dim_3.4:RPR">
        <formula:member>
          <formula:qname>eba_RP:x34</formula:qname>
        </formula:member>
      </formula:explicitDimension>
    </table:ruleNode>
    <table:definitionNodeSubtreeArc xlink:type="arc" xlink:arcrole="http://xbrl.org/arcrole/2014/definition-node-subtree" xlink:from="c_13973" xlink:to="c_13974" order="10" />
    <table:ruleNode xlink:type="resource" xlink:label="c_13978" id="c_13978" parentChildOrder="parent-first">
      <formula:concept>
        <formula:qname>eba_met_3.4:ei600</formula:qname>
      </formula:concept>
      <formula:explicitDimension dimension="eba_dim_3.4:BAS">
        <formula:member>
          <formula:qname>eba_BA:x17</formula:qname>
        </formula:member>
      </formula:explicitDimension>
      <formula:explicitDimension dimension="eba_dim_3.4:CBP">
        <formula:member>
          <formula:qname>eba_GA:x38</formula:qname>
        </formula:member>
      </formula:explicitDimension>
      <formula:explicitDimension dimension="eba_dim_3.4:MCK">
        <formula:member>
          <formula:qname>eba_MC:x1130</formula:qname>
        </formula:member>
      </formula:explicitDimension>
    </table:ruleNode>
    <table:definitionNodeSubtreeArc xlink:type="arc" xlink:arcrole="http://xbrl.org/arcrole/2014/definition-node-subtree" xlink:from="eba_a1_root" xlink:to="c_13978" order="50" />
    <table:ruleNode xlink:type="resource" xlink:label="c_13979" id="c_13979" parentChildOrder="parent-first">
      <formula:concept>
        <formula:qname>eba_met:si833</formula:qname>
      </formula:concept>
      <formula:explicitDimension dimension="eba_dim_3.4:BAS">
        <formula:member>
          <formula:qname>eba_BA:x17</formula:qname>
        </formula:member>
      </formula:explicitDimension>
      <formula:explicitDimension dimension="eba_dim_3.4:MCK">
        <formula:member>
          <formula:qname>eba_MC:x1130</formula:qname>
        </formula:member>
      </formula:explicitDimension>
    </table:ruleNode>
    <table:definitionNodeSubtreeArc xlink:type="arc" xlink:arcrole="http://xbrl.org/arcrole/2014/definition-node-subtree" xlink:from="eba_a1_root" xlink:to="c_13979" order="60" />
    <table:ruleNode xlink:type="resource" xlink:label="c_13980" id="c_13980" parentChildOrder="parent-first" abstract="true"/>
    <table:definitionNodeSubtreeArc xlink:type="arc" xlink:arcrole="http://xbrl.org/arcrole/2014/definition-node-subtree" xlink:from="eba_a1_root" xlink:to="c_13980" order="69" />
    <table:ruleNode xlink:type="resource" xlink:label="c_13982" id="c_13982" parentChildOrder="parent-first">
      <formula:concept>
        <formula:qname>eba_met:si832</formula:qname>
      </formula:concept>
      <formula:explicitDimension dimension="eba_dim_3.4:BAS">
        <formula:member>
          <formula:qname>eba_BA:x17</formula:qname>
        </formula:member>
      </formula:explicitDimension>
      <formula:explicitDimension dimension="eba_dim_3.4:MCY">
        <formula:member>
          <formula:qname>eba_MC:x1130</formula:qname>
        </formula:member>
      </formula:explicitDimension>
    </table:ruleNode>
    <table:definitionNodeSubtreeArc xlink:type="arc" xlink:arcrole="http://xbrl.org/arcrole/2014/definition-node-subtree" xlink:from="c_13980" xlink:to="c_13982" order="80" />
    <table:ruleNode xlink:type="resource" xlink:label="c_13983" id="c_13983" parentChildOrder="parent-first">
      <formula:concept>
        <formula:qname>eba_met:mi81</formula:qname>
      </formula:concept>
      <formula:explicitDimension dimension="eba_dim_3.4:ARQ">
        <formula:member>
          <formula:qname>eba_AP:x195</formula:qname>
        </formula:member>
      </formula:explicitDimension>
      <formula:explicitDimension dimension="eba_dim_3.4:BAS">
        <formula:member>
          <formula:qname>eba_BA:x24</formula:qname>
        </formula:member>
      </formula:explicitDimension>
      <formula:explicitDimension dimension="eba_dim_3.4:MCY">
        <formula:member>
          <formula:qname>eba_MC:x1130</formula:qname>
        </formula:member>
      </formula:explicitDimension>
    </table:ruleNode>
    <table:definitionNodeSubtreeArc xlink:type="arc" xlink:arcrole="http://xbrl.org/arcrole/2014/definition-node-subtree" xlink:from="eba_a1_root" xlink:to="c_13983" order="90" />
    <table:ruleNode xlink:type="resource" xlink:label="c_13984" id="c_13984" parentChildOrder="parent-first" abstract="true"/>
    <table:definitionNodeSubtreeArc xlink:type="arc" xlink:arcrole="http://xbrl.org/arcrole/2014/definition-node-subtree" xlink:from="eba_a1_root" xlink:to="c_13984" order="99" />
    <table:ruleNode xlink:type="resource" xlink:label="c_13985" id="c_13985" parentChildOrder="parent-first">
      <formula:concept>
        <formula:qname>eba_met_3.5:ei834</formula:qname>
      </formula:concept>
      <formula:explicitDimension dimension="eba_dim_3.4:BAS">
        <formula:member>
          <formula:qname>eba_BA:x17</formula:qname>
        </formula:member>
      </formula:explicitDimension>
      <formula:explicitDimension dimension="eba_dim_3.4:CBR">
        <formula:member>
          <formula:qname>eba_GA:x32</formula:qname>
        </formula:member>
      </formula:explicitDimension>
      <formula:explicitDimension dimension="eba_dim_3.4:MCK">
        <formula:member>
          <formula:qname>eba_MC:x1130</formula:qname>
        </formula:member>
      </formula:explicitDimension>
    </table:ruleNode>
    <table:definitionNodeSubtreeArc xlink:type="arc" xlink:arcrole="http://xbrl.org/arcrole/2014/definition-node-subtree" xlink:from="c_13984" xlink:to="c_13985" order="100" />
    <table:ruleNode xlink:type="resource" xlink:label="c_13986" id="c_13986" parentChildOrder="parent-first">
      <formula:concept>
        <formula:qname>eba_met_3.4:ei598</formula:qname>
      </formula:concept>
      <formula:explicitDimension dimension="eba_dim_3.4:BAS">
        <formula:member>
          <formula:qname>eba_BA:x17</formula:qname>
        </formula:member>
      </formula:explicitDimension>
      <formula:explicitDimension dimension="eba_dim_3.4:MCK">
        <formula:member>
          <formula:qname>eba_MC:x1130</formula:qname>
        </formula:member>
      </formula:explicitDimension>
    </table:ruleNode>
    <table:definitionNodeSubtreeArc xlink:type="arc" xlink:arcrole="http://xbrl.org/arcrole/2014/definition-node-subtree" xlink:from="c_13984" xlink:to="c_13986" order="110" />
    <table:ruleNode xlink:type="resource" xlink:label="c_13987" id="c_13987" parentChildOrder="parent-first">
      <formula:concept>
        <formula:qname>eba_met:di157</formula:qname>
      </formula:concept>
      <formula:explicitDimension dimension="eba_dim_3.4:BAS">
        <formula:member>
          <formula:qname>eba_BA:x17</formula:qname>
        </formula:member>
      </formula:explicitDimension>
      <formula:explicitDimension dimension="eba_dim_3.4:MCK">
        <formula:member>
          <formula:qname>eba_MC:x1130</formula:qname>
        </formula:member>
      </formula:explicitDimension>
    </table:ruleNode>
    <table:definitionNodeSubtreeArc xlink:type="arc" xlink:arcrole="http://xbrl.org/arcrole/2014/definition-node-subtree" xlink:from="c_13984" xlink:to="c_13987" order="120" />
    <table:ruleNode xlink:type="resource" xlink:label="c_13988" id="c_13988" parentChildOrder="parent-first">
      <formula:concept>
        <formula:qname>eba_met:di836</formula:qname>
      </formula:concept>
      <formula:explicitDimension dimension="eba_dim_3.4:BAS">
        <formula:member>
          <formula:qname>eba_BA:x17</formula:qname>
        </formula:member>
      </formula:explicitDimension>
      <formula:explicitDimension dimension="eba_dim_3.4:MCK">
        <formula:member>
          <formula:qname>eba_MC:x1130</formula:qname>
        </formula:member>
      </formula:explicitDimension>
    </table:ruleNode>
    <table:definitionNodeSubtreeArc xlink:type="arc" xlink:arcrole="http://xbrl.org/arcrole/2014/definition-node-subtree" xlink:from="c_13984" xlink:to="c_13988" order="130" />
    <table:ruleNode xlink:type="resource" xlink:label="c_13989" id="c_13989" parentChildOrder="parent-first">
      <formula:concept>
        <formula:qname>eba_met:bi837</formula:qname>
      </formula:concept>
      <formula:explicitDimension dimension="eba_dim_3.4:BAS">
        <formula:member>
          <formula:qname>eba_BA:x17</formula:qname>
        </formula:member>
      </formula:explicitDimension>
      <formula:explicitDimension dimension="eba_dim_3.4:MCK">
        <formula:member>
          <formula:qname>eba_MC:x1130</formula:qname>
        </formula:member>
      </formula:explicitDimension>
    </table:ruleNode>
    <table:definitionNodeSubtreeArc xlink:type="arc" xlink:arcrole="http://xbrl.org/arcrole/2014/definition-node-subtree" xlink:from="c_13984" xlink:to="c_13989" order="140" />
    <table:breakdown xlink:type="resource" xlink:label="eba_a2" id="eba_a2" parentChildOrder="parent-first"/>
    <table:tableBreakdownArc xlink:type="arc" xlink:arcrole="http://xbrl.org/arcrole/2014/table-breakdown" xlink:from="eba_tM_07.00" xlink:to="eba_a2" axis="y" order="2"/>
    <table:aspectNode xlink:type="resource" xlink:label="c_13975" id="c_13975">
        <table:dimensionAspect>eba_dim_3.4:IEN</table:dimensionAspect>
    </table:aspectNode>
    <table:breakdownTreeArc xlink:type="arc" xlink:arcrole="http://xbrl.org/arcrole/2014/breakdown-tree" xlink:from="eba_a2" xlink:to="c_13975" order="0"/>
    <table:breakdown xlink:type="resource" xlink:label="eba_a3" id="eba_a3" parentChildOrder="parent-first"/>
    <table:tableBreakdownArc xlink:type="arc" xlink:arcrole="http://xbrl.org/arcrole/2014/table-breakdown" xlink:from="eba_tM_07.00" xlink:to="eba_a3" axis="y" order="3"/>
    <table:aspectNode xlink:type="resource" xlink:label="c_13976" id="c_13976">
        <table:dimensionAspect>eba_dim_3.4:IIE</table:dimensionAspect>
    </table:aspectNode>
    <table:breakdownTreeArc xlink:type="arc" xlink:arcrole="http://xbrl.org/arcrole/2014/breakdown-tree" xlink:from="eba_a3" xlink:to="c_13976" order="0"/>
    <df:explicitDimension xlink:type="resource" xlink:label="eba_c13976.filter" id="eba_c13976.filter">
      <df:dimension>
        <df:qname>eba_dim_3.4:IIE</df:qname>
      </df:dimension>
      <df:member>
        <df:qname>eba_exp:BT</df:qname>
        <df:linkrole>http://www.eba.europa.eu/xbrl/crr/role/dict/dom/BT/3.4/BT3</df:linkrole>
        <df:arcrole>http://xbrl.org/int/dim/arcrole/domain-member</df:arcrole>
        <df:axis>descendant</df:axis>
      </df:member>
    </df:explicitDimension>
    <table:aspectNodeFilterArc xlink:type="arc" xlink:arcrole="http://xbrl.org/arcrole/2014/aspect-node-filter" xlink:from="c_13976" xlink:to="eba_c13976.filter" complement="false"/>
    <table:breakdown xlink:type="resource" xlink:label="eba_a4" id="eba_a4" parentChildOrder="parent-first"/>
    <table:tableBreakdownArc xlink:type="arc" xlink:arcrole="http://xbrl.org/arcrole/2014/table-breakdown" xlink:from="eba_tM_07.00" xlink:to="eba_a4" axis="y" order="4"/>
    <table:aspectNode xlink:type="resource" xlink:label="c_13977" id="c_13977">
        <table:dimensionAspect>eba_dim_3.4:CTI</table:dimensionAspect>
    </table:aspectNode>
    <table:breakdownTreeArc xlink:type="arc" xlink:arcrole="http://xbrl.org/arcrole/2014/breakdown-tree" xlink:from="eba_a4" xlink:to="c_13977" order="0"/>
    <table:breakdown xlink:type="resource" xlink:label="eba_a5" id="eba_a5" parentChildOrder="parent-first"/>
    <table:tableBreakdownArc xlink:type="arc" xlink:arcrole="http://xbrl.org/arcrole/2014/table-breakdown" xlink:from="eba_tM_07.00" xlink:to="eba_a5" axis="y" order="5"/>
    <table:aspectNode xlink:type="resource" xlink:label="c_13981" id="c_13981">
        <table:dimensionAspect>eba_dim_3.4:TOE</table:dimensionAspect>
    </table:aspectNode>
    <table:breakdownTreeArc xlink:type="arc" xlink:arcrole="http://xbrl.org/arcrole/2014/breakdown-tree" xlink:from="eba_a5" xlink:to="c_13981" order="0"/>
    <df:explicitDimension xlink:type="resource" xlink:label="eba_c13981.filter" id="eba_c13981.filter">
      <df:dimension>
        <df:qname>eba_dim_3.4:TOE</df:qname>
      </df:dimension>
      <df:member>
        <df:qname>eba_exp:OL</df:qname>
        <df:linkrole>http://www.eba.europa.eu/xbrl/crr/role/dict/dom/OL/3.4/OL3</df:linkrole>
        <df:arcrole>http://xbrl.org/int/dim/arcrole/domain-member</df:arcrole>
        <df:axis>descendant</df:axis>
      </df:member>
    </df:explicitDimension>
    <table:aspectNodeFilterArc xlink:type="arc" xlink:arcrole="http://xbrl.org/arcrole/2014/aspect-node-filter" xlink:from="c_13981" xlink:to="eba_c13981.filter" complement="false"/>
  </gen:link>
</link:linkbase>