<?xml version='1.0' encoding='UTF-8'?>
<!--(C) EBA-->
<?officialURI http://www.eba.europa.eu/eu/fr/xbrl/crr/fws/mrel/3.5/tab/m_07.00/m_07.00-def.xml?>
<?taxonomy-version 3.5?>
<link:linkbase xmlns:xsi="http://www.w3.org/2001/XMLSchema-instance" xmlns:link="http://www.xbrl.org/2003/linkbase" xmlns:xlink="http://www.w3.org/1999/xlink" xmlns:xbrldt="http://xbrl.org/2005/xbrldt">
  <link:arcroleRef arcroleURI="http://xbrl.org/int/dim/arcrole/all" xlink:type="simple" xlink:href="http://www.xbrl.org/2005/xbrldt-2005.xsd#all"/>
  <link:arcroleRef arcroleURI="http://xbrl.org/int/dim/arcrole/hypercube-dimension" xlink:type="simple" xlink:href="http://www.xbrl.org/2005/xbrldt-2005.xsd#hypercube-dimension"/>
  <link:arcroleRef arcroleURI="http://xbrl.org/int/dim/arcrole/dimension-domain" xlink:type="simple" xlink:href="http://www.xbrl.org/2005/xbrldt-2005.xsd#dimension-domain"/>
  <link:arcroleRef arcroleURI="http://xbrl.org/int/dim/arcrole/domain-member" xlink:type="simple" xlink:href="http://www.xbrl.org/2005/xbrldt-2005.xsd#domain-member"/>
  <link:roleRef roleURI="http://www.eba.europa.eu/xbrl/crr/role/fws/mrel/3.5/tab/M_07.00/001" xlink:type="simple" xlink:href="m_07.00.xsd#role_001"/>
  <link:roleRef roleURI="http://www.eba.europa.eu/xbrl/crr/role/fws/mrel/3.5/tab/M_07.00/002" xlink:type="simple" xlink:href="m_07.00.xsd#role_002"/>
  <link:roleRef roleURI="http://www.eba.europa.eu/xbrl/crr/role/fws/mrel/3.5/tab/M_07.00/003" xlink:type="simple" xlink:href="m_07.00.xsd#role_003"/>
  <link:roleRef roleURI="http://www.eba.europa.eu/xbrl/crr/role/fws/mrel/3.5/tab/M_07.00/004" xlink:type="simple" xlink:href="m_07.00.xsd#role_004"/>
  <link:roleRef roleURI="http://www.eba.europa.eu/xbrl/crr/role/fws/mrel/3.5/tab/M_07.00/005" xlink:type="simple" xlink:href="m_07.00.xsd#role_005"/>
  <link:roleRef roleURI="http://www.eba.europa.eu/xbrl/crr/role/fws/mrel/3.5/tab/M_07.00/006" xlink:type="simple" xlink:href="m_07.00.xsd#role_006"/>
  <link:roleRef roleURI="http://www.eba.europa.eu/xbrl/crr/role/dict/dom/BT/3.4/BT3" xlink:type="simple" xlink:href="../../../../../dict/dom/bt/3.4/hier.xsd#eba_BT3"/>
  <link:roleRef roleURI="http://www.eba.europa.eu/xbrl/crr/role/dict/dom/OL/3.4/OL3" xlink:type="simple" xlink:href="../../../../../dict/dom/ol/3.4/hier.xsd#eba_OL3"/>
  <link:definitionLink xlink:type="extended" xlink:role="http://www.eba.europa.eu/xbrl/crr/role/fws/mrel/3.5/tab/M_07.00/001">
    <link:loc xlink:type="locator" xlink:label="loc_hyp" xlink:href="http://www.eurofiling.info/eu/fr/xbrl/ext/model.xsd#hyp"/>
    <link:loc xlink:type="locator" xlink:label="loc_eba_bi837" xlink:href="../../../../../dict/met/met.xsd#eba_bi837"/>
    <link:definitionArc xlink:type="arc" xlink:to="loc_hyp" xlink:arcrole="http://xbrl.org/int/dim/arcrole/all" xbrldt:closed="true" xbrldt:contextElement="scenario" order="1" xlink:from="loc_eba_bi837"/>
    <link:loc xlink:type="locator" xlink:label="loc_eba_di157" xlink:href="../../../../../dict/met/met.xsd#eba_di157"/>
    <link:definitionArc xlink:type="arc" xlink:arcrole="http://xbrl.org/int/dim/arcrole/domain-member" xlink:from="loc_eba_bi837" xlink:to="loc_eba_di157" order="2"/>
    <link:loc xlink:type="locator" xlink:label="loc_eba_di836" xlink:href="../../../../../dict/met/met.xsd#eba_di836"/>
    <link:definitionArc xlink:type="arc" xlink:arcrole="http://xbrl.org/int/dim/arcrole/domain-member" xlink:from="loc_eba_bi837" xlink:to="loc_eba_di836" order="3"/>
    <link:loc xlink:type="locator" xlink:label="loc_eba_ei598" xlink:href="../../../../../dict/met/3.4/met.xsd#eba_ei598"/>
    <link:definitionArc xlink:type="arc" xlink:arcrole="http://xbrl.org/int/dim/arcrole/domain-member" xlink:from="loc_eba_bi837" xlink:to="loc_eba_ei598" order="4"/>
    <link:loc xlink:type="locator" xlink:label="loc_eba_si833" xlink:href="../../../../../dict/met/met.xsd#eba_si833"/>
    <link:definitionArc xlink:type="arc" xlink:arcrole="http://xbrl.org/int/dim/arcrole/domain-member" xlink:from="loc_eba_bi837" xlink:to="loc_eba_si833" order="5"/>
    <link:loc xlink:type="locator" xlink:label="loc_eba_MCK" xlink:href="../../../../../dict/dim/3.4/dim.xsd#eba_MCK"/>
    <link:definitionArc xlink:type="arc" xlink:arcrole="http://xbrl.org/int/dim/arcrole/hypercube-dimension" xlink:from="loc_hyp" xlink:to="loc_eba_MCK" order="1"/>
    <link:loc xlink:type="locator" xlink:label="loc_eba_MC" xlink:href="../../../../../dict/dom/exp.xsd#eba_MC"/>
    <link:definitionArc xlink:type="arc" xlink:arcrole="http://xbrl.org/int/dim/arcrole/dimension-domain" xbrldt:usable="false" xlink:from="loc_eba_MCK" xlink:to="loc_eba_MC" order="1"/>
    <link:loc xlink:type="locator" xlink:label="loc_eba_mc_x1130" xlink:href="../../../../../dict/dom/mc/mem.xsd#eba_x1130"/>
    <link:definitionArc xlink:type="arc" xlink:arcrole="http://xbrl.org/int/dim/arcrole/domain-member" xlink:from="loc_eba_MC" xlink:to="loc_eba_mc_x1130" order="1"/>
    <link:loc xlink:type="locator" xlink:label="loc_eba_BAS" xlink:href="../../../../../dict/dim/3.4/dim.xsd#eba_BAS"/>
    <link:definitionArc xlink:type="arc" xlink:arcrole="http://xbrl.org/int/dim/arcrole/hypercube-dimension" xlink:from="loc_hyp" xlink:to="loc_eba_BAS" order="2"/>
    <link:loc xlink:type="locator" xlink:label="loc_eba_BA" xlink:href="../../../../../dict/dom/exp.xsd#eba_BA"/>
    <link:definitionArc xlink:type="arc" xlink:arcrole="http://xbrl.org/int/dim/arcrole/dimension-domain" xbrldt:usable="false" xlink:from="loc_eba_BAS" xlink:to="loc_eba_BA" order="1"/>
    <link:loc xlink:type="locator" xlink:label="loc_eba_ba_x17" xlink:href="../../../../../dict/dom/ba/mem.xsd#eba_x17"/>
    <link:definitionArc xlink:type="arc" xlink:arcrole="http://xbrl.org/int/dim/arcrole/domain-member" xlink:from="loc_eba_BA" xlink:to="loc_eba_ba_x17" order="1"/>
    <link:loc xlink:type="locator" xlink:label="loc_eba_IEN" xlink:href="../../../../../dict/dim/3.4/dim.xsd#eba_IEN"/>
    <link:definitionArc xlink:type="arc" xlink:arcrole="http://xbrl.org/int/dim/arcrole/hypercube-dimension" xlink:from="loc_hyp" xlink:to="loc_eba_IEN" order="3"/>
    <link:loc xlink:type="locator" xlink:label="loc_eba_IIE" xlink:href="../../../../../dict/dim/3.4/dim.xsd#eba_IIE"/>
    <link:definitionArc xlink:type="arc" xlink:arcrole="http://xbrl.org/int/dim/arcrole/hypercube-dimension" xlink:from="loc_hyp" xlink:to="loc_eba_IIE" order="4"/>
    <link:loc xlink:type="locator" xlink:label="loc_eba_BT" xlink:href="../../../../../dict/dom/exp.xsd#eba_BT"/>
    <link:definitionArc xlink:type="arc" xlink:arcrole="http://xbrl.org/int/dim/arcrole/dimension-domain" xbrldt:usable="false" xlink:from="loc_eba_IIE" xlink:to="loc_eba_BT" xbrldt:targetRole="http://www.eba.europa.eu/xbrl/crr/role/dict/dom/BT/3.4/BT3" order="1"/>
    <link:loc xlink:type="locator" xlink:label="loc_eba_CTI" xlink:href="../../../../../dict/dim/3.4/dim.xsd#eba_CTI"/>
    <link:definitionArc xlink:type="arc" xlink:arcrole="http://xbrl.org/int/dim/arcrole/hypercube-dimension" xlink:from="loc_hyp" xlink:to="loc_eba_CTI" order="5"/>
    <link:loc xlink:type="locator" xlink:label="loc_eba_TOE" xlink:href="../../../../../dict/dim/3.4/dim.xsd#eba_TOE"/>
    <link:definitionArc xlink:type="arc" xlink:arcrole="http://xbrl.org/int/dim/arcrole/hypercube-dimension" xlink:from="loc_hyp" xlink:to="loc_eba_TOE" order="6"/>
    <link:loc xlink:type="locator" xlink:label="loc_eba_OL" xlink:href="../../../../../dict/dom/exp.xsd#eba_OL"/>
    <link:definitionArc xlink:type="arc" xlink:arcrole="http://xbrl.org/int/dim/arcrole/dimension-domain" xbrldt:usable="false" xlink:from="loc_eba_TOE" xlink:to="loc_eba_OL" xbrldt:targetRole="http://www.eba.europa.eu/xbrl/crr/role/dict/dom/OL/3.4/OL3" order="1"/>
  </link:definitionLink>
  <link:definitionLink xlink:type="extended" xlink:role="http://www.eba.europa.eu/xbrl/crr/role/fws/mrel/3.5/tab/M_07.00/002">
    <link:loc xlink:type="locator" xlink:label="loc_hyp" xlink:href="http://www.eurofiling.info/eu/fr/xbrl/ext/model.xsd#hyp"/>
    <link:loc xlink:type="locator" xlink:label="loc_eba_si832" xlink:href="../../../../../dict/met/met.xsd#eba_si832"/>
    <link:definitionArc xlink:type="arc" xlink:to="loc_hyp" xlink:arcrole="http://xbrl.org/int/dim/arcrole/all" xbrldt:closed="true" xbrldt:contextElement="scenario" order="1" xlink:from="loc_eba_si832"/>
    <link:loc xlink:type="locator" xlink:label="loc_eba_MCY" xlink:href="../../../../../dict/dim/3.4/dim.xsd#eba_MCY"/>
    <link:definitionArc xlink:type="arc" xlink:arcrole="http://xbrl.org/int/dim/arcrole/hypercube-dimension" xlink:from="loc_hyp" xlink:to="loc_eba_MCY" order="1"/>
    <link:loc xlink:type="locator" xlink:label="loc_eba_MC" xlink:href="../../../../../dict/dom/exp.xsd#eba_MC"/>
    <link:definitionArc xlink:type="arc" xlink:arcrole="http://xbrl.org/int/dim/arcrole/dimension-domain" xbrldt:usable="false" xlink:from="loc_eba_MCY" xlink:to="loc_eba_MC" order="1"/>
    <link:loc xlink:type="locator" xlink:label="loc_eba_mc_x1130" xlink:href="../../../../../dict/dom/mc/mem.xsd#eba_x1130"/>
    <link:definitionArc xlink:type="arc" xlink:arcrole="http://xbrl.org/int/dim/arcrole/domain-member" xlink:from="loc_eba_MC" xlink:to="loc_eba_mc_x1130" order="1"/>
    <link:loc xlink:type="locator" xlink:label="loc_eba_BAS" xlink:href="../../../../../dict/dim/3.4/dim.xsd#eba_BAS"/>
    <link:definitionArc xlink:type="arc" xlink:arcrole="http://xbrl.org/int/dim/arcrole/hypercube-dimension" xlink:from="loc_hyp" xlink:to="loc_eba_BAS" order="2"/>
    <link:loc xlink:type="locator" xlink:label="loc_eba_BA" xlink:href="../../../../../dict/dom/exp.xsd#eba_BA"/>
    <link:definitionArc xlink:type="arc" xlink:arcrole="http://xbrl.org/int/dim/arcrole/dimension-domain" xbrldt:usable="false" xlink:from="loc_eba_BAS" xlink:to="loc_eba_BA" order="1"/>
    <link:loc xlink:type="locator" xlink:label="loc_eba_ba_x17" xlink:href="../../../../../dict/dom/ba/mem.xsd#eba_x17"/>
    <link:definitionArc xlink:type="arc" xlink:arcrole="http://xbrl.org/int/dim/arcrole/domain-member" xlink:from="loc_eba_BA" xlink:to="loc_eba_ba_x17" order="1"/>
    <link:loc xlink:type="locator" xlink:label="loc_eba_IEN" xlink:href="../../../../../dict/dim/3.4/dim.xsd#eba_IEN"/>
    <link:definitionArc xlink:type="arc" xlink:arcrole="http://xbrl.org/int/dim/arcrole/hypercube-dimension" xlink:from="loc_hyp" xlink:to="loc_eba_IEN" order="3"/>
    <link:loc xlink:type="locator" xlink:label="loc_eba_IIE" xlink:href="../../../../../dict/dim/3.4/dim.xsd#eba_IIE"/>
    <link:definitionArc xlink:type="arc" xlink:arcrole="http://xbrl.org/int/dim/arcrole/hypercube-dimension" xlink:from="loc_hyp" xlink:to="loc_eba_IIE" order="4"/>
    <link:loc xlink:type="locator" xlink:label="loc_eba_BT" xlink:href="../../../../../dict/dom/exp.xsd#eba_BT"/>
    <link:definitionArc xlink:type="arc" xlink:arcrole="http://xbrl.org/int/dim/arcrole/dimension-domain" xbrldt:usable="false" xlink:from="loc_eba_IIE" xlink:to="loc_eba_BT" xbrldt:targetRole="http://www.eba.europa.eu/xbrl/crr/role/dict/dom/BT/3.4/BT3" order="1"/>
    <link:loc xlink:type="locator" xlink:label="loc_eba_CTI" xlink:href="../../../../../dict/dim/3.4/dim.xsd#eba_CTI"/>
    <link:definitionArc xlink:type="arc" xlink:arcrole="http://xbrl.org/int/dim/arcrole/hypercube-dimension" xlink:from="loc_hyp" xlink:to="loc_eba_CTI" order="5"/>
    <link:loc xlink:type="locator" xlink:label="loc_eba_TOE" xlink:href="../../../../../dict/dim/3.4/dim.xsd#eba_TOE"/>
    <link:definitionArc xlink:type="arc" xlink:arcrole="http://xbrl.org/int/dim/arcrole/hypercube-dimension" xlink:from="loc_hyp" xlink:to="loc_eba_TOE" order="6"/>
    <link:loc xlink:type="locator" xlink:label="loc_eba_OL" xlink:href="../../../../../dict/dom/exp.xsd#eba_OL"/>
    <link:definitionArc xlink:type="arc" xlink:arcrole="http://xbrl.org/int/dim/arcrole/dimension-domain" xbrldt:usable="false" xlink:from="loc_eba_TOE" xlink:to="loc_eba_OL" xbrldt:targetRole="http://www.eba.europa.eu/xbrl/crr/role/dict/dom/OL/3.4/OL3" order="1"/>
  </link:definitionLink>
  <link:definitionLink xlink:type="extended" xlink:role="http://www.eba.europa.eu/xbrl/crr/role/fws/mrel/3.5/tab/M_07.00/003">
    <link:loc xlink:type="locator" xlink:label="loc_hyp" xlink:href="http://www.eurofiling.info/eu/fr/xbrl/ext/model.xsd#hyp"/>
    <link:loc xlink:type="locator" xlink:label="loc_eba_ei834" xlink:href="../../../../../dict/met/3.5/met.xsd#eba_ei834"/>
    <link:definitionArc xlink:type="arc" xlink:to="loc_hyp" xlink:arcrole="http://xbrl.org/int/dim/arcrole/all" xbrldt:closed="true" xbrldt:contextElement="scenario" order="1" xlink:from="loc_eba_ei834"/>
    <link:loc xlink:type="locator" xlink:label="loc_eba_MCK" xlink:href="../../../../../dict/dim/3.4/dim.xsd#eba_MCK"/>
    <link:definitionArc xlink:type="arc" xlink:arcrole="http://xbrl.org/int/dim/arcrole/hypercube-dimension" xlink:from="loc_hyp" xlink:to="loc_eba_MCK" order="1"/>
    <link:loc xlink:type="locator" xlink:label="loc_eba_MC" xlink:href="../../../../../dict/dom/exp.xsd#eba_MC"/>
    <link:definitionArc xlink:type="arc" xlink:arcrole="http://xbrl.org/int/dim/arcrole/dimension-domain" xbrldt:usable="false" xlink:from="loc_eba_MCK" xlink:to="loc_eba_MC" order="1"/>
    <link:loc xlink:type="locator" xlink:label="loc_eba_mc_x1130" xlink:href="../../../../../dict/dom/mc/mem.xsd#eba_x1130"/>
    <link:definitionArc xlink:type="arc" xlink:arcrole="http://xbrl.org/int/dim/arcrole/domain-member" xlink:from="loc_eba_MC" xlink:to="loc_eba_mc_x1130" order="1"/>
    <link:loc xlink:type="locator" xlink:label="loc_eba_BAS" xlink:href="../../../../../dict/dim/3.4/dim.xsd#eba_BAS"/>
    <link:definitionArc xlink:type="arc" xlink:arcrole="http://xbrl.org/int/dim/arcrole/hypercube-dimension" xlink:from="loc_hyp" xlink:to="loc_eba_BAS" order="2"/>
    <link:loc xlink:type="locator" xlink:label="loc_eba_BA" xlink:href="../../../../../dict/dom/exp.xsd#eba_BA"/>
    <link:definitionArc xlink:type="arc" xlink:arcrole="http://xbrl.org/int/dim/arcrole/dimension-domain" xbrldt:usable="false" xlink:from="loc_eba_BAS" xlink:to="loc_eba_BA" order="1"/>
    <link:loc xlink:type="locator" xlink:label="loc_eba_ba_x17" xlink:href="../../../../../dict/dom/ba/mem.xsd#eba_x17"/>
    <link:definitionArc xlink:type="arc" xlink:arcrole="http://xbrl.org/int/dim/arcrole/domain-member" xlink:from="loc_eba_BA" xlink:to="loc_eba_ba_x17" order="1"/>
    <link:loc xlink:type="locator" xlink:label="loc_eba_CBR" xlink:href="../../../../../dict/dim/3.4/dim.xsd#eba_CBR"/>
    <link:definitionArc xlink:type="arc" xlink:arcrole="http://xbrl.org/int/dim/arcrole/hypercube-dimension" xlink:from="loc_hyp" xlink:to="loc_eba_CBR" order="3"/>
    <link:loc xlink:type="locator" xlink:label="loc_eba_GA" xlink:href="../../../../../dict/dom/exp.xsd#eba_GA"/>
    <link:definitionArc xlink:type="arc" xlink:arcrole="http://xbrl.org/int/dim/arcrole/dimension-domain" xbrldt:usable="false" xlink:from="loc_eba_CBR" xlink:to="loc_eba_GA" order="1"/>
    <link:loc xlink:type="locator" xlink:label="loc_eba_ga_x32" xlink:href="../../../../../dict/dom/ga/mem.xsd#eba_x32"/>
    <link:definitionArc xlink:type="arc" xlink:arcrole="http://xbrl.org/int/dim/arcrole/domain-member" xlink:from="loc_eba_GA" xlink:to="loc_eba_ga_x32" order="1"/>
    <link:loc xlink:type="locator" xlink:label="loc_eba_IEN" xlink:href="../../../../../dict/dim/3.4/dim.xsd#eba_IEN"/>
    <link:definitionArc xlink:type="arc" xlink:arcrole="http://xbrl.org/int/dim/arcrole/hypercube-dimension" xlink:from="loc_hyp" xlink:to="loc_eba_IEN" order="4"/>
    <link:loc xlink:type="locator" xlink:label="loc_eba_IIE" xlink:href="../../../../../dict/dim/3.4/dim.xsd#eba_IIE"/>
    <link:definitionArc xlink:type="arc" xlink:arcrole="http://xbrl.org/int/dim/arcrole/hypercube-dimension" xlink:from="loc_hyp" xlink:to="loc_eba_IIE" order="5"/>
    <link:loc xlink:type="locator" xlink:label="loc_eba_BT" xlink:href="../../../../../dict/dom/exp.xsd#eba_BT"/>
    <link:definitionArc xlink:type="arc" xlink:arcrole="http://xbrl.org/int/dim/arcrole/dimension-domain" xbrldt:usable="false" xlink:from="loc_eba_IIE" xlink:to="loc_eba_BT" xbrldt:targetRole="http://www.eba.europa.eu/xbrl/crr/role/dict/dom/BT/3.4/BT3" order="1"/>
    <link:loc xlink:type="locator" xlink:label="loc_eba_CTI" xlink:href="../../../../../dict/dim/3.4/dim.xsd#eba_CTI"/>
    <link:definitionArc xlink:type="arc" xlink:arcrole="http://xbrl.org/int/dim/arcrole/hypercube-dimension" xlink:from="loc_hyp" xlink:to="loc_eba_CTI" order="6"/>
    <link:loc xlink:type="locator" xlink:label="loc_eba_TOE" xlink:href="../../../../../dict/dim/3.4/dim.xsd#eba_TOE"/>
    <link:definitionArc xlink:type="arc" xlink:arcrole="http://xbrl.org/int/dim/arcrole/hypercube-dimension" xlink:from="loc_hyp" xlink:to="loc_eba_TOE" order="7"/>
    <link:loc xlink:type="locator" xlink:label="loc_eba_OL" xlink:href="../../../../../dict/dom/exp.xsd#eba_OL"/>
    <link:definitionArc xlink:type="arc" xlink:arcrole="http://xbrl.org/int/dim/arcrole/dimension-domain" xbrldt:usable="false" xlink:from="loc_eba_TOE" xlink:to="loc_eba_OL" xbrldt:targetRole="http://www.eba.europa.eu/xbrl/crr/role/dict/dom/OL/3.4/OL3" order="1"/>
  </link:definitionLink>
  <link:definitionLink xlink:type="extended" xlink:role="http://www.eba.europa.eu/xbrl/crr/role/fws/mrel/3.5/tab/M_07.00/004">
    <link:loc xlink:type="locator" xlink:label="loc_hyp" xlink:href="http://www.eurofiling.info/eu/fr/xbrl/ext/model.xsd#hyp"/>
    <link:loc xlink:type="locator" xlink:label="loc_eba_mi81" xlink:href="../../../../../dict/met/met.xsd#eba_mi81"/>
    <link:definitionArc xlink:type="arc" xlink:to="loc_hyp" xlink:arcrole="http://xbrl.org/int/dim/arcrole/all" xbrldt:closed="true" xbrldt:contextElement="scenario" order="1" xlink:from="loc_eba_mi81"/>
    <link:loc xlink:type="locator" xlink:label="loc_eba_MCY" xlink:href="../../../../../dict/dim/3.4/dim.xsd#eba_MCY"/>
    <link:definitionArc xlink:type="arc" xlink:arcrole="http://xbrl.org/int/dim/arcrole/hypercube-dimension" xlink:from="loc_hyp" xlink:to="loc_eba_MCY" order="1"/>
    <link:loc xlink:type="locator" xlink:label="loc_eba_MC" xlink:href="../../../../../dict/dom/exp.xsd#eba_MC"/>
    <link:definitionArc xlink:type="arc" xlink:arcrole="http://xbrl.org/int/dim/arcrole/dimension-domain" xbrldt:usable="false" xlink:from="loc_eba_MCY" xlink:to="loc_eba_MC" order="1"/>
    <link:loc xlink:type="locator" xlink:label="loc_eba_mc_x1130" xlink:href="../../../../../dict/dom/mc/mem.xsd#eba_x1130"/>
    <link:definitionArc xlink:type="arc" xlink:arcrole="http://xbrl.org/int/dim/arcrole/domain-member" xlink:from="loc_eba_MC" xlink:to="loc_eba_mc_x1130" order="1"/>
    <link:loc xlink:type="locator" xlink:label="loc_eba_BAS" xlink:href="../../../../../dict/dim/3.4/dim.xsd#eba_BAS"/>
    <link:definitionArc xlink:type="arc" xlink:arcrole="http://xbrl.org/int/dim/arcrole/hypercube-dimension" xlink:from="loc_hyp" xlink:to="loc_eba_BAS" order="2"/>
    <link:loc xlink:type="locator" xlink:label="loc_eba_BA" xlink:href="../../../../../dict/dom/exp.xsd#eba_BA"/>
    <link:definitionArc xlink:type="arc" xlink:arcrole="http://xbrl.org/int/dim/arcrole/dimension-domain" xbrldt:usable="false" xlink:from="loc_eba_BAS" xlink:to="loc_eba_BA" order="1"/>
    <link:loc xlink:type="locator" xlink:label="loc_eba_ba_x24" xlink:href="../../../../../dict/dom/ba/mem.xsd#eba_x24"/>
    <link:definitionArc xlink:type="arc" xlink:arcrole="http://xbrl.org/int/dim/arcrole/domain-member" xlink:from="loc_eba_BA" xlink:to="loc_eba_ba_x24" order="1"/>
    <link:loc xlink:type="locator" xlink:label="loc_eba_ARQ" xlink:href="../../../../../dict/dim/3.4/dim.xsd#eba_ARQ"/>
    <link:definitionArc xlink:type="arc" xlink:arcrole="http://xbrl.org/int/dim/arcrole/hypercube-dimension" xlink:from="loc_hyp" xlink:to="loc_eba_ARQ" order="3"/>
    <link:loc xlink:type="locator" xlink:label="loc_eba_AP" xlink:href="../../../../../dict/dom/exp.xsd#eba_AP"/>
    <link:definitionArc xlink:type="arc" xlink:arcrole="http://xbrl.org/int/dim/arcrole/dimension-domain" xbrldt:usable="false" xlink:from="loc_eba_ARQ" xlink:to="loc_eba_AP" order="1"/>
    <link:loc xlink:type="locator" xlink:label="loc_eba_ap_x195" xlink:href="../../../../../dict/dom/ap/mem.xsd#eba_x195"/>
    <link:definitionArc xlink:type="arc" xlink:arcrole="http://xbrl.org/int/dim/arcrole/domain-member" xlink:from="loc_eba_AP" xlink:to="loc_eba_ap_x195" order="1"/>
    <link:loc xlink:type="locator" xlink:label="loc_eba_IEN" xlink:href="../../../../../dict/dim/3.4/dim.xsd#eba_IEN"/>
    <link:definitionArc xlink:type="arc" xlink:arcrole="http://xbrl.org/int/dim/arcrole/hypercube-dimension" xlink:from="loc_hyp" xlink:to="loc_eba_IEN" order="4"/>
    <link:loc xlink:type="locator" xlink:label="loc_eba_IIE" xlink:href="../../../../../dict/dim/3.4/dim.xsd#eba_IIE"/>
    <link:definitionArc xlink:type="arc" xlink:arcrole="http://xbrl.org/int/dim/arcrole/hypercube-dimension" xlink:from="loc_hyp" xlink:to="loc_eba_IIE" order="5"/>
    <link:loc xlink:type="locator" xlink:label="loc_eba_BT" xlink:href="../../../../../dict/dom/exp.xsd#eba_BT"/>
    <link:definitionArc xlink:type="arc" xlink:arcrole="http://xbrl.org/int/dim/arcrole/dimension-domain" xbrldt:usable="false" xlink:from="loc_eba_IIE" xlink:to="loc_eba_BT" xbrldt:targetRole="http://www.eba.europa.eu/xbrl/crr/role/dict/dom/BT/3.4/BT3" order="1"/>
    <link:loc xlink:type="locator" xlink:label="loc_eba_CTI" xlink:href="../../../../../dict/dim/3.4/dim.xsd#eba_CTI"/>
    <link:definitionArc xlink:type="arc" xlink:arcrole="http://xbrl.org/int/dim/arcrole/hypercube-dimension" xlink:from="loc_hyp" xlink:to="loc_eba_CTI" order="6"/>
    <link:loc xlink:type="locator" xlink:label="loc_eba_TOE" xlink:href="../../../../../dict/dim/3.4/dim.xsd#eba_TOE"/>
    <link:definitionArc xlink:type="arc" xlink:arcrole="http://xbrl.org/int/dim/arcrole/hypercube-dimension" xlink:from="loc_hyp" xlink:to="loc_eba_TOE" order="7"/>
    <link:loc xlink:type="locator" xlink:label="loc_eba_OL" xlink:href="../../../../../dict/dom/exp.xsd#eba_OL"/>
    <link:definitionArc xlink:type="arc" xlink:arcrole="http://xbrl.org/int/dim/arcrole/dimension-domain" xbrldt:usable="false" xlink:from="loc_eba_TOE" xlink:to="loc_eba_OL" xbrldt:targetRole="http://www.eba.europa.eu/xbrl/crr/role/dict/dom/OL/3.4/OL3" order="1"/>
  </link:definitionLink>
  <link:definitionLink xlink:type="extended" xlink:role="http://www.eba.europa.eu/xbrl/crr/role/fws/mrel/3.5/tab/M_07.00/005">
    <link:loc xlink:type="locator" xlink:label="loc_hyp" xlink:href="http://www.eurofiling.info/eu/fr/xbrl/ext/model.xsd#hyp"/>
    <link:loc xlink:type="locator" xlink:label="loc_eba_ei600" xlink:href="../../../../../dict/met/3.4/met.xsd#eba_ei600"/>
    <link:definitionArc xlink:type="arc" xlink:to="loc_hyp" xlink:arcrole="http://xbrl.org/int/dim/arcrole/all" xbrldt:closed="true" xbrldt:contextElement="scenario" order="1" xlink:from="loc_eba_ei600"/>
    <link:loc xlink:type="locator" xlink:label="loc_eba_MCK" xlink:href="../../../../../dict/dim/3.4/dim.xsd#eba_MCK"/>
    <link:definitionArc xlink:type="arc" xlink:arcrole="http://xbrl.org/int/dim/arcrole/hypercube-dimension" xlink:from="loc_hyp" xlink:to="loc_eba_MCK" order="1"/>
    <link:loc xlink:type="locator" xlink:label="loc_eba_MC" xlink:href="../../../../../dict/dom/exp.xsd#eba_MC"/>
    <link:definitionArc xlink:type="arc" xlink:arcrole="http://xbrl.org/int/dim/arcrole/dimension-domain" xbrldt:usable="false" xlink:from="loc_eba_MCK" xlink:to="loc_eba_MC" order="1"/>
    <link:loc xlink:type="locator" xlink:label="loc_eba_mc_x1130" xlink:href="../../../../../dict/dom/mc/mem.xsd#eba_x1130"/>
    <link:definitionArc xlink:type="arc" xlink:arcrole="http://xbrl.org/int/dim/arcrole/domain-member" xlink:from="loc_eba_MC" xlink:to="loc_eba_mc_x1130" order="1"/>
    <link:loc xlink:type="locator" xlink:label="loc_eba_BAS" xlink:href="../../../../../dict/dim/3.4/dim.xsd#eba_BAS"/>
    <link:definitionArc xlink:type="arc" xlink:arcrole="http://xbrl.org/int/dim/arcrole/hypercube-dimension" xlink:from="loc_hyp" xlink:to="loc_eba_BAS" order="2"/>
    <link:loc xlink:type="locator" xlink:label="loc_eba_BA" xlink:href="../../../../../dict/dom/exp.xsd#eba_BA"/>
    <link:definitionArc xlink:type="arc" xlink:arcrole="http://xbrl.org/int/dim/arcrole/dimension-domain" xbrldt:usable="false" xlink:from="loc_eba_BAS" xlink:to="loc_eba_BA" order="1"/>
    <link:loc xlink:type="locator" xlink:label="loc_eba_ba_x17" xlink:href="../../../../../dict/dom/ba/mem.xsd#eba_x17"/>
    <link:definitionArc xlink:type="arc" xlink:arcrole="http://xbrl.org/int/dim/arcrole/domain-member" xlink:from="loc_eba_BA" xlink:to="loc_eba_ba_x17" order="1"/>
    <link:loc xlink:type="locator" xlink:label="loc_eba_CBP" xlink:href="../../../../../dict/dim/3.4/dim.xsd#eba_CBP"/>
    <link:definitionArc xlink:type="arc" xlink:arcrole="http://xbrl.org/int/dim/arcrole/hypercube-dimension" xlink:from="loc_hyp" xlink:to="loc_eba_CBP" order="3"/>
    <link:loc xlink:type="locator" xlink:label="loc_eba_GA" xlink:href="../../../../../dict/dom/exp.xsd#eba_GA"/>
    <link:definitionArc xlink:type="arc" xlink:arcrole="http://xbrl.org/int/dim/arcrole/dimension-domain" xbrldt:usable="false" xlink:from="loc_eba_CBP" xlink:to="loc_eba_GA" order="1"/>
    <link:loc xlink:type="locator" xlink:label="loc_eba_ga_x38" xlink:href="../../../../../dict/dom/ga/mem.xsd#eba_x38"/>
    <link:definitionArc xlink:type="arc" xlink:arcrole="http://xbrl.org/int/dim/arcrole/domain-member" xlink:from="loc_eba_GA" xlink:to="loc_eba_ga_x38" order="1"/>
    <link:loc xlink:type="locator" xlink:label="loc_eba_IEN" xlink:href="../../../../../dict/dim/3.4/dim.xsd#eba_IEN"/>
    <link:definitionArc xlink:type="arc" xlink:arcrole="http://xbrl.org/int/dim/arcrole/hypercube-dimension" xlink:from="loc_hyp" xlink:to="loc_eba_IEN" order="4"/>
    <link:loc xlink:type="locator" xlink:label="loc_eba_IIE" xlink:href="../../../../../dict/dim/3.4/dim.xsd#eba_IIE"/>
    <link:definitionArc xlink:type="arc" xlink:arcrole="http://xbrl.org/int/dim/arcrole/hypercube-dimension" xlink:from="loc_hyp" xlink:to="loc_eba_IIE" order="5"/>
    <link:loc xlink:type="locator" xlink:label="loc_eba_BT" xlink:href="../../../../../dict/dom/exp.xsd#eba_BT"/>
    <link:definitionArc xlink:type="arc" xlink:arcrole="http://xbrl.org/int/dim/arcrole/dimension-domain" xbrldt:usable="false" xlink:from="loc_eba_IIE" xlink:to="loc_eba_BT" xbrldt:targetRole="http://www.eba.europa.eu/xbrl/crr/role/dict/dom/BT/3.4/BT3" order="1"/>
    <link:loc xlink:type="locator" xlink:label="loc_eba_CTI" xlink:href="../../../../../dict/dim/3.4/dim.xsd#eba_CTI"/>
    <link:definitionArc xlink:type="arc" xlink:arcrole="http://xbrl.org/int/dim/arcrole/hypercube-dimension" xlink:from="loc_hyp" xlink:to="loc_eba_CTI" order="6"/>
    <link:loc xlink:type="locator" xlink:label="loc_eba_TOE" xlink:href="../../../../../dict/dim/3.4/dim.xsd#eba_TOE"/>
    <link:definitionArc xlink:type="arc" xlink:arcrole="http://xbrl.org/int/dim/arcrole/hypercube-dimension" xlink:from="loc_hyp" xlink:to="loc_eba_TOE" order="7"/>
    <link:loc xlink:type="locator" xlink:label="loc_eba_OL" xlink:href="../../../../../dict/dom/exp.xsd#eba_OL"/>
    <link:definitionArc xlink:type="arc" xlink:arcrole="http://xbrl.org/int/dim/arcrole/dimension-domain" xbrldt:usable="false" xlink:from="loc_eba_TOE" xlink:to="loc_eba_OL" xbrldt:targetRole="http://www.eba.europa.eu/xbrl/crr/role/dict/dom/OL/3.4/OL3" order="1"/>
  </link:definitionLink>
  <link:definitionLink xlink:type="extended" xlink:role="http://www.eba.europa.eu/xbrl/crr/role/fws/mrel/3.5/tab/M_07.00/006">
    <link:loc xlink:type="locator" xlink:label="loc_hyp" xlink:href="http://www.eurofiling.info/eu/fr/xbrl/ext/model.xsd#hyp"/>
    <link:loc xlink:type="locator" xlink:label="loc_eba_si830" xlink:href="../../../../../dict/met/met.xsd#eba_si830"/>
    <link:definitionArc xlink:type="arc" xlink:to="loc_hyp" xlink:arcrole="http://xbrl.org/int/dim/arcrole/all" xbrldt:closed="true" xbrldt:contextElement="scenario" order="1" xlink:from="loc_eba_si830"/>
    <link:loc xlink:type="locator" xlink:label="loc_eba_MCK" xlink:href="../../../../../dict/dim/3.4/dim.xsd#eba_MCK"/>
    <link:definitionArc xlink:type="arc" xlink:arcrole="http://xbrl.org/int/dim/arcrole/hypercube-dimension" xlink:from="loc_hyp" xlink:to="loc_eba_MCK" order="1"/>
    <link:loc xlink:type="locator" xlink:label="loc_eba_MC" xlink:href="../../../../../dict/dom/exp.xsd#eba_MC"/>
    <link:definitionArc xlink:type="arc" xlink:arcrole="http://xbrl.org/int/dim/arcrole/dimension-domain" xbrldt:usable="false" xlink:from="loc_eba_MCK" xlink:to="loc_eba_MC" order="1"/>
    <link:loc xlink:type="locator" xlink:label="loc_eba_mc_x1130" xlink:href="../../../../../dict/dom/mc/mem.xsd#eba_x1130"/>
    <link:definitionArc xlink:type="arc" xlink:arcrole="http://xbrl.org/int/dim/arcrole/domain-member" xlink:from="loc_eba_MC" xlink:to="loc_eba_mc_x1130" order="1"/>
    <link:loc xlink:type="locator" xlink:label="loc_eba_RPR" xlink:href="../../../../../dict/dim/3.4/dim.xsd#eba_RPR"/>
    <link:definitionArc xlink:type="arc" xlink:arcrole="http://xbrl.org/int/dim/arcrole/hypercube-dimension" xlink:from="loc_hyp" xlink:to="loc_eba_RPR" order="2"/>
    <link:loc xlink:type="locator" xlink:label="loc_eba_RP" xlink:href="../../../../../dict/dom/exp.xsd#eba_RP"/>
    <link:definitionArc xlink:type="arc" xlink:arcrole="http://xbrl.org/int/dim/arcrole/dimension-domain" xbrldt:usable="false" xlink:from="loc_eba_RPR" xlink:to="loc_eba_RP" order="1"/>
    <link:loc xlink:type="locator" xlink:label="loc_eba_rp_x34" xlink:href="../../../../../dict/dom/rp/mem.xsd#eba_x34"/>
    <link:definitionArc xlink:type="arc" xlink:arcrole="http://xbrl.org/int/dim/arcrole/domain-member" xlink:from="loc_eba_RP" xlink:to="loc_eba_rp_x34" order="1"/>
    <link:loc xlink:type="locator" xlink:label="loc_eba_BAS" xlink:href="../../../../../dict/dim/3.4/dim.xsd#eba_BAS"/>
    <link:definitionArc xlink:type="arc" xlink:arcrole="http://xbrl.org/int/dim/arcrole/hypercube-dimension" xlink:from="loc_hyp" xlink:to="loc_eba_BAS" order="3"/>
    <link:loc xlink:type="locator" xlink:label="loc_eba_BA" xlink:href="../../../../../dict/dom/exp.xsd#eba_BA"/>
    <link:definitionArc xlink:type="arc" xlink:arcrole="http://xbrl.org/int/dim/arcrole/dimension-domain" xbrldt:usable="false" xlink:from="loc_eba_BAS" xlink:to="loc_eba_BA" order="1"/>
    <link:loc xlink:type="locator" xlink:label="loc_eba_ba_x17" xlink:href="../../../../../dict/dom/ba/mem.xsd#eba_x17"/>
    <link:definitionArc xlink:type="arc" xlink:arcrole="http://xbrl.org/int/dim/arcrole/domain-member" xlink:from="loc_eba_BA" xlink:to="loc_eba_ba_x17" order="1"/>
    <link:loc xlink:type="locator" xlink:label="loc_eba_IEN" xlink:href="../../../../../dict/dim/3.4/dim.xsd#eba_IEN"/>
    <link:definitionArc xlink:type="arc" xlink:arcrole="http://xbrl.org/int/dim/arcrole/hypercube-dimension" xlink:from="loc_hyp" xlink:to="loc_eba_IEN" order="4"/>
    <link:loc xlink:type="locator" xlink:label="loc_eba_IIE" xlink:href="../../../../../dict/dim/3.4/dim.xsd#eba_IIE"/>
    <link:definitionArc xlink:type="arc" xlink:arcrole="http://xbrl.org/int/dim/arcrole/hypercube-dimension" xlink:from="loc_hyp" xlink:to="loc_eba_IIE" order="5"/>
    <link:loc xlink:type="locator" xlink:label="loc_eba_BT" xlink:href="../../../../../dict/dom/exp.xsd#eba_BT"/>
    <link:definitionArc xlink:type="arc" xlink:arcrole="http://xbrl.org/int/dim/arcrole/dimension-domain" xbrldt:usable="false" xlink:from="loc_eba_IIE" xlink:to="loc_eba_BT" xbrldt:targetRole="http://www.eba.europa.eu/xbrl/crr/role/dict/dom/BT/3.4/BT3" order="1"/>
    <link:loc xlink:type="locator" xlink:label="loc_eba_CTI" xlink:href="../../../../../dict/dim/3.4/dim.xsd#eba_CTI"/>
    <link:definitionArc xlink:type="arc" xlink:arcrole="http://xbrl.org/int/dim/arcrole/hypercube-dimension" xlink:from="loc_hyp" xlink:to="loc_eba_CTI" order="6"/>
    <link:loc xlink:type="locator" xlink:label="loc_eba_TOE" xlink:href="../../../../../dict/dim/3.4/dim.xsd#eba_TOE"/>
    <link:definitionArc xlink:type="arc" xlink:arcrole="http://xbrl.org/int/dim/arcrole/hypercube-dimension" xlink:from="loc_hyp" xlink:to="loc_eba_TOE" order="7"/>
    <link:loc xlink:type="locator" xlink:label="loc_eba_OL" xlink:href="../../../../../dict/dom/exp.xsd#eba_OL"/>
    <link:definitionArc xlink:type="arc" xlink:arcrole="http://xbrl.org/int/dim/arcrole/dimension-domain" xbrldt:usable="false" xlink:from="loc_eba_TOE" xlink:to="loc_eba_OL" xbrldt:targetRole="http://www.eba.europa.eu/xbrl/crr/role/dict/dom/OL/3.4/OL3" order="1"/>
  </link:definitionLink>
</link:linkbase>