<?xml version="1.0" encoding="UTF-8"?>
<!-- Generated by Fujitsu Interstage XWand B0251T -->
<?officialURI http://archprod.service.eogs.dk/taxonomy/20211001/arr/1NNarr_def.xml?>

<?taxonomy-version 1.7.0?>

<link:linkbase xmlns:xsi="http://www.w3.org/2001/XMLSchema-instance" xsi:schemaLocation="http://www.xbrl.org/2003/linkbase http://www.xbrl.org/2003/xbrl-linkbase-2003-12-31.xsd" xmlns:link="http://www.xbrl.org/2003/linkbase" xmlns:entry="http://xbrl.dcca.dk/entryBalanceSheetAccountByCurrentAndLongTermFormIncomeStatementByNature" xmlns:xbrli="http://www.xbrl.org/2003/instance" xmlns:xlink="http://www.w3.org/1999/xlink" xmlns:xbrldt="http://xbrl.org/2005/xbrldt">
  <link:roleRef roleURI="http://xbrl.dcca.dk/role/101.00/AuditorsReportsFrom20180630" xlink:type="simple" xlink:href="arr.xsd#arr_RoleAuditorsReportsFrom20180630"/>
  <link:roleRef roleURI="http://xbrl.dcca.dk/role/101.01/AuditorsReportsFrom20180630/DetailsOnSignatureOfAuditors" xlink:type="simple" xlink:href="arr.xsd#arr_RoleHypercubeAuditorsReportsFrom20180630DetailsOnSignatureOfAuditors"/>
  <link:roleRef roleURI="http://xbrl.dcca.dk/role/101.00/AuditorsReportsFrom20180630/Details" xlink:type="simple" xlink:href="arr.xsd#arr_RoleAuditorsReportsFrom20180630Details"/>
  <link:roleRef roleURI="http://xbrl.dcca.dk/role/110.00/StatementsFromInternalAudit" xlink:type="simple" xlink:href="arr.xsd#arr_RoleStatementsFromInternalAudit"/>
  <link:roleRef roleURI="http://xbrl.dcca.dk/role/110.00/StatementsFromInternalAudit/Details" xlink:type="simple" xlink:href="arr.xsd#arr_RoleStatementsFromInternalAuditDetails"/>
  <link:roleRef roleURI="http://xbrl.dcca.dk/role/110.01/StatementsFromInternalAudit/DetailsOnSignatureOfInternalAudit" xlink:type="simple" xlink:href="arr.xsd#arr_RoleHypercubeStatementsFromInternalAuditDetailsOnSignatureOfInternalAudit"/>
  <link:roleRef roleURI="http://xbrl.dcca.dk/role/120.00/OtherStatements" xlink:type="simple" xlink:href="arr.xsd#arr_RoleOtherStatements"/>
  <link:roleRef roleURI="http://xbrl.dcca.dk/role/120.00/OtherStatements/Details" xlink:type="simple" xlink:href="arr.xsd#arr_RoleOtherStatementsDetails"/>
  <link:roleRef roleURI="http://xbrl.dcca.dk/role/120.01/OtherStatements/DetailsOnSignatureOfOtherStatements" xlink:type="simple" xlink:href="arr.xsd#arr_RoleHypercubeOtherStatementsDetailsOnSignatureOtherStatements"/>
  <link:roleRef roleURI="http://xbrl.dcca.dk/role/120.02/OtherStatements/DetailsOtherStatements" xlink:type="simple" xlink:href="arr.xsd#arr_RoleHypercubeOtherStatementsDetailsOtherStatements"/>
  <link:roleRef roleURI="http://xbrl.dcca.dk/role/901.01/DimensionConsolidatedSolo" xlink:type="simple" xlink:href="../cmn.xsd#cmn_RoleDimensionConsolidatedSolo"/>
  <link:roleRef roleURI="http://xbrl.dcca.dk/role/907.03/DimensionClassesOfLiabilities" xlink:type="simple" xlink:href="../fsa/fsa.xsd#fsa_RoleDimensionClassesOfLiabilities"/>
  <link:roleRef roleURI="http://xbrl.dcca.dk/role/916.01/DimensionTypeOfAuditor" xlink:type="simple" xlink:href="../fsa/fsa.xsd#fsa_RoleDimensionTypeOfAuditor"/>
  <link:roleRef roleURI="http://xbrl.dcca.dk/role/102.00/AuditorsReportsFrom20161215" xlink:type="simple" xlink:href="arr.xsd#arr_RoleAuditorsReportsFrom20161215"/>
  <link:roleRef roleURI="http://xbrl.dcca.dk/role/102.00/AuditorsReportsFrom20161215/Details" xlink:type="simple" xlink:href="arr.xsd#arr_RoleAuditorsReportsFrom20161215Details"/>
  <link:roleRef roleURI="http://xbrl.dcca.dk/role/102.01/AuditorsReportsFrom20161215/DetailsOnSignatureOfAuditors" xlink:type="simple" xlink:href="arr.xsd#arr_RoleHypercubeAuditorsReportsFrom20161215DetailsOnSignatureOfAuditors"/>
  <link:arcroleRef arcroleURI="http://xbrl.org/int/dim/arcrole/all" xlink:type="simple" xlink:href="http://www.xbrl.org/2005/xbrldt-2005.xsd#all"/>
  <link:arcroleRef arcroleURI="http://xbrl.org/int/dim/arcrole/domain-member" xlink:type="simple" xlink:href="http://www.xbrl.org/2005/xbrldt-2005.xsd#domain-member"/>
  <link:arcroleRef arcroleURI="http://xbrl.org/int/dim/arcrole/hypercube-dimension" xlink:type="simple" xlink:href="http://www.xbrl.org/2005/xbrldt-2005.xsd#hypercube-dimension"/>
  <link:definitionLink xlink:type="extended" xlink:role="http://xbrl.dcca.dk/role/101.00/AuditorsReportsFrom20180630">
    <link:loc xlink:type="locator" xlink:href="../cmn.xsd#cmn_CommonHypercube" xlink:label="CommonHypercube" xlink:title="CommonHypercube"/>
    <link:loc xlink:type="locator" xlink:href="../cmn.xsd#cmn_ConsolidatedSoloDimension" xlink:label="ConsolidatedSoloDimension" xlink:title="ConsolidatedSoloDimension"/>
    <link:definitionArc xlink:type="arc" xlink:arcrole="http://xbrl.org/int/dim/arcrole/hypercube-dimension" xlink:from="CommonHypercube" xlink:to="ConsolidatedSoloDimension" xlink:title="definition: CommonHypercube to ConsolidatedSoloDimension" use="optional" priority="0" order="10.0" xbrldt:targetRole="http://xbrl.dcca.dk/role/901.01/DimensionConsolidatedSolo"/>
    <link:loc xlink:type="locator" xlink:href="arr.xsd#arr_AuditorsReportsAbstract" xlink:label="AuditorsReportsAbstract" xlink:title="AuditorsReportsAbstract"/>
    <link:definitionArc xlink:type="arc" xlink:arcrole="http://xbrl.org/int/dim/arcrole/all" xlink:from="AuditorsReportsAbstract" xlink:to="CommonHypercube" xlink:title="definition: AuditorsReportsAbstract to CommonHypercube" use="optional" priority="0" order="80.0" xbrldt:contextElement="scenario" xbrldt:closed="true"/>
    <link:loc xlink:type="locator" xlink:href="arr.xsd#arr_InformationOnSignatureOfAuditors" xlink:label="InformationOnSignatureOfAuditors" xlink:title="InformationOnSignatureOfAuditors"/>
    <link:definitionArc xlink:type="arc" xlink:arcrole="http://xbrl.org/int/dim/arcrole/domain-member" xlink:from="AuditorsReportsAbstract" xlink:to="InformationOnSignatureOfAuditors" xlink:title="definition: AuditorsReportsAbstract to InformationOnSignatureOfAuditors" order="70.0"/>
    <link:loc xlink:type="locator" xlink:href="arr.xsd#arr_DetailsOnSignatureAuditorsAbstract" xlink:label="DetailsOnSignatureAuditorsAbstract" xlink:title="DetailsOnSignatureAuditorsAbstract"/>
    <link:definitionArc xlink:type="arc" xlink:arcrole="http://xbrl.org/int/dim/arcrole/domain-member" xlink:from="InformationOnSignatureOfAuditors" xlink:to="DetailsOnSignatureAuditorsAbstract" xlink:title="definition: InformationOnSignatureOfAuditors to DetailsOnSignatureAuditorsAbstract" order="30.0" xbrldt:targetRole="http://xbrl.dcca.dk/role/101.00/AuditorsReportsFrom20180630/Details"/>
    <link:loc xlink:type="locator" xlink:href="arr.xsd#arr_SignatureOfAuditorsPlace" xlink:label="SignatureOfAuditorsPlace" xlink:title="SignatureOfAuditorsPlace"/>
    <link:definitionArc xlink:type="arc" xlink:arcrole="http://xbrl.org/int/dim/arcrole/domain-member" xlink:from="InformationOnSignatureOfAuditors" xlink:to="SignatureOfAuditorsPlace" xlink:title="definition: InformationOnSignatureOfAuditors to SignatureOfAuditorsPlace" order="10.0"/>
    <link:loc xlink:type="locator" xlink:href="arr.xsd#arr_SignatureOfAuditorsDate" xlink:label="SignatureOfAuditorsDate" xlink:title="SignatureOfAuditorsDate"/>
    <link:definitionArc xlink:type="arc" xlink:arcrole="http://xbrl.org/int/dim/arcrole/domain-member" xlink:from="InformationOnSignatureOfAuditors" xlink:to="SignatureOfAuditorsDate" xlink:title="definition: InformationOnSignatureOfAuditors to SignatureOfAuditorsDate" order="20.0"/>
    <link:loc xlink:type="locator" xlink:href="../cmn.xsd#cmn_TypeOfAuditorAssistance" xlink:label="TypeOfAuditorAssistance" xlink:title="TypeOfAuditorAssistance"/>
    <link:definitionArc xlink:type="arc" xlink:arcrole="http://xbrl.org/int/dim/arcrole/domain-member" xlink:from="AuditorsReportsAbstract" xlink:to="TypeOfAuditorAssistance" xlink:title="definition: AuditorsReportsAbstract to TypeOfAuditorAssistance" order="10.0"/>
    <link:loc xlink:type="locator" xlink:href="arr.xsd#arr_AuditorsReportOnExtendedReview" xlink:label="AuditorsReportOnExtendedReview" xlink:title="AuditorsReportOnExtendedReview"/>
    <link:definitionArc xlink:type="arc" xlink:arcrole="http://xbrl.org/int/dim/arcrole/domain-member" xlink:from="AuditorsReportsAbstract" xlink:to="AuditorsReportOnExtendedReview" xlink:title="definition: AuditorsReportsAbstract to AuditorsReportOnExtendedReview" order="30.0"/>
    <link:loc xlink:type="locator" xlink:href="arr.xsd#arr_IndependentAuditorsReportsExtendedReview" xlink:label="IndependentAuditorsReportsExtendedReview" xlink:title="IndependentAuditorsReportsExtendedReview"/>
    <link:definitionArc xlink:type="arc" xlink:arcrole="http://xbrl.org/int/dim/arcrole/domain-member" xlink:from="AuditorsReportOnExtendedReview" xlink:to="IndependentAuditorsReportsExtendedReview" xlink:title="definition: AuditorsReportOnExtendedReview to IndependentAuditorsReportsExtendedReview" order="1.0"/>
    <link:loc xlink:type="locator" xlink:href="arr.xsd#arr_AddresseeOfAuditorsReportOnExtendedReviewOfFinancialStatements" xlink:label="AddresseeOfAuditorsReportOnExtendedReviewOfFinancialStatements" xlink:title="AddresseeOfAuditorsReportOnExtendedReviewOfFinancialStatements"/>
    <link:definitionArc xlink:type="arc" xlink:arcrole="http://xbrl.org/int/dim/arcrole/domain-member" xlink:from="IndependentAuditorsReportsExtendedReview" xlink:to="AddresseeOfAuditorsReportOnExtendedReviewOfFinancialStatements" xlink:title="definition: IndependentAuditorsReportsExtendedReview to AddresseeOfAuditorsReportOnExtendedReviewOfFinancialStatements" order="1.0"/>
    <link:loc xlink:type="locator" xlink:href="arr.xsd#arr_AuditorsReportsAccordingToOtherLegislationAndRegulationExtendedReview" xlink:label="AuditorsReportsAccordingToOtherLegislationAndRegulationExtendedReview" xlink:title="AuditorsReportsAccordingToOtherLegislationAndRegulationExtendedReview"/>
    <link:definitionArc xlink:type="arc" xlink:arcrole="http://xbrl.org/int/dim/arcrole/domain-member" xlink:from="IndependentAuditorsReportsExtendedReview" xlink:to="AuditorsReportsAccordingToOtherLegislationAndRegulationExtendedReview" xlink:title="definition: IndependentAuditorsReportsExtendedReview to AuditorsReportsAccordingToOtherLegislationAndRegulationExtendedReview" order="3.0"/>
    <link:loc xlink:type="locator" xlink:href="arr.xsd#arr_OtherReportsExtendedReview" xlink:label="OtherReportsExtendedReview" xlink:title="OtherReportsExtendedReview"/>
    <link:definitionArc xlink:type="arc" xlink:arcrole="http://xbrl.org/int/dim/arcrole/domain-member" xlink:from="AuditorsReportsAccordingToOtherLegislationAndRegulationExtendedReview" xlink:to="OtherReportsExtendedReview" xlink:title="definition: AuditorsReportsAccordingToOtherLegislationAndRegulationExtendedReview to OtherReportsExtendedReview" order="3.0"/>
    <link:loc xlink:type="locator" xlink:href="arr.xsd#arr_ReportingResponsibilitiesAccordingToTheDanishExecutiveOrderOnApprovedAuditorsReportsExtendedReview" xlink:label="ReportingResponsibilitiesAccordingToTheDanishExecutiveOrderOnApprovedAuditorsReportsExtendedReview" xlink:title="ReportingResponsibilitiesAccordingToTheDanishExecutiveOrderOnApprovedAuditorsReportsExtendedReview"/>
    <link:definitionArc xlink:type="arc" xlink:arcrole="http://xbrl.org/int/dim/arcrole/domain-member" xlink:from="AuditorsReportsAccordingToOtherLegislationAndRegulationExtendedReview" xlink:to="ReportingResponsibilitiesAccordingToTheDanishExecutiveOrderOnApprovedAuditorsReportsExtendedReview" xlink:title="definition: AuditorsReportsAccordingToOtherLegislationAndRegulationExtendedReview to ReportingResponsibilitiesAccordingToTheDanishExecutiveOrderOnApprovedAuditorsReportsExtendedReview" order="1.0"/>
    <link:loc xlink:type="locator" xlink:href="arr.xsd#arr_ReportingResponsibilitiesAccordingToTheDanishExecutiveOrderOnApprovedAuditorsReportsEspeciallyTheCriminalCodeAndFiscalTaxAndSubsidyLegislationExtendedReview" xlink:label="ReportingResponsibilitiesAccordingToTheDanishExecutiveOrderOnApprovedAuditorsReportsEspeciallyTheCriminalCodeAndFiscalTaxAndSubsidyLegislationExtendedReview" xlink:title="ReportingResponsibilitiesAccordingToTheDanishExecutiveOrderOnApprovedAuditorsReportsEspeciallyTheCriminalCodeAndFiscalTaxAndSubsidyLegislationExtendedReview"/>
    <link:definitionArc xlink:type="arc" xlink:arcrole="http://xbrl.org/int/dim/arcrole/domain-member" xlink:from="ReportingResponsibilitiesAccordingToTheDanishExecutiveOrderOnApprovedAuditorsReportsExtendedReview" xlink:to="ReportingResponsibilitiesAccordingToTheDanishExecutiveOrderOnApprovedAuditorsReportsEspeciallyTheCriminalCodeAndFiscalTaxAndSubsidyLegislationExtendedReview" xlink:title="definition: ReportingResponsibilitiesAccordingToTheDanishExecutiveOrderOnApprovedAuditorsReportsExtendedReview to ReportingResponsibilitiesAccordingToTheDanishExecutiveOrderOnApprovedAuditorsReportsEspeciallyTheCriminalCodeAndFiscalTaxAndSubsidyLegislationExtendedReview" order="1.0"/>
    <link:loc xlink:type="locator" xlink:href="arr.xsd#arr_ReportingResponsibilitiesAccordingToTheDanishExecutiveOrderOnApprovedAuditorsReportsEspeciallyTheCompaniesActOrEquivalentLegislationThatTheCompanyIsSubjectToExtendedReview" xlink:label="ReportingResponsibilitiesAccordingToTheDanishExecutiveOrderOnApprovedAuditorsReportsEspeciallyTheCompaniesActOrEquivalentLegislationThatTheCompanyIsSubjectToExtendedReview" xlink:title="ReportingResponsibilitiesAccordingToTheDanishExecutiveOrderOnApprovedAuditorsReportsEspeciallyTheCompaniesActOrEquivalentLegislationThatTheCompanyIsSubjectToExtendedReview"/>
    <link:definitionArc xlink:type="arc" xlink:arcrole="http://xbrl.org/int/dim/arcrole/domain-member" xlink:from="ReportingResponsibilitiesAccordingToTheDanishExecutiveOrderOnApprovedAuditorsReportsExtendedReview" xlink:to="ReportingResponsibilitiesAccordingToTheDanishExecutiveOrderOnApprovedAuditorsReportsEspeciallyTheCompaniesActOrEquivalentLegislationThatTheCompanyIsSubjectToExtendedReview" xlink:title="definition: ReportingResponsibilitiesAccordingToTheDanishExecutiveOrderOnApprovedAuditorsReportsExtendedReview to ReportingResponsibilitiesAccordingToTheDanishExecutiveOrderOnApprovedAuditorsReportsEspeciallyTheCompaniesActOrEquivalentLegislationThatTheCompanyIsSubjectToExtendedReview" order="2.0"/>
    <link:loc xlink:type="locator" xlink:href="arr.xsd#arr_ReportingResponsibilitiesAccordingToTheDanishExecutiveOrderOnApprovedAuditorsReportsEspeciallyLegislationOnFinancialReportingIncludingAccountingAndStorageOfAccountingRecordsExtendedReview" xlink:label="ReportingResponsibilitiesAccordingToTheDanishExecutiveOrderOnApprovedAuditorsReportsEspeciallyLegislationOnFinancialReportingIncludingAccountingAndStorageOfAccountingRecordsExtendedReview" xlink:title="ReportingResponsibilitiesAccordingToTheDanishExecutiveOrderOnApprovedAuditorsReportsEspeciallyLegislationOnFinancialReportingIncludingAccountingAndStorageOfAccountingRecordsExtendedReview"/>
    <link:definitionArc xlink:type="arc" xlink:arcrole="http://xbrl.org/int/dim/arcrole/domain-member" xlink:from="ReportingResponsibilitiesAccordingToTheDanishExecutiveOrderOnApprovedAuditorsReportsExtendedReview" xlink:to="ReportingResponsibilitiesAccordingToTheDanishExecutiveOrderOnApprovedAuditorsReportsEspeciallyLegislationOnFinancialReportingIncludingAccountingAndStorageOfAccountingRecordsExtendedReview" xlink:title="definition: ReportingResponsibilitiesAccordingToTheDanishExecutiveOrderOnApprovedAuditorsReportsExtendedReview to ReportingResponsibilitiesAccordingToTheDanishExecutiveOrderOnApprovedAuditorsReportsEspeciallyLegislationOnFinancialReportingIncludingAccountingAndStorageOfAccountingRecordsExtendedReview" order="3.0"/>
    <link:loc xlink:type="locator" xlink:href="arr.xsd#arr_ReportingResponsibilitiesAccordingToTheDanishExecutiveOrderOnApprovedAuditorsReportsEspeciallyOtherMattersExtendedReview" xlink:label="ReportingResponsibilitiesAccordingToTheDanishExecutiveOrderOnApprovedAuditorsReportsEspeciallyOtherMattersExtendedReview" xlink:title="ReportingResponsibilitiesAccordingToTheDanishExecutiveOrderOnApprovedAuditorsReportsEspeciallyOtherMattersExtendedReview"/>
    <link:definitionArc xlink:type="arc" xlink:arcrole="http://xbrl.org/int/dim/arcrole/domain-member" xlink:from="ReportingResponsibilitiesAccordingToTheDanishExecutiveOrderOnApprovedAuditorsReportsExtendedReview" xlink:to="ReportingResponsibilitiesAccordingToTheDanishExecutiveOrderOnApprovedAuditorsReportsEspeciallyOtherMattersExtendedReview" xlink:title="definition: ReportingResponsibilitiesAccordingToTheDanishExecutiveOrderOnApprovedAuditorsReportsExtendedReview to ReportingResponsibilitiesAccordingToTheDanishExecutiveOrderOnApprovedAuditorsReportsEspeciallyOtherMattersExtendedReview" order="4.0"/>
    <link:loc xlink:type="locator" xlink:href="arr.xsd#arr_StatementOnOtherInformationAuditorsReportOnExtendedReviewFinancialStatementsExtendedReview" xlink:label="StatementOnOtherInformationAuditorsReportOnExtendedReviewFinancialStatementsExtendedReview" xlink:title="StatementOnOtherInformationAuditorsReportOnExtendedReviewFinancialStatementsExtendedReview"/>
    <link:definitionArc xlink:type="arc" xlink:arcrole="http://xbrl.org/int/dim/arcrole/domain-member" xlink:from="AuditorsReportsAccordingToOtherLegislationAndRegulationExtendedReview" xlink:to="StatementOnOtherInformationAuditorsReportOnExtendedReviewFinancialStatementsExtendedReview" xlink:title="definition: AuditorsReportsAccordingToOtherLegislationAndRegulationExtendedReview to StatementOnOtherInformationAuditorsReportOnExtendedReviewFinancialStatementsExtendedReview" order="2.0"/>
    <link:loc xlink:type="locator" xlink:href="arr.xsd#arr_AuditorsReportOnExtendedReviewOfFinancialStatements" xlink:label="AuditorsReportOnExtendedReviewOfFinancialStatements" xlink:title="AuditorsReportOnExtendedReviewOfFinancialStatements"/>
    <link:definitionArc xlink:type="arc" xlink:arcrole="http://xbrl.org/int/dim/arcrole/domain-member" xlink:from="IndependentAuditorsReportsExtendedReview" xlink:to="AuditorsReportOnExtendedReviewOfFinancialStatements" xlink:title="definition: IndependentAuditorsReportsExtendedReview to AuditorsReportOnExtendedReviewOfFinancialStatements" order="2.0"/>
    <link:loc xlink:type="locator" xlink:href="arr.xsd#arr_StatementOfExecutiveAndSupervisoryBoardsResponsibilityForFinancialStatementsExtendedReview" xlink:label="StatementOfExecutiveAndSupervisoryBoardsResponsibilityForFinancialStatementsExtendedReview" xlink:title="StatementOfExecutiveAndSupervisoryBoardsResponsibilityForFinancialStatementsExtendedReview"/>
    <link:definitionArc xlink:type="arc" xlink:arcrole="http://xbrl.org/int/dim/arcrole/domain-member" xlink:from="AuditorsReportOnExtendedReviewOfFinancialStatements" xlink:to="StatementOfExecutiveAndSupervisoryBoardsResponsibilityForFinancialStatementsExtendedReview" xlink:title="definition: AuditorsReportOnExtendedReviewOfFinancialStatements to StatementOfExecutiveAndSupervisoryBoardsResponsibilityForFinancialStatementsExtendedReview" order="6.0"/>
    <link:loc xlink:type="locator" xlink:href="arr.xsd#arr_StatementOfAuditorsResponsibilityExtendedReview" xlink:label="StatementOfAuditorsResponsibilityExtendedReview" xlink:title="StatementOfAuditorsResponsibilityExtendedReview"/>
    <link:definitionArc xlink:type="arc" xlink:arcrole="http://xbrl.org/int/dim/arcrole/domain-member" xlink:from="AuditorsReportOnExtendedReviewOfFinancialStatements" xlink:to="StatementOfAuditorsResponsibilityExtendedReview" xlink:title="definition: AuditorsReportOnExtendedReviewOfFinancialStatements to StatementOfAuditorsResponsibilityExtendedReview" order="7.0"/>
    <link:loc xlink:type="locator" xlink:href="arr.xsd#arr_DescriptionOfQualificationsOfFinancialStatementsExtendedReview" xlink:label="DescriptionOfQualificationsOfFinancialStatementsExtendedReview" xlink:title="DescriptionOfQualificationsOfFinancialStatementsExtendedReview"/>
    <link:definitionArc xlink:type="arc" xlink:arcrole="http://xbrl.org/int/dim/arcrole/domain-member" xlink:from="AuditorsReportOnExtendedReviewOfFinancialStatements" xlink:to="DescriptionOfQualificationsOfFinancialStatementsExtendedReview" xlink:title="definition: AuditorsReportOnExtendedReviewOfFinancialStatements to DescriptionOfQualificationsOfFinancialStatementsExtendedReview" order="2.0"/>
    <link:loc xlink:type="locator" xlink:href="arr.xsd#arr_TypeOfBasisForModifiedOpinionOnFinancialStatementsExtendedReview" xlink:label="TypeOfBasisForModifiedOpinionOnFinancialStatementsExtendedReview" xlink:title="TypeOfBasisForModifiedOpinionOnFinancialStatementsExtendedReview"/>
    <link:definitionArc xlink:type="arc" xlink:arcrole="http://xbrl.org/int/dim/arcrole/domain-member" xlink:from="DescriptionOfQualificationsOfFinancialStatementsExtendedReview" xlink:to="TypeOfBasisForModifiedOpinionOnFinancialStatementsExtendedReview" xlink:title="definition: DescriptionOfQualificationsOfFinancialStatementsExtendedReview to TypeOfBasisForModifiedOpinionOnFinancialStatementsExtendedReview" order="1.0"/>
    <link:loc xlink:type="locator" xlink:href="arr.xsd#arr_OpinionOnFinancialStatementsExtendedReview" xlink:label="OpinionOnFinancialStatementsExtendedReview" xlink:title="OpinionOnFinancialStatementsExtendedReview"/>
    <link:definitionArc xlink:type="arc" xlink:arcrole="http://xbrl.org/int/dim/arcrole/domain-member" xlink:from="AuditorsReportOnExtendedReviewOfFinancialStatements" xlink:to="OpinionOnFinancialStatementsExtendedReview" xlink:title="definition: AuditorsReportOnExtendedReviewOfFinancialStatements to OpinionOnFinancialStatementsExtendedReview" order="1.0"/>
    <link:loc xlink:type="locator" xlink:href="arr.xsd#arr_TypeOfModifiedOpinionOnAuditedFinancialStatementsExtendedReview" xlink:label="TypeOfModifiedOpinionOnAuditedFinancialStatementsExtendedReview" xlink:title="TypeOfModifiedOpinionOnAuditedFinancialStatementsExtendedReview"/>
    <link:definitionArc xlink:type="arc" xlink:arcrole="http://xbrl.org/int/dim/arcrole/domain-member" xlink:from="OpinionOnFinancialStatementsExtendedReview" xlink:to="TypeOfModifiedOpinionOnAuditedFinancialStatementsExtendedReview" xlink:title="definition: OpinionOnFinancialStatementsExtendedReview to TypeOfModifiedOpinionOnAuditedFinancialStatementsExtendedReview" order="1.0"/>
    <link:loc xlink:type="locator" xlink:href="arr.xsd#arr_SupplementaryInformationOnMattersPertainingToFinancialStatementExtendedReview" xlink:label="SupplementaryInformationOnMattersPertainingToFinancialStatementExtendedReview" xlink:title="SupplementaryInformationOnMattersPertainingToFinancialStatementExtendedReview"/>
    <link:definitionArc xlink:type="arc" xlink:arcrole="http://xbrl.org/int/dim/arcrole/domain-member" xlink:from="AuditorsReportOnExtendedReviewOfFinancialStatements" xlink:to="SupplementaryInformationOnMattersPertainingToFinancialStatementExtendedReview" xlink:title="definition: AuditorsReportOnExtendedReviewOfFinancialStatements to SupplementaryInformationOnMattersPertainingToFinancialStatementExtendedReview" order="4.0"/>
    <link:loc xlink:type="locator" xlink:href="arr.xsd#arr_SupplementaryInformationOnExtendedReview" xlink:label="SupplementaryInformationOnExtendedReview" xlink:title="SupplementaryInformationOnExtendedReview"/>
    <link:definitionArc xlink:type="arc" xlink:arcrole="http://xbrl.org/int/dim/arcrole/domain-member" xlink:from="AuditorsReportOnExtendedReviewOfFinancialStatements" xlink:to="SupplementaryInformationOnExtendedReview" xlink:title="definition: AuditorsReportOnExtendedReviewOfFinancialStatements to SupplementaryInformationOnExtendedReview" order="5.0"/>
    <link:loc xlink:type="locator" xlink:href="arr.xsd#arr_StatementOnManagementsReviewAuditorsReportOnExtendedReviewFinancialStatementsExtendedReview" xlink:label="StatementOnManagementsReviewAuditorsReportOnExtendedReviewFinancialStatementsExtendedReview" xlink:title="StatementOnManagementsReviewAuditorsReportOnExtendedReviewFinancialStatementsExtendedReview"/>
    <link:definitionArc xlink:type="arc" xlink:arcrole="http://xbrl.org/int/dim/arcrole/domain-member" xlink:from="AuditorsReportOnExtendedReviewOfFinancialStatements" xlink:to="StatementOnManagementsReviewAuditorsReportOnExtendedReviewFinancialStatementsExtendedReview" xlink:title="definition: AuditorsReportOnExtendedReviewOfFinancialStatements to StatementOnManagementsReviewAuditorsReportOnExtendedReviewFinancialStatementsExtendedReview" order="8.0"/>
    <link:loc xlink:type="locator" xlink:href="arr.xsd#arr_MaterialUncertaintyConcerningGoingConcernExtendedReview" xlink:label="MaterialUncertaintyConcerningGoingConcernExtendedReview" xlink:title="MaterialUncertaintyConcerningGoingConcernExtendedReview"/>
    <link:definitionArc xlink:type="arc" xlink:arcrole="http://xbrl.org/int/dim/arcrole/domain-member" xlink:from="AuditorsReportOnExtendedReviewOfFinancialStatements" xlink:to="MaterialUncertaintyConcerningGoingConcernExtendedReview" xlink:title="definition: AuditorsReportOnExtendedReviewOfFinancialStatements to MaterialUncertaintyConcerningGoingConcernExtendedReview" order="3.0"/>
  </link:definitionLink>
  <link:definitionLink xlink:type="extended" xlink:role="http://xbrl.dcca.dk/role/110.00/StatementsFromInternalAudit">
    <link:loc xlink:type="locator" xlink:href="../cmn.xsd#cmn_CommonHypercube" xlink:label="CommonHypercube" xlink:title="CommonHypercube"/>
    <link:loc xlink:type="locator" xlink:href="../cmn.xsd#cmn_ConsolidatedSoloDimension" xlink:label="ConsolidatedSoloDimension" xlink:title="ConsolidatedSoloDimension"/>
    <link:definitionArc xlink:type="arc" xlink:arcrole="http://xbrl.org/int/dim/arcrole/hypercube-dimension" xlink:from="CommonHypercube" xlink:to="ConsolidatedSoloDimension" xlink:title="definition: CommonHypercube to ConsolidatedSoloDimension" use="optional" order="10.0" xbrldt:targetRole="http://xbrl.dcca.dk/role/901.01/DimensionConsolidatedSolo"/>
    <link:loc xlink:type="locator" xlink:href="arr.xsd#arr_StatementsFromInternalAuditAbstract" xlink:label="StatementsFromInternalAuditAbstract" xlink:title="StatementsFromInternalAuditAbstract"/>
    <link:loc xlink:type="locator" xlink:href="arr.xsd#arr_StatementsFromInternalAudit" xlink:label="StatementsFromInternalAudit" xlink:title="StatementsFromInternalAudit"/>
    <link:definitionArc xlink:type="arc" xlink:arcrole="http://xbrl.org/int/dim/arcrole/domain-member" xlink:from="StatementsFromInternalAuditAbstract" xlink:to="StatementsFromInternalAudit" xlink:title="definition: StatementsFromInternalAuditAbstract to StatementsFromInternalAudit" order="10.0"/>
    <link:loc xlink:type="locator" xlink:href="arr.xsd#arr_DescriptionOfTheWorkAndScopeOfTheReportStatementFromInternalAudit" xlink:label="DescriptionOfTheWorkAndScopeOfTheReportStatementFromInternalAudit" xlink:title="DescriptionOfTheWorkAndScopeOfTheReportStatementFromInternalAudit"/>
    <link:definitionArc xlink:type="arc" xlink:arcrole="http://xbrl.org/int/dim/arcrole/domain-member" xlink:from="StatementsFromInternalAudit" xlink:to="DescriptionOfTheWorkAndScopeOfTheReportStatementFromInternalAudit" xlink:title="definition: StatementsFromInternalAudit to DescriptionOfTheWorkAndScopeOfTheReportStatementFromInternalAudit" order="10.0"/>
    <link:loc xlink:type="locator" xlink:href="arr.xsd#arr_InformationOnSignatureInternalAudit" xlink:label="InformationOnSignatureInternalAudit" xlink:title="InformationOnSignatureInternalAudit"/>
    <link:definitionArc xlink:type="arc" xlink:arcrole="http://xbrl.org/int/dim/arcrole/domain-member" xlink:from="StatementsFromInternalAuditAbstract" xlink:to="InformationOnSignatureInternalAudit" xlink:title="definition: StatementsFromInternalAuditAbstract to InformationOnSignatureInternalAudit" order="20.0"/>
    <link:loc xlink:type="locator" xlink:href="arr.xsd#arr_SignatureInternalAuditPlace" xlink:label="SignatureInternalAuditPlace" xlink:title="SignatureInternalAuditPlace"/>
    <link:definitionArc xlink:type="arc" xlink:arcrole="http://xbrl.org/int/dim/arcrole/domain-member" xlink:from="InformationOnSignatureInternalAudit" xlink:to="SignatureInternalAuditPlace" xlink:title="definition: InformationOnSignatureInternalAudit to SignatureInternalAuditPlace" order="10.0"/>
    <link:loc xlink:type="locator" xlink:href="arr.xsd#arr_SignatureInternalAuditDate" xlink:label="SignatureInternalAuditDate" xlink:title="SignatureInternalAuditDate"/>
    <link:definitionArc xlink:type="arc" xlink:arcrole="http://xbrl.org/int/dim/arcrole/domain-member" xlink:from="InformationOnSignatureInternalAudit" xlink:to="SignatureInternalAuditDate" xlink:title="definition: InformationOnSignatureInternalAudit to SignatureInternalAuditDate" order="20.0"/>
    <link:loc xlink:type="locator" xlink:href="arr.xsd#arr_DetailsOnSignatureInternalAuditAbstract" xlink:label="DetailsOnSignatureInternalAuditAbstract" xlink:title="DetailsOnSignatureInternalAuditAbstract"/>
    <link:definitionArc xlink:type="arc" xlink:arcrole="http://xbrl.org/int/dim/arcrole/domain-member" xlink:from="InformationOnSignatureInternalAudit" xlink:to="DetailsOnSignatureInternalAuditAbstract" xlink:title="definition: InformationOnSignatureInternalAudit to DetailsOnSignatureInternalAuditAbstract" order="30.0" xbrldt:targetRole="http://xbrl.dcca.dk/role/110.00/StatementsFromInternalAudit/Details"/>
    <link:definitionArc xlink:type="arc" xlink:arcrole="http://xbrl.org/int/dim/arcrole/all" xlink:from="StatementsFromInternalAuditAbstract" xlink:to="CommonHypercube" xlink:title="definition: StatementsFromInternalAuditAbstract to CommonHypercube" use="optional" order="30.0" xbrldt:contextElement="scenario" xbrldt:closed="true"/>
  </link:definitionLink>
  <link:definitionLink xlink:type="extended" xlink:role="http://xbrl.dcca.dk/role/120.00/OtherStatements">
    <link:loc xlink:type="locator" xlink:href="../cmn.xsd#cmn_CommonHypercube" xlink:label="CommonHypercube" xlink:title="CommonHypercube"/>
    <link:loc xlink:type="locator" xlink:href="../cmn.xsd#cmn_ConsolidatedSoloDimension" xlink:label="ConsolidatedSoloDimension" xlink:title="ConsolidatedSoloDimension"/>
    <link:definitionArc xlink:type="arc" xlink:arcrole="http://xbrl.org/int/dim/arcrole/hypercube-dimension" xlink:from="CommonHypercube" xlink:to="ConsolidatedSoloDimension" xlink:title="definition: CommonHypercube to ConsolidatedSoloDimension" use="optional" order="10.0" xbrldt:targetRole="http://xbrl.dcca.dk/role/901.01/DimensionConsolidatedSolo"/>
    <link:loc xlink:type="locator" xlink:href="arr.xsd#arr_OtherStatementsAbstract" xlink:label="OtherStatementsAbstract" xlink:title="OtherStatementsAbstract"/>
    <link:definitionArc xlink:type="arc" xlink:arcrole="http://xbrl.org/int/dim/arcrole/all" xlink:from="OtherStatementsAbstract" xlink:to="CommonHypercube" xlink:title="definition: OtherStatementsAbstract to CommonHypercube" use="optional" order="30.0" xbrldt:contextElement="scenario" xbrldt:closed="true"/>
    <link:loc xlink:type="locator" xlink:href="arr.xsd#arr_DetailsOnSignatureOtherStatementsAbstract" xlink:label="DetailsOnSignatureOtherStatementsAbstract" xlink:title="DetailsOnSignatureOtherStatementsAbstract"/>
    <link:definitionArc xlink:type="arc" xlink:arcrole="http://xbrl.org/int/dim/arcrole/domain-member" xlink:from="OtherStatementsAbstract" xlink:to="DetailsOnSignatureOtherStatementsAbstract" xlink:title="definition: OtherStatementsAbstract to DetailsOnSignatureOtherStatementsAbstract" order="20.0" xbrldt:targetRole="http://xbrl.dcca.dk/role/120.00/OtherStatements/Details"/>
    <link:loc xlink:type="locator" xlink:href="arr.xsd#arr_DetailsOtherStatementsAbstract" xlink:label="DetailsOtherStatementsAbstract" xlink:title="DetailsOtherStatementsAbstract"/>
    <link:definitionArc xlink:type="arc" xlink:arcrole="http://xbrl.org/int/dim/arcrole/domain-member" xlink:from="OtherStatementsAbstract" xlink:to="DetailsOtherStatementsAbstract" xlink:title="definition: OtherStatementsAbstract to DetailsOtherStatementsAbstract" order="10.0" xbrldt:targetRole="http://xbrl.dcca.dk/role/120.00/OtherStatements/Details"/>
  </link:definitionLink>
  <link:definitionLink xlink:type="extended" xlink:role="http://xbrl.dcca.dk/role/101.00/AuditorsReportsFrom20180630/Details">
    <link:loc xlink:type="locator" xlink:href="arr.xsd#arr_DetailsOnSignatureAuditorsAbstract" xlink:label="DetailsOnSignatureAuditorsAbstract" xlink:title="DetailsOnSignatureAuditorsAbstract"/>
    <link:loc xlink:type="locator" xlink:href="arr.xsd#arr_DetailsOnSignatureAuditorsHypercube" xlink:label="DetailsOnSignatureAuditorsHypercube" xlink:title="DetailsOnSignatureAuditorsHypercube"/>
    <link:definitionArc xlink:type="arc" xlink:arcrole="http://xbrl.org/int/dim/arcrole/all" xlink:from="DetailsOnSignatureAuditorsAbstract" xlink:to="DetailsOnSignatureAuditorsHypercube" xlink:title="definition: DetailsOnSignatureAuditorsAbstract to DetailsOnSignatureAuditorsHypercube" use="optional" priority="0" order="10.0" xbrldt:targetRole="http://xbrl.dcca.dk/role/101.01/AuditorsReportsFrom20180630/DetailsOnSignatureOfAuditors" xbrldt:contextElement="scenario" xbrldt:closed="true"/>
    <link:loc xlink:type="locator" xlink:href="../cmn.xsd#cmn_NameAndSurnameOfAuditor" xlink:label="NameAndSurnameOfAuditor" xlink:title="NameAndSurnameOfAuditor"/>
    <link:definitionArc xlink:type="arc" xlink:arcrole="http://xbrl.org/int/dim/arcrole/domain-member" xlink:from="DetailsOnSignatureAuditorsAbstract" xlink:to="NameAndSurnameOfAuditor" xlink:title="definition: DetailsOnSignatureAuditorsAbstract to NameAndSurnameOfAuditor" order="30.0"/>
    <link:loc xlink:type="locator" xlink:href="../cmn.xsd#cmn_IdentificationNumberCvrOfAuditFirm" xlink:label="IdentificationNumberCvrOfAuditFirm" xlink:title="IdentificationNumberCvrOfAuditFirm"/>
    <link:definitionArc xlink:type="arc" xlink:arcrole="http://xbrl.org/int/dim/arcrole/domain-member" xlink:from="DetailsOnSignatureAuditorsAbstract" xlink:to="IdentificationNumberCvrOfAuditFirm" xlink:title="definition: DetailsOnSignatureAuditorsAbstract to IdentificationNumberCvrOfAuditFirm" order="40.0"/>
    <link:loc xlink:type="locator" xlink:href="../cmn.xsd#cmn_IdentificationNumberPnrOfAuditFirm" xlink:label="IdentificationNumberPnrOfAuditFirm" xlink:title="IdentificationNumberPnrOfAuditFirm"/>
    <link:definitionArc xlink:type="arc" xlink:arcrole="http://xbrl.org/int/dim/arcrole/domain-member" xlink:from="DetailsOnSignatureAuditorsAbstract" xlink:to="IdentificationNumberPnrOfAuditFirm" xlink:title="definition: DetailsOnSignatureAuditorsAbstract to IdentificationNumberPnrOfAuditFirm" order="50.0"/>
    <link:loc xlink:type="locator" xlink:href="../cmn.xsd#cmn_NameOfAuditFirm" xlink:label="NameOfAuditFirm" xlink:title="NameOfAuditFirm"/>
    <link:definitionArc xlink:type="arc" xlink:arcrole="http://xbrl.org/int/dim/arcrole/domain-member" xlink:from="DetailsOnSignatureAuditorsAbstract" xlink:to="NameOfAuditFirm" xlink:title="definition: DetailsOnSignatureAuditorsAbstract to NameOfAuditFirm" order="60.0"/>
    <link:loc xlink:type="locator" xlink:href="../cmn.xsd#cmn_DescriptionOfAuditor" xlink:label="DescriptionOfAuditor" xlink:title="DescriptionOfAuditor"/>
    <link:definitionArc xlink:type="arc" xlink:arcrole="http://xbrl.org/int/dim/arcrole/domain-member" xlink:from="DetailsOnSignatureAuditorsAbstract" xlink:to="DescriptionOfAuditor" xlink:title="definition: DetailsOnSignatureAuditorsAbstract to DescriptionOfAuditor" order="70.0"/>
    <link:loc xlink:type="locator" xlink:href="../cmn.xsd#cmn_IdentificationNumberOfAuditor" xlink:label="IdentificationNumberOfAuditor" xlink:title="IdentificationNumberOfAuditor"/>
    <link:definitionArc xlink:type="arc" xlink:arcrole="http://xbrl.org/int/dim/arcrole/domain-member" xlink:from="DetailsOnSignatureAuditorsAbstract" xlink:to="IdentificationNumberOfAuditor" xlink:title="definition: DetailsOnSignatureAuditorsAbstract to IdentificationNumberOfAuditor" order="25.0"/>
    <link:loc xlink:type="locator" xlink:href="../cmn.xsd#cmn_LegalEntityIdentifierOfAuditFirm" xlink:label="LegalEntityIdentifierOfAuditFirm" xlink:title="LegalEntityIdentifierOfAuditFirm"/>
    <link:definitionArc xlink:type="arc" xlink:arcrole="http://xbrl.org/int/dim/arcrole/domain-member" xlink:from="DetailsOnSignatureAuditorsAbstract" xlink:to="LegalEntityIdentifierOfAuditFirm" xlink:title="definition: DetailsOnSignatureAuditorsAbstract to LegalEntityIdentifierOfAuditFirm" order="45.0"/>
  </link:definitionLink>
  <link:definitionLink xlink:type="extended" xlink:role="http://xbrl.dcca.dk/role/101.01/AuditorsReportsFrom20180630/DetailsOnSignatureOfAuditors">
    <link:loc xlink:type="locator" xlink:href="arr.xsd#arr_DetailsOnSignatureAuditorsHypercube" xlink:label="DetailsOnSignatureAuditorsHypercube" xlink:title="DetailsOnSignatureAuditorsHypercube"/>
    <link:loc xlink:type="locator" xlink:href="../cmn.xsd#cmn_IdentificationOfAuditorDimension" xlink:label="IdentificationOfAuditorDimension" xlink:title="IdentificationOfAuditorDimension"/>
    <link:definitionArc xlink:type="arc" xlink:arcrole="http://xbrl.org/int/dim/arcrole/hypercube-dimension" xlink:from="DetailsOnSignatureAuditorsHypercube" xlink:to="IdentificationOfAuditorDimension" xlink:title="definition: DetailsOnSignatureAuditorsHypercube to IdentificationOfAuditorDimension" use="optional" priority="0" order="10.0"/>
    <link:loc xlink:type="locator" xlink:href="../cmn.xsd#cmn_ConsolidatedSoloDimension" xlink:label="ConsolidatedSoloDimension" xlink:title="ConsolidatedSoloDimension"/>
    <link:definitionArc xlink:type="arc" xlink:arcrole="http://xbrl.org/int/dim/arcrole/hypercube-dimension" xlink:from="DetailsOnSignatureAuditorsHypercube" xlink:to="ConsolidatedSoloDimension" xlink:title="definition: DetailsOnSignatureAuditorsHypercube to ConsolidatedSoloDimension" order="30.0" xbrldt:targetRole="http://xbrl.dcca.dk/role/901.01/DimensionConsolidatedSolo"/>
    <link:loc xlink:type="locator" xlink:href="../cmn.xsd#cmn_TypeOfAuditorDimension" xlink:label="TypeOfAuditorDimension" xlink:title="TypeOfAuditorDimension"/>
    <link:definitionArc xlink:type="arc" xlink:arcrole="http://xbrl.org/int/dim/arcrole/hypercube-dimension" xlink:from="DetailsOnSignatureAuditorsHypercube" xlink:to="TypeOfAuditorDimension" xlink:title="definition: DetailsOnSignatureAuditorsHypercube to TypeOfAuditorDimension" order="20.0" xbrldt:targetRole="http://xbrl.dcca.dk/role/916.01/DimensionTypeOfAuditor"/>
  </link:definitionLink>
  <link:definitionLink xlink:type="extended" xlink:role="http://xbrl.dcca.dk/role/110.00/StatementsFromInternalAudit/Details">
    <link:loc xlink:type="locator" xlink:href="arr.xsd#arr_DetailsOnSignatureInternalAuditAbstract" xlink:label="DetailsOnSignatureInternalAuditAbstract" xlink:title="DetailsOnSignatureInternalAuditAbstract"/>
    <link:loc xlink:type="locator" xlink:href="arr.xsd#arr_DetailsOnSignatureInternalAuditHypercube" xlink:label="DetailsOnSignatureInternalAuditHypercube" xlink:title="DetailsOnSignatureInternalAuditHypercube"/>
    <link:definitionArc xlink:type="arc" xlink:arcrole="http://xbrl.org/int/dim/arcrole/all" xlink:from="DetailsOnSignatureInternalAuditAbstract" xlink:to="DetailsOnSignatureInternalAuditHypercube" xlink:title="definition: DetailsOnSignatureInternalAuditAbstract to DetailsOnSignatureInternalAuditHypercube" order="10.0" xbrldt:targetRole="http://xbrl.dcca.dk/role/110.01/StatementsFromInternalAudit/DetailsOnSignatureOfInternalAudit" xbrldt:contextElement="scenario" xbrldt:closed="true"/>
    <link:loc xlink:type="locator" xlink:href="../cmn.xsd#cmn_NameAndSurnameOfPerformerOfInternalAudit" xlink:label="NameAndSurnameOfPerformerOfInternalAudit" xlink:title="NameAndSurnameOfPerformerOfInternalAudit"/>
    <link:definitionArc xlink:type="arc" xlink:arcrole="http://xbrl.org/int/dim/arcrole/domain-member" xlink:from="DetailsOnSignatureInternalAuditAbstract" xlink:to="NameAndSurnameOfPerformerOfInternalAudit" xlink:title="definition: DetailsOnSignatureInternalAuditAbstract to NameAndSurnameOfPerformerOfInternalAudit" order="30.0"/>
    <link:loc xlink:type="locator" xlink:href="../cmn.xsd#cmn_DescriptionOfPerformerOfInternalAudit" xlink:label="DescriptionOfPerformerOfInternalAudit" xlink:title="DescriptionOfPerformerOfInternalAudit"/>
    <link:definitionArc xlink:type="arc" xlink:arcrole="http://xbrl.org/int/dim/arcrole/domain-member" xlink:from="DetailsOnSignatureInternalAuditAbstract" xlink:to="DescriptionOfPerformerOfInternalAudit" xlink:title="definition: DetailsOnSignatureInternalAuditAbstract to DescriptionOfPerformerOfInternalAudit" order="40.0"/>
    <link:loc xlink:type="locator" xlink:href="../cmn.xsd#cmn_TitleOfPerformerOfInternalAudit" xlink:label="TitleOfPerformerOfInternalAudit" xlink:title="TitleOfPerformerOfInternalAudit"/>
    <link:definitionArc xlink:type="arc" xlink:arcrole="http://xbrl.org/int/dim/arcrole/domain-member" xlink:from="DetailsOnSignatureInternalAuditAbstract" xlink:to="TitleOfPerformerOfInternalAudit" xlink:title="definition: DetailsOnSignatureInternalAuditAbstract to TitleOfPerformerOfInternalAudit" order="50.0"/>
  </link:definitionLink>
  <link:definitionLink xlink:type="extended" xlink:role="http://xbrl.dcca.dk/role/110.01/StatementsFromInternalAudit/DetailsOnSignatureOfInternalAudit">
    <link:loc xlink:type="locator" xlink:href="arr.xsd#arr_DetailsOnSignatureInternalAuditHypercube" xlink:label="DetailsOnSignatureInternalAuditHypercube" xlink:title="DetailsOnSignatureInternalAuditHypercube"/>
    <link:loc xlink:type="locator" xlink:href="../cmn.xsd#cmn_ConsolidatedSoloDimension" xlink:label="ConsolidatedSoloDimension" xlink:title="ConsolidatedSoloDimension"/>
    <link:definitionArc xlink:type="arc" xlink:arcrole="http://xbrl.org/int/dim/arcrole/hypercube-dimension" xlink:from="DetailsOnSignatureInternalAuditHypercube" xlink:to="ConsolidatedSoloDimension" xlink:title="definition: DetailsOnSignatureInternalAuditHypercube to ConsolidatedSoloDimension" order="20.0" xbrldt:targetRole="http://xbrl.dcca.dk/role/901.01/DimensionConsolidatedSolo"/>
    <link:loc xlink:type="locator" xlink:href="../cmn.xsd#cmn_IdentificationOfPerformerOfInternalAuditDimension" xlink:label="IdentificationOfPerformerOfInternalAuditDimension" xlink:title="IdentificationOfPerformerOfInternalAuditDimension"/>
    <link:definitionArc xlink:type="arc" xlink:arcrole="http://xbrl.org/int/dim/arcrole/hypercube-dimension" xlink:from="DetailsOnSignatureInternalAuditHypercube" xlink:to="IdentificationOfPerformerOfInternalAuditDimension" xlink:title="definition: DetailsOnSignatureInternalAuditHypercube to IdentificationOfPerformerOfInternalAuditDimension" order="10.0"/>
  </link:definitionLink>
  <link:definitionLink xlink:type="extended" xlink:role="http://xbrl.dcca.dk/role/120.00/OtherStatements/Details">
    <link:loc xlink:type="locator" xlink:href="arr.xsd#arr_DetailsOnSignatureOtherStatementsAbstract" xlink:label="DetailsOnSignatureOtherStatementsAbstract" xlink:title="DetailsOnSignatureOtherStatementsAbstract"/>
    <link:loc xlink:type="locator" xlink:href="arr.xsd#arr_DetailsOnSignatureOtherStatementsHypercube" xlink:label="DetailsOnSignatureOtherStatementsHypercube" xlink:title="DetailsOnSignatureOtherStatementsHypercube"/>
    <link:definitionArc xlink:type="arc" xlink:arcrole="http://xbrl.org/int/dim/arcrole/all" xlink:from="DetailsOnSignatureOtherStatementsAbstract" xlink:to="DetailsOnSignatureOtherStatementsHypercube" xlink:title="definition: DetailsOnSignatureOtherStatementsAbstract to DetailsOnSignatureOtherStatementsHypercube" order="10.0" xbrldt:contextElement="scenario" xbrldt:closed="true" xbrldt:targetRole="http://xbrl.dcca.dk/role/120.01/OtherStatements/DetailsOnSignatureOfOtherStatements"/>
    <link:loc xlink:type="locator" xlink:href="../cmn.xsd#cmn_NameAndSurnameOfPerformerOfOtherStatement" xlink:label="NameAndSurnameOfPerformerOfOtherStatement" xlink:title="NameAndSurnameOfPerformerOfOtherStatement"/>
    <link:definitionArc xlink:type="arc" xlink:arcrole="http://xbrl.org/int/dim/arcrole/domain-member" xlink:from="DetailsOnSignatureOtherStatementsAbstract" xlink:to="NameAndSurnameOfPerformerOfOtherStatement" xlink:title="definition: DetailsOnSignatureOtherStatementsAbstract to NameAndSurnameOfPerformerOfOtherStatement" order="30.0"/>
    <link:loc xlink:type="locator" xlink:href="../cmn.xsd#cmn_IdentificationNumberCvrOfPerformerOfOtherStatement" xlink:label="IdentificationNumberCvrOfPerformerOfOtherStatement" xlink:title="IdentificationNumberCvrOfPerformerOfOtherStatement"/>
    <link:definitionArc xlink:type="arc" xlink:arcrole="http://xbrl.org/int/dim/arcrole/domain-member" xlink:from="DetailsOnSignatureOtherStatementsAbstract" xlink:to="IdentificationNumberCvrOfPerformerOfOtherStatement" xlink:title="definition: DetailsOnSignatureOtherStatementsAbstract to IdentificationNumberCvrOfPerformerOfOtherStatement" order="40.0"/>
    <link:loc xlink:type="locator" xlink:href="../cmn.xsd#cmn_NameOfFirmperformingOtherStatement" xlink:label="NameOfFirmperformingOtherStatement" xlink:title="NameOfFirmperformingOtherStatement"/>
    <link:definitionArc xlink:type="arc" xlink:arcrole="http://xbrl.org/int/dim/arcrole/domain-member" xlink:from="DetailsOnSignatureOtherStatementsAbstract" xlink:to="NameOfFirmperformingOtherStatement" xlink:title="definition: DetailsOnSignatureOtherStatementsAbstract to NameOfFirmperformingOtherStatement" order="50.0"/>
    <link:loc xlink:type="locator" xlink:href="../cmn.xsd#cmn_DescriptionOfPerformerOfOtherStatement" xlink:label="DescriptionOfPerformerOfOtherStatement" xlink:title="DescriptionOfPerformerOfOtherStatement"/>
    <link:definitionArc xlink:type="arc" xlink:arcrole="http://xbrl.org/int/dim/arcrole/domain-member" xlink:from="DetailsOnSignatureOtherStatementsAbstract" xlink:to="DescriptionOfPerformerOfOtherStatement" xlink:title="definition: DetailsOnSignatureOtherStatementsAbstract to DescriptionOfPerformerOfOtherStatement" order="60.0"/>
    <link:loc xlink:type="locator" xlink:href="../cmn.xsd#cmn_TitleOfPerformerOfOtherStatements" xlink:label="TitleOfPerformerOfOtherStatements" xlink:title="TitleOfPerformerOfOtherStatements"/>
    <link:definitionArc xlink:type="arc" xlink:arcrole="http://xbrl.org/int/dim/arcrole/domain-member" xlink:from="DetailsOnSignatureOtherStatementsAbstract" xlink:to="TitleOfPerformerOfOtherStatements" xlink:title="definition: DetailsOnSignatureOtherStatementsAbstract to TitleOfPerformerOfOtherStatements" order="70.0"/>
    <link:loc xlink:type="locator" xlink:href="../cmn.xsd#cmn_LegalEntityIdentifierOfPerformerOfOtherStatement" xlink:label="LegalEntityIdentifierOfPerformerOfOtherStatement" xlink:title="LegalEntityIdentifierOfPerformerOfOtherStatement"/>
    <link:definitionArc xlink:type="arc" xlink:arcrole="http://xbrl.org/int/dim/arcrole/domain-member" xlink:from="DetailsOnSignatureOtherStatementsAbstract" xlink:to="LegalEntityIdentifierOfPerformerOfOtherStatement" xlink:title="definition: DetailsOnSignatureOtherStatementsAbstract to LegalEntityIdentifierOfPerformerOfOtherStatement" order="45.0"/>
    <link:loc xlink:type="locator" xlink:href="arr.xsd#arr_DetailsOtherStatementsAbstract" xlink:label="DetailsOtherStatementsAbstract" xlink:title="DetailsOtherStatementsAbstract"/>
    <link:loc xlink:type="locator" xlink:href="arr.xsd#arr_OtherStatements" xlink:label="OtherStatements" xlink:title="OtherStatements"/>
    <link:definitionArc xlink:type="arc" xlink:arcrole="http://xbrl.org/int/dim/arcrole/domain-member" xlink:from="DetailsOtherStatementsAbstract" xlink:to="OtherStatements" xlink:title="definition: DetailsOtherStatementsAbstract to OtherStatements" order="20.0"/>
    <link:loc xlink:type="locator" xlink:href="arr.xsd#arr_DescriptionOfTheWorkAndScopeOfTheReportOtherStatements" xlink:label="DescriptionOfTheWorkAndScopeOfTheReportOtherStatements" xlink:title="DescriptionOfTheWorkAndScopeOfTheReportOtherStatements"/>
    <link:definitionArc xlink:type="arc" xlink:arcrole="http://xbrl.org/int/dim/arcrole/domain-member" xlink:from="OtherStatements" xlink:to="DescriptionOfTheWorkAndScopeOfTheReportOtherStatements" xlink:title="definition: OtherStatements to DescriptionOfTheWorkAndScopeOfTheReportOtherStatements" order="10.0"/>
    <link:loc xlink:type="locator" xlink:href="arr.xsd#arr_InformationOnSignatureOtherStatement" xlink:label="InformationOnSignatureOtherStatement" xlink:title="InformationOnSignatureOtherStatement"/>
    <link:definitionArc xlink:type="arc" xlink:arcrole="http://xbrl.org/int/dim/arcrole/domain-member" xlink:from="DetailsOtherStatementsAbstract" xlink:to="InformationOnSignatureOtherStatement" xlink:title="definition: DetailsOtherStatementsAbstract to InformationOnSignatureOtherStatement" order="30.0"/>
    <link:loc xlink:type="locator" xlink:href="arr.xsd#arr_SignatureOtherStatementsPlace" xlink:label="SignatureOtherStatementsPlace" xlink:title="SignatureOtherStatementsPlace"/>
    <link:definitionArc xlink:type="arc" xlink:arcrole="http://xbrl.org/int/dim/arcrole/domain-member" xlink:from="InformationOnSignatureOtherStatement" xlink:to="SignatureOtherStatementsPlace" xlink:title="definition: InformationOnSignatureOtherStatement to SignatureOtherStatementsPlace" order="10.0"/>
    <link:loc xlink:type="locator" xlink:href="arr.xsd#arr_SignatureOtherStatementsDate" xlink:label="SignatureOtherStatementsDate" xlink:title="SignatureOtherStatementsDate"/>
    <link:definitionArc xlink:type="arc" xlink:arcrole="http://xbrl.org/int/dim/arcrole/domain-member" xlink:from="InformationOnSignatureOtherStatement" xlink:to="SignatureOtherStatementsDate" xlink:title="definition: InformationOnSignatureOtherStatement to SignatureOtherStatementsDate" order="20.0"/>
    <link:loc xlink:type="locator" xlink:href="arr.xsd#arr_DetailsOtherStatementsHypercube" xlink:label="DetailsOtherStatementsHypercube" xlink:title="DetailsOtherStatementsHypercube"/>
    <link:definitionArc xlink:type="arc" xlink:arcrole="http://xbrl.org/int/dim/arcrole/all" xlink:from="DetailsOtherStatementsAbstract" xlink:to="DetailsOtherStatementsHypercube" xlink:title="definition: DetailsOtherStatementsAbstract to DetailsOtherStatementsHypercube" order="10.0" xbrldt:targetRole="http://xbrl.dcca.dk/role/120.02/OtherStatements/DetailsOtherStatements" xbrldt:contextElement="scenario" xbrldt:closed="true"/>
  </link:definitionLink>
  <link:definitionLink xlink:type="extended" xlink:role="http://xbrl.dcca.dk/role/120.01/OtherStatements/DetailsOnSignatureOfOtherStatements">
    <link:loc xlink:type="locator" xlink:href="arr.xsd#arr_DetailsOnSignatureOtherStatementsHypercube" xlink:label="DetailsOnSignatureOtherStatementsHypercube" xlink:title="DetailsOnSignatureOtherStatementsHypercube"/>
    <link:loc xlink:type="locator" xlink:href="../cmn.xsd#cmn_IdentificationOfPerformerOfOtherStatementsDimension" xlink:label="IdentificationOfPerformerOfOtherStatementsDimension" xlink:title="IdentificationOfPerformerOfOtherStatementsDimension"/>
    <link:definitionArc xlink:type="arc" xlink:arcrole="http://xbrl.org/int/dim/arcrole/hypercube-dimension" xlink:from="DetailsOnSignatureOtherStatementsHypercube" xlink:to="IdentificationOfPerformerOfOtherStatementsDimension" xlink:title="definition: DetailsOnSignatureOtherStatementsHypercube to IdentificationOfPerformerOfOtherStatementsDimension" order="10.0"/>
    <link:loc xlink:type="locator" xlink:href="../cmn.xsd#cmn_ConsolidatedSoloDimension" xlink:label="ConsolidatedSoloDimension" xlink:title="ConsolidatedSoloDimension"/>
    <link:definitionArc xlink:type="arc" xlink:arcrole="http://xbrl.org/int/dim/arcrole/hypercube-dimension" xlink:from="DetailsOnSignatureOtherStatementsHypercube" xlink:to="ConsolidatedSoloDimension" xlink:title="definition: DetailsOnSignatureOtherStatementsHypercube to ConsolidatedSoloDimension" use="optional" order="30.0" xbrldt:targetRole="http://xbrl.dcca.dk/role/901.01/DimensionConsolidatedSolo"/>
    <link:loc xlink:type="locator" xlink:href="arr.xsd#arr_IdentificationOfOtherStatementsDimension" xlink:label="IdentificationOfOtherStatementsDimension" xlink:title="IdentificationOfOtherStatementsDimension"/>
    <link:definitionArc xlink:type="arc" xlink:arcrole="http://xbrl.org/int/dim/arcrole/hypercube-dimension" xlink:from="DetailsOnSignatureOtherStatementsHypercube" xlink:to="IdentificationOfOtherStatementsDimension" xlink:title="definition: DetailsOnSignatureOtherStatementsHypercube to IdentificationOfOtherStatementsDimension" order="20.0"/>
  </link:definitionLink>
  <link:definitionLink xlink:type="extended" xlink:role="http://xbrl.dcca.dk/role/120.02/OtherStatements/DetailsOtherStatements">
    <link:loc xlink:type="locator" xlink:href="arr.xsd#arr_DetailsOtherStatementsHypercube" xlink:label="DetailsOtherStatementsHypercube" xlink:title="DetailsOtherStatementsHypercube"/>
    <link:loc xlink:type="locator" xlink:href="arr.xsd#arr_IdentificationOfOtherStatementsDimension" xlink:label="IdentificationOfOtherStatementsDimension" xlink:title="IdentificationOfOtherStatementsDimension"/>
    <link:definitionArc xlink:type="arc" xlink:arcrole="http://xbrl.org/int/dim/arcrole/hypercube-dimension" xlink:from="DetailsOtherStatementsHypercube" xlink:to="IdentificationOfOtherStatementsDimension" xlink:title="definition: DetailsOtherStatementsHypercube to IdentificationOfOtherStatementsDimension" order="10.0"/>
    <link:loc xlink:type="locator" xlink:href="../cmn.xsd#cmn_ConsolidatedSoloDimension" xlink:label="ConsolidatedSoloDimension" xlink:title="ConsolidatedSoloDimension"/>
    <link:definitionArc xlink:type="arc" xlink:arcrole="http://xbrl.org/int/dim/arcrole/hypercube-dimension" xlink:from="DetailsOtherStatementsHypercube" xlink:to="ConsolidatedSoloDimension" xlink:title="definition: DetailsOtherStatementsHypercube to ConsolidatedSoloDimension" use="optional" order="20.0" xbrldt:targetRole="http://xbrl.dcca.dk/role/901.01/DimensionConsolidatedSolo"/>
  </link:definitionLink>
  <link:definitionLink xlink:type="extended" xlink:role="http://xbrl.dcca.dk/role/102.00/AuditorsReportsFrom20161215">
    <link:loc xlink:type="locator" xlink:href="../cmn.xsd#cmn_CommonHypercube" xlink:label="CommonHypercube" xlink:title="CommonHypercube"/>
    <link:loc xlink:type="locator" xlink:href="../cmn.xsd#cmn_ConsolidatedSoloDimension" xlink:label="ConsolidatedSoloDimension" xlink:title="ConsolidatedSoloDimension"/>
    <link:definitionArc xlink:type="arc" xlink:arcrole="http://xbrl.org/int/dim/arcrole/hypercube-dimension" xlink:from="CommonHypercube" xlink:to="ConsolidatedSoloDimension" xlink:title="definition: CommonHypercube to ConsolidatedSoloDimension" use="optional" order="1.0" xbrldt:targetRole="http://xbrl.dcca.dk/role/901.01/DimensionConsolidatedSolo"/>
    <link:loc xlink:type="locator" xlink:href="arr.xsd#arr_AuditorsReportsAbstract" xlink:label="AuditorsReportsAbstract" xlink:title="AuditorsReportsAbstract"/>
    <link:definitionArc xlink:type="arc" xlink:arcrole="http://xbrl.org/int/dim/arcrole/all" xlink:from="AuditorsReportsAbstract" xlink:to="CommonHypercube" xlink:title="definition: AuditorsReportsAbstract to CommonHypercube" use="optional" order="8.0" xbrldt:contextElement="scenario" xbrldt:closed="true"/>
    <link:loc xlink:type="locator" xlink:href="arr.xsd#arr_InformationOnSignatureOfAuditors" xlink:label="InformationOnSignatureOfAuditors" xlink:title="InformationOnSignatureOfAuditors"/>
    <link:definitionArc xlink:type="arc" xlink:arcrole="http://xbrl.org/int/dim/arcrole/domain-member" xlink:from="AuditorsReportsAbstract" xlink:to="InformationOnSignatureOfAuditors" xlink:title="definition: AuditorsReportsAbstract to InformationOnSignatureOfAuditors" order="7.0"/>
    <link:loc xlink:type="locator" xlink:href="arr.xsd#arr_DetailsOnSignatureAuditorsAbstract" xlink:label="DetailsOnSignatureAuditorsAbstract" xlink:title="DetailsOnSignatureAuditorsAbstract"/>
    <link:definitionArc xlink:type="arc" xlink:arcrole="http://xbrl.org/int/dim/arcrole/domain-member" xlink:from="InformationOnSignatureOfAuditors" xlink:to="DetailsOnSignatureAuditorsAbstract" xlink:title="definition: InformationOnSignatureOfAuditors to DetailsOnSignatureAuditorsAbstract" order="3.0" xbrldt:targetRole="http://xbrl.dcca.dk/role/101.00/AuditorsReportsFrom20180630/Details"/>
    <link:loc xlink:type="locator" xlink:href="arr.xsd#arr_SignatureOfAuditorsPlace" xlink:label="SignatureOfAuditorsPlace" xlink:title="SignatureOfAuditorsPlace"/>
    <link:definitionArc xlink:type="arc" xlink:arcrole="http://xbrl.org/int/dim/arcrole/domain-member" xlink:from="InformationOnSignatureOfAuditors" xlink:to="SignatureOfAuditorsPlace" xlink:title="definition: InformationOnSignatureOfAuditors to SignatureOfAuditorsPlace" order="1.0"/>
    <link:loc xlink:type="locator" xlink:href="arr.xsd#arr_SignatureOfAuditorsDate" xlink:label="SignatureOfAuditorsDate" xlink:title="SignatureOfAuditorsDate"/>
    <link:definitionArc xlink:type="arc" xlink:arcrole="http://xbrl.org/int/dim/arcrole/domain-member" xlink:from="InformationOnSignatureOfAuditors" xlink:to="SignatureOfAuditorsDate" xlink:title="definition: InformationOnSignatureOfAuditors to SignatureOfAuditorsDate" order="2.0"/>
    <link:loc xlink:type="locator" xlink:href="../cmn.xsd#cmn_TypeOfAuditorAssistance" xlink:label="TypeOfAuditorAssistance" xlink:title="TypeOfAuditorAssistance"/>
    <link:definitionArc xlink:type="arc" xlink:arcrole="http://xbrl.org/int/dim/arcrole/domain-member" xlink:from="AuditorsReportsAbstract" xlink:to="TypeOfAuditorAssistance" xlink:title="definition: AuditorsReportsAbstract to TypeOfAuditorAssistance" order="1.0"/>
    <link:loc xlink:type="locator" xlink:href="arr.xsd#arr_AuditorsReportOnAuditedFinancialStatements" xlink:label="AuditorsReportOnAuditedFinancialStatements" xlink:title="AuditorsReportOnAuditedFinancialStatements"/>
    <link:definitionArc xlink:type="arc" xlink:arcrole="http://xbrl.org/int/dim/arcrole/domain-member" xlink:from="AuditorsReportsAbstract" xlink:to="AuditorsReportOnAuditedFinancialStatements" xlink:title="definition: AuditorsReportsAbstract to AuditorsReportOnAuditedFinancialStatements" use="optional" order="2.0"/>
    <link:loc xlink:type="locator" xlink:href="arr.xsd#arr_IndependentAuditorsReportsAudit" xlink:label="IndependentAuditorsReportsAudit" xlink:title="IndependentAuditorsReportsAudit"/>
    <link:definitionArc xlink:type="arc" xlink:arcrole="http://xbrl.org/int/dim/arcrole/domain-member" xlink:from="AuditorsReportOnAuditedFinancialStatements" xlink:to="IndependentAuditorsReportsAudit" xlink:title="definition: AuditorsReportOnAuditedFinancialStatements to IndependentAuditorsReportsAudit" order="1.0"/>
    <link:loc xlink:type="locator" xlink:href="arr.xsd#arr_AddresseeOfAuditorsReportOnAuditedFinancialStatements" xlink:label="AddresseeOfAuditorsReportOnAuditedFinancialStatements" xlink:title="AddresseeOfAuditorsReportOnAuditedFinancialStatements"/>
    <link:definitionArc xlink:type="arc" xlink:arcrole="http://xbrl.org/int/dim/arcrole/domain-member" xlink:from="IndependentAuditorsReportsAudit" xlink:to="AddresseeOfAuditorsReportOnAuditedFinancialStatements" xlink:title="definition: IndependentAuditorsReportsAudit to AddresseeOfAuditorsReportOnAuditedFinancialStatements" order="1.0"/>
    <link:loc xlink:type="locator" xlink:href="arr.xsd#arr_AuditorsReportOnFinancialStatements" xlink:label="AuditorsReportOnFinancialStatements" xlink:title="AuditorsReportOnFinancialStatements"/>
    <link:definitionArc xlink:type="arc" xlink:arcrole="http://xbrl.org/int/dim/arcrole/domain-member" xlink:from="IndependentAuditorsReportsAudit" xlink:to="AuditorsReportOnFinancialStatements" xlink:title="definition: IndependentAuditorsReportsAudit to AuditorsReportOnFinancialStatements" order="2.0"/>
    <link:loc xlink:type="locator" xlink:href="arr.xsd#arr_StatementOfExecutiveAndSupervisoryBoardsResponsibilityForFinancialStatements" xlink:label="StatementOfExecutiveAndSupervisoryBoardsResponsibilityForFinancialStatements" xlink:title="StatementOfExecutiveAndSupervisoryBoardsResponsibilityForFinancialStatements"/>
    <link:definitionArc xlink:type="arc" xlink:arcrole="http://xbrl.org/int/dim/arcrole/domain-member" xlink:from="AuditorsReportOnFinancialStatements" xlink:to="StatementOfExecutiveAndSupervisoryBoardsResponsibilityForFinancialStatements" xlink:title="definition: AuditorsReportOnFinancialStatements to StatementOfExecutiveAndSupervisoryBoardsResponsibilityForFinancialStatements" order="90.0"/>
    <link:loc xlink:type="locator" xlink:href="arr.xsd#arr_StatementOfAuditorsResponsibilityForAuditAndAuditPerformed" xlink:label="StatementOfAuditorsResponsibilityForAuditAndAuditPerformed" xlink:title="StatementOfAuditorsResponsibilityForAuditAndAuditPerformed"/>
    <link:definitionArc xlink:type="arc" xlink:arcrole="http://xbrl.org/int/dim/arcrole/domain-member" xlink:from="AuditorsReportOnFinancialStatements" xlink:to="StatementOfAuditorsResponsibilityForAuditAndAuditPerformed" xlink:title="definition: AuditorsReportOnFinancialStatements to StatementOfAuditorsResponsibilityForAuditAndAuditPerformed" order="100.0"/>
    <link:loc xlink:type="locator" xlink:href="arr.xsd#arr_DescriptionOfQualificationsOfAuditedFinancialStatements" xlink:label="DescriptionOfQualificationsOfAuditedFinancialStatements" xlink:title="DescriptionOfQualificationsOfAuditedFinancialStatements"/>
    <link:definitionArc xlink:type="arc" xlink:arcrole="http://xbrl.org/int/dim/arcrole/domain-member" xlink:from="AuditorsReportOnFinancialStatements" xlink:to="DescriptionOfQualificationsOfAuditedFinancialStatements" xlink:title="definition: AuditorsReportOnFinancialStatements to DescriptionOfQualificationsOfAuditedFinancialStatements" order="3.0"/>
    <link:loc xlink:type="locator" xlink:href="arr.xsd#arr_TypeOfBasisForModifiedOpinionOnAuditedFinancialStatements" xlink:label="TypeOfBasisForModifiedOpinionOnAuditedFinancialStatements" xlink:title="TypeOfBasisForModifiedOpinionOnAuditedFinancialStatements"/>
    <link:definitionArc xlink:type="arc" xlink:arcrole="http://xbrl.org/int/dim/arcrole/domain-member" xlink:from="DescriptionOfQualificationsOfAuditedFinancialStatements" xlink:to="TypeOfBasisForModifiedOpinionOnAuditedFinancialStatements" xlink:title="definition: DescriptionOfQualificationsOfAuditedFinancialStatements to TypeOfBasisForModifiedOpinionOnAuditedFinancialStatements" order="1.0"/>
    <link:loc xlink:type="locator" xlink:href="arr.xsd#arr_OpinionOnAuditedFinancialStatements" xlink:label="OpinionOnAuditedFinancialStatements" xlink:title="OpinionOnAuditedFinancialStatements"/>
    <link:definitionArc xlink:type="arc" xlink:arcrole="http://xbrl.org/int/dim/arcrole/domain-member" xlink:from="AuditorsReportOnFinancialStatements" xlink:to="OpinionOnAuditedFinancialStatements" xlink:title="definition: AuditorsReportOnFinancialStatements to OpinionOnAuditedFinancialStatements" order="1.0"/>
    <link:loc xlink:type="locator" xlink:href="arr.xsd#arr_TypeOfModifiedOpinionOnAuditedFinancialStatements" xlink:label="TypeOfModifiedOpinionOnAuditedFinancialStatements" xlink:title="TypeOfModifiedOpinionOnAuditedFinancialStatements"/>
    <link:definitionArc xlink:type="arc" xlink:arcrole="http://xbrl.org/int/dim/arcrole/domain-member" xlink:from="OpinionOnAuditedFinancialStatements" xlink:to="TypeOfModifiedOpinionOnAuditedFinancialStatements" xlink:title="definition: OpinionOnAuditedFinancialStatements to TypeOfModifiedOpinionOnAuditedFinancialStatements" order="1.0"/>
    <link:loc xlink:type="locator" xlink:href="arr.xsd#arr_StatementWhetherQualificationsOfAuditedFinancialStatementsAreOfSuchDecisiveImportanceThatAnnualGeneralMeetingShouldNotApproveFinancialStatements" xlink:label="StatementWhetherQualificationsOfAuditedFinancialStatementsAreOfSuchDecisiveImportanceThatAnnualGeneralMeetingShouldNotApproveFinancialStatements" xlink:title="StatementWhetherQualificationsOfAuditedFinancialStatementsAreOfSuchDecisiveImportanceThatAnnualGeneralMeetingShouldNotApproveFinancialStatements"/>
    <link:definitionArc xlink:type="arc" xlink:arcrole="http://xbrl.org/int/dim/arcrole/domain-member" xlink:from="AuditorsReportOnFinancialStatements" xlink:to="StatementWhetherQualificationsOfAuditedFinancialStatementsAreOfSuchDecisiveImportanceThatAnnualGeneralMeetingShouldNotApproveFinancialStatements" xlink:title="definition: AuditorsReportOnFinancialStatements to StatementWhetherQualificationsOfAuditedFinancialStatementsAreOfSuchDecisiveImportanceThatAnnualGeneralMeetingShouldNotApproveFinancialStatements" order="2.0"/>
    <link:loc xlink:type="locator" xlink:href="arr.xsd#arr_SupplementaryInformationOnMattersPertainingToAuditedFinancialStatement" xlink:label="SupplementaryInformationOnMattersPertainingToAuditedFinancialStatement" xlink:title="SupplementaryInformationOnMattersPertainingToAuditedFinancialStatement"/>
    <link:definitionArc xlink:type="arc" xlink:arcrole="http://xbrl.org/int/dim/arcrole/domain-member" xlink:from="AuditorsReportOnFinancialStatements" xlink:to="SupplementaryInformationOnMattersPertainingToAuditedFinancialStatement" xlink:title="definition: AuditorsReportOnFinancialStatements to SupplementaryInformationOnMattersPertainingToAuditedFinancialStatement" order="5.0"/>
    <link:loc xlink:type="locator" xlink:href="arr.xsd#arr_SupplementaryInformationOnAudit" xlink:label="SupplementaryInformationOnAudit" xlink:title="SupplementaryInformationOnAudit"/>
    <link:definitionArc xlink:type="arc" xlink:arcrole="http://xbrl.org/int/dim/arcrole/domain-member" xlink:from="AuditorsReportOnFinancialStatements" xlink:to="SupplementaryInformationOnAudit" xlink:title="definition: AuditorsReportOnFinancialStatements to SupplementaryInformationOnAudit" order="7.0"/>
    <link:loc xlink:type="locator" xlink:href="arr.xsd#arr_MaterialUncertaintyConcerningGoingConcernAudit" xlink:label="MaterialUncertaintyConcerningGoingConcernAudit" xlink:title="MaterialUncertaintyConcerningGoingConcernAudit"/>
    <link:definitionArc xlink:type="arc" xlink:arcrole="http://xbrl.org/int/dim/arcrole/domain-member" xlink:from="AuditorsReportOnFinancialStatements" xlink:to="MaterialUncertaintyConcerningGoingConcernAudit" xlink:title="definition: AuditorsReportOnFinancialStatements to MaterialUncertaintyConcerningGoingConcernAudit" order="4.0"/>
    <link:loc xlink:type="locator" xlink:href="arr.xsd#arr_KeyAuditMattersAudit" xlink:label="KeyAuditMattersAudit" xlink:title="KeyAuditMattersAudit"/>
    <link:definitionArc xlink:type="arc" xlink:arcrole="http://xbrl.org/int/dim/arcrole/domain-member" xlink:from="AuditorsReportOnFinancialStatements" xlink:to="KeyAuditMattersAudit" xlink:title="definition: AuditorsReportOnFinancialStatements to KeyAuditMattersAudit" order="6.0"/>
    <link:loc xlink:type="locator" xlink:href="arr.xsd#arr_StatementOnManagementsReviewAuditorsReportOnAuditedFinancialStatements" xlink:label="StatementOnManagementsReviewAuditorsReportOnAuditedFinancialStatements" xlink:title="StatementOnManagementsReviewAuditorsReportOnAuditedFinancialStatements"/>
    <link:definitionArc xlink:type="arc" xlink:arcrole="http://xbrl.org/int/dim/arcrole/domain-member" xlink:from="AuditorsReportOnFinancialStatements" xlink:to="StatementOnManagementsReviewAuditorsReportOnAuditedFinancialStatements" xlink:title="definition: AuditorsReportOnFinancialStatements to StatementOnManagementsReviewAuditorsReportOnAuditedFinancialStatements" order="8.0"/>
    <link:loc xlink:type="locator" xlink:href="arr.xsd#arr_StatementOnOtherInformationAuditorsReportOnAuditedFinancialStatements" xlink:label="StatementOnOtherInformationAuditorsReportOnAuditedFinancialStatements" xlink:title="StatementOnOtherInformationAuditorsReportOnAuditedFinancialStatements"/>
    <link:definitionArc xlink:type="arc" xlink:arcrole="http://xbrl.org/int/dim/arcrole/domain-member" xlink:from="AuditorsReportOnFinancialStatements" xlink:to="StatementOnOtherInformationAuditorsReportOnAuditedFinancialStatements" xlink:title="definition: AuditorsReportOnFinancialStatements to StatementOnOtherInformationAuditorsReportOnAuditedFinancialStatements" order="80.0"/>
    <link:loc xlink:type="locator" xlink:href="arr.xsd#arr_AuditorsReportsAccordingToOtherLegislationAndRegulation" xlink:label="AuditorsReportsAccordingToOtherLegislationAndRegulation" xlink:title="AuditorsReportsAccordingToOtherLegislationAndRegulation"/>
    <link:definitionArc xlink:type="arc" xlink:arcrole="http://xbrl.org/int/dim/arcrole/domain-member" xlink:from="IndependentAuditorsReportsAudit" xlink:to="AuditorsReportsAccordingToOtherLegislationAndRegulation" xlink:title="definition: IndependentAuditorsReportsAudit to AuditorsReportsAccordingToOtherLegislationAndRegulation" order="3.0"/>
    <link:loc xlink:type="locator" xlink:href="arr.xsd#arr_ReportingResponsibilitiesAccordingToTheDanishExecutiveOrderOnApprovedAuditorsReportsAudit" xlink:label="ReportingResponsibilitiesAccordingToTheDanishExecutiveOrderOnApprovedAuditorsReportsAudit" xlink:title="ReportingResponsibilitiesAccordingToTheDanishExecutiveOrderOnApprovedAuditorsReportsAudit"/>
    <link:definitionArc xlink:type="arc" xlink:arcrole="http://xbrl.org/int/dim/arcrole/domain-member" xlink:from="AuditorsReportsAccordingToOtherLegislationAndRegulation" xlink:to="ReportingResponsibilitiesAccordingToTheDanishExecutiveOrderOnApprovedAuditorsReportsAudit" xlink:title="definition: AuditorsReportsAccordingToOtherLegislationAndRegulation to ReportingResponsibilitiesAccordingToTheDanishExecutiveOrderOnApprovedAuditorsReportsAudit" order="10.0"/>
    <link:loc xlink:type="locator" xlink:href="arr.xsd#arr_ReportingResponsibilitiesAccordingToTheDanishExecutiveOrderOnApprovedAuditorsReportsEspeciallyTheCriminalCodeAndFiscalTaxAndSubsidyLegislationAudit" xlink:label="ReportingResponsibilitiesAccordingToTheDanishExecutiveOrderOnApprovedAuditorsReportsEspeciallyTheCriminalCodeAndFiscalTaxAndSubsidyLegislationAudit" xlink:title="ReportingResponsibilitiesAccordingToTheDanishExecutiveOrderOnApprovedAuditorsReportsEspeciallyTheCriminalCodeAndFiscalTaxAndSubsidyLegislationAudit"/>
    <link:definitionArc xlink:type="arc" xlink:arcrole="http://xbrl.org/int/dim/arcrole/domain-member" xlink:from="ReportingResponsibilitiesAccordingToTheDanishExecutiveOrderOnApprovedAuditorsReportsAudit" xlink:to="ReportingResponsibilitiesAccordingToTheDanishExecutiveOrderOnApprovedAuditorsReportsEspeciallyTheCriminalCodeAndFiscalTaxAndSubsidyLegislationAudit" xlink:title="definition: ReportingResponsibilitiesAccordingToTheDanishExecutiveOrderOnApprovedAuditorsReportsAudit to ReportingResponsibilitiesAccordingToTheDanishExecutiveOrderOnApprovedAuditorsReportsEspeciallyTheCriminalCodeAndFiscalTaxAndSubsidyLegislationAudit" order="1.0"/>
    <link:loc xlink:type="locator" xlink:href="arr.xsd#arr_ReportingResponsibilitiesAccordingToTheDanishExecutiveOrderOnApprovedAuditorsReportsEspeciallyTheCompaniesActOrEquivalentLegislationThatTheCompanyIsSubjectToAudit" xlink:label="ReportingResponsibilitiesAccordingToTheDanishExecutiveOrderOnApprovedAuditorsReportsEspeciallyTheCompaniesActOrEquivalentLegislationThatTheCompanyIsSubjectToAudit" xlink:title="ReportingResponsibilitiesAccordingToTheDanishExecutiveOrderOnApprovedAuditorsReportsEspeciallyTheCompaniesActOrEquivalentLegislationThatTheCompanyIsSubjectToAudit"/>
    <link:definitionArc xlink:type="arc" xlink:arcrole="http://xbrl.org/int/dim/arcrole/domain-member" xlink:from="ReportingResponsibilitiesAccordingToTheDanishExecutiveOrderOnApprovedAuditorsReportsAudit" xlink:to="ReportingResponsibilitiesAccordingToTheDanishExecutiveOrderOnApprovedAuditorsReportsEspeciallyTheCompaniesActOrEquivalentLegislationThatTheCompanyIsSubjectToAudit" xlink:title="definition: ReportingResponsibilitiesAccordingToTheDanishExecutiveOrderOnApprovedAuditorsReportsAudit to ReportingResponsibilitiesAccordingToTheDanishExecutiveOrderOnApprovedAuditorsReportsEspeciallyTheCompaniesActOrEquivalentLegislationThatTheCompanyIsSubjectToAudit" order="2.0"/>
    <link:loc xlink:type="locator" xlink:href="arr.xsd#arr_ReportingResponsibilitiesAccordingToTheDanishExecutiveOrderOnApprovedAuditorsReportsEspeciallyLegislationOnFinancialReportingIncludingAccountingAndStorageOfAccountingRecordsAudit" xlink:label="ReportingResponsibilitiesAccordingToTheDanishExecutiveOrderOnApprovedAuditorsReportsEspeciallyLegislationOnFinancialReportingIncludingAccountingAndStorageOfAccountingRecordsAudit" xlink:title="ReportingResponsibilitiesAccordingToTheDanishExecutiveOrderOnApprovedAuditorsReportsEspeciallyLegislationOnFinancialReportingIncludingAccountingAndStorageOfAccountingRecordsAudit"/>
    <link:definitionArc xlink:type="arc" xlink:arcrole="http://xbrl.org/int/dim/arcrole/domain-member" xlink:from="ReportingResponsibilitiesAccordingToTheDanishExecutiveOrderOnApprovedAuditorsReportsAudit" xlink:to="ReportingResponsibilitiesAccordingToTheDanishExecutiveOrderOnApprovedAuditorsReportsEspeciallyLegislationOnFinancialReportingIncludingAccountingAndStorageOfAccountingRecordsAudit" xlink:title="definition: ReportingResponsibilitiesAccordingToTheDanishExecutiveOrderOnApprovedAuditorsReportsAudit to ReportingResponsibilitiesAccordingToTheDanishExecutiveOrderOnApprovedAuditorsReportsEspeciallyLegislationOnFinancialReportingIncludingAccountingAndStorageOfAccountingRecordsAudit" order="3.0"/>
    <link:loc xlink:type="locator" xlink:href="arr.xsd#arr_ReportingResponsibilitiesAccordingToTheDanishExecutiveOrderOnApprovedAuditorsReportsEspeciallyOtherMattersAudit" xlink:label="ReportingResponsibilitiesAccordingToTheDanishExecutiveOrderOnApprovedAuditorsReportsEspeciallyOtherMattersAudit" xlink:title="ReportingResponsibilitiesAccordingToTheDanishExecutiveOrderOnApprovedAuditorsReportsEspeciallyOtherMattersAudit"/>
    <link:definitionArc xlink:type="arc" xlink:arcrole="http://xbrl.org/int/dim/arcrole/domain-member" xlink:from="ReportingResponsibilitiesAccordingToTheDanishExecutiveOrderOnApprovedAuditorsReportsAudit" xlink:to="ReportingResponsibilitiesAccordingToTheDanishExecutiveOrderOnApprovedAuditorsReportsEspeciallyOtherMattersAudit" xlink:title="definition: ReportingResponsibilitiesAccordingToTheDanishExecutiveOrderOnApprovedAuditorsReportsAudit to ReportingResponsibilitiesAccordingToTheDanishExecutiveOrderOnApprovedAuditorsReportsEspeciallyOtherMattersAudit" order="4.0"/>
    <link:loc xlink:type="locator" xlink:href="arr.xsd#arr_OtherInformationAccordingToRegulationEUAudit" xlink:label="OtherInformationAccordingToRegulationEUAudit" xlink:title="OtherInformationAccordingToRegulationEUAudit"/>
    <link:definitionArc xlink:type="arc" xlink:arcrole="http://xbrl.org/int/dim/arcrole/domain-member" xlink:from="AuditorsReportsAccordingToOtherLegislationAndRegulation" xlink:to="OtherInformationAccordingToRegulationEUAudit" xlink:title="definition: AuditorsReportsAccordingToOtherLegislationAndRegulation to OtherInformationAccordingToRegulationEUAudit" order="30.0"/>
    <link:loc xlink:type="locator" xlink:href="arr.xsd#arr_OtherReportingResponsibilitiesAudit" xlink:label="OtherReportingResponsibilitiesAudit" xlink:title="OtherReportingResponsibilitiesAudit"/>
    <link:definitionArc xlink:type="arc" xlink:arcrole="http://xbrl.org/int/dim/arcrole/domain-member" xlink:from="AuditorsReportsAccordingToOtherLegislationAndRegulation" xlink:to="OtherReportingResponsibilitiesAudit" xlink:title="definition: AuditorsReportsAccordingToOtherLegislationAndRegulation to OtherReportingResponsibilitiesAudit" order="40.0"/>
    <link:loc xlink:type="locator" xlink:href="arr.xsd#arr_AuditorsReportOnXbrlTagging" xlink:label="AuditorsReportOnXbrlTagging" xlink:title="AuditorsReportOnXbrlTagging"/>
    <link:definitionArc xlink:type="arc" xlink:arcrole="http://xbrl.org/int/dim/arcrole/domain-member" xlink:from="AuditorsReportsAccordingToOtherLegislationAndRegulation" xlink:to="AuditorsReportOnXbrlTagging" xlink:title="definition: AuditorsReportsAccordingToOtherLegislationAndRegulation to AuditorsReportOnXbrlTagging" order="20.0"/>
    <link:loc xlink:type="locator" xlink:href="arr.xsd#arr_AuditorsReportOnReviewOfFinancialStatements" xlink:label="AuditorsReportOnReviewOfFinancialStatements" xlink:title="AuditorsReportOnReviewOfFinancialStatements"/>
    <link:definitionArc xlink:type="arc" xlink:arcrole="http://xbrl.org/int/dim/arcrole/domain-member" xlink:from="AuditorsReportsAbstract" xlink:to="AuditorsReportOnReviewOfFinancialStatements" xlink:title="definition: AuditorsReportsAbstract to AuditorsReportOnReviewOfFinancialStatements" use="optional" order="4.0"/>
    <link:loc xlink:type="locator" xlink:href="arr.xsd#arr_IndependentAuditorsReportsReview" xlink:label="IndependentAuditorsReportsReview" xlink:title="IndependentAuditorsReportsReview"/>
    <link:definitionArc xlink:type="arc" xlink:arcrole="http://xbrl.org/int/dim/arcrole/domain-member" xlink:from="AuditorsReportOnReviewOfFinancialStatements" xlink:to="IndependentAuditorsReportsReview" xlink:title="definition: AuditorsReportOnReviewOfFinancialStatements to IndependentAuditorsReportsReview" order="1.0"/>
    <link:loc xlink:type="locator" xlink:href="arr.xsd#arr_AddresseeOfAuditorsReportOnReviewOfFinancialStatements" xlink:label="AddresseeOfAuditorsReportOnReviewOfFinancialStatements" xlink:title="AddresseeOfAuditorsReportOnReviewOfFinancialStatements"/>
    <link:definitionArc xlink:type="arc" xlink:arcrole="http://xbrl.org/int/dim/arcrole/domain-member" xlink:from="IndependentAuditorsReportsReview" xlink:to="AddresseeOfAuditorsReportOnReviewOfFinancialStatements" xlink:title="definition: IndependentAuditorsReportsReview to AddresseeOfAuditorsReportOnReviewOfFinancialStatements" order="1.0"/>
    <link:loc xlink:type="locator" xlink:href="arr.xsd#arr_IdentificationOfReviewedFinancialStatement" xlink:label="IdentificationOfReviewedFinancialStatement" xlink:title="IdentificationOfReviewedFinancialStatement"/>
    <link:definitionArc xlink:type="arc" xlink:arcrole="http://xbrl.org/int/dim/arcrole/domain-member" xlink:from="IndependentAuditorsReportsReview" xlink:to="IdentificationOfReviewedFinancialStatement" xlink:title="definition: IndependentAuditorsReportsReview to IdentificationOfReviewedFinancialStatement" order="2.0"/>
    <link:loc xlink:type="locator" xlink:href="arr.xsd#arr_StatementOnManagementsResponsibilityAuditorsReportOnReviewOfFinancialStatements" xlink:label="StatementOnManagementsResponsibilityAuditorsReportOnReviewOfFinancialStatements" xlink:title="StatementOnManagementsResponsibilityAuditorsReportOnReviewOfFinancialStatements"/>
    <link:definitionArc xlink:type="arc" xlink:arcrole="http://xbrl.org/int/dim/arcrole/domain-member" xlink:from="IndependentAuditorsReportsReview" xlink:to="StatementOnManagementsResponsibilityAuditorsReportOnReviewOfFinancialStatements" xlink:title="definition: IndependentAuditorsReportsReview to StatementOnManagementsResponsibilityAuditorsReportOnReviewOfFinancialStatements" order="3.0"/>
    <link:loc xlink:type="locator" xlink:href="arr.xsd#arr_StatementOfAuditorsResponsibilityForReview" xlink:label="StatementOfAuditorsResponsibilityForReview" xlink:title="StatementOfAuditorsResponsibilityForReview"/>
    <link:definitionArc xlink:type="arc" xlink:arcrole="http://xbrl.org/int/dim/arcrole/domain-member" xlink:from="IndependentAuditorsReportsReview" xlink:to="StatementOfAuditorsResponsibilityForReview" xlink:title="definition: IndependentAuditorsReportsReview to StatementOfAuditorsResponsibilityForReview" order="4.0"/>
    <link:loc xlink:type="locator" xlink:href="arr.xsd#arr_StatementOnReviewPerformed" xlink:label="StatementOnReviewPerformed" xlink:title="StatementOnReviewPerformed"/>
    <link:definitionArc xlink:type="arc" xlink:arcrole="http://xbrl.org/int/dim/arcrole/domain-member" xlink:from="IndependentAuditorsReportsReview" xlink:to="StatementOnReviewPerformed" xlink:title="definition: IndependentAuditorsReportsReview to StatementOnReviewPerformed" order="5.0"/>
    <link:loc xlink:type="locator" xlink:href="arr.xsd#arr_DescriptionsOfQualificationsOfReviewedFinancialStatements" xlink:label="DescriptionsOfQualificationsOfReviewedFinancialStatements" xlink:title="DescriptionsOfQualificationsOfReviewedFinancialStatements"/>
    <link:definitionArc xlink:type="arc" xlink:arcrole="http://xbrl.org/int/dim/arcrole/domain-member" xlink:from="IndependentAuditorsReportsReview" xlink:to="DescriptionsOfQualificationsOfReviewedFinancialStatements" xlink:title="definition: IndependentAuditorsReportsReview to DescriptionsOfQualificationsOfReviewedFinancialStatements" order="6.0"/>
    <link:loc xlink:type="locator" xlink:href="arr.xsd#arr_TypeOfBasisForModifiedOpinionOnFinancialStatementsReview" xlink:label="TypeOfBasisForModifiedOpinionOnFinancialStatementsReview" xlink:title="TypeOfBasisForModifiedOpinionOnFinancialStatementsReview"/>
    <link:definitionArc xlink:type="arc" xlink:arcrole="http://xbrl.org/int/dim/arcrole/domain-member" xlink:from="DescriptionsOfQualificationsOfReviewedFinancialStatements" xlink:to="TypeOfBasisForModifiedOpinionOnFinancialStatementsReview" xlink:title="definition: DescriptionsOfQualificationsOfReviewedFinancialStatements to TypeOfBasisForModifiedOpinionOnFinancialStatementsReview" order="1.0"/>
    <link:loc xlink:type="locator" xlink:href="arr.xsd#arr_OpinionOnReviewedFinancialStatements" xlink:label="OpinionOnReviewedFinancialStatements" xlink:title="OpinionOnReviewedFinancialStatements"/>
    <link:definitionArc xlink:type="arc" xlink:arcrole="http://xbrl.org/int/dim/arcrole/domain-member" xlink:from="IndependentAuditorsReportsReview" xlink:to="OpinionOnReviewedFinancialStatements" xlink:title="definition: IndependentAuditorsReportsReview to OpinionOnReviewedFinancialStatements" order="7.0"/>
    <link:loc xlink:type="locator" xlink:href="arr.xsd#arr_TypeOfModifiedOpinionOnAuditedFinancialStatementsReview" xlink:label="TypeOfModifiedOpinionOnAuditedFinancialStatementsReview" xlink:title="TypeOfModifiedOpinionOnAuditedFinancialStatementsReview"/>
    <link:definitionArc xlink:type="arc" xlink:arcrole="http://xbrl.org/int/dim/arcrole/domain-member" xlink:from="OpinionOnReviewedFinancialStatements" xlink:to="TypeOfModifiedOpinionOnAuditedFinancialStatementsReview" xlink:title="definition: OpinionOnReviewedFinancialStatements to TypeOfModifiedOpinionOnAuditedFinancialStatementsReview" order="1.0"/>
    <link:loc xlink:type="locator" xlink:href="arr.xsd#arr_SupplementaryInformationOnAuditorsReview" xlink:label="SupplementaryInformationOnAuditorsReview" xlink:title="SupplementaryInformationOnAuditorsReview"/>
    <link:definitionArc xlink:type="arc" xlink:arcrole="http://xbrl.org/int/dim/arcrole/domain-member" xlink:from="IndependentAuditorsReportsReview" xlink:to="SupplementaryInformationOnAuditorsReview" xlink:title="definition: IndependentAuditorsReportsReview to SupplementaryInformationOnAuditorsReview" order="8.0"/>
    <link:loc xlink:type="locator" xlink:href="arr.xsd#arr_SupplementaryInformationOnReview" xlink:label="SupplementaryInformationOnReview" xlink:title="SupplementaryInformationOnReview"/>
    <link:definitionArc xlink:type="arc" xlink:arcrole="http://xbrl.org/int/dim/arcrole/domain-member" xlink:from="IndependentAuditorsReportsReview" xlink:to="SupplementaryInformationOnReview" xlink:title="definition: IndependentAuditorsReportsReview to SupplementaryInformationOnReview" order="9.0"/>
    <link:loc xlink:type="locator" xlink:href="arr.xsd#arr_AuditorsReportsAccordingToOtherLegislationAndRegulationReview" xlink:label="AuditorsReportsAccordingToOtherLegislationAndRegulationReview" xlink:title="AuditorsReportsAccordingToOtherLegislationAndRegulationReview"/>
    <link:definitionArc xlink:type="arc" xlink:arcrole="http://xbrl.org/int/dim/arcrole/domain-member" xlink:from="AuditorsReportOnReviewOfFinancialStatements" xlink:to="AuditorsReportsAccordingToOtherLegislationAndRegulationReview" xlink:title="definition: AuditorsReportOnReviewOfFinancialStatements to AuditorsReportsAccordingToOtherLegislationAndRegulationReview" order="2.0"/>
    <link:loc xlink:type="locator" xlink:href="arr.xsd#arr_StatementOnManagementsReviewAuditorsReportOnReviewOfFinancialStatements" xlink:label="StatementOnManagementsReviewAuditorsReportOnReviewOfFinancialStatements" xlink:title="StatementOnManagementsReviewAuditorsReportOnReviewOfFinancialStatements"/>
    <link:definitionArc xlink:type="arc" xlink:arcrole="http://xbrl.org/int/dim/arcrole/domain-member" xlink:from="AuditorsReportsAccordingToOtherLegislationAndRegulationReview" xlink:to="StatementOnManagementsReviewAuditorsReportOnReviewOfFinancialStatements" xlink:title="definition: AuditorsReportsAccordingToOtherLegislationAndRegulationReview to StatementOnManagementsReviewAuditorsReportOnReviewOfFinancialStatements" order="1.0"/>
    <link:loc xlink:type="locator" xlink:href="arr.xsd#arr_OtherReportsReview" xlink:label="OtherReportsReview" xlink:title="OtherReportsReview"/>
    <link:definitionArc xlink:type="arc" xlink:arcrole="http://xbrl.org/int/dim/arcrole/domain-member" xlink:from="AuditorsReportsAccordingToOtherLegislationAndRegulationReview" xlink:to="OtherReportsReview" xlink:title="definition: AuditorsReportsAccordingToOtherLegislationAndRegulationReview to OtherReportsReview" order="2.0"/>
    <link:loc xlink:type="locator" xlink:href="arr.xsd#arr_OtherAssuranceReports" xlink:label="OtherAssuranceReports" xlink:title="OtherAssuranceReports"/>
    <link:definitionArc xlink:type="arc" xlink:arcrole="http://xbrl.org/int/dim/arcrole/domain-member" xlink:from="AuditorsReportsAbstract" xlink:to="OtherAssuranceReports" xlink:title="definition: AuditorsReportsAbstract to OtherAssuranceReports" use="optional" order="5.0"/>
    <link:loc xlink:type="locator" xlink:href="arr.xsd#arr_IndependentAuditorsReportsOtherAssuranceReports" xlink:label="IndependentAuditorsReportsOtherAssuranceReports" xlink:title="IndependentAuditorsReportsOtherAssuranceReports"/>
    <link:definitionArc xlink:type="arc" xlink:arcrole="http://xbrl.org/int/dim/arcrole/domain-member" xlink:from="OtherAssuranceReports" xlink:to="IndependentAuditorsReportsOtherAssuranceReports" xlink:title="definition: OtherAssuranceReports to IndependentAuditorsReportsOtherAssuranceReports" order="1.0"/>
    <link:loc xlink:type="locator" xlink:href="arr.xsd#arr_IdentificationOfMattersOnWhichAssuranceReportIsProvidedAndDescriptionOfAssuranceEngagement" xlink:label="IdentificationOfMattersOnWhichAssuranceReportIsProvidedAndDescriptionOfAssuranceEngagement" xlink:title="IdentificationOfMattersOnWhichAssuranceReportIsProvidedAndDescriptionOfAssuranceEngagement"/>
    <link:definitionArc xlink:type="arc" xlink:arcrole="http://xbrl.org/int/dim/arcrole/domain-member" xlink:from="IndependentAuditorsReportsOtherAssuranceReports" xlink:to="IdentificationOfMattersOnWhichAssuranceReportIsProvidedAndDescriptionOfAssuranceEngagement" xlink:title="definition: IndependentAuditorsReportsOtherAssuranceReports to IdentificationOfMattersOnWhichAssuranceReportIsProvidedAndDescriptionOfAssuranceEngagement" order="2.0"/>
    <link:loc xlink:type="locator" xlink:href="arr.xsd#arr_StatementOnManagementsResponsibilityOtherAssuranceReports" xlink:label="StatementOnManagementsResponsibilityOtherAssuranceReports" xlink:title="StatementOnManagementsResponsibilityOtherAssuranceReports"/>
    <link:definitionArc xlink:type="arc" xlink:arcrole="http://xbrl.org/int/dim/arcrole/domain-member" xlink:from="IndependentAuditorsReportsOtherAssuranceReports" xlink:to="StatementOnManagementsResponsibilityOtherAssuranceReports" xlink:title="definition: IndependentAuditorsReportsOtherAssuranceReports to StatementOnManagementsResponsibilityOtherAssuranceReports" order="3.0"/>
    <link:loc xlink:type="locator" xlink:href="arr.xsd#arr_DescriptionOfQualificationsOfAssuranceEngagementPerformed" xlink:label="DescriptionOfQualificationsOfAssuranceEngagementPerformed" xlink:title="DescriptionOfQualificationsOfAssuranceEngagementPerformed"/>
    <link:definitionArc xlink:type="arc" xlink:arcrole="http://xbrl.org/int/dim/arcrole/domain-member" xlink:from="IndependentAuditorsReportsOtherAssuranceReports" xlink:to="DescriptionOfQualificationsOfAssuranceEngagementPerformed" xlink:title="definition: IndependentAuditorsReportsOtherAssuranceReports to DescriptionOfQualificationsOfAssuranceEngagementPerformed" order="5.0"/>
    <link:loc xlink:type="locator" xlink:href="arr.xsd#arr_OpinionOnSubjectMatterOfAssuranceReport" xlink:label="OpinionOnSubjectMatterOfAssuranceReport" xlink:title="OpinionOnSubjectMatterOfAssuranceReport"/>
    <link:definitionArc xlink:type="arc" xlink:arcrole="http://xbrl.org/int/dim/arcrole/domain-member" xlink:from="IndependentAuditorsReportsOtherAssuranceReports" xlink:to="OpinionOnSubjectMatterOfAssuranceReport" xlink:title="definition: IndependentAuditorsReportsOtherAssuranceReports to OpinionOnSubjectMatterOfAssuranceReport" order="6.0"/>
    <link:loc xlink:type="locator" xlink:href="arr.xsd#arr_SupplementaryInformationOnAssurance" xlink:label="SupplementaryInformationOnAssurance" xlink:title="SupplementaryInformationOnAssurance"/>
    <link:definitionArc xlink:type="arc" xlink:arcrole="http://xbrl.org/int/dim/arcrole/domain-member" xlink:from="IndependentAuditorsReportsOtherAssuranceReports" xlink:to="SupplementaryInformationOnAssurance" xlink:title="definition: IndependentAuditorsReportsOtherAssuranceReports to SupplementaryInformationOnAssurance" order="7.0"/>
    <link:loc xlink:type="locator" xlink:href="arr.xsd#arr_StatementOfAuditorsResponsibilityOtherAssuranceReports" xlink:label="StatementOfAuditorsResponsibilityOtherAssuranceReports" xlink:title="StatementOfAuditorsResponsibilityOtherAssuranceReports"/>
    <link:definitionArc xlink:type="arc" xlink:arcrole="http://xbrl.org/int/dim/arcrole/domain-member" xlink:from="IndependentAuditorsReportsOtherAssuranceReports" xlink:to="StatementOfAuditorsResponsibilityOtherAssuranceReports" xlink:title="definition: IndependentAuditorsReportsOtherAssuranceReports to StatementOfAuditorsResponsibilityOtherAssuranceReports" order="4.0"/>
    <link:loc xlink:type="locator" xlink:href="arr.xsd#arr_AddresseeOfAuditorsReportOnOtherAssuranceReports" xlink:label="AddresseeOfAuditorsReportOnOtherAssuranceReports" xlink:title="AddresseeOfAuditorsReportOnOtherAssuranceReports"/>
    <link:definitionArc xlink:type="arc" xlink:arcrole="http://xbrl.org/int/dim/arcrole/domain-member" xlink:from="IndependentAuditorsReportsOtherAssuranceReports" xlink:to="AddresseeOfAuditorsReportOnOtherAssuranceReports" xlink:title="definition: IndependentAuditorsReportsOtherAssuranceReports to AddresseeOfAuditorsReportOnOtherAssuranceReports" order="1.0"/>
    <link:loc xlink:type="locator" xlink:href="arr.xsd#arr_OtherReports" xlink:label="OtherReports" xlink:title="OtherReports"/>
    <link:definitionArc xlink:type="arc" xlink:arcrole="http://xbrl.org/int/dim/arcrole/domain-member" xlink:from="AuditorsReportsAbstract" xlink:to="OtherReports" xlink:title="definition: AuditorsReportsAbstract to OtherReports" use="optional" order="6.0"/>
    <link:loc xlink:type="locator" xlink:href="arr.xsd#arr_AuditorsReportsOtherReports" xlink:label="AuditorsReportsOtherReports" xlink:title="AuditorsReportsOtherReports"/>
    <link:definitionArc xlink:type="arc" xlink:arcrole="http://xbrl.org/int/dim/arcrole/domain-member" xlink:from="OtherReports" xlink:to="AuditorsReportsOtherReports" xlink:title="definition: OtherReports to AuditorsReportsOtherReports" order="1.0"/>
    <link:loc xlink:type="locator" xlink:href="arr.xsd#arr_DescriptionOfOtherEngagement" xlink:label="DescriptionOfOtherEngagement" xlink:title="DescriptionOfOtherEngagement"/>
    <link:definitionArc xlink:type="arc" xlink:arcrole="http://xbrl.org/int/dim/arcrole/domain-member" xlink:from="AuditorsReportsOtherReports" xlink:to="DescriptionOfOtherEngagement" xlink:title="definition: AuditorsReportsOtherReports to DescriptionOfOtherEngagement" order="2.0"/>
    <link:loc xlink:type="locator" xlink:href="arr.xsd#arr_AddresseeOfAuditorsReportOnOtherReport" xlink:label="AddresseeOfAuditorsReportOnOtherReport" xlink:title="AddresseeOfAuditorsReportOnOtherReport"/>
    <link:definitionArc xlink:type="arc" xlink:arcrole="http://xbrl.org/int/dim/arcrole/domain-member" xlink:from="AuditorsReportsOtherReports" xlink:to="AddresseeOfAuditorsReportOnOtherReport" xlink:title="definition: AuditorsReportsOtherReports to AddresseeOfAuditorsReportOnOtherReport" order="1.0"/>
  </link:definitionLink>
  <link:definitionLink xlink:type="extended" xlink:role="http://xbrl.dcca.dk/role/102.00/AuditorsReportsFrom20161215/Details">
    <link:loc xlink:type="locator" xlink:href="arr.xsd#arr_DetailsOnSignatureAuditorsAbstract" xlink:label="DetailsOnSignatureAuditorsAbstract" xlink:title="DetailsOnSignatureAuditorsAbstract"/>
    <link:loc xlink:type="locator" xlink:href="arr.xsd#arr_DetailsOnSignatureAuditorsHypercube" xlink:label="DetailsOnSignatureAuditorsHypercube" xlink:title="DetailsOnSignatureAuditorsHypercube"/>
    <link:definitionArc xlink:type="arc" xlink:arcrole="http://xbrl.org/int/dim/arcrole/all" xlink:from="DetailsOnSignatureAuditorsAbstract" xlink:to="DetailsOnSignatureAuditorsHypercube" xlink:title="definition: DetailsOnSignatureAuditorsAbstract to DetailsOnSignatureAuditorsHypercube" use="optional" order="10.0" xbrldt:targetRole="http://xbrl.dcca.dk/role/101.01/AuditorsReportsFrom20180630/DetailsOnSignatureOfAuditors" xbrldt:contextElement="scenario" xbrldt:closed="true"/>
    <link:loc xlink:type="locator" xlink:href="../cmn.xsd#cmn_NameAndSurnameOfAuditor" xlink:label="NameAndSurnameOfAuditor" xlink:title="NameAndSurnameOfAuditor"/>
    <link:definitionArc xlink:type="arc" xlink:arcrole="http://xbrl.org/int/dim/arcrole/domain-member" xlink:from="DetailsOnSignatureAuditorsAbstract" xlink:to="NameAndSurnameOfAuditor" xlink:title="definition: DetailsOnSignatureAuditorsAbstract to NameAndSurnameOfAuditor" order="30.0"/>
    <link:loc xlink:type="locator" xlink:href="../cmn.xsd#cmn_IdentificationNumberCvrOfAuditFirm" xlink:label="IdentificationNumberCvrOfAuditFirm" xlink:title="IdentificationNumberCvrOfAuditFirm"/>
    <link:definitionArc xlink:type="arc" xlink:arcrole="http://xbrl.org/int/dim/arcrole/domain-member" xlink:from="DetailsOnSignatureAuditorsAbstract" xlink:to="IdentificationNumberCvrOfAuditFirm" xlink:title="definition: DetailsOnSignatureAuditorsAbstract to IdentificationNumberCvrOfAuditFirm" order="40.0"/>
    <link:loc xlink:type="locator" xlink:href="../cmn.xsd#cmn_IdentificationNumberPnrOfAuditFirm" xlink:label="IdentificationNumberPnrOfAuditFirm" xlink:title="IdentificationNumberPnrOfAuditFirm"/>
    <link:definitionArc xlink:type="arc" xlink:arcrole="http://xbrl.org/int/dim/arcrole/domain-member" xlink:from="DetailsOnSignatureAuditorsAbstract" xlink:to="IdentificationNumberPnrOfAuditFirm" xlink:title="definition: DetailsOnSignatureAuditorsAbstract to IdentificationNumberPnrOfAuditFirm" order="50.0"/>
    <link:loc xlink:type="locator" xlink:href="../cmn.xsd#cmn_NameOfAuditFirm" xlink:label="NameOfAuditFirm" xlink:title="NameOfAuditFirm"/>
    <link:definitionArc xlink:type="arc" xlink:arcrole="http://xbrl.org/int/dim/arcrole/domain-member" xlink:from="DetailsOnSignatureAuditorsAbstract" xlink:to="NameOfAuditFirm" xlink:title="definition: DetailsOnSignatureAuditorsAbstract to NameOfAuditFirm" order="60.0"/>
    <link:loc xlink:type="locator" xlink:href="../cmn.xsd#cmn_DescriptionOfAuditor" xlink:label="DescriptionOfAuditor" xlink:title="DescriptionOfAuditor"/>
    <link:definitionArc xlink:type="arc" xlink:arcrole="http://xbrl.org/int/dim/arcrole/domain-member" xlink:from="DetailsOnSignatureAuditorsAbstract" xlink:to="DescriptionOfAuditor" xlink:title="definition: DetailsOnSignatureAuditorsAbstract to DescriptionOfAuditor" order="70.0"/>
    <link:loc xlink:type="locator" xlink:href="../cmn.xsd#cmn_IdentificationNumberOfAuditor" xlink:label="IdentificationNumberOfAuditor" xlink:title="IdentificationNumberOfAuditor"/>
    <link:definitionArc xlink:type="arc" xlink:arcrole="http://xbrl.org/int/dim/arcrole/domain-member" xlink:from="DetailsOnSignatureAuditorsAbstract" xlink:to="IdentificationNumberOfAuditor" xlink:title="definition: DetailsOnSignatureAuditorsAbstract to IdentificationNumberOfAuditor" order="25.0"/>
    <link:loc xlink:type="locator" xlink:href="../cmn.xsd#cmn_LegalEntityIdentifierOfAuditFirm" xlink:label="LegalEntityIdentifierOfAuditFirm" xlink:title="LegalEntityIdentifierOfAuditFirm"/>
    <link:definitionArc xlink:type="arc" xlink:arcrole="http://xbrl.org/int/dim/arcrole/domain-member" xlink:from="DetailsOnSignatureAuditorsAbstract" xlink:to="LegalEntityIdentifierOfAuditFirm" xlink:title="definition: DetailsOnSignatureAuditorsAbstract to LegalEntityIdentifierOfAuditFirm" order="45.0"/>
  </link:definitionLink>
  <link:definitionLink xlink:type="extended" xlink:role="http://xbrl.dcca.dk/role/102.01/AuditorsReportsFrom20161215/DetailsOnSignatureOfAuditors">
    <link:loc xlink:type="locator" xlink:href="arr.xsd#arr_DetailsOnSignatureAuditorsHypercube" xlink:label="DetailsOnSignatureAuditorsHypercube" xlink:title="DetailsOnSignatureAuditorsHypercube"/>
    <link:loc xlink:type="locator" xlink:href="../cmn.xsd#cmn_IdentificationOfAuditorDimension" xlink:label="IdentificationOfAuditorDimension" xlink:title="IdentificationOfAuditorDimension"/>
    <link:definitionArc xlink:type="arc" xlink:arcrole="http://xbrl.org/int/dim/arcrole/hypercube-dimension" xlink:from="DetailsOnSignatureAuditorsHypercube" xlink:to="IdentificationOfAuditorDimension" xlink:title="definition: DetailsOnSignatureAuditorsHypercube to IdentificationOfAuditorDimension" use="optional" order="1.0"/>
    <link:loc xlink:type="locator" xlink:href="../cmn.xsd#cmn_ConsolidatedSoloDimension" xlink:label="ConsolidatedSoloDimension" xlink:title="ConsolidatedSoloDimension"/>
    <link:definitionArc xlink:type="arc" xlink:arcrole="http://xbrl.org/int/dim/arcrole/hypercube-dimension" xlink:from="DetailsOnSignatureAuditorsHypercube" xlink:to="ConsolidatedSoloDimension" xlink:title="definition: DetailsOnSignatureAuditorsHypercube to ConsolidatedSoloDimension" order="3.0" xbrldt:targetRole="http://xbrl.dcca.dk/role/901.01/DimensionConsolidatedSolo"/>
    <link:loc xlink:type="locator" xlink:href="../cmn.xsd#cmn_TypeOfAuditorDimension" xlink:label="TypeOfAuditorDimension" xlink:title="TypeOfAuditorDimension"/>
    <link:definitionArc xlink:type="arc" xlink:arcrole="http://xbrl.org/int/dim/arcrole/hypercube-dimension" xlink:from="DetailsOnSignatureAuditorsHypercube" xlink:to="TypeOfAuditorDimension" xlink:title="definition: DetailsOnSignatureAuditorsHypercube to TypeOfAuditorDimension" order="2.0" xbrldt:targetRole="http://xbrl.dcca.dk/role/916.01/DimensionTypeOfAuditor"/>
  </link:definitionLink>
</link:linkbase>
