<?xml version='1.0' encoding='UTF-8'?>
<!--(C) EBA-->
<?officialURI http://www.eba.europa.eu/eu/fr/xbrl/crr/fws/mrel/3.5/tab/tab-lab-en.xml?>
<?taxonomy-version 3.5?>
<link:linkbase xmlns:xsi="http://www.w3.org/2001/XMLSchema-instance" xmlns:link="http://www.xbrl.org/2003/linkbase" xmlns:xlink="http://www.w3.org/1999/xlink" xmlns:xbrldt="http://xbrl.org/2005/xbrldt" xmlns:label="http://xbrl.org/2008/label">
  <link:labelLink xlink:type="extended" xlink:role="http://www.xbrl.org/2003/role/link">
    <link:loc xlink:type="locator" xlink:label="loc_eba_tgMREL_-_Creditor_ranking" xlink:href="tab.xsd#eba_tgMREL_-_Creditor_ranking"/>
    <link:label xlink:label="label_eba_tgMREL_-_Creditor_ranking" xlink:role="http://www.xbrl.org/2003/role/label" xlink:type="resource" xml:lang="en">MREL - Creditor ranking</link:label>
    <link:labelArc xlink:arcrole="http://www.xbrl.org/2003/arcrole/concept-label" xlink:from="loc_eba_tgMREL_-_Creditor_ranking" xlink:to="label_eba_tgMREL_-_Creditor_ranking" xlink:type="arc"/>
    <link:loc xlink:type="locator" xlink:label="loc_eba_tgMREL_-_Instrument-by-instrument_data" xlink:href="tab.xsd#eba_tgMREL_-_Instrument-by-instrument_data"/>
    <link:label xlink:label="label_eba_tgMREL_-_Instrument-by-instrument_data" xlink:role="http://www.xbrl.org/2003/role/label" xlink:type="resource" xml:lang="en">MREL - Instrument-by-instrument data</link:label>
    <link:labelArc xlink:arcrole="http://www.xbrl.org/2003/arcrole/concept-label" xlink:from="loc_eba_tgMREL_-_Instrument-by-instrument_data" xlink:to="label_eba_tgMREL_-_Instrument-by-instrument_data" xlink:type="arc"/>
    <link:loc xlink:type="locator" xlink:label="loc_eba_tgMREL_-_capacity_and_composition" xlink:href="tab.xsd#eba_tgMREL_-_capacity_and_composition"/>
    <link:label xlink:label="label_eba_tgMREL_-_capacity_and_composition" xlink:role="http://www.xbrl.org/2003/role/label" xlink:type="resource" xml:lang="en">MREL - capacity and composition</link:label>
    <link:labelArc xlink:arcrole="http://www.xbrl.org/2003/arcrole/concept-label" xlink:from="loc_eba_tgMREL_-_capacity_and_composition" xlink:to="label_eba_tgMREL_-_capacity_and_composition" xlink:type="arc"/>
    <link:loc xlink:type="locator" xlink:label="loc_eba_tgM_01.00" xlink:href="tab.xsd#eba_tgM_01.00"/>
    <link:label xlink:label="label_eba_tgM_01.00" xlink:role="http://www.xbrl.org/2003/role/label" xlink:type="resource" xml:lang="en">MREL and TLAC key metrics (resolution groups / entities) (KM2)</link:label>
    <link:labelArc xlink:arcrole="http://www.xbrl.org/2003/arcrole/concept-label" xlink:from="loc_eba_tgM_01.00" xlink:to="label_eba_tgM_01.00" xlink:type="arc"/>
    <link:loc xlink:type="locator" xlink:label="loc_eba_tgM_02.00" xlink:href="tab.xsd#eba_tgM_02.00"/>
    <link:label xlink:label="label_eba_tgM_02.00" xlink:role="http://www.xbrl.org/2003/role/label" xlink:type="resource" xml:lang="en">MREL and TLAC capacity and composition (resolution groups / entities) (TLAC1)</link:label>
    <link:labelArc xlink:arcrole="http://www.xbrl.org/2003/arcrole/concept-label" xlink:from="loc_eba_tgM_02.00" xlink:to="label_eba_tgM_02.00" xlink:type="arc"/>
    <link:loc xlink:type="locator" xlink:label="loc_eba_tgM_03.00" xlink:href="tab.xsd#eba_tgM_03.00"/>
    <link:label xlink:label="label_eba_tgM_03.00" xlink:role="http://www.xbrl.org/2003/role/label" xlink:type="resource" xml:lang="en">Internal MREL and internal TLAC (ILAC)</link:label>
    <link:labelArc xlink:arcrole="http://www.xbrl.org/2003/arcrole/concept-label" xlink:from="loc_eba_tgM_03.00" xlink:to="label_eba_tgM_03.00" xlink:type="arc"/>
    <link:loc xlink:type="locator" xlink:label="loc_eba_tgM_04.00" xlink:href="tab.xsd#eba_tgM_04.00"/>
    <link:label xlink:label="label_eba_tgM_04.00" xlink:role="http://www.xbrl.org/2003/role/label" xlink:type="resource" xml:lang="en">Funding structure of eligible liabilities (LIAB MREL)</link:label>
    <link:labelArc xlink:arcrole="http://www.xbrl.org/2003/arcrole/concept-label" xlink:from="loc_eba_tgM_04.00" xlink:to="label_eba_tgM_04.00" xlink:type="arc"/>
    <link:loc xlink:type="locator" xlink:label="loc_eba_tgM_05.00" xlink:href="tab.xsd#eba_tgM_05.00"/>
    <link:label xlink:label="label_eba_tgM_05.00" xlink:role="http://www.xbrl.org/2003/role/label" xlink:type="resource" xml:lang="en">Creditor ranking (entity that is not a resolution entity) (TLAC2)</link:label>
    <link:labelArc xlink:arcrole="http://www.xbrl.org/2003/arcrole/concept-label" xlink:from="loc_eba_tgM_05.00" xlink:to="label_eba_tgM_05.00" xlink:type="arc"/>
    <link:loc xlink:type="locator" xlink:label="loc_eba_tgM_06.00" xlink:href="tab.xsd#eba_tgM_06.00"/>
    <link:label xlink:label="label_eba_tgM_06.00" xlink:role="http://www.xbrl.org/2003/role/label" xlink:type="resource" xml:lang="en">Creditor ranking (resolution entities) (TLAC3)</link:label>
    <link:labelArc xlink:arcrole="http://www.xbrl.org/2003/arcrole/concept-label" xlink:from="loc_eba_tgM_06.00" xlink:to="label_eba_tgM_06.00" xlink:type="arc"/>
    <link:loc xlink:type="locator" xlink:label="loc_eba_tgM_07.00" xlink:href="tab.xsd#eba_tgM_07.00"/>
    <link:label xlink:label="label_eba_tgM_07.00" xlink:role="http://www.xbrl.org/2003/role/label" xlink:type="resource" xml:lang="en">Instruments governed by third-country law (MTCI)</link:label>
    <link:labelArc xlink:arcrole="http://www.xbrl.org/2003/arcrole/concept-label" xlink:from="loc_eba_tgM_07.00" xlink:to="label_eba_tgM_07.00" xlink:type="arc"/>
  </link:labelLink>
</link:linkbase>