<?xml version="1.0" encoding="UTF-8"?>
<!-- Generated by Fujitsu Interstage XWand B0255T -->
<?officialURI http://archprod.service.eogs.dk/taxonomy/20221001/fsa/502pdr_pre.xml?>

<?taxonomy-version 1.7.0?>

<link:linkbase xmlns:xsi="http://www.w3.org/2001/XMLSchema-instance" xsi:schemaLocation="http://www.xbrl.org/2003/linkbase http://www.xbrl.org/2003/xbrl-linkbase-2003-12-31.xsd" xmlns:link="http://www.xbrl.org/2003/linkbase" xmlns:entry="http://xbrl.dcca.dk/entryBalanceSheetAccountByCurrentAndLongTermFormIncomeStatementByNature" xmlns:xlink="http://www.w3.org/1999/xlink" xmlns:xbrli="http://www.xbrl.org/2003/instance">
  <link:roleRef roleURI="http://xbrl.dcca.dk/role/502.00/ProposedDistributionOfResults" xlink:type="simple" xlink:href="fsa.xsd#fsa_RoleProposedDistributionOfResults"/>
  <link:presentationLink xlink:type="extended" xlink:role="http://xbrl.dcca.dk/role/502.00/ProposedDistributionOfResults">
    <link:loc xlink:type="locator" xlink:href="../cmn.xsd#cmn_ConsolidatedSoloDimension" xlink:label="ConsolidatedSoloDimension"/>
    <link:loc xlink:type="locator" xlink:href="../cmn.xsd#cmn_ConsolidatedMember" xlink:label="ConsolidatedMember"/>
    <link:presentationArc xlink:type="arc" xlink:arcrole="http://www.xbrl.org/2003/arcrole/parent-child" xlink:from="ConsolidatedSoloDimension" xlink:to="ConsolidatedMember" order="10.0"/>
    <link:loc xlink:type="locator" xlink:href="../cmn.xsd#cmn_SoloMember" xlink:label="SoloMember"/>
    <link:presentationArc xlink:type="arc" xlink:arcrole="http://www.xbrl.org/2003/arcrole/parent-child" xlink:from="ConsolidatedSoloDimension" xlink:to="SoloMember" order="20.0"/>
    <link:loc xlink:type="locator" xlink:href="fsa.xsd#fsa_ProfitLoss" xlink:label="ProfitLoss"/>
    <link:loc xlink:type="locator" xlink:href="fsa.xsd#fsa_ProposedDividendRecognisedInEquity" xlink:label="ProposedDividendRecognisedInEquity" xlink:title="ProposedDividendRecognisedInEquity"/>
    <link:presentationArc xlink:type="arc" xlink:arcrole="http://www.xbrl.org/2003/arcrole/parent-child" xlink:from="ProfitLoss" xlink:to="ProposedDividendRecognisedInEquity" xlink:title="presentation: ProfitLoss to ProposedDividendRecognisedInEquity" order="1.0"/>
    <link:loc xlink:type="locator" xlink:href="fsa.xsd#fsa_ProposedExtraordinaryDividendRecognisedInEquity" xlink:label="ProposedExtraordinaryDividendRecognisedInEquity" xlink:title="ProposedExtraordinaryDividendRecognisedInEquity"/>
    <link:presentationArc xlink:type="arc" xlink:arcrole="http://www.xbrl.org/2003/arcrole/parent-child" xlink:from="ProfitLoss" xlink:to="ProposedExtraordinaryDividendRecognisedInEquity" xlink:title="presentation: ProfitLoss to ProposedExtraordinaryDividendRecognisedInEquity" order="2.0"/>
    <link:loc xlink:type="locator" xlink:href="fsa.xsd#fsa_ProposedExtraordinaryDividendRecognisedInLiabilities" xlink:label="ProposedExtraordinaryDividendRecognisedInLiabilities" xlink:title="ProposedExtraordinaryDividendRecognisedInLiabilities"/>
    <link:presentationArc xlink:type="arc" xlink:arcrole="http://www.xbrl.org/2003/arcrole/parent-child" xlink:from="ProfitLoss" xlink:to="ProposedExtraordinaryDividendRecognisedInLiabilities" xlink:title="presentation: ProfitLoss to ProposedExtraordinaryDividendRecognisedInLiabilities" order="3.0"/>
    <link:loc xlink:type="locator" xlink:href="fsa.xsd#fsa_TransferredToFromReserveForNetRevaluationAccordingToEquityMethod" xlink:label="TransferredToFromReserveForNetRevaluationAccordingToEquityMethod" xlink:title="TransferredToFromReserveForNetRevaluationAccordingToEquityMethod"/>
    <link:presentationArc xlink:type="arc" xlink:arcrole="http://www.xbrl.org/2003/arcrole/parent-child" xlink:from="ProfitLoss" xlink:to="TransferredToFromReserveForNetRevaluationAccordingToEquityMethod" xlink:title="presentation: ProfitLoss to TransferredToFromReserveForNetRevaluationAccordingToEquityMethod" order="4.0"/>
    <link:loc xlink:type="locator" xlink:href="fsa.xsd#fsa_TransferredToFromReserveForNetRevaluationOfInvestmentAssets" xlink:label="TransferredToFromReserveForNetRevaluationOfInvestmentAssets" xlink:title="TransferredToFromReserveForNetRevaluationOfInvestmentAssets"/>
    <link:presentationArc xlink:type="arc" xlink:arcrole="http://www.xbrl.org/2003/arcrole/parent-child" xlink:from="ProfitLoss" xlink:to="TransferredToFromReserveForNetRevaluationOfInvestmentAssets" xlink:title="presentation: ProfitLoss to TransferredToFromReserveForNetRevaluationOfInvestmentAssets" order="5.0"/>
    <link:loc xlink:type="locator" xlink:href="fsa.xsd#fsa_TransferredToFromOtherStatutoryReserves" xlink:label="TransferredToFromOtherStatutoryReserves" xlink:title="TransferredToFromOtherStatutoryReserves"/>
    <link:presentationArc xlink:type="arc" xlink:arcrole="http://www.xbrl.org/2003/arcrole/parent-child" xlink:from="ProfitLoss" xlink:to="TransferredToFromOtherStatutoryReserves" xlink:title="presentation: ProfitLoss to TransferredToFromOtherStatutoryReserves" order="6.0"/>
    <link:loc xlink:type="locator" xlink:href="fsa.xsd#fsa_TransferredToFromReserveAccordingToArticlesOfAssociation" xlink:label="TransferredToFromReserveAccordingToArticlesOfAssociation" xlink:title="TransferredToFromReserveAccordingToArticlesOfAssociation"/>
    <link:presentationArc xlink:type="arc" xlink:arcrole="http://www.xbrl.org/2003/arcrole/parent-child" xlink:from="ProfitLoss" xlink:to="TransferredToFromReserveAccordingToArticlesOfAssociation" xlink:title="presentation: ProfitLoss to TransferredToFromReserveAccordingToArticlesOfAssociation" order="7.0"/>
    <link:loc xlink:type="locator" xlink:href="fsa.xsd#fsa_TransferredToFromRestOfOtherReserves" xlink:label="TransferredToFromRestOfOtherReserves" xlink:title="TransferredToFromRestOfOtherReserves"/>
    <link:presentationArc xlink:type="arc" xlink:arcrole="http://www.xbrl.org/2003/arcrole/parent-child" xlink:from="ProfitLoss" xlink:to="TransferredToFromRestOfOtherReserves" xlink:title="presentation: ProfitLoss to TransferredToFromRestOfOtherReserves" order="8.0"/>
    <link:loc xlink:type="locator" xlink:href="fsa.xsd#fsa_DistributionsResultDistribution" xlink:label="DistributionsResultDistribution" xlink:title="DistributionsResultDistribution"/>
    <link:presentationArc xlink:type="arc" xlink:arcrole="http://www.xbrl.org/2003/arcrole/parent-child" xlink:from="ProfitLoss" xlink:to="DistributionsResultDistribution" xlink:title="presentation: ProfitLoss to DistributionsResultDistribution" order="9.0"/>
    <link:loc xlink:type="locator" xlink:href="fsa.xsd#fsa_ExtraordinaryDistributions" xlink:label="ExtraordinaryDistributions" xlink:title="ExtraordinaryDistributions"/>
    <link:presentationArc xlink:type="arc" xlink:arcrole="http://www.xbrl.org/2003/arcrole/parent-child" xlink:from="ProfitLoss" xlink:to="ExtraordinaryDistributions" xlink:title="presentation: ProfitLoss to ExtraordinaryDistributions" order="10.0"/>
    <link:loc xlink:type="locator" xlink:href="fsa.xsd#fsa_TransferredFromToHedgeFund" xlink:label="TransferredFromToHedgeFund" xlink:title="TransferredFromToHedgeFund"/>
    <link:presentationArc xlink:type="arc" xlink:arcrole="http://www.xbrl.org/2003/arcrole/parent-child" xlink:from="ProfitLoss" xlink:to="TransferredFromToHedgeFund" xlink:title="presentation: ProfitLoss to TransferredFromToHedgeFund" order="11.0"/>
    <link:loc xlink:type="locator" xlink:href="fsa.xsd#fsa_TransferredFromToReserveFund" xlink:label="TransferredFromToReserveFund" xlink:title="TransferredFromToReserveFund"/>
    <link:presentationArc xlink:type="arc" xlink:arcrole="http://www.xbrl.org/2003/arcrole/parent-child" xlink:from="ProfitLoss" xlink:to="TransferredFromToReserveFund" xlink:title="presentation: ProfitLoss to TransferredFromToReserveFund" order="12.0"/>
    <link:loc xlink:type="locator" xlink:href="fsa.xsd#fsa_TransferredFromToReservesAvailable" xlink:label="TransferredFromToReservesAvailable" xlink:title="TransferredFromToReservesAvailable"/>
    <link:presentationArc xlink:type="arc" xlink:arcrole="http://www.xbrl.org/2003/arcrole/parent-child" xlink:from="ProfitLoss" xlink:to="TransferredFromToReservesAvailable" xlink:title="presentation: ProfitLoss to TransferredFromToReservesAvailable" order="13.0"/>
    <link:loc xlink:type="locator" xlink:href="fsa.xsd#fsa_TransferredToReserveForEntrepreneurialCompany" xlink:label="TransferredToReserveForEntrepreneurialCompany" xlink:title="TransferredToReserveForEntrepreneurialCompany"/>
    <link:presentationArc xlink:type="arc" xlink:arcrole="http://www.xbrl.org/2003/arcrole/parent-child" xlink:from="ProfitLoss" xlink:to="TransferredToReserveForEntrepreneurialCompany" xlink:title="presentation: ProfitLoss to TransferredToReserveForEntrepreneurialCompany" order="14.0"/>
    <link:loc xlink:type="locator" xlink:href="fsa.xsd#fsa_TransferredToReserveForDevelopmentExpenditure" xlink:label="TransferredToReserveForDevelopmentExpenditure" xlink:title="TransferredToReserveForDevelopmentExpenditure"/>
    <link:presentationArc xlink:type="arc" xlink:arcrole="http://www.xbrl.org/2003/arcrole/parent-child" xlink:from="ProfitLoss" xlink:to="TransferredToReserveForDevelopmentExpenditure" xlink:title="presentation: ProfitLoss to TransferredToReserveForDevelopmentExpenditure" order="15.0"/>
    <link:loc xlink:type="locator" xlink:href="fsa.xsd#fsa_TransferredToReserveForCurrentValueAdjustmentsOfCurrencyGains" xlink:label="TransferredToReserveForCurrentValueAdjustmentsOfCurrencyGains" xlink:title="TransferredToReserveForCurrentValueAdjustmentsOfCurrencyGains"/>
    <link:presentationArc xlink:type="arc" xlink:arcrole="http://www.xbrl.org/2003/arcrole/parent-child" xlink:from="ProfitLoss" xlink:to="TransferredToReserveForCurrentValueAdjustmentsOfCurrencyGains" xlink:title="presentation: ProfitLoss to TransferredToReserveForCurrentValueAdjustmentsOfCurrencyGains" order="16.0"/>
    <link:loc xlink:type="locator" xlink:href="fsa.xsd#fsa_TransferredToReserveForCurrentValueOfHedging" xlink:label="TransferredToReserveForCurrentValueOfHedging" xlink:title="TransferredToReserveForCurrentValueOfHedging"/>
    <link:presentationArc xlink:type="arc" xlink:arcrole="http://www.xbrl.org/2003/arcrole/parent-child" xlink:from="ProfitLoss" xlink:to="TransferredToReserveForCurrentValueOfHedging" xlink:title="presentation: ProfitLoss to TransferredToReserveForCurrentValueOfHedging" order="17.0"/>
    <link:loc xlink:type="locator" xlink:href="fsa.xsd#fsa_TransferredToFromEquityAttributableToParent" xlink:label="TransferredToFromEquityAttributableToParent" xlink:title="TransferredToFromEquityAttributableToParent"/>
    <link:presentationArc xlink:type="arc" xlink:arcrole="http://www.xbrl.org/2003/arcrole/parent-child" xlink:from="ProfitLoss" xlink:to="TransferredToFromEquityAttributableToParent" xlink:title="presentation: ProfitLoss to TransferredToFromEquityAttributableToParent" order="18.0"/>
    <link:loc xlink:type="locator" xlink:href="fsa.xsd#fsa_TransferredToFromMinorityInterests" xlink:label="TransferredToFromMinorityInterests" xlink:title="TransferredToFromMinorityInterests"/>
    <link:presentationArc xlink:type="arc" xlink:arcrole="http://www.xbrl.org/2003/arcrole/parent-child" xlink:from="ProfitLoss" xlink:to="TransferredToFromMinorityInterests" xlink:title="presentation: ProfitLoss to TransferredToFromMinorityInterests" order="19.0"/>
    <link:loc xlink:type="locator" xlink:href="fsa.xsd#fsa_TransferredToFromRetainedEarnings" xlink:label="TransferredToFromRetainedEarnings" xlink:title="TransferredToFromRetainedEarnings"/>
    <link:presentationArc xlink:type="arc" xlink:arcrole="http://www.xbrl.org/2003/arcrole/parent-child" xlink:from="ProfitLoss" xlink:to="TransferredToFromRetainedEarnings" xlink:title="presentation: ProfitLoss to TransferredToFromRetainedEarnings" order="20.0"/>
    <link:loc xlink:type="locator" xlink:href="fsa.xsd#fsa_ProposedDistributionOfResultsAbstract" xlink:label="ProposedDistributionOfResultsAbstract"/>
    <link:loc xlink:type="locator" xlink:href="fsa.xsd#fsa_DetailsOnResultDistributionAbstract" xlink:label="DetailsOnResultDistributionAbstract"/>
    <link:presentationArc xlink:type="arc" xlink:arcrole="http://www.xbrl.org/2003/arcrole/parent-child" xlink:from="ProposedDistributionOfResultsAbstract" xlink:to="DetailsOnResultDistributionAbstract" order="10.0"/>
    <link:loc xlink:type="locator" xlink:href="fsa.xsd#fsa_DetailsOnResultDistributionHypercube" xlink:label="DetailsOnResultDistributionHypercube"/>
    <link:presentationArc xlink:type="arc" xlink:arcrole="http://www.xbrl.org/2003/arcrole/parent-child" xlink:from="DetailsOnResultDistributionAbstract" xlink:to="DetailsOnResultDistributionHypercube" order="10.0"/>
    <link:loc xlink:type="locator" xlink:href="fsa.xsd#fsa_ResultDistributionDimension" xlink:label="ResultDistributionDimension"/>
    <link:presentationArc xlink:type="arc" xlink:arcrole="http://www.xbrl.org/2003/arcrole/parent-child" xlink:from="DetailsOnResultDistributionHypercube" xlink:to="ResultDistributionDimension" order="10.0"/>
    <link:loc xlink:type="locator" xlink:href="fsa.xsd#fsa_TotalDistributionMember" xlink:label="TotalDistributionMember"/>
    <link:presentationArc xlink:type="arc" xlink:arcrole="http://www.xbrl.org/2003/arcrole/parent-child" xlink:from="ResultDistributionDimension" xlink:to="TotalDistributionMember" order="10.0"/>
    <link:loc xlink:type="locator" xlink:href="fsa.xsd#fsa_DistributionAfterAttributableToMinorityInterestMember" xlink:label="DistributionAfterAttributableToMinorityInterestMember" xlink:title="DistributionAfterAttributableToMinorityInterestMember"/>
    <link:presentationArc xlink:type="arc" xlink:arcrole="http://www.xbrl.org/2003/arcrole/parent-child" xlink:from="TotalDistributionMember" xlink:to="DistributionAfterAttributableToMinorityInterestMember" xlink:title="presentation: TotalDistributionMember to DistributionAfterAttributableToMinorityInterestMember" order="1.0"/>
    <link:presentationArc xlink:type="arc" xlink:arcrole="http://www.xbrl.org/2003/arcrole/parent-child" xlink:from="DetailsOnResultDistributionHypercube" xlink:to="ConsolidatedSoloDimension" order="20.0"/>
    <link:presentationArc xlink:type="arc" xlink:arcrole="http://www.xbrl.org/2003/arcrole/parent-child" xlink:from="DetailsOnResultDistributionAbstract" xlink:to="ProfitLoss" xlink:title="presentation: DetailsOnResultDistributionAbstract to ProfitLoss" order="11.0"/>
    <link:loc xlink:type="locator" xlink:href="fsa.xsd#fsa_RelatedToProposedDistributionOfResultsAbstract" xlink:label="RelatedToProposedDistributionOfResultsAbstract" xlink:title="RelatedToProposedDistributionOfResultsAbstract"/>
    <link:presentationArc xlink:type="arc" xlink:arcrole="http://www.xbrl.org/2003/arcrole/parent-child" xlink:from="ProposedDistributionOfResultsAbstract" xlink:to="RelatedToProposedDistributionOfResultsAbstract" xlink:title="presentation: ProposedDistributionOfResultsAbstract to RelatedToProposedDistributionOfResultsAbstract" order="20.0"/>
    <link:loc xlink:type="locator" xlink:href="fsa.xsd#fsa_InformationOnExtraordinaryDividendDistributedAfterEndOfReportingPeriod" xlink:label="InformationOnExtraordinaryDividendDistributedAfterEndOfReportingPeriod" xlink:title="InformationOnExtraordinaryDividendDistributedAfterEndOfReportingPeriod"/>
    <link:presentationArc xlink:type="arc" xlink:arcrole="http://www.xbrl.org/2003/arcrole/parent-child" xlink:from="RelatedToProposedDistributionOfResultsAbstract" xlink:to="InformationOnExtraordinaryDividendDistributedAfterEndOfReportingPeriod" xlink:title="presentation: RelatedToProposedDistributionOfResultsAbstract to InformationOnExtraordinaryDividendDistributedAfterEndOfReportingPeriod" order="10.0"/>
    <link:loc xlink:type="locator" xlink:href="fsa.xsd#fsa_ExtraordinaryDividendDistributedAfterEndOfReportingPeriodGross" xlink:label="ExtraordinaryDividendDistributedAfterEndOfReportingPeriodGross" xlink:title="ExtraordinaryDividendDistributedAfterEndOfReportingPeriodGross"/>
    <link:presentationArc xlink:type="arc" xlink:arcrole="http://www.xbrl.org/2003/arcrole/parent-child" xlink:from="InformationOnExtraordinaryDividendDistributedAfterEndOfReportingPeriod" xlink:to="ExtraordinaryDividendDistributedAfterEndOfReportingPeriodGross" xlink:title="presentation: InformationOnExtraordinaryDividendDistributedAfterEndOfReportingPeriod to ExtraordinaryDividendDistributedAfterEndOfReportingPeriodGross" order="10.0"/>
    <link:loc xlink:type="locator" xlink:href="fsa.xsd#fsa_DetailsExtraordinaryDividendDistributedAfterEndOfReportingAbstract" xlink:label="DetailsExtraordinaryDividendDistributedAfterEndOfReportingAbstract" xlink:title="DetailsExtraordinaryDividendDistributedAfterEndOfReportingAbstract"/>
    <link:presentationArc xlink:type="arc" xlink:arcrole="http://www.xbrl.org/2003/arcrole/parent-child" xlink:from="ExtraordinaryDividendDistributedAfterEndOfReportingPeriodGross" xlink:to="DetailsExtraordinaryDividendDistributedAfterEndOfReportingAbstract" xlink:title="presentation: ExtraordinaryDividendDistributedAfterEndOfReportingPeriodGross to DetailsExtraordinaryDividendDistributedAfterEndOfReportingAbstract" order="10.0"/>
    <link:loc xlink:type="locator" xlink:href="fsa.xsd#fsa_DetailsExtraordinaryDividendDistributedAfterEndOfReportingHypercube" xlink:label="DetailsExtraordinaryDividendDistributedAfterEndOfReportingHypercube" xlink:title="DetailsExtraordinaryDividendDistributedAfterEndOfReportingHypercube"/>
    <link:presentationArc xlink:type="arc" xlink:arcrole="http://www.xbrl.org/2003/arcrole/parent-child" xlink:from="DetailsExtraordinaryDividendDistributedAfterEndOfReportingAbstract" xlink:to="DetailsExtraordinaryDividendDistributedAfterEndOfReportingHypercube" xlink:title="presentation: DetailsExtraordinaryDividendDistributedAfterEndOfReportingAbstract to DetailsExtraordinaryDividendDistributedAfterEndOfReportingHypercube" order="10.0"/>
    <link:loc xlink:type="locator" xlink:href="fsa.xsd#fsa_IdentificationOfExtraordinaryDividendDistributedAfterEndOfReportingDimension" xlink:label="IdentificationOfExtraordinaryDividendDistributedAfterEndOfReportingDimension" xlink:title="IdentificationOfExtraordinaryDividendDistributedAfterEndOfReportingDimension"/>
    <link:presentationArc xlink:type="arc" xlink:arcrole="http://www.xbrl.org/2003/arcrole/parent-child" xlink:from="DetailsExtraordinaryDividendDistributedAfterEndOfReportingHypercube" xlink:to="IdentificationOfExtraordinaryDividendDistributedAfterEndOfReportingDimension" xlink:title="presentation: DetailsExtraordinaryDividendDistributedAfterEndOfReportingHypercube to IdentificationOfExtraordinaryDividendDistributedAfterEndOfReportingDimension" order="10.0"/>
    <link:presentationArc xlink:type="arc" xlink:arcrole="http://www.xbrl.org/2003/arcrole/parent-child" xlink:from="DetailsExtraordinaryDividendDistributedAfterEndOfReportingHypercube" xlink:to="ConsolidatedSoloDimension" xlink:title="presentation: DetailsExtraordinaryDividendDistributedAfterEndOfReportingHypercube to ConsolidatedSoloDimension" order="20.0"/>
    <link:loc xlink:type="locator" xlink:href="fsa.xsd#fsa_ExtraordinaryDividendDistributedAfterEndOfReportingPeriod" xlink:label="ExtraordinaryDividendDistributedAfterEndOfReportingPeriod" xlink:title="ExtraordinaryDividendDistributedAfterEndOfReportingPeriod"/>
    <link:presentationArc xlink:type="arc" xlink:arcrole="http://www.xbrl.org/2003/arcrole/parent-child" xlink:from="DetailsExtraordinaryDividendDistributedAfterEndOfReportingAbstract" xlink:to="ExtraordinaryDividendDistributedAfterEndOfReportingPeriod" xlink:title="presentation: DetailsExtraordinaryDividendDistributedAfterEndOfReportingAbstract to ExtraordinaryDividendDistributedAfterEndOfReportingPeriod" order="20.0"/>
    <link:loc xlink:type="locator" xlink:href="fsa.xsd#fsa_DateOfExtraordinaryDividendDistributedAfterEndOfReportingPeriod" xlink:label="DateOfExtraordinaryDividendDistributedAfterEndOfReportingPeriod" xlink:title="DateOfExtraordinaryDividendDistributedAfterEndOfReportingPeriod"/>
    <link:presentationArc xlink:type="arc" xlink:arcrole="http://www.xbrl.org/2003/arcrole/parent-child" xlink:from="DetailsExtraordinaryDividendDistributedAfterEndOfReportingAbstract" xlink:to="DateOfExtraordinaryDividendDistributedAfterEndOfReportingPeriod" xlink:title="presentation: DetailsExtraordinaryDividendDistributedAfterEndOfReportingAbstract to DateOfExtraordinaryDividendDistributedAfterEndOfReportingPeriod" order="30.0"/>
  </link:presentationLink>
</link:linkbase>
