<?xml version="1.0" encoding="UTF-8"?>
<!-- Generated by Fujitsu Interstage XWand B0255T -->
<?officialURI http://archprod.service.eogs.dk/taxonomy/20221001/fsa/550reg_def.xml?>

<?taxonomy-version 1.7.0?>

<link:linkbase xmlns:xsi="http://www.w3.org/2001/XMLSchema-instance" xsi:schemaLocation="http://www.xbrl.org/2003/linkbase http://www.xbrl.org/2003/xbrl-linkbase-2003-12-31.xsd" xmlns:entry="http://xbrl.dcca.dk/entryUvmReg" xmlns:link="http://www.xbrl.org/2003/linkbase" xmlns:tch="http://xbrl.dcca.dk/tch" xmlns:xlink="http://www.w3.org/1999/xlink" xmlns:xbrli="http://www.xbrl.org/2003/instance" xmlns:xbrldt="http://xbrl.org/2005/xbrldt">
  <link:roleRef roleURI="http://xbrl.dcca.dk/role/901.01/DimensionConsolidatedSolo" xlink:type="simple" xlink:href="../cmn.xsd#cmn_RoleDimensionConsolidatedSolo"/>
  <link:roleRef roleURI="http://xbrl.dcca.dk/role/550.00/IncomeStatementUvmReg" xlink:type="simple" xlink:href="fsa.xsd#fsa_RoleIncomeStatementUvmReg"/>
  <link:roleRef roleURI="http://xbrl.dcca.dk/role/550.00/IncomeStatementUvmRegDisclosures" xlink:type="simple" xlink:href="fsa.xsd#fsa_RoleIncomeStatementUvmRegDisclosures"/>
  <link:roleRef roleURI="http://xbrl.dcca.dk/role/550.01/Expenses" xlink:type="simple" xlink:href="fsa.xsd#fsa_RoleHypercubeDisclosureOfIncomeExpenses"/>
  <link:roleRef roleURI="http://xbrl.dcca.dk/role/950.01/DimensionsUvm" xlink:type="simple" xlink:href="fsa.xsd#fsa_RoleDimensionUvm"/>
  <link:roleRef roleURI="http://xbrl.dcca.dk/role/550.00/IncomeStatementUvmReg/Details" xlink:type="simple" xlink:href="fsa.xsd#fsa_RoleIncomeStatementUvmRegDetails"/>
  <link:arcroleRef arcroleURI="http://xbrl.org/int/dim/arcrole/all" xlink:type="simple" xlink:href="http://www.xbrl.org/2005/xbrldt-2005.xsd#all"/>
  <link:arcroleRef arcroleURI="http://xbrl.org/int/dim/arcrole/domain-member" xlink:type="simple" xlink:href="http://www.xbrl.org/2005/xbrldt-2005.xsd#domain-member"/>
  <link:arcroleRef arcroleURI="http://xbrl.org/int/dim/arcrole/hypercube-dimension" xlink:type="simple" xlink:href="http://www.xbrl.org/2005/xbrldt-2005.xsd#hypercube-dimension"/>
  <link:definitionLink xlink:type="extended" xlink:role="http://xbrl.dcca.dk/role/550.00/IncomeStatementUvmReg">
    <link:loc xlink:type="locator" xlink:href="../cmn.xsd#cmn_CommonHypercube" xlink:label="CommonHypercube"/>
    <link:loc xlink:type="locator" xlink:href="../cmn.xsd#cmn_ConsolidatedSoloDimension" xlink:label="ConsolidatedSoloDimension"/>
    <link:definitionArc xlink:type="arc" xlink:arcrole="http://xbrl.org/int/dim/arcrole/hypercube-dimension" xlink:from="CommonHypercube" xlink:to="ConsolidatedSoloDimension" xlink:title="definition: CommonHypercube to ConsolidatedSoloDimension" order="1.0" xbrldt:targetRole="http://xbrl.dcca.dk/role/901.01/DimensionConsolidatedSolo"/>
    <link:loc xlink:type="locator" xlink:href="fsa.xsd#fsa_IncomeStatementRegAbstract" xlink:label="IncomeStatementRegAbstract" xlink:title="IncomeStatementRegAbstract"/>
    <link:loc xlink:type="locator" xlink:href="fsa.xsd#fsa_Revenue" xlink:label="Revenue" xlink:title="Revenue"/>
    <link:definitionArc xlink:type="arc" xlink:arcrole="http://xbrl.org/int/dim/arcrole/domain-member" xlink:from="IncomeStatementRegAbstract" xlink:to="Revenue" xlink:title="definition: IncomeStatementRegAbstract to Revenue" order="10.0"/>
    <link:loc xlink:type="locator" xlink:href="fsa.xsd#fsa_StateGrants" xlink:label="StateGrants" xlink:title="StateGrants"/>
    <link:definitionArc xlink:type="arc" xlink:arcrole="http://xbrl.org/int/dim/arcrole/domain-member" xlink:from="Revenue" xlink:to="StateGrants" xlink:title="definition: Revenue to StateGrants" order="10.0"/>
    <link:loc xlink:type="locator" xlink:href="fsa.xsd#fsa_TuitionAndOtherIncome" xlink:label="TuitionAndOtherIncome" xlink:title="TuitionAndOtherIncome"/>
    <link:definitionArc xlink:type="arc" xlink:arcrole="http://xbrl.org/int/dim/arcrole/domain-member" xlink:from="Revenue" xlink:to="TuitionAndOtherIncome" xlink:title="definition: Revenue to TuitionAndOtherIncome" order="11.0"/>
    <link:loc xlink:type="locator" xlink:href="fsa.xsd#fsa_Expenses" xlink:label="Expenses" xlink:title="Expenses"/>
    <link:definitionArc xlink:type="arc" xlink:arcrole="http://xbrl.org/int/dim/arcrole/domain-member" xlink:from="IncomeStatementRegAbstract" xlink:to="Expenses" xlink:title="definition: IncomeStatementRegAbstract to Expenses" order="20.0"/>
    <link:loc xlink:type="locator" xlink:href="fsa.xsd#fsa_ConductionEducationExpenses" xlink:label="ConductionEducationExpenses" xlink:title="ConductionEducationExpenses"/>
    <link:definitionArc xlink:type="arc" xlink:arcrole="http://xbrl.org/int/dim/arcrole/domain-member" xlink:from="Expenses" xlink:to="ConductionEducationExpenses" xlink:title="definition: Expenses to ConductionEducationExpenses" order="1.0"/>
    <link:loc xlink:type="locator" xlink:href="fsa.xsd#fsa_ManagementAndAdministrativeExpenses" xlink:label="ManagementAndAdministrativeExpenses" xlink:title="ManagementAndAdministrativeExpenses"/>
    <link:definitionArc xlink:type="arc" xlink:arcrole="http://xbrl.org/int/dim/arcrole/domain-member" xlink:from="Expenses" xlink:to="ManagementAndAdministrativeExpenses" xlink:title="definition: Expenses to ManagementAndAdministrativeExpenses" order="3.0"/>
    <link:loc xlink:type="locator" xlink:href="fsa.xsd#fsa_AdministrativeCommunitiesHostExpenses" xlink:label="AdministrativeCommunitiesHostExpenses" xlink:title="AdministrativeCommunitiesHostExpenses"/>
    <link:definitionArc xlink:type="arc" xlink:arcrole="http://xbrl.org/int/dim/arcrole/domain-member" xlink:from="Expenses" xlink:to="AdministrativeCommunitiesHostExpenses" xlink:title="definition: Expenses to AdministrativeCommunitiesHostExpenses" order="4.0"/>
    <link:loc xlink:type="locator" xlink:href="fsa.xsd#fsa_BuildingOperatingExpenses" xlink:label="BuildingOperatingExpenses" xlink:title="BuildingOperatingExpenses"/>
    <link:definitionArc xlink:type="arc" xlink:arcrole="http://xbrl.org/int/dim/arcrole/domain-member" xlink:from="Expenses" xlink:to="BuildingOperatingExpenses" xlink:title="definition: Expenses to BuildingOperatingExpenses" order="6.0"/>
    <link:loc xlink:type="locator" xlink:href="fsa.xsd#fsa_ActivitiesWithSpecialGrants" xlink:label="ActivitiesWithSpecialGrants" xlink:title="ActivitiesWithSpecialGrants"/>
    <link:definitionArc xlink:type="arc" xlink:arcrole="http://xbrl.org/int/dim/arcrole/domain-member" xlink:from="Expenses" xlink:to="ActivitiesWithSpecialGrants" xlink:title="definition: Expenses to ActivitiesWithSpecialGrants" order="7.0"/>
    <link:loc xlink:type="locator" xlink:href="fsa.xsd#fsa_MarketingExpenses" xlink:label="MarketingExpenses" xlink:title="MarketingExpenses"/>
    <link:definitionArc xlink:type="arc" xlink:arcrole="http://xbrl.org/int/dim/arcrole/domain-member" xlink:from="Expenses" xlink:to="MarketingExpenses" xlink:title="definition: Expenses to MarketingExpenses" order="2.0"/>
    <link:loc xlink:type="locator" xlink:href="fsa.xsd#fsa_BoardingExpenses" xlink:label="BoardingExpenses" xlink:title="BoardingExpenses"/>
    <link:definitionArc xlink:type="arc" xlink:arcrole="http://xbrl.org/int/dim/arcrole/domain-member" xlink:from="Expenses" xlink:to="BoardingExpenses" xlink:title="definition: Expenses to BoardingExpenses" order="8.0"/>
    <link:loc xlink:type="locator" xlink:href="../dst/dst.xsd#dst_ProfitLossBeforeFinancialAndExtraordinaryItems" xlink:label="ProfitLossBeforeFinancialAndExtraordinaryItems" xlink:title="ProfitLossBeforeFinancialAndExtraordinaryItems"/>
    <link:definitionArc xlink:type="arc" xlink:arcrole="http://xbrl.org/int/dim/arcrole/domain-member" xlink:from="IncomeStatementRegAbstract" xlink:to="ProfitLossBeforeFinancialAndExtraordinaryItems" xlink:title="definition: IncomeStatementRegAbstract to ProfitLossBeforeFinancialAndExtraordinaryItems" order="30.0"/>
    <link:loc xlink:type="locator" xlink:href="fsa.xsd#fsa_ProfitLossFromOrdinaryActivitiesBeforeTax" xlink:label="ProfitLossFromOrdinaryActivitiesBeforeTax" xlink:title="ProfitLossFromOrdinaryActivitiesBeforeTax"/>
    <link:definitionArc xlink:type="arc" xlink:arcrole="http://xbrl.org/int/dim/arcrole/domain-member" xlink:from="IncomeStatementRegAbstract" xlink:to="ProfitLossFromOrdinaryActivitiesBeforeTax" xlink:title="definition: IncomeStatementRegAbstract to ProfitLossFromOrdinaryActivitiesBeforeTax" order="60.0"/>
    <link:loc xlink:type="locator" xlink:href="fsa.xsd#fsa_ProfitLoss" xlink:label="ProfitLoss" xlink:title="ProfitLoss"/>
    <link:definitionArc xlink:type="arc" xlink:arcrole="http://xbrl.org/int/dim/arcrole/domain-member" xlink:from="IncomeStatementRegAbstract" xlink:to="ProfitLoss" xlink:title="definition: IncomeStatementRegAbstract to ProfitLoss" order="90.0"/>
    <link:loc xlink:type="locator" xlink:href="fsa.xsd#fsa_ResultsFromNetFinancials" xlink:label="ResultsFromNetFinancials" xlink:title="ResultsFromNetFinancials"/>
    <link:definitionArc xlink:type="arc" xlink:arcrole="http://xbrl.org/int/dim/arcrole/domain-member" xlink:from="IncomeStatementRegAbstract" xlink:to="ResultsFromNetFinancials" xlink:title="definition: IncomeStatementRegAbstract to ResultsFromNetFinancials" order="40.0"/>
    <link:loc xlink:type="locator" xlink:href="fsa.xsd#fsa_FinanceIncome" xlink:label="FinanceIncome" xlink:title="FinanceIncome"/>
    <link:definitionArc xlink:type="arc" xlink:arcrole="http://xbrl.org/int/dim/arcrole/domain-member" xlink:from="ResultsFromNetFinancials" xlink:to="FinanceIncome" xlink:title="definition: ResultsFromNetFinancials to FinanceIncome" order="1.0"/>
    <link:loc xlink:type="locator" xlink:href="fsa.xsd#fsa_FinanceExpenses" xlink:label="FinanceExpenses" xlink:title="FinanceExpenses"/>
    <link:definitionArc xlink:type="arc" xlink:arcrole="http://xbrl.org/int/dim/arcrole/domain-member" xlink:from="ResultsFromNetFinancials" xlink:to="FinanceExpenses" xlink:title="definition: ResultsFromNetFinancials to FinanceExpenses" order="2.0"/>
    <link:loc xlink:type="locator" xlink:href="fsa.xsd#fsa_ResultsFromExtraordinaryItems" xlink:label="ResultsFromExtraordinaryItems" xlink:title="ResultsFromExtraordinaryItems"/>
    <link:definitionArc xlink:type="arc" xlink:arcrole="http://xbrl.org/int/dim/arcrole/domain-member" xlink:from="IncomeStatementRegAbstract" xlink:to="ResultsFromExtraordinaryItems" xlink:title="definition: IncomeStatementRegAbstract to ResultsFromExtraordinaryItems" order="70.0"/>
    <link:loc xlink:type="locator" xlink:href="fsa.xsd#fsa_ExtraordinaryIncome" xlink:label="ExtraordinaryIncome" xlink:title="ExtraordinaryIncome"/>
    <link:definitionArc xlink:type="arc" xlink:arcrole="http://xbrl.org/int/dim/arcrole/domain-member" xlink:from="ResultsFromExtraordinaryItems" xlink:to="ExtraordinaryIncome" xlink:title="definition: ResultsFromExtraordinaryItems to ExtraordinaryIncome" order="1.0"/>
    <link:loc xlink:type="locator" xlink:href="fsa.xsd#fsa_ExtraordinaryExpenses" xlink:label="ExtraordinaryExpenses" xlink:title="ExtraordinaryExpenses"/>
    <link:definitionArc xlink:type="arc" xlink:arcrole="http://xbrl.org/int/dim/arcrole/domain-member" xlink:from="ResultsFromExtraordinaryItems" xlink:to="ExtraordinaryExpenses" xlink:title="definition: ResultsFromExtraordinaryItems to ExtraordinaryExpenses" order="2.0"/>
    <link:definitionArc xlink:type="arc" xlink:arcrole="http://xbrl.org/int/dim/arcrole/all" xlink:from="IncomeStatementRegAbstract" xlink:to="CommonHypercube" xlink:title="definition: IncomeStatementRegAbstract to CommonHypercube" order="999.0" xbrldt:contextElement="scenario" xbrldt:closed="true"/>
  </link:definitionLink>
  <link:definitionLink xlink:type="extended" xlink:role="http://xbrl.dcca.dk/role/550.00/IncomeStatementUvmRegDisclosures">
    <link:loc xlink:type="locator" xlink:href="../cmn.xsd#cmn_CommonHypercube" xlink:label="CommonHypercube"/>
    <link:loc xlink:type="locator" xlink:href="../cmn.xsd#cmn_ConsolidatedSoloDimension" xlink:label="ConsolidatedSoloDimension"/>
    <link:definitionArc xlink:type="arc" xlink:arcrole="http://xbrl.org/int/dim/arcrole/hypercube-dimension" xlink:from="CommonHypercube" xlink:to="ConsolidatedSoloDimension" xlink:title="definition: CommonHypercube to ConsolidatedSoloDimension" order="1.0" xbrldt:targetRole="http://xbrl.dcca.dk/role/901.01/DimensionConsolidatedSolo"/>
    <link:loc xlink:type="locator" xlink:href="fsa.xsd#fsa_StateGrants" xlink:label="StateGrants" xlink:title="StateGrants"/>
    <link:loc xlink:type="locator" xlink:href="fsa.xsd#fsa_EducationTaximeter" xlink:label="EducationTaximeter" xlink:title="EducationTaximeter"/>
    <link:definitionArc xlink:type="arc" xlink:arcrole="http://xbrl.org/int/dim/arcrole/domain-member" xlink:from="StateGrants" xlink:to="EducationTaximeter" xlink:title="definition: StateGrants to EducationTaximeter" order="1.0"/>
    <link:loc xlink:type="locator" xlink:href="fsa.xsd#fsa_JointExpenseTaximeter" xlink:label="JointExpenseTaximeter" xlink:title="JointExpenseTaximeter"/>
    <link:definitionArc xlink:type="arc" xlink:arcrole="http://xbrl.org/int/dim/arcrole/domain-member" xlink:from="StateGrants" xlink:to="JointExpenseTaximeter" xlink:title="definition: StateGrants to JointExpenseTaximeter" order="2.0"/>
    <link:loc xlink:type="locator" xlink:href="fsa.xsd#fsa_BuildingTaximeter" xlink:label="BuildingTaximeter" xlink:title="BuildingTaximeter"/>
    <link:definitionArc xlink:type="arc" xlink:arcrole="http://xbrl.org/int/dim/arcrole/domain-member" xlink:from="StateGrants" xlink:to="BuildingTaximeter" xlink:title="definition: StateGrants to BuildingTaximeter" order="3.0"/>
    <link:loc xlink:type="locator" xlink:href="fsa.xsd#fsa_OtherOperationgIncomeStateGrants" xlink:label="OtherOperationgIncomeStateGrants" xlink:title="OtherOperationgIncomeStateGrants"/>
    <link:definitionArc xlink:type="arc" xlink:arcrole="http://xbrl.org/int/dim/arcrole/domain-member" xlink:from="StateGrants" xlink:to="OtherOperationgIncomeStateGrants" xlink:title="definition: StateGrants to OtherOperationgIncomeStateGrants" order="4.0"/>
    <link:loc xlink:type="locator" xlink:href="fsa.xsd#fsa_SpecialSubsidies" xlink:label="SpecialSubsidies" xlink:title="SpecialSubsidies"/>
    <link:definitionArc xlink:type="arc" xlink:arcrole="http://xbrl.org/int/dim/arcrole/domain-member" xlink:from="StateGrants" xlink:to="SpecialSubsidies" xlink:title="definition: StateGrants to SpecialSubsidies" order="5.0"/>
    <link:loc xlink:type="locator" xlink:href="fsa.xsd#fsa_OtherStateGrants" xlink:label="OtherStateGrants" xlink:title="OtherStateGrants"/>
    <link:definitionArc xlink:type="arc" xlink:arcrole="http://xbrl.org/int/dim/arcrole/domain-member" xlink:from="StateGrants" xlink:to="OtherStateGrants" xlink:title="definition: StateGrants to OtherStateGrants" order="7.0"/>
    <link:loc xlink:type="locator" xlink:href="fsa.xsd#fsa_BoardringStateGrants" xlink:label="BoardringStateGrants" xlink:title="BoardringStateGrants"/>
    <link:definitionArc xlink:type="arc" xlink:arcrole="http://xbrl.org/int/dim/arcrole/domain-member" xlink:from="StateGrants" xlink:to="BoardringStateGrants" xlink:title="definition: StateGrants to BoardringStateGrants" order="6.0"/>
    <link:loc xlink:type="locator" xlink:href="fsa.xsd#fsa_TuitionAndOtherIncome" xlink:label="TuitionAndOtherIncome" xlink:title="TuitionAndOtherIncome"/>
    <link:loc xlink:type="locator" xlink:href="fsa.xsd#fsa_Tuition" xlink:label="Tuition" xlink:title="Tuition"/>
    <link:definitionArc xlink:type="arc" xlink:arcrole="http://xbrl.org/int/dim/arcrole/domain-member" xlink:from="TuitionAndOtherIncome" xlink:to="Tuition" xlink:title="definition: TuitionAndOtherIncome to Tuition" order="1.0"/>
    <link:loc xlink:type="locator" xlink:href="fsa.xsd#fsa_OtherExternalRequestorPayment" xlink:label="OtherExternalRequestorPayment" xlink:title="OtherExternalRequestorPayment"/>
    <link:definitionArc xlink:type="arc" xlink:arcrole="http://xbrl.org/int/dim/arcrole/domain-member" xlink:from="TuitionAndOtherIncome" xlink:to="OtherExternalRequestorPayment" xlink:title="definition: TuitionAndOtherIncome to OtherExternalRequestorPayment" order="2.0"/>
    <link:loc xlink:type="locator" xlink:href="fsa.xsd#fsa_AdministrativeCommunitiesHost" xlink:label="AdministrativeCommunitiesHost" xlink:title="AdministrativeCommunitiesHost"/>
    <link:definitionArc xlink:type="arc" xlink:arcrole="http://xbrl.org/int/dim/arcrole/domain-member" xlink:from="TuitionAndOtherIncome" xlink:to="AdministrativeCommunitiesHost" xlink:title="definition: TuitionAndOtherIncome to AdministrativeCommunitiesHost" order="3.0"/>
    <link:loc xlink:type="locator" xlink:href="fsa.xsd#fsa_OtherIncome" xlink:label="OtherIncome" xlink:title="OtherIncome"/>
    <link:definitionArc xlink:type="arc" xlink:arcrole="http://xbrl.org/int/dim/arcrole/domain-member" xlink:from="TuitionAndOtherIncome" xlink:to="OtherIncome" xlink:title="definition: TuitionAndOtherIncome to OtherIncome" order="6.0"/>
    <link:loc xlink:type="locator" xlink:href="fsa.xsd#fsa_BoardingTuitionAndOtherIncome" xlink:label="BoardingTuitionAndOtherIncome" xlink:title="BoardingTuitionAndOtherIncome"/>
    <link:definitionArc xlink:type="arc" xlink:arcrole="http://xbrl.org/int/dim/arcrole/domain-member" xlink:from="TuitionAndOtherIncome" xlink:to="BoardingTuitionAndOtherIncome" xlink:title="definition: TuitionAndOtherIncome to BoardingTuitionAndOtherIncome" order="5.0"/>
    <link:loc xlink:type="locator" xlink:href="fsa.xsd#fsa_FinanceIncome" xlink:label="FinanceIncome" xlink:title="FinanceIncome"/>
    <link:loc xlink:type="locator" xlink:href="fsa.xsd#fsa_InterestIncomeAndOtherFinanceIncome" xlink:label="InterestIncomeAndOtherFinanceIncome" xlink:title="InterestIncomeAndOtherFinanceIncome"/>
    <link:definitionArc xlink:type="arc" xlink:arcrole="http://xbrl.org/int/dim/arcrole/domain-member" xlink:from="FinanceIncome" xlink:to="InterestIncomeAndOtherFinanceIncome" xlink:title="definition: FinanceIncome to InterestIncomeAndOtherFinanceIncome" order="1.0"/>
    <link:loc xlink:type="locator" xlink:href="fsa.xsd#fsa_CapitalGainsOnSecurities" xlink:label="CapitalGainsOnSecurities" xlink:title="CapitalGainsOnSecurities"/>
    <link:definitionArc xlink:type="arc" xlink:arcrole="http://xbrl.org/int/dim/arcrole/domain-member" xlink:from="FinanceIncome" xlink:to="CapitalGainsOnSecurities" xlink:title="definition: FinanceIncome to CapitalGainsOnSecurities" order="2.0"/>
    <link:loc xlink:type="locator" xlink:href="fsa.xsd#fsa_FinanceExpenses" xlink:label="FinanceExpenses" xlink:title="FinanceExpenses"/>
    <link:loc xlink:type="locator" xlink:href="fsa.xsd#fsa_InterestPayablesAndOtherFinanceExpenses" xlink:label="InterestPayablesAndOtherFinanceExpenses" xlink:title="InterestPayablesAndOtherFinanceExpenses"/>
    <link:definitionArc xlink:type="arc" xlink:arcrole="http://xbrl.org/int/dim/arcrole/domain-member" xlink:from="FinanceExpenses" xlink:to="InterestPayablesAndOtherFinanceExpenses" xlink:title="definition: FinanceExpenses to InterestPayablesAndOtherFinanceExpenses" order="1.0"/>
    <link:loc xlink:type="locator" xlink:href="fsa.xsd#fsa_CapitalLossesOnSecurities" xlink:label="CapitalLossesOnSecurities" xlink:title="CapitalLossesOnSecurities"/>
    <link:definitionArc xlink:type="arc" xlink:arcrole="http://xbrl.org/int/dim/arcrole/domain-member" xlink:from="FinanceExpenses" xlink:to="CapitalLossesOnSecurities" xlink:title="definition: FinanceExpenses to CapitalLossesOnSecurities" order="2.0"/>
    <link:loc xlink:type="locator" xlink:href="fsa.xsd#fsa_DisclosuresOfIncomeStatementAbstract" xlink:label="DisclosuresOfIncomeStatementAbstract" xlink:title="DisclosuresOfIncomeStatementAbstract"/>
    <link:definitionArc xlink:type="arc" xlink:arcrole="http://xbrl.org/int/dim/arcrole/all" xlink:from="DisclosuresOfIncomeStatementAbstract" xlink:to="CommonHypercube" xlink:title="definition: DisclosuresOfIncomeStatementAbstract to CommonHypercube" order="999.0" xbrldt:contextElement="scenario" xbrldt:closed="true"/>
    <link:loc xlink:type="locator" xlink:href="fsa.xsd#fsa_DetailsOnExpensesAbstract" xlink:label="DetailsOnExpensesAbstract" xlink:title="DetailsOnExpensesAbstract"/>
    <link:definitionArc xlink:type="arc" xlink:arcrole="http://xbrl.org/int/dim/arcrole/domain-member" xlink:from="DisclosuresOfIncomeStatementAbstract" xlink:to="DetailsOnExpensesAbstract" xlink:title="definition: DisclosuresOfIncomeStatementAbstract to DetailsOnExpensesAbstract" order="30.0" xbrldt:targetRole="http://xbrl.dcca.dk/role/550.00/IncomeStatementUvmReg/Details"/>
    <link:loc xlink:type="locator" xlink:href="fsa.xsd#fsa_DisclosureOfStateGrants" xlink:label="DisclosureOfStateGrants" xlink:title="DisclosureOfStateGrants"/>
    <link:definitionArc xlink:type="arc" xlink:arcrole="http://xbrl.org/int/dim/arcrole/domain-member" xlink:from="DisclosuresOfIncomeStatementAbstract" xlink:to="DisclosureOfStateGrants" xlink:title="definition: DisclosuresOfIncomeStatementAbstract to DisclosureOfStateGrants" order="10.0"/>
    <link:definitionArc xlink:type="arc" xlink:arcrole="http://xbrl.org/int/dim/arcrole/domain-member" xlink:from="DisclosureOfStateGrants" xlink:to="StateGrants" xlink:title="definition: DisclosureOfStateGrants to StateGrants" order="10.0"/>
    <link:loc xlink:type="locator" xlink:href="fsa.xsd#fsa_DisclosureOfTuitionAndOtherIncome" xlink:label="DisclosureOfTuitionAndOtherIncome" xlink:title="DisclosureOfTuitionAndOtherIncome"/>
    <link:definitionArc xlink:type="arc" xlink:arcrole="http://xbrl.org/int/dim/arcrole/domain-member" xlink:from="DisclosuresOfIncomeStatementAbstract" xlink:to="DisclosureOfTuitionAndOtherIncome" xlink:title="definition: DisclosuresOfIncomeStatementAbstract to DisclosureOfTuitionAndOtherIncome" order="20.0"/>
    <link:definitionArc xlink:type="arc" xlink:arcrole="http://xbrl.org/int/dim/arcrole/domain-member" xlink:from="DisclosureOfTuitionAndOtherIncome" xlink:to="TuitionAndOtherIncome" xlink:title="definition: DisclosureOfTuitionAndOtherIncome to TuitionAndOtherIncome" order="1.0"/>
    <link:loc xlink:type="locator" xlink:href="fsa.xsd#fsa_DisclosureOfFinanceIncomeAbstract" xlink:label="DisclosureOfFinanceIncomeAbstract" xlink:title="DisclosureOfFinanceIncomeAbstract"/>
    <link:definitionArc xlink:type="arc" xlink:arcrole="http://xbrl.org/int/dim/arcrole/domain-member" xlink:from="DisclosuresOfIncomeStatementAbstract" xlink:to="DisclosureOfFinanceIncomeAbstract" xlink:title="definition: DisclosuresOfIncomeStatementAbstract to DisclosureOfFinanceIncomeAbstract" order="40.0"/>
    <link:definitionArc xlink:type="arc" xlink:arcrole="http://xbrl.org/int/dim/arcrole/domain-member" xlink:from="DisclosureOfFinanceIncomeAbstract" xlink:to="FinanceIncome" xlink:title="definition: DisclosureOfFinanceIncomeAbstract to FinanceIncome" order="1.0"/>
    <link:loc xlink:type="locator" xlink:href="fsa.xsd#fsa_DisclosureOfFinanceExpensesAbstract" xlink:label="DisclosureOfFinanceExpensesAbstract" xlink:title="DisclosureOfFinanceExpensesAbstract"/>
    <link:definitionArc xlink:type="arc" xlink:arcrole="http://xbrl.org/int/dim/arcrole/domain-member" xlink:from="DisclosuresOfIncomeStatementAbstract" xlink:to="DisclosureOfFinanceExpensesAbstract" xlink:title="definition: DisclosuresOfIncomeStatementAbstract to DisclosureOfFinanceExpensesAbstract" order="50.0"/>
    <link:definitionArc xlink:type="arc" xlink:arcrole="http://xbrl.org/int/dim/arcrole/domain-member" xlink:from="DisclosureOfFinanceExpensesAbstract" xlink:to="FinanceExpenses" xlink:title="definition: DisclosureOfFinanceExpensesAbstract to FinanceExpenses" order="1.0"/>
    <link:loc xlink:type="locator" xlink:href="fsa.xsd#fsa_DisclosureOfExtraordinaryExpenses" xlink:label="DisclosureOfExtraordinaryExpenses" xlink:title="DisclosureOfExtraordinaryExpenses"/>
    <link:definitionArc xlink:type="arc" xlink:arcrole="http://xbrl.org/int/dim/arcrole/domain-member" xlink:from="DisclosuresOfIncomeStatementAbstract" xlink:to="DisclosureOfExtraordinaryExpenses" xlink:title="definition: DisclosuresOfIncomeStatementAbstract to DisclosureOfExtraordinaryExpenses" order="70.0"/>
    <link:loc xlink:type="locator" xlink:href="fsa.xsd#fsa_ExtraordinaryExpenses" xlink:label="ExtraordinaryExpenses" xlink:title="ExtraordinaryExpenses"/>
    <link:definitionArc xlink:type="arc" xlink:arcrole="http://xbrl.org/int/dim/arcrole/domain-member" xlink:from="DisclosureOfExtraordinaryExpenses" xlink:to="ExtraordinaryExpenses" xlink:title="definition: DisclosureOfExtraordinaryExpenses to ExtraordinaryExpenses" order="1.0"/>
    <link:loc xlink:type="locator" xlink:href="fsa.xsd#fsa_DisclosureOfExtraordinaryIncome" xlink:label="DisclosureOfExtraordinaryIncome" xlink:title="DisclosureOfExtraordinaryIncome"/>
    <link:definitionArc xlink:type="arc" xlink:arcrole="http://xbrl.org/int/dim/arcrole/domain-member" xlink:from="DisclosuresOfIncomeStatementAbstract" xlink:to="DisclosureOfExtraordinaryIncome" xlink:title="definition: DisclosuresOfIncomeStatementAbstract to DisclosureOfExtraordinaryIncome" order="60.0"/>
    <link:loc xlink:type="locator" xlink:href="fsa.xsd#fsa_ExtraordinaryIncome" xlink:label="ExtraordinaryIncome" xlink:title="ExtraordinaryIncome"/>
    <link:definitionArc xlink:type="arc" xlink:arcrole="http://xbrl.org/int/dim/arcrole/domain-member" xlink:from="DisclosureOfExtraordinaryIncome" xlink:to="ExtraordinaryIncome" xlink:title="definition: DisclosureOfExtraordinaryIncome to ExtraordinaryIncome" order="1.0"/>
  </link:definitionLink>
  <link:definitionLink xlink:type="extended" xlink:role="http://xbrl.dcca.dk/role/550.01/Expenses">
    <link:loc xlink:type="locator" xlink:href="fsa.xsd#fsa_ExpensesHypercube" xlink:label="ExpensesHypercube" xlink:title="ExpensesHypercube"/>
    <link:loc xlink:type="locator" xlink:href="fsa.xsd#fsa_TypeOfExpenseDimension" xlink:label="TypeOfExpenseDimension" xlink:title="TypeOfExpenseDimension"/>
    <link:definitionArc xlink:type="arc" xlink:arcrole="http://xbrl.org/int/dim/arcrole/hypercube-dimension" xlink:from="ExpensesHypercube" xlink:to="TypeOfExpenseDimension" xlink:title="definition: ExpensesHypercube to TypeOfExpenseDimension" order="1.0" xbrldt:targetRole="http://xbrl.dcca.dk/role/950.01/DimensionsUvm"/>
    <link:loc xlink:type="locator" xlink:href="../cmn.xsd#cmn_ConsolidatedSoloDimension" xlink:label="ConsolidatedSoloDimension"/>
    <link:definitionArc xlink:type="arc" xlink:arcrole="http://xbrl.org/int/dim/arcrole/hypercube-dimension" xlink:from="ExpensesHypercube" xlink:to="ConsolidatedSoloDimension" xlink:title="definition: ExpensesHypercube to ConsolidatedSoloDimension" order="2.0" xbrldt:targetRole="http://xbrl.dcca.dk/role/901.01/DimensionConsolidatedSolo"/>
  </link:definitionLink>
  <link:definitionLink xlink:type="extended" xlink:role="http://xbrl.dcca.dk/role/550.00/IncomeStatementUvmReg/Details">
    <link:loc xlink:type="locator" xlink:href="fsa.xsd#fsa_DetailsOnExpensesAbstract" xlink:label="DetailsOnExpensesAbstract" xlink:title="DetailsOnExpensesAbstract"/>
    <link:loc xlink:type="locator" xlink:href="fsa.xsd#fsa_ExpensesHypercube" xlink:label="ExpensesHypercube" xlink:title="ExpensesHypercube"/>
    <link:definitionArc xlink:type="arc" xlink:arcrole="http://xbrl.org/int/dim/arcrole/all" xlink:from="DetailsOnExpensesAbstract" xlink:to="ExpensesHypercube" xlink:title="definition: DetailsOnExpensesAbstract to ExpensesHypercube" order="1.0" xbrldt:targetRole="http://xbrl.dcca.dk/role/550.01/Expenses" xbrldt:contextElement="scenario" xbrldt:closed="true"/>
    <link:loc xlink:type="locator" xlink:href="fsa.xsd#fsa_ConductionEducationExpenses" xlink:label="ConductionEducationExpenses" xlink:title="ConductionEducationExpenses"/>
    <link:definitionArc xlink:type="arc" xlink:arcrole="http://xbrl.org/int/dim/arcrole/domain-member" xlink:from="DetailsOnExpensesAbstract" xlink:to="ConductionEducationExpenses" xlink:title="definition: DetailsOnExpensesAbstract to ConductionEducationExpenses" order="2.0"/>
    <link:loc xlink:type="locator" xlink:href="fsa.xsd#fsa_MarketingExpenses" xlink:label="MarketingExpenses" xlink:title="MarketingExpenses"/>
    <link:definitionArc xlink:type="arc" xlink:arcrole="http://xbrl.org/int/dim/arcrole/domain-member" xlink:from="DetailsOnExpensesAbstract" xlink:to="MarketingExpenses" xlink:title="definition: DetailsOnExpensesAbstract to MarketingExpenses" order="3.0"/>
    <link:loc xlink:type="locator" xlink:href="fsa.xsd#fsa_ManagementAndAdministrativeExpenses" xlink:label="ManagementAndAdministrativeExpenses" xlink:title="ManagementAndAdministrativeExpenses"/>
    <link:definitionArc xlink:type="arc" xlink:arcrole="http://xbrl.org/int/dim/arcrole/domain-member" xlink:from="DetailsOnExpensesAbstract" xlink:to="ManagementAndAdministrativeExpenses" xlink:title="definition: DetailsOnExpensesAbstract to ManagementAndAdministrativeExpenses" order="4.0"/>
    <link:loc xlink:type="locator" xlink:href="fsa.xsd#fsa_AdministrativeCommunitiesHostExpenses" xlink:label="AdministrativeCommunitiesHostExpenses" xlink:title="AdministrativeCommunitiesHostExpenses"/>
    <link:definitionArc xlink:type="arc" xlink:arcrole="http://xbrl.org/int/dim/arcrole/domain-member" xlink:from="DetailsOnExpensesAbstract" xlink:to="AdministrativeCommunitiesHostExpenses" xlink:title="definition: DetailsOnExpensesAbstract to AdministrativeCommunitiesHostExpenses" order="5.0"/>
    <link:loc xlink:type="locator" xlink:href="fsa.xsd#fsa_BuildingOperatingExpenses" xlink:label="BuildingOperatingExpenses" xlink:title="BuildingOperatingExpenses"/>
    <link:definitionArc xlink:type="arc" xlink:arcrole="http://xbrl.org/int/dim/arcrole/domain-member" xlink:from="DetailsOnExpensesAbstract" xlink:to="BuildingOperatingExpenses" xlink:title="definition: DetailsOnExpensesAbstract to BuildingOperatingExpenses" order="7.0"/>
    <link:loc xlink:type="locator" xlink:href="fsa.xsd#fsa_ActivitiesWithSpecialGrants" xlink:label="ActivitiesWithSpecialGrants" xlink:title="ActivitiesWithSpecialGrants"/>
    <link:definitionArc xlink:type="arc" xlink:arcrole="http://xbrl.org/int/dim/arcrole/domain-member" xlink:from="DetailsOnExpensesAbstract" xlink:to="ActivitiesWithSpecialGrants" xlink:title="definition: DetailsOnExpensesAbstract to ActivitiesWithSpecialGrants" order="8.0"/>
    <link:loc xlink:type="locator" xlink:href="fsa.xsd#fsa_BoardingExpenses" xlink:label="BoardingExpenses" xlink:title="BoardingExpenses"/>
    <link:definitionArc xlink:type="arc" xlink:arcrole="http://xbrl.org/int/dim/arcrole/domain-member" xlink:from="DetailsOnExpensesAbstract" xlink:to="BoardingExpenses" xlink:title="definition: DetailsOnExpensesAbstract to BoardingExpenses" order="9.0"/>
  </link:definitionLink>
</link:linkbase>
