<?xml version="1.0" encoding="UTF-8"?>
<!-- Generated by Fujitsu Interstage XWand B0251T -->
<?officialURI http://archprod.service.eogs.dk/taxonomy/20211001/cmn_lab-hi.xml?>

<?taxonomy-version 1.7.0?>

<link:linkbase xmlns:xsi="http://www.w3.org/2001/XMLSchema-instance" xsi:schemaLocation="http://www.xbrl.org/2003/linkbase http://www.xbrl.org/2003/xbrl-linkbase-2003-12-31.xsd" xmlns:link="http://www.xbrl.org/2003/linkbase" xmlns:xbrli="http://www.xbrl.org/2003/instance" xmlns:xlink="http://www.w3.org/1999/xlink">
  <link:labelLink xlink:type="extended" xlink:role="http://www.xbrl.org/2003/role/link">
    <link:loc xlink:type="locator" xlink:href="cmn.xsd#cmn_ConsolidatedSoloDimension" xlink:label="ConsolidatedSoloDimension" xlink:title="ConsolidatedSoloDimension"/>
    <link:label xlink:type="resource" xlink:label="label_ConsolidatedSoloDimension" xlink:role="http://www.xbrl.org/2003/role/label" xlink:title="label_ConsolidatedSoloDimension" xml:lang="hi" id="label_ConsolidatedSoloDimension">समेकित /एकल</link:label>
    <link:labelArc xlink:type="arc" xlink:arcrole="http://www.xbrl.org/2003/arcrole/concept-label" xlink:from="ConsolidatedSoloDimension" xlink:to="label_ConsolidatedSoloDimension" xlink:title="label: ConsolidatedSoloDimension to label_ConsolidatedSoloDimension"/>
    <link:loc xlink:type="locator" xlink:href="cmn.xsd#cmn_SoloMember" xlink:label="SoloMember" xlink:title="SoloMember"/>
    <link:label xlink:type="resource" xlink:label="label_SoloMember" xlink:role="http://www.xbrl.org/2003/role/label" xlink:title="label_SoloMember" xml:lang="hi" id="label_SoloMember">एकल </link:label>
    <link:labelArc xlink:type="arc" xlink:arcrole="http://www.xbrl.org/2003/arcrole/concept-label" xlink:from="SoloMember" xlink:to="label_SoloMember" xlink:title="label: SoloMember to label_SoloMember"/>
    <link:loc xlink:type="locator" xlink:href="cmn.xsd#cmn_ConsolidatedMember" xlink:label="ConsolidatedMember" xlink:title="ConsolidatedMember"/>
    <link:label xlink:type="resource" xlink:label="label_ConsolidatedMember" xlink:role="http://www.xbrl.org/2003/role/label" xlink:title="label_ConsolidatedMember" xml:lang="hi" id="label_ConsolidatedMember">समेकित</link:label>
    <link:labelArc xlink:type="arc" xlink:arcrole="http://www.xbrl.org/2003/arcrole/concept-label" xlink:from="ConsolidatedMember" xlink:to="label_ConsolidatedMember" xlink:title="label: ConsolidatedMember to label_ConsolidatedMember"/>
    <link:loc xlink:type="locator" xlink:href="cmn.xsd#cmn_CommonHypercube" xlink:label="CommonHypercube" xlink:title="CommonHypercube"/>
    <link:label xlink:type="resource" xlink:label="label_CommonHypercube" xlink:role="http://www.xbrl.org/2003/role/label" xlink:title="label_CommonHypercube" xml:lang="hi" id="label_CommonHypercube">एकल</link:label>
    <link:labelArc xlink:type="arc" xlink:arcrole="http://www.xbrl.org/2003/arcrole/concept-label" xlink:from="CommonHypercube" xlink:to="label_CommonHypercube" xlink:title="label: CommonHypercube to label_CommonHypercube"/>
    <link:loc xlink:type="locator" xlink:href="cmn.xsd#cmn_OrdinaryWriteoffsInRespectOfDebtors" xlink:label="OrdinaryWriteoffsInRespectOfDebtors" xlink:title="OrdinaryWriteoffsInRespectOfDebtors"/>
    <link:label xlink:type="resource" xlink:label="label_OrdinaryWriteoffsInRespectOfDebtors" xlink:role="http://www.xbrl.org/2003/role/label" xlink:title="label_OrdinaryWriteoffsInRespectOfDebtors" xml:lang="hi" id="label_OrdinaryWriteoffsInRespectOfDebtors">देनदार के संबंध में साधारण अपलेखन ( बुरे ऋणों के लिए प्रावधान में परिवर्तन सहित) </link:label>
    <link:labelArc xlink:type="arc" xlink:arcrole="http://www.xbrl.org/2003/arcrole/concept-label" xlink:from="OrdinaryWriteoffsInRespectOfDebtors" xlink:to="label_OrdinaryWriteoffsInRespectOfDebtors" xlink:title="label: OrdinaryWriteoffsInRespectOfDebtors to label_OrdinaryWriteoffsInRespectOfDebtors"/>
    <link:loc xlink:type="locator" xlink:href="cmn.xsd#cmn_PreviousYearMember" xlink:label="PreviousYearMember" xlink:title="PreviousYearMember"/>
    <link:label xlink:type="resource" xlink:label="label_PreviousYearMember" xlink:role="http://www.xbrl.org/2003/role/label" xlink:title="label_PreviousYearMember" xml:lang="hi" id="label_PreviousYearMember">पिछले वर्ष </link:label>
    <link:labelArc xlink:type="arc" xlink:arcrole="http://www.xbrl.org/2003/arcrole/concept-label" xlink:from="PreviousYearMember" xlink:to="label_PreviousYearMember" xlink:title="label: PreviousYearMember to label_PreviousYearMember"/>
    <link:loc xlink:type="locator" xlink:href="cmn.xsd#cmn_CurrentYearMember" xlink:label="CurrentYearMember" xlink:title="CurrentYearMember"/>
    <link:label xlink:type="resource" xlink:label="label_CurrentYearMember" xlink:role="http://www.xbrl.org/2003/role/label" xlink:title="label_CurrentYearMember" xml:lang="hi" id="label_CurrentYearMember">चालू वर्ष</link:label>
    <link:labelArc xlink:type="arc" xlink:arcrole="http://www.xbrl.org/2003/arcrole/concept-label" xlink:from="CurrentYearMember" xlink:to="label_CurrentYearMember" xlink:title="label: CurrentYearMember to label_CurrentYearMember"/>
    <link:loc xlink:type="locator" xlink:href="cmn.xsd#cmn_TwoYearsAgoMember" xlink:label="TwoYearsAgoMember" xlink:title="TwoYearsAgoMember"/>
    <link:label xlink:type="resource" xlink:label="label_TwoYearsAgoMember" xlink:role="http://www.xbrl.org/2003/role/label" xlink:title="label_TwoYearsAgoMember" xml:lang="hi" id="label_TwoYearsAgoMember">दो साल पहले</link:label>
    <link:labelArc xlink:type="arc" xlink:arcrole="http://www.xbrl.org/2003/arcrole/concept-label" xlink:from="TwoYearsAgoMember" xlink:to="label_TwoYearsAgoMember" xlink:title="label: TwoYearsAgoMember to label_TwoYearsAgoMember"/>
    <link:loc xlink:type="locator" xlink:href="cmn.xsd#cmn_ThreeYearsAgoMember" xlink:label="ThreeYearsAgoMember" xlink:title="ThreeYearsAgoMember"/>
    <link:label xlink:type="resource" xlink:label="label_ThreeYearsAgoMember" xlink:role="http://www.xbrl.org/2003/role/label" xlink:title="label_ThreeYearsAgoMember" xml:lang="hi" id="label_ThreeYearsAgoMember">तीन साल पहले</link:label>
    <link:labelArc xlink:type="arc" xlink:arcrole="http://www.xbrl.org/2003/arcrole/concept-label" xlink:from="ThreeYearsAgoMember" xlink:to="label_ThreeYearsAgoMember" xlink:title="label: ThreeYearsAgoMember to label_ThreeYearsAgoMember"/>
    <link:loc xlink:type="locator" xlink:href="cmn.xsd#cmn_FourYearsAgoMember" xlink:label="FourYearsAgoMember" xlink:title="FourYearsAgoMember"/>
    <link:label xlink:type="resource" xlink:label="label_FourYearsAgoMember" xlink:role="http://www.xbrl.org/2003/role/label" xlink:title="label_FourYearsAgoMember" xml:lang="hi" id="label_FourYearsAgoMember">चार साल पहले</link:label>
    <link:labelArc xlink:type="arc" xlink:arcrole="http://www.xbrl.org/2003/arcrole/concept-label" xlink:from="FourYearsAgoMember" xlink:to="label_FourYearsAgoMember" xlink:title="label: FourYearsAgoMember to label_FourYearsAgoMember"/>
    <link:loc xlink:type="locator" xlink:href="cmn.xsd#cmn_RetrospectiveInformationDimension" xlink:label="RetrospectiveInformationDimension" xlink:title="RetrospectiveInformationDimension"/>
    <link:label xlink:type="resource" xlink:label="label_RetrospectiveInformationDimension" xlink:role="http://www.xbrl.org/2003/role/label" xlink:title="label_RetrospectiveInformationDimension" xml:lang="hi" id="label_RetrospectiveInformationDimension">पूर्वव्यापी जानकारी </link:label>
    <link:labelArc xlink:type="arc" xlink:arcrole="http://www.xbrl.org/2003/arcrole/concept-label" xlink:from="RetrospectiveInformationDimension" xlink:to="label_RetrospectiveInformationDimension" xlink:title="label: RetrospectiveInformationDimension to label_RetrospectiveInformationDimension"/>
    <link:loc xlink:type="locator" xlink:href="cmn.xsd#cmn_NameAndSurnameOfMemberOfExecutiveBoard" xlink:label="NameAndSurnameOfMemberOfExecutiveBoard" xlink:title="NameAndSurnameOfMemberOfExecutiveBoard"/>
    <link:label xlink:type="resource" xlink:label="label_NameAndSurnameOfMemberOfExecutiveBoard" xlink:role="http://www.xbrl.org/2003/role/label" xlink:title="label_NameAndSurnameOfMemberOfExecutiveBoard" xml:lang="hi" id="label_NameAndSurnameOfMemberOfExecutiveBoard">कार्यकारिणी बोर्ड के सदस्य का प्रथम नाम और उपनाम</link:label>
    <link:labelArc xlink:type="arc" xlink:arcrole="http://www.xbrl.org/2003/arcrole/concept-label" xlink:from="NameAndSurnameOfMemberOfExecutiveBoard" xlink:to="label_NameAndSurnameOfMemberOfExecutiveBoard" xlink:title="label: NameAndSurnameOfMemberOfExecutiveBoard to label_NameAndSurnameOfMemberOfExecutiveBoard"/>
    <link:loc xlink:type="locator" xlink:href="cmn.xsd#cmn_NameAndSurnameOfMemberOfSupervisoryBoard" xlink:label="NameAndSurnameOfMemberOfSupervisoryBoard" xlink:title="NameAndSurnameOfMemberOfSupervisoryBoard"/>
    <link:label xlink:type="resource" xlink:label="label_NameAndSurnameOfMemberOfSupervisoryBoard" xlink:role="http://www.xbrl.org/2003/role/label" xlink:title="label_NameAndSurnameOfMemberOfSupervisoryBoard" xml:lang="hi" id="label_NameAndSurnameOfMemberOfSupervisoryBoard">पर्यवेक्षी बोर्ड के सदस्य का प्रथम नाम और उपनाम</link:label>
    <link:labelArc xlink:type="arc" xlink:arcrole="http://www.xbrl.org/2003/arcrole/concept-label" xlink:from="NameAndSurnameOfMemberOfSupervisoryBoard" xlink:to="label_NameAndSurnameOfMemberOfSupervisoryBoard" xlink:title="label: NameAndSurnameOfMemberOfSupervisoryBoard to label_NameAndSurnameOfMemberOfSupervisoryBoard"/>
    <link:loc xlink:type="locator" xlink:href="cmn.xsd#cmn_TitleOfMemberOfExecutiveBoard" xlink:label="TitleOfMemberOfExecutiveBoard" xlink:title="TitleOfMemberOfExecutiveBoard"/>
    <link:label xlink:type="resource" xlink:label="label_TitleOfMemberOfExecutiveBoard" xlink:role="http://www.xbrl.org/2003/role/label" xlink:title="label_TitleOfMemberOfExecutiveBoard" xml:lang="hi" id="label_TitleOfMemberOfExecutiveBoard">कार्यकारिणी बोर्ड के सदस्य का औधा</link:label>
    <link:labelArc xlink:type="arc" xlink:arcrole="http://www.xbrl.org/2003/arcrole/concept-label" xlink:from="TitleOfMemberOfExecutiveBoard" xlink:to="label_TitleOfMemberOfExecutiveBoard" xlink:title="label: TitleOfMemberOfExecutiveBoard to label_TitleOfMemberOfExecutiveBoard"/>
    <link:loc xlink:type="locator" xlink:href="cmn.xsd#cmn_TitleOfMemberOfSupervisoryBoard" xlink:label="TitleOfMemberOfSupervisoryBoard" xlink:title="TitleOfMemberOfSupervisoryBoard"/>
    <link:label xlink:type="resource" xlink:label="label_TitleOfMemberOfSupervisoryBoard" xlink:role="http://www.xbrl.org/2003/role/label" xlink:title="label_TitleOfMemberOfSupervisoryBoard" xml:lang="hi" id="label_TitleOfMemberOfSupervisoryBoard">पर्यवेक्षी बोर्ड के सदस्य का औधा</link:label>
    <link:labelArc xlink:type="arc" xlink:arcrole="http://www.xbrl.org/2003/arcrole/concept-label" xlink:from="TitleOfMemberOfSupervisoryBoard" xlink:to="label_TitleOfMemberOfSupervisoryBoard" xlink:title="label: TitleOfMemberOfSupervisoryBoard to label_TitleOfMemberOfSupervisoryBoard"/>
    <link:loc xlink:type="locator" xlink:href="cmn.xsd#cmn_IdentificationOfMemberOfExecutiveBoardDimension" xlink:label="IdentificationOfMemberOfExecutiveBoardDimension" xlink:title="IdentificationOfMemberOfExecutiveBoardDimension"/>
    <link:label xlink:type="resource" xlink:label="label_IdentificationOfMemberOfExecutiveBoardDimension" xlink:role="http://www.xbrl.org/2003/role/label" xlink:title="label_IdentificationOfMemberOfExecutiveBoardDimension" xml:lang="hi" id="label_IdentificationOfMemberOfExecutiveBoardDimension">कार्यकारिणी बोर्ड के सदस्य की पहचान</link:label>
    <link:labelArc xlink:type="arc" xlink:arcrole="http://www.xbrl.org/2003/arcrole/concept-label" xlink:from="IdentificationOfMemberOfExecutiveBoardDimension" xlink:to="label_IdentificationOfMemberOfExecutiveBoardDimension" xlink:title="label: IdentificationOfMemberOfExecutiveBoardDimension to label_IdentificationOfMemberOfExecutiveBoardDimension"/>
    <link:loc xlink:type="locator" xlink:href="cmn.xsd#cmn_IdentificationOfMemberOfSupervisoryBoardDimension" xlink:label="IdentificationOfMemberOfSupervisoryBoardDimension" xlink:title="IdentificationOfMemberOfSupervisoryBoardDimension"/>
    <link:label xlink:type="resource" xlink:label="label_IdentificationOfMemberOfSupervisoryBoardDimension" xlink:role="http://www.xbrl.org/2003/role/label" xlink:title="label_IdentificationOfMemberOfSupervisoryBoardDimension" xml:lang="hi" id="label_IdentificationOfMemberOfSupervisoryBoardDimension">पर्यवेक्षी बोर्ड के सदस्य की पहचान</link:label>
    <link:labelArc xlink:type="arc" xlink:arcrole="http://www.xbrl.org/2003/arcrole/concept-label" xlink:from="IdentificationOfMemberOfSupervisoryBoardDimension" xlink:to="label_IdentificationOfMemberOfSupervisoryBoardDimension" xlink:title="label: IdentificationOfMemberOfSupervisoryBoardDimension to label_IdentificationOfMemberOfSupervisoryBoardDimension"/>
    <link:loc xlink:type="locator" xlink:href="cmn.xsd#cmn_IdentificationOfAuditorDimension" xlink:label="IdentificationOfAuditorDimension" xlink:title="IdentificationOfAuditorDimension"/>
    <link:label xlink:type="resource" xlink:label="label_IdentificationOfAuditorDimension" xlink:role="http://www.xbrl.org/2003/role/label" xlink:title="label_IdentificationOfAuditorDimension" xml:lang="hi" id="label_IdentificationOfAuditorDimension">अंकेक्षक की पहचान</link:label>
    <link:labelArc xlink:type="arc" xlink:arcrole="http://www.xbrl.org/2003/arcrole/concept-label" xlink:from="IdentificationOfAuditorDimension" xlink:to="label_IdentificationOfAuditorDimension" xlink:title="label: IdentificationOfAuditorDimension to label_IdentificationOfAuditorDimension"/>
    <link:loc xlink:type="locator" xlink:href="cmn.xsd#cmn_NameAndSurnameOfAuditor" xlink:label="NameAndSurnameOfAuditor" xlink:title="NameAndSurnameOfAuditor"/>
    <link:label xlink:type="resource" xlink:label="label_NameAndSurnameOfAuditor" xlink:role="http://www.xbrl.org/2003/role/label" xlink:title="label_NameAndSurnameOfAuditor" xml:lang="hi" id="label_NameAndSurnameOfAuditor">अंकेक्षक का प्रथम नाम और उपनाम</link:label>
    <link:labelArc xlink:type="arc" xlink:arcrole="http://www.xbrl.org/2003/arcrole/concept-label" xlink:from="NameAndSurnameOfAuditor" xlink:to="label_NameAndSurnameOfAuditor" xlink:title="label: NameAndSurnameOfAuditor to label_NameAndSurnameOfAuditor"/>
    <link:loc xlink:type="locator" xlink:href="cmn.xsd#cmn_IdentificationNumberCvrOfAuditFirm" xlink:label="IdentificationNumberCvrOfAuditFirm" xlink:title="IdentificationNumberCvrOfAuditFirm"/>
    <link:label xlink:type="resource" xlink:label="label_IdentificationNumberCvrOfAuditFirm" xlink:role="http://www.xbrl.org/2003/role/label" xlink:title="label_IdentificationNumberCvrOfAuditFirm" xml:lang="hi" id="label_IdentificationNumberCvrOfAuditFirm">अंकेक्षण फर्म की पहचान संख्या [सी वी आर] </link:label>
    <link:labelArc xlink:type="arc" xlink:arcrole="http://www.xbrl.org/2003/arcrole/concept-label" xlink:from="IdentificationNumberCvrOfAuditFirm" xlink:to="label_IdentificationNumberCvrOfAuditFirm" xlink:title="label: IdentificationNumberCvrOfAuditFirm to label_IdentificationNumberCvrOfAuditFirm"/>
    <link:loc xlink:type="locator" xlink:href="cmn.xsd#cmn_IdentificationNumberPnrOfAuditFirm" xlink:label="IdentificationNumberPnrOfAuditFirm" xlink:title="IdentificationNumberPnrOfAuditFirm"/>
    <link:label xlink:type="resource" xlink:label="label_IdentificationNumberPnrOfAuditFirm" xlink:role="http://www.xbrl.org/2003/role/label" xlink:title="label_IdentificationNumberPnrOfAuditFirm" xml:lang="hi" id="label_IdentificationNumberPnrOfAuditFirm">अंकेक्षण फर्म की पहचान संख्या [पी एन आर] </link:label>
    <link:labelArc xlink:type="arc" xlink:arcrole="http://www.xbrl.org/2003/arcrole/concept-label" xlink:from="IdentificationNumberPnrOfAuditFirm" xlink:to="label_IdentificationNumberPnrOfAuditFirm" xlink:title="label: IdentificationNumberPnrOfAuditFirm to label_IdentificationNumberPnrOfAuditFirm"/>
    <link:loc xlink:type="locator" xlink:href="cmn.xsd#cmn_NameOfAuditFirm" xlink:label="NameOfAuditFirm" xlink:title="NameOfAuditFirm"/>
    <link:label xlink:type="resource" xlink:label="label_NameOfAuditFirm" xlink:role="http://www.xbrl.org/2003/role/label" xlink:title="label_NameOfAuditFirm" xml:lang="hi" id="label_NameOfAuditFirm">अंकेक्षण फर्म का नाम</link:label>
    <link:labelArc xlink:type="arc" xlink:arcrole="http://www.xbrl.org/2003/arcrole/concept-label" xlink:from="NameOfAuditFirm" xlink:to="label_NameOfAuditFirm" xlink:title="label: NameOfAuditFirm to label_NameOfAuditFirm"/>
    <link:loc xlink:type="locator" xlink:href="cmn.xsd#cmn_DescriptionOfAuditor" xlink:label="DescriptionOfAuditor" xlink:title="DescriptionOfAuditor"/>
    <link:label xlink:type="resource" xlink:label="label_DescriptionOfAuditor" xlink:role="http://www.xbrl.org/2003/role/label" xlink:title="label_DescriptionOfAuditor" xml:lang="hi" id="label_DescriptionOfAuditor">अंकेक्षक का वर्णन</link:label>
    <link:labelArc xlink:type="arc" xlink:arcrole="http://www.xbrl.org/2003/arcrole/concept-label" xlink:from="DescriptionOfAuditor" xlink:to="label_DescriptionOfAuditor" xlink:title="label: DescriptionOfAuditor to label_DescriptionOfAuditor"/>
    <link:loc xlink:type="locator" xlink:href="cmn.xsd#cmn_DescriptionOfMemberOfExecutiveBoard" xlink:label="DescriptionOfMemberOfExecutiveBoard" xlink:title="DescriptionOfMemberOfExecutiveBoard"/>
    <link:label xlink:type="resource" xlink:label="label_DescriptionOfMemberOfExecutiveBoard" xlink:role="http://www.xbrl.org/2003/role/label" xlink:title="label_DescriptionOfMemberOfExecutiveBoard" xml:lang="hi" id="label_DescriptionOfMemberOfExecutiveBoard">कार्यकारिणी बोर्ड के सदस्य का वर्णन</link:label>
    <link:labelArc xlink:type="arc" xlink:arcrole="http://www.xbrl.org/2003/arcrole/concept-label" xlink:from="DescriptionOfMemberOfExecutiveBoard" xlink:to="label_DescriptionOfMemberOfExecutiveBoard" xlink:title="label: DescriptionOfMemberOfExecutiveBoard to label_DescriptionOfMemberOfExecutiveBoard"/>
    <link:loc xlink:type="locator" xlink:href="cmn.xsd#cmn_DescriptionOfMemberOfSupervisoryBoard" xlink:label="DescriptionOfMemberOfSupervisoryBoard" xlink:title="DescriptionOfMemberOfSupervisoryBoard"/>
    <link:label xlink:type="resource" xlink:label="label_DescriptionOfMemberOfSupervisoryBoard" xlink:role="http://www.xbrl.org/2003/role/label" xlink:title="label_DescriptionOfMemberOfSupervisoryBoard" xml:lang="hi" id="label_DescriptionOfMemberOfSupervisoryBoard">पर्यवेक्षी बोर्ड के सदस्य का वर्णन</link:label>
    <link:labelArc xlink:type="arc" xlink:arcrole="http://www.xbrl.org/2003/arcrole/concept-label" xlink:from="DescriptionOfMemberOfSupervisoryBoard" xlink:to="label_DescriptionOfMemberOfSupervisoryBoard" xlink:title="label: DescriptionOfMemberOfSupervisoryBoard to label_DescriptionOfMemberOfSupervisoryBoard"/>
    <link:loc xlink:type="locator" xlink:href="cmn.xsd#cmn_IdentificationOfLiquidatorDimension" xlink:label="IdentificationOfLiquidatorDimension" xlink:title="IdentificationOfLiquidatorDimension"/>
    <link:label xlink:type="resource" xlink:label="label_IdentificationOfLiquidatorDimension" xlink:role="http://www.xbrl.org/2003/role/label" xlink:title="label_IdentificationOfLiquidatorDimension" xml:lang="hi" id="label_IdentificationOfLiquidatorDimension">परिसमापक की पहचान</link:label>
    <link:labelArc xlink:type="arc" xlink:arcrole="http://www.xbrl.org/2003/arcrole/concept-label" xlink:from="IdentificationOfLiquidatorDimension" xlink:to="label_IdentificationOfLiquidatorDimension" xlink:title="label: IdentificationOfLiquidatorDimension to label_IdentificationOfLiquidatorDimension"/>
    <link:loc xlink:type="locator" xlink:href="cmn.xsd#cmn_NameAndSurnameOfLiquidator" xlink:label="NameAndSurnameOfLiquidator" xlink:title="NameAndSurnameOfLiquidator"/>
    <link:label xlink:type="resource" xlink:label="label_NameAndSurnameOfLiquidator" xlink:role="http://www.xbrl.org/2003/role/label" xlink:title="label_NameAndSurnameOfLiquidator" xml:lang="hi" id="label_NameAndSurnameOfLiquidator">परिसमापक का नाम और  उपनाम</link:label>
    <link:labelArc xlink:type="arc" xlink:arcrole="http://www.xbrl.org/2003/arcrole/concept-label" xlink:from="NameAndSurnameOfLiquidator" xlink:to="label_NameAndSurnameOfLiquidator" xlink:title="label: NameAndSurnameOfLiquidator to label_NameAndSurnameOfLiquidator"/>
    <link:loc xlink:type="locator" xlink:href="cmn.xsd#cmn_DescriptionOfLikvidator" xlink:label="DescriptionOfLikvidator" xlink:title="DescriptionOfLikvidator"/>
    <link:label xlink:type="resource" xlink:label="label_DescriptionOfLikvidator" xlink:role="http://www.xbrl.org/2003/role/label" xlink:title="label_DescriptionOfLikvidator" xml:lang="hi" id="label_DescriptionOfLikvidator">परिसमापक का विवरण</link:label>
    <link:labelArc xlink:type="arc" xlink:arcrole="http://www.xbrl.org/2003/arcrole/concept-label" xlink:from="DescriptionOfLikvidator" xlink:to="label_DescriptionOfLikvidator" xlink:title="label: DescriptionOfLikvidator to label_DescriptionOfLikvidator"/>
    <link:loc xlink:type="locator" xlink:href="cmn.xsd#cmn_TitleOfLiquidator" xlink:label="TitleOfLiquidator" xlink:title="TitleOfLiquidator"/>
    <link:label xlink:type="resource" xlink:label="label_TitleOfLiquidator" xlink:role="http://www.xbrl.org/2003/role/label" xlink:title="label_TitleOfLiquidator" xml:lang="hi" id="label_TitleOfLiquidator">परिसमापक का औधा</link:label>
    <link:labelArc xlink:type="arc" xlink:arcrole="http://www.xbrl.org/2003/arcrole/concept-label" xlink:from="TitleOfLiquidator" xlink:to="label_TitleOfLiquidator" xlink:title="label: TitleOfLiquidator to label_TitleOfLiquidator"/>
    <link:loc xlink:type="locator" xlink:href="cmn.xsd#cmn_IdentificationOfPerformerOfInternalAuditDimension" xlink:label="IdentificationOfPerformerOfInternalAuditDimension" xlink:title="IdentificationOfPerformerOfInternalAuditDimension"/>
    <link:label xlink:type="resource" xlink:label="label_IdentificationOfPerformerOfInternalAuditDimension" xlink:role="http://www.xbrl.org/2003/role/label" xlink:title="label_IdentificationOfPerformerOfInternalAuditDimension" xml:lang="hi" id="label_IdentificationOfPerformerOfInternalAuditDimension">आंतरिक अंकेक्षण के कार्यक्रर्ता की पहचान</link:label>
    <link:labelArc xlink:type="arc" xlink:arcrole="http://www.xbrl.org/2003/arcrole/concept-label" xlink:from="IdentificationOfPerformerOfInternalAuditDimension" xlink:to="label_IdentificationOfPerformerOfInternalAuditDimension" xlink:title="label: IdentificationOfPerformerOfInternalAuditDimension to label_IdentificationOfPerformerOfInternalAuditDimension"/>
    <link:loc xlink:type="locator" xlink:href="cmn.xsd#cmn_NameAndSurnameOfPerformerOfInternalAudit" xlink:label="NameAndSurnameOfPerformerOfInternalAudit" xlink:title="NameAndSurnameOfPerformerOfInternalAudit"/>
    <link:label xlink:type="resource" xlink:label="label_NameAndSurnameOfPerformerOfInternalAudit" xlink:role="http://www.xbrl.org/2003/role/label" xlink:title="label_NameAndSurnameOfPerformerOfInternalAudit" xml:lang="hi" id="label_NameAndSurnameOfPerformerOfInternalAudit">आंतरिक अंकेक्षण के कार्यक्रर्ता का प्रथम नाम और उपनाम</link:label>
    <link:labelArc xlink:type="arc" xlink:arcrole="http://www.xbrl.org/2003/arcrole/concept-label" xlink:from="NameAndSurnameOfPerformerOfInternalAudit" xlink:to="label_NameAndSurnameOfPerformerOfInternalAudit" xlink:title="label: NameAndSurnameOfPerformerOfInternalAudit to label_NameAndSurnameOfPerformerOfInternalAudit"/>
    <link:loc xlink:type="locator" xlink:href="cmn.xsd#cmn_DescriptionOfPerformerOfInternalAudit" xlink:label="DescriptionOfPerformerOfInternalAudit" xlink:title="DescriptionOfPerformerOfInternalAudit"/>
    <link:label xlink:type="resource" xlink:label="label_DescriptionOfPerformerOfInternalAudit" xlink:role="http://www.xbrl.org/2003/role/label" xlink:title="label_DescriptionOfPerformerOfInternalAudit" xml:lang="hi" id="label_DescriptionOfPerformerOfInternalAudit">आंतरिक अंकेक्षण के कार्यक्रर्ता का विवरण</link:label>
    <link:labelArc xlink:type="arc" xlink:arcrole="http://www.xbrl.org/2003/arcrole/concept-label" xlink:from="DescriptionOfPerformerOfInternalAudit" xlink:to="label_DescriptionOfPerformerOfInternalAudit" xlink:title="label: DescriptionOfPerformerOfInternalAudit to label_DescriptionOfPerformerOfInternalAudit"/>
    <link:loc xlink:type="locator" xlink:href="cmn.xsd#cmn_TitleOfPerformerOfInternalAudit" xlink:label="TitleOfPerformerOfInternalAudit" xlink:title="TitleOfPerformerOfInternalAudit"/>
    <link:label xlink:type="resource" xlink:label="label_TitleOfPerformerOfInternalAudit" xlink:role="http://www.xbrl.org/2003/role/label" xlink:title="label_TitleOfPerformerOfInternalAudit" xml:lang="hi" id="label_TitleOfPerformerOfInternalAudit">आंतरिक अंकेक्षण के कार्यक्रर्ता का औधा</link:label>
    <link:labelArc xlink:type="arc" xlink:arcrole="http://www.xbrl.org/2003/arcrole/concept-label" xlink:from="TitleOfPerformerOfInternalAudit" xlink:to="label_TitleOfPerformerOfInternalAudit" xlink:title="label: TitleOfPerformerOfInternalAudit to label_TitleOfPerformerOfInternalAudit"/>
    <link:loc xlink:type="locator" xlink:href="cmn.xsd#cmn_IdentificationOfPerformerOfOtherStatementsDimension" xlink:label="IdentificationOfPerformerOfOtherStatementsDimension" xlink:title="IdentificationOfPerformerOfOtherStatementsDimension"/>
    <link:label xlink:type="resource" xlink:label="label_IdentificationOfPerformerOfOtherStatementsDimension" xlink:role="http://www.xbrl.org/2003/role/label" xlink:title="label_IdentificationOfPerformerOfOtherStatementsDimension" xml:lang="hi" id="label_IdentificationOfPerformerOfOtherStatementsDimension">अन्य विवरणों के कार्यक्रर्ता की पहचान</link:label>
    <link:labelArc xlink:type="arc" xlink:arcrole="http://www.xbrl.org/2003/arcrole/concept-label" xlink:from="IdentificationOfPerformerOfOtherStatementsDimension" xlink:to="label_IdentificationOfPerformerOfOtherStatementsDimension" xlink:title="label: IdentificationOfPerformerOfOtherStatementsDimension to label_IdentificationOfPerformerOfOtherStatementsDimension"/>
    <link:loc xlink:type="locator" xlink:href="cmn.xsd#cmn_NameAndSurnameOfPerformerOfOtherStatement" xlink:label="NameAndSurnameOfPerformerOfOtherStatement" xlink:title="NameAndSurnameOfPerformerOfOtherStatement"/>
    <link:label xlink:type="resource" xlink:label="label_NameAndSurnameOfPerformerOfOtherStatement" xlink:role="http://www.xbrl.org/2003/role/label" xlink:title="label_NameAndSurnameOfPerformerOfOtherStatement" xml:lang="hi" id="label_NameAndSurnameOfPerformerOfOtherStatement">अन्य विवरण के कार्यक्रर्ता का नाम और उपनाम</link:label>
    <link:labelArc xlink:type="arc" xlink:arcrole="http://www.xbrl.org/2003/arcrole/concept-label" xlink:from="NameAndSurnameOfPerformerOfOtherStatement" xlink:to="label_NameAndSurnameOfPerformerOfOtherStatement" xlink:title="label: NameAndSurnameOfPerformerOfOtherStatement to label_NameAndSurnameOfPerformerOfOtherStatement"/>
    <link:loc xlink:type="locator" xlink:href="cmn.xsd#cmn_IdentificationNumberCvrOfPerformerOfOtherStatement" xlink:label="IdentificationNumberCvrOfPerformerOfOtherStatement" xlink:title="IdentificationNumberCvrOfPerformerOfOtherStatement"/>
    <link:label xlink:type="resource" xlink:label="label_IdentificationNumberCvrOfPerformerOfOtherStatement" xlink:role="http://www.xbrl.org/2003/role/label" xlink:title="label_IdentificationNumberCvrOfPerformerOfOtherStatement" xml:lang="hi" id="label_IdentificationNumberCvrOfPerformerOfOtherStatement">अन्य विवरण के कार्यक्रर्ता की पहचान संख्या [सी वी आर]</link:label>
    <link:labelArc xlink:type="arc" xlink:arcrole="http://www.xbrl.org/2003/arcrole/concept-label" xlink:from="IdentificationNumberCvrOfPerformerOfOtherStatement" xlink:to="label_IdentificationNumberCvrOfPerformerOfOtherStatement" xlink:title="label: IdentificationNumberCvrOfPerformerOfOtherStatement to label_IdentificationNumberCvrOfPerformerOfOtherStatement"/>
    <link:loc xlink:type="locator" xlink:href="cmn.xsd#cmn_NameOfFirmperformingOtherStatement" xlink:label="NameOfFirmperformingOtherStatement" xlink:title="NameOfFirmperformingOtherStatement"/>
    <link:label xlink:type="resource" xlink:label="label_NameOfFirmperformingOtherStatement" xlink:role="http://www.xbrl.org/2003/role/label" xlink:title="label_NameOfFirmperformingOtherStatement" xml:lang="hi" id="label_NameOfFirmperformingOtherStatement">अन्य विवरण कार्यक्रर्ता फर्म का नाम</link:label>
    <link:labelArc xlink:type="arc" xlink:arcrole="http://www.xbrl.org/2003/arcrole/concept-label" xlink:from="NameOfFirmperformingOtherStatement" xlink:to="label_NameOfFirmperformingOtherStatement" xlink:title="label: NameOfFirmperformingOtherStatement to label_NameOfFirmperformingOtherStatement"/>
    <link:loc xlink:type="locator" xlink:href="cmn.xsd#cmn_DescriptionOfPerformerOfOtherStatement" xlink:label="DescriptionOfPerformerOfOtherStatement" xlink:title="DescriptionOfPerformerOfOtherStatement"/>
    <link:label xlink:type="resource" xlink:label="label_DescriptionOfPerformerOfOtherStatement" xlink:role="http://www.xbrl.org/2003/role/label" xlink:title="label_DescriptionOfPerformerOfOtherStatement" xml:lang="hi" id="label_DescriptionOfPerformerOfOtherStatement">अन्य विवरण के कार्यक्रर्ता का वर्णन</link:label>
    <link:labelArc xlink:type="arc" xlink:arcrole="http://www.xbrl.org/2003/arcrole/concept-label" xlink:from="DescriptionOfPerformerOfOtherStatement" xlink:to="label_DescriptionOfPerformerOfOtherStatement" xlink:title="label: DescriptionOfPerformerOfOtherStatement to label_DescriptionOfPerformerOfOtherStatement"/>
    <link:loc xlink:type="locator" xlink:href="cmn.xsd#cmn_TitleOfPerformerOfOtherStatements" xlink:label="TitleOfPerformerOfOtherStatements" xlink:title="TitleOfPerformerOfOtherStatements"/>
    <link:label xlink:type="resource" xlink:label="label_TitleOfPerformerOfOtherStatements" xlink:role="http://www.xbrl.org/2003/role/label" xlink:title="label_TitleOfPerformerOfOtherStatements" xml:lang="hi" id="label_TitleOfPerformerOfOtherStatements">अन्य विवरण के कार्यक्रर्ता का औधा</link:label>
    <link:labelArc xlink:type="arc" xlink:arcrole="http://www.xbrl.org/2003/arcrole/concept-label" xlink:from="TitleOfPerformerOfOtherStatements" xlink:to="label_TitleOfPerformerOfOtherStatements" xlink:title="label: TitleOfPerformerOfOtherStatements to label_TitleOfPerformerOfOtherStatements"/>
    <link:loc xlink:type="locator" xlink:href="cmn.xsd#cmn_TypeOfAuditorDimension" xlink:label="TypeOfAuditorDimension" xlink:title="TypeOfAuditorDimension"/>
    <link:label xlink:type="resource" xlink:label="label_TypeOfAuditorDimension" xlink:role="http://www.xbrl.org/2003/role/label" xlink:title="label_TypeOfAuditorDimension" xml:lang="hi" id="label_TypeOfAuditorDimension">अंकेक्षक के प्रकार</link:label>
    <link:labelArc xlink:type="arc" xlink:arcrole="http://www.xbrl.org/2003/arcrole/concept-label" xlink:from="TypeOfAuditorDimension" xlink:to="label_TypeOfAuditorDimension" xlink:title="label: TypeOfAuditorDimension to label_TypeOfAuditorDimension"/>
    <link:loc xlink:type="locator" xlink:href="cmn.xsd#cmn_AllAuditorsMember" xlink:label="AllAuditorsMember" xlink:title="AllAuditorsMember"/>
    <link:label xlink:type="resource" xlink:label="label_AllAuditorsMember" xlink:role="http://www.xbrl.org/2003/role/label" xlink:title="label_AllAuditorsMember" xml:lang="hi" id="label_AllAuditorsMember">सभी अंकेक्षकों </link:label>
    <link:labelArc xlink:type="arc" xlink:arcrole="http://www.xbrl.org/2003/arcrole/concept-label" xlink:from="AllAuditorsMember" xlink:to="label_AllAuditorsMember" xlink:title="label: AllAuditorsMember to label_AllAuditorsMember"/>
    <link:loc xlink:type="locator" xlink:href="cmn.xsd#cmn_AuditorNotIncludedInAuditorsReportsMember" xlink:label="AuditorNotIncludedInAuditorsReportsMember" xlink:title="AuditorNotIncludedInAuditorsReportsMember"/>
    <link:label xlink:type="resource" xlink:label="label_AuditorNotIncludedInAuditorsReportsMember" xlink:role="http://www.xbrl.org/2003/role/label" xlink:title="label_AuditorNotIncludedInAuditorsReportsMember" xml:lang="hi" id="label_AuditorNotIncludedInAuditorsReportsMember">अंकेक्षक [101 ] अंकेक्षक की रिपोर्ट में शामिल नहीं</link:label>
    <link:labelArc xlink:type="arc" xlink:arcrole="http://www.xbrl.org/2003/arcrole/concept-label" xlink:from="AuditorNotIncludedInAuditorsReportsMember" xlink:to="label_AuditorNotIncludedInAuditorsReportsMember" xlink:title="label: AuditorNotIncludedInAuditorsReportsMember to label_AuditorNotIncludedInAuditorsReportsMember"/>
    <link:loc xlink:type="locator" xlink:href="cmn.xsd#cmn_TypeOfAuditorAssistance" xlink:label="TypeOfAuditorAssistance" xlink:title="TypeOfAuditorAssistance"/>
    <link:label xlink:type="resource" xlink:label="label_TypeOfAuditorAssistance" xlink:role="http://www.xbrl.org/2003/role/label" xlink:title="label_TypeOfAuditorAssistance" xml:lang="hi" id="label_TypeOfAuditorAssistance">अंकेक्षक सहायता के प्रकार</link:label>
    <link:labelArc xlink:type="arc" xlink:arcrole="http://www.xbrl.org/2003/arcrole/concept-label" xlink:from="TypeOfAuditorAssistance" xlink:to="label_TypeOfAuditorAssistance" xlink:title="label: TypeOfAuditorAssistance to label_TypeOfAuditorAssistance"/>
    <link:loc xlink:type="locator" xlink:href="cmn.xsd#cmn_TypeOfParticipantDimension" xlink:label="TypeOfParticipantDimension" xlink:title="TypeOfParticipantDimension"/>
    <link:label xlink:type="resource" xlink:label="label_TypeOfParticipantDimension" xlink:role="http://www.xbrl.org/2003/role/label" xlink:title="label_TypeOfParticipantDimension" xml:lang="hi" id="label_TypeOfParticipantDimension">प्रतिभागी के प्रकार</link:label>
    <link:labelArc xlink:type="arc" xlink:arcrole="http://www.xbrl.org/2003/arcrole/concept-label" xlink:from="TypeOfParticipantDimension" xlink:to="label_TypeOfParticipantDimension" xlink:title="label: TypeOfParticipantDimension to label_TypeOfParticipantDimension"/>
    <link:loc xlink:type="locator" xlink:href="cmn.xsd#cmn_AllParticipantsMember" xlink:label="AllParticipantsMember" xlink:title="AllParticipantsMember"/>
    <link:label xlink:type="resource" xlink:label="label_AllParticipantsMember" xlink:role="http://www.xbrl.org/2003/role/label" xlink:title="label_AllParticipantsMember" xml:lang="hi" id="label_AllParticipantsMember">सभी प्रतिभागियों</link:label>
    <link:labelArc xlink:type="arc" xlink:arcrole="http://www.xbrl.org/2003/arcrole/concept-label" xlink:from="AllParticipantsMember" xlink:to="label_AllParticipantsMember" xlink:title="label: AllParticipantsMember to label_AllParticipantsMember"/>
    <link:loc xlink:type="locator" xlink:href="cmn.xsd#cmn_ParticipantsNotPartOfRegisteredManagementMember" xlink:label="ParticipantsNotPartOfRegisteredManagementMember" xlink:title="ParticipantsNotPartOfRegisteredManagementMember"/>
    <link:label xlink:type="resource" xlink:label="label_ParticipantsNotPartOfRegisteredManagementMember" xlink:role="http://www.xbrl.org/2003/role/label" xlink:title="label_ParticipantsNotPartOfRegisteredManagementMember" xml:lang="hi" id="label_ParticipantsNotPartOfRegisteredManagementMember">प्रतिभागी पंजीकृत प्रबंधन के हिस्सा नहीं</link:label>
    <link:labelArc xlink:type="arc" xlink:arcrole="http://www.xbrl.org/2003/arcrole/concept-label" xlink:from="ParticipantsNotPartOfRegisteredManagementMember" xlink:to="label_ParticipantsNotPartOfRegisteredManagementMember" xlink:title="label: ParticipantsNotPartOfRegisteredManagementMember to label_ParticipantsNotPartOfRegisteredManagementMember"/>
    <link:loc xlink:type="locator" xlink:href="cmn.xsd#cmn_IdentificationOfReportingEntitySecondaryNameDimension" xlink:label="IdentificationOfReportingEntitySecondaryNameDimension" xlink:title="IdentificationOfReportingEntitySecondaryNameDimension"/>
    <link:label xlink:type="resource" xlink:label="label_IdentificationOfReportingEntitySecondaryNameDimension" xlink:role="http://www.xbrl.org/2003/role/label" xlink:title="label_IdentificationOfReportingEntitySecondaryNameDimension" xml:lang="hi" id="label_IdentificationOfReportingEntitySecondaryNameDimension">रिपोर्टिंग संस्था के दूसरे नाम  की पहचान</link:label>
    <link:labelArc xlink:type="arc" xlink:arcrole="http://www.xbrl.org/2003/arcrole/concept-label" xlink:from="IdentificationOfReportingEntitySecondaryNameDimension" xlink:to="label_IdentificationOfReportingEntitySecondaryNameDimension" xlink:title="label: IdentificationOfReportingEntitySecondaryNameDimension to label_IdentificationOfReportingEntitySecondaryNameDimension"/>
    <link:loc xlink:type="locator" xlink:href="cmn.xsd#cmn_StatementOfGoodManagementConcerningFoundation" xlink:label="StatementOfGoodManagementConcerningFoundation" xlink:title="StatementOfGoodManagementConcerningFoundation"/>
    <link:label xlink:type="resource" xlink:label="label_StatementOfGoodManagementConcerningFoundation_8" xlink:role="http://www.xbrl.org/2003/role/label" xlink:title="label_StatementOfGoodManagementConcerningFoundation" xml:lang="hi" id="label_StatementOfGoodManagementConcerningFoundation_8">प्रतिष्ठान से संबंधित अच्छे प्रबंधन के विवरण</link:label>
    <link:labelArc xlink:type="arc" xlink:arcrole="http://www.xbrl.org/2003/arcrole/concept-label" xlink:from="StatementOfGoodManagementConcerningFoundation" xlink:to="label_StatementOfGoodManagementConcerningFoundation_8" xlink:title="label: StatementOfGoodManagementConcerningFoundation to label_StatementOfGoodManagementConcerningFoundation"/>
    <link:loc xlink:type="locator" xlink:href="cmn.xsd#cmn_LinkToStatementOfGoodManagementConcerningFoundation" xlink:label="LinkToStatementOfGoodManagementConcerningFoundation" xlink:title="LinkToStatementOfGoodManagementConcerningFoundation"/>
    <link:label xlink:type="resource" xlink:label="label_LinkToStatementOfGoodManagementConcerningFoundation_8" xlink:role="http://www.xbrl.org/2003/role/label" xlink:title="label_LinkToStatementOfGoodManagementConcerningFoundation" xml:lang="hi" id="label_LinkToStatementOfGoodManagementConcerningFoundation_8">प्रतिष्ठान से संबंधित अच्छे प्रबंधन के विवरण का लिंक</link:label>
    <link:labelArc xlink:type="arc" xlink:arcrole="http://www.xbrl.org/2003/arcrole/concept-label" xlink:from="LinkToStatementOfGoodManagementConcerningFoundation" xlink:to="label_LinkToStatementOfGoodManagementConcerningFoundation_8" xlink:title="label: LinkToStatementOfGoodManagementConcerningFoundation to label_LinkToStatementOfGoodManagementConcerningFoundation"/>
    <link:loc xlink:type="locator" xlink:href="cmn.xsd#cmn_StatementOfTheFoundationsDistributionPolicy" xlink:label="StatementOfTheFoundationsDistributionPolicy" xlink:title="StatementOfTheFoundationsDistributionPolicy"/>
    <link:label xlink:type="resource" xlink:label="label_StatementOfTheFoundationsDistributionPolicy_8" xlink:role="http://www.xbrl.org/2003/role/label" xlink:title="label_StatementOfTheFoundationsDistributionPolicy" xml:lang="hi" id="label_StatementOfTheFoundationsDistributionPolicy_8">प्रतिष्ठान की वितरण नीति का विवरण</link:label>
    <link:labelArc xlink:type="arc" xlink:arcrole="http://www.xbrl.org/2003/arcrole/concept-label" xlink:from="StatementOfTheFoundationsDistributionPolicy" xlink:to="label_StatementOfTheFoundationsDistributionPolicy_8" xlink:title="label: StatementOfTheFoundationsDistributionPolicy to label_StatementOfTheFoundationsDistributionPolicy"/>
    <link:loc xlink:type="locator" xlink:href="cmn.xsd#cmn_LinkToStatementOfTheFoundationsDistributionPolicy" xlink:label="LinkToStatementOfTheFoundationsDistributionPolicy" xlink:title="LinkToStatementOfTheFoundationsDistributionPolicy"/>
    <link:label xlink:type="resource" xlink:label="label_LinkToStatementOfTheFoundationsDistributionPolicy_8" xlink:role="http://www.xbrl.org/2003/role/label" xlink:title="label_LinkToStatementOfTheFoundationsDistributionPolicy" xml:lang="hi" id="label_LinkToStatementOfTheFoundationsDistributionPolicy_8">प्रतिष्ठान की वितरण नीति के विवरण से संबंधित लिंक</link:label>
    <link:labelArc xlink:type="arc" xlink:arcrole="http://www.xbrl.org/2003/arcrole/concept-label" xlink:from="LinkToStatementOfTheFoundationsDistributionPolicy" xlink:to="label_LinkToStatementOfTheFoundationsDistributionPolicy_8" xlink:title="label: LinkToStatementOfTheFoundationsDistributionPolicy to label_LinkToStatementOfTheFoundationsDistributionPolicy"/>
    <link:loc xlink:type="locator" xlink:href="cmn.xsd#cmn_IdentificationNumberOfAuditor" xlink:label="IdentificationNumberOfAuditor" xlink:title="IdentificationNumberOfAuditor"/>
    <link:label xlink:type="resource" xlink:label="label_IdentificationNumberOfAuditor_8" xlink:role="http://www.xbrl.org/2003/role/label" xlink:title="label_IdentificationNumberOfAuditor" xml:lang="hi" id="label_IdentificationNumberOfAuditor_8">अंकेक्षक का पहचान नंबर</link:label>
    <link:labelArc xlink:type="arc" xlink:arcrole="http://www.xbrl.org/2003/arcrole/concept-label" xlink:from="IdentificationNumberOfAuditor" xlink:to="label_IdentificationNumberOfAuditor_8" xlink:title="label: IdentificationNumberOfAuditor to label_IdentificationNumberOfAuditor"/>
    <link:loc xlink:type="locator" xlink:href="cmn.xsd#cmn_LegalEntityIdentifierOfAuditFirm" xlink:label="LegalEntityIdentifierOfAuditFirm" xlink:title="LegalEntityIdentifierOfAuditFirm"/>
    <link:label xlink:type="resource" xlink:label="label_LegalEntityIdentifierOfAuditFirm_8" xlink:role="http://www.xbrl.org/2003/role/label" xlink:title="label_LegalEntityIdentifierOfAuditFirm" xml:lang="hi" id="label_LegalEntityIdentifierOfAuditFirm_8">लेखा परीक्षण फर्म का कानूनी संस्था अभिज्ञापक [LEI]</link:label>
    <link:labelArc xlink:type="arc" xlink:arcrole="http://www.xbrl.org/2003/arcrole/concept-label" xlink:from="LegalEntityIdentifierOfAuditFirm" xlink:to="label_LegalEntityIdentifierOfAuditFirm_8" xlink:title="label: LegalEntityIdentifierOfAuditFirm to label_LegalEntityIdentifierOfAuditFirm"/>
    <link:loc xlink:type="locator" xlink:href="cmn.xsd#cmn_LegalEntityIdentifierOfPerformerOfOtherStatement" xlink:label="LegalEntityIdentifierOfPerformerOfOtherStatement" xlink:title="LegalEntityIdentifierOfPerformerOfOtherStatement"/>
    <link:label xlink:type="resource" xlink:label="label_LegalEntityIdentifierOfPerformerOfOtherStatement_8" xlink:role="http://www.xbrl.org/2003/role/label" xlink:title="label_LegalEntityIdentifierOfPerformerOfOtherStatement" xml:lang="hi" id="label_LegalEntityIdentifierOfPerformerOfOtherStatement_8">अन्य आश्वासन नियुक्ति के प्रदर्शक का कानूनी संस्था अभिज्ञापक [LEI] </link:label>
    <link:labelArc xlink:type="arc" xlink:arcrole="http://www.xbrl.org/2003/arcrole/concept-label" xlink:from="LegalEntityIdentifierOfPerformerOfOtherStatement" xlink:to="label_LegalEntityIdentifierOfPerformerOfOtherStatement_8" xlink:title="label: LegalEntityIdentifierOfPerformerOfOtherStatement to label_LegalEntityIdentifierOfPerformerOfOtherStatement"/>
    <link:loc xlink:type="locator" xlink:href="cmn.xsd#cmn_IdentificationOfMemberOfSupervisoryCommitteeDimension" xlink:label="copyOfIdentificationOfLiquidatorDimension" xlink:title="copyOfIdentificationOfLiquidatorDimension"/>
    <link:label xlink:type="resource" xlink:label="label_IdentificationOfMemberOfSupervisoryCommitteeDimension_8" xlink:role="http://www.xbrl.org/2003/role/label" xlink:title="label_IdentificationOfMemberOfSupervisoryCommitteeDimension" xml:lang="hi" id="label_IdentificationOfMemberOfSupervisoryCommitteeDimension_8">पर्यवेक्षी कमेटी के सदस्य की पहचान</link:label>
    <link:labelArc xlink:type="arc" xlink:arcrole="http://www.xbrl.org/2003/arcrole/concept-label" xlink:from="copyOfIdentificationOfLiquidatorDimension" xlink:to="label_IdentificationOfMemberOfSupervisoryCommitteeDimension_8" xlink:title="label: IdentificationOfMemberOfSupervisoryCommitteeDimension to label_IdentificationOfMemberOfSupervisoryCommitteeDimension"/>
  </link:labelLink>
</link:linkbase>
