<?xml version="1.0" encoding="UTF-8"?>
<!-- Generated by Fujitsu Interstage XWand B0251T -->
<link:linkbase xmlns:xsi="http://www.w3.org/2001/XMLSchema-instance" xsi:schemaLocation="http://www.xbrl.org/2003/linkbase http://www.xbrl.org/2003/xbrl-linkbase-2003-12-31.xsd" xmlns:esg="http://xbrl.dcca.dk/esg" xmlns:tax="http://xbrl.dcca.dk/tax" xmlns:tch="http://xbrl.dcca.dk/tch" xmlns:gen="http://xbrl.org/2008/generic" xmlns:ref="http://www.xbrl.org/2006/ref" xmlns:xbrldt="http://xbrl.org/2005/xbrldt" xmlns:nonnum="http://www.xbrl.org/dtr/type/non-numeric" xmlns:xl="http://www.xbrl.org/2003/XLink" xmlns:gsd="http://xbrl.dcca.dk/gsd" xmlns:dst="http://xbrl.dcca.dk/dst" xmlns:xsd="http://www.w3.org/2001/XMLSchema" xmlns:link="http://www.xbrl.org/2003/linkbase" xmlns:num="http://www.xbrl.org/dtr/type/numeric" xmlns:xlink="http://www.w3.org/1999/xlink" xmlns:fsa="http://xbrl.dcca.dk/fsa" xmlns:cmn="http://xbrl.dcca.dk/cmn" xmlns:label="http://xbrl.org/2008/label" xmlns:mrv="http://xbrl.dcca.dk/mrv" xmlns:xbrli="http://www.xbrl.org/2003/instance">
  <link:labelLink xlink:type="extended" xlink:role="http://www.xbrl.org/2003/role/link">
    <link:loc xlink:type="locator" xlink:href="esg.xsd#esg_EnvironmentSocialAndGovernanceDataAbstract" xlink:label="EnvironmentSocialAndGovernanceDataAbstract" xlink:title="EnvironmentSocialAndGovernanceDataAbstract"/>
    <link:label xlink:type="resource" xlink:label="label_EnvironmentSocialAndGovernanceDataAbstract_4" xlink:role="http://www.xbrl.org/2003/role/label" xlink:title="label_EnvironmentSocialAndGovernanceDataAbstract" xml:lang="ru" id="label_EnvironmentSocialAndGovernanceDataAbstract_4">Окружающая среда, социальные данные и данные руководства</link:label>
    <link:labelArc xlink:type="arc" xlink:arcrole="http://www.xbrl.org/2003/arcrole/concept-label" xlink:from="EnvironmentSocialAndGovernanceDataAbstract" xlink:to="label_EnvironmentSocialAndGovernanceDataAbstract_4" xlink:title="label: EnvironmentSocialAndGovernanceDataAbstract to label_EnvironmentSocialAndGovernanceDataAbstract"/>
    <link:loc xlink:type="locator" xlink:href="esg.xsd#esg_EnviromentDataAbstract" xlink:label="EnviromentDataAbstract" xlink:title="EnviromentDataAbstract"/>
    <link:label xlink:type="resource" xlink:label="label_EnviromentDataAbstract_4" xlink:role="http://www.xbrl.org/2003/role/label" xlink:title="label_EnviromentDataAbstract" xml:lang="ru" id="label_EnviromentDataAbstract_4">Данные об окружающей среде</link:label>
    <link:labelArc xlink:type="arc" xlink:arcrole="http://www.xbrl.org/2003/arcrole/concept-label" xlink:from="EnviromentDataAbstract" xlink:to="label_EnviromentDataAbstract_4" xlink:title="label: EnviromentDataAbstract to label_EnviromentDataAbstract"/>
    <link:loc xlink:type="locator" xlink:href="esg.xsd#esg_SocialDataAbstract" xlink:label="SocialDataAbstract" xlink:title="SocialDataAbstract"/>
    <link:label xlink:type="resource" xlink:label="label_SocialDataAbstract_4" xlink:role="http://www.xbrl.org/2003/role/label" xlink:title="label_SocialDataAbstract" xml:lang="ru" id="label_SocialDataAbstract_4">Социальные данные</link:label>
    <link:labelArc xlink:type="arc" xlink:arcrole="http://www.xbrl.org/2003/arcrole/concept-label" xlink:from="SocialDataAbstract" xlink:to="label_SocialDataAbstract_4" xlink:title="label: SocialDataAbstract to label_SocialDataAbstract"/>
    <link:loc xlink:type="locator" xlink:href="esg.xsd#esg_GovernanceDataAbstract" xlink:label="GovernanceDataAbstract" xlink:title="GovernanceDataAbstract"/>
    <link:label xlink:type="resource" xlink:label="label_GovernanceDataAbstract_4" xlink:role="http://www.xbrl.org/2003/role/label" xlink:title="label_GovernanceDataAbstract" xml:lang="ru" id="label_GovernanceDataAbstract_4">Данные руководства</link:label>
    <link:labelArc xlink:type="arc" xlink:arcrole="http://www.xbrl.org/2003/arcrole/concept-label" xlink:from="GovernanceDataAbstract" xlink:to="label_GovernanceDataAbstract_4" xlink:title="label: GovernanceDataAbstract to label_GovernanceDataAbstract"/>
    <link:loc xlink:type="locator" xlink:href="esg.xsd#esg_Co2AbsoluteScope1EmissionEnviromentData" xlink:label="Co2AbsoluteScope1EmissionEnviromentData" xlink:title="Co2AbsoluteScope1EmissionEnviromentData"/>
    <link:label xlink:type="resource" xlink:label="label_Co2AbsoluteScope1EmissionEnviromentData_4" xlink:role="http://www.xbrl.org/2003/role/label" xlink:title="label_Co2AbsoluteScope1EmissionEnviromentData" xml:lang="ru" id="label_Co2AbsoluteScope1EmissionEnviromentData_4">Выбросы CO2 в абсолютном масштабе 1 [данные об окружающей среде]</link:label>
    <link:labelArc xlink:type="arc" xlink:arcrole="http://www.xbrl.org/2003/arcrole/concept-label" xlink:from="Co2AbsoluteScope1EmissionEnviromentData" xlink:to="label_Co2AbsoluteScope1EmissionEnviromentData_4" xlink:title="label: Co2AbsoluteScope1EmissionEnviromentData to label_Co2AbsoluteScope1EmissionEnviromentData"/>
    <link:loc xlink:type="locator" xlink:href="esg.xsd#esg_Co2AbsoluteScope2EmissionEnviromentData" xlink:label="Co2AbsoluteScope2EmissionEnviromentData" xlink:title="Co2AbsoluteScope2EmissionEnviromentData"/>
    <link:label xlink:type="resource" xlink:label="label_Co2AbsoluteScope2EmissionEnviromentData_4" xlink:role="http://www.xbrl.org/2003/role/label" xlink:title="label_Co2AbsoluteScope2EmissionEnviromentData" xml:lang="ru" id="label_Co2AbsoluteScope2EmissionEnviromentData_4">Выбросы CO2 в абсолютном масштабе 2 [данные об окружающей среде]</link:label>
    <link:labelArc xlink:type="arc" xlink:arcrole="http://www.xbrl.org/2003/arcrole/concept-label" xlink:from="Co2AbsoluteScope2EmissionEnviromentData" xlink:to="label_Co2AbsoluteScope2EmissionEnviromentData_4" xlink:title="label: Co2AbsoluteScope2EmissionEnviromentData to label_Co2AbsoluteScope2EmissionEnviromentData"/>
    <link:loc xlink:type="locator" xlink:href="esg.xsd#esg_Co2AbsoluteScope3EmissionEnviromentData" xlink:label="Co2AbsoluteScope3EmissionEnviromentData" xlink:title="Co2AbsoluteScope3EmissionEnviromentData"/>
    <link:label xlink:type="resource" xlink:label="label_Co2AbsoluteScope3EmissionEnviromentData_4" xlink:role="http://www.xbrl.org/2003/role/label" xlink:title="label_Co2AbsoluteScope3EmissionEnviromentData" xml:lang="ru" id="label_Co2AbsoluteScope3EmissionEnviromentData_4">Выбросы CO2 в абсолютном масштабе 3 [данные об окружающей среде]</link:label>
    <link:labelArc xlink:type="arc" xlink:arcrole="http://www.xbrl.org/2003/arcrole/concept-label" xlink:from="Co2AbsoluteScope3EmissionEnviromentData" xlink:to="label_Co2AbsoluteScope3EmissionEnviromentData_4" xlink:title="label: Co2AbsoluteScope3EmissionEnviromentData to label_Co2AbsoluteScope3EmissionEnviromentData"/>
    <link:loc xlink:type="locator" xlink:href="esg.xsd#esg_Co2TotalEnviromentData" xlink:label="Co2TotalEnviromentData" xlink:title="Co2TotalEnviromentData"/>
    <link:label xlink:type="resource" xlink:label="label_Co2TotalEnviromentData_4" xlink:role="http://www.xbrl.org/2003/role/label" xlink:title="label_Co2TotalEnviromentData" xml:lang="ru" id="label_Co2TotalEnviromentData_4">CO2, всего [данные об окружающей среде]</link:label>
    <link:labelArc xlink:type="arc" xlink:arcrole="http://www.xbrl.org/2003/arcrole/concept-label" xlink:from="Co2TotalEnviromentData" xlink:to="label_Co2TotalEnviromentData_4" xlink:title="label: Co2TotalEnviromentData to label_Co2TotalEnviromentData"/>
    <link:loc xlink:type="locator" xlink:href="esg.xsd#esg_CarbonIntensityEnviromentData" xlink:label="CarbonIntensityEnviromentData" xlink:title="CarbonIntensityEnviromentData"/>
    <link:label xlink:type="resource" xlink:label="label_CarbonIntensityEnviromentData_4" xlink:role="http://www.xbrl.org/2003/role/label" xlink:title="label_CarbonIntensityEnviromentData" xml:lang="ru" id="label_CarbonIntensityEnviromentData_4">Интенсивность углеродных выбросов [данные об окружающей среде]</link:label>
    <link:labelArc xlink:type="arc" xlink:arcrole="http://www.xbrl.org/2003/arcrole/concept-label" xlink:from="CarbonIntensityEnviromentData" xlink:to="label_CarbonIntensityEnviromentData_4" xlink:title="label: CarbonIntensityEnviromentData to label_CarbonIntensityEnviromentData"/>
    <link:loc xlink:type="locator" xlink:href="esg.xsd#esg_EnergyConsumptionEnviromentData" xlink:label="EnergyConsumptionEnviromentData" xlink:title="EnergyConsumptionEnviromentData"/>
    <link:label xlink:type="resource" xlink:label="label_EnergyConsumptionEnviromentData_4" xlink:role="http://www.xbrl.org/2003/role/label" xlink:title="label_EnergyConsumptionEnviromentData" xml:lang="ru" id="label_EnergyConsumptionEnviromentData_4">Энергопотребление [данные об окружающей среде]</link:label>
    <link:labelArc xlink:type="arc" xlink:arcrole="http://www.xbrl.org/2003/arcrole/concept-label" xlink:from="EnergyConsumptionEnviromentData" xlink:to="label_EnergyConsumptionEnviromentData_4" xlink:title="label: EnergyConsumptionEnviromentData to label_EnergyConsumptionEnviromentData"/>
    <link:loc xlink:type="locator" xlink:href="esg.xsd#esg_EnergyIntensityEnviromentData" xlink:label="EnergyIntensityEnviromentData" xlink:title="EnergyIntensityEnviromentData"/>
    <link:label xlink:type="resource" xlink:label="label_EnergyIntensityEnviromentData_4" xlink:role="http://www.xbrl.org/2003/role/label" xlink:title="label_EnergyIntensityEnviromentData" xml:lang="ru" id="label_EnergyIntensityEnviromentData_4">Интенсивность расхода энергии [данные об окружающей среде]</link:label>
    <link:labelArc xlink:type="arc" xlink:arcrole="http://www.xbrl.org/2003/arcrole/concept-label" xlink:from="EnergyIntensityEnviromentData" xlink:to="label_EnergyIntensityEnviromentData_4" xlink:title="label: EnergyIntensityEnviromentData to label_EnergyIntensityEnviromentData"/>
    <link:loc xlink:type="locator" xlink:href="esg.xsd#esg_ShareOfRenewableEnergyEnviromentData" xlink:label="ShareOfRenewableEnergyEnviromentData" xlink:title="ShareOfRenewableEnergyEnviromentData"/>
    <link:label xlink:type="resource" xlink:label="label_ShareOfRenewableEnergyEnviromentData_4" xlink:role="http://www.xbrl.org/2003/role/label" xlink:title="label_ShareOfRenewableEnergyEnviromentData" xml:lang="ru" id="label_ShareOfRenewableEnergyEnviromentData_4">Доля возобновляемых источников энергии [данные об окружающей среде]</link:label>
    <link:labelArc xlink:type="arc" xlink:arcrole="http://www.xbrl.org/2003/arcrole/concept-label" xlink:from="ShareOfRenewableEnergyEnviromentData" xlink:to="label_ShareOfRenewableEnergyEnviromentData_4" xlink:title="label: ShareOfRenewableEnergyEnviromentData to label_ShareOfRenewableEnergyEnviromentData"/>
    <link:loc xlink:type="locator" xlink:href="esg.xsd#esg_WaterConsumptionEnviromentData" xlink:label="WaterConsumptionEnviromentData" xlink:title="WaterConsumptionEnviromentData"/>
    <link:label xlink:type="resource" xlink:label="label_WaterConsumptionEnviromentData_4" xlink:role="http://www.xbrl.org/2003/role/label" xlink:title="label_WaterConsumptionEnviromentData" xml:lang="ru" id="label_WaterConsumptionEnviromentData_4">Расход воды [данные об окружающей среде]</link:label>
    <link:labelArc xlink:type="arc" xlink:arcrole="http://www.xbrl.org/2003/arcrole/concept-label" xlink:from="WaterConsumptionEnviromentData" xlink:to="label_WaterConsumptionEnviromentData_4" xlink:title="label: WaterConsumptionEnviromentData to label_WaterConsumptionEnviromentData"/>
    <link:loc xlink:type="locator" xlink:href="esg.xsd#esg_SicknessAbsenceSSocialeData" xlink:label="SicknessAbsenceSSocialeData" xlink:title="SicknessAbsenceSSocialeData"/>
    <link:label xlink:type="resource" xlink:label="label_SicknessAbsenceSSocialeData_4" xlink:role="http://www.xbrl.org/2003/role/label" xlink:title="label_SicknessAbsenceSSocialeData" xml:lang="ru" id="label_SicknessAbsenceSSocialeData_4">Отсутствие по болезни [S — социальные данные]</link:label>
    <link:labelArc xlink:type="arc" xlink:arcrole="http://www.xbrl.org/2003/arcrole/concept-label" xlink:from="SicknessAbsenceSSocialeData" xlink:to="label_SicknessAbsenceSSocialeData_4" xlink:title="label: SicknessAbsenceSSocialeData to label_SicknessAbsenceSSocialeData"/>
    <link:loc xlink:type="locator" xlink:href="esg.xsd#esg_LostTimeInjuryFrequencySSocialeData" xlink:label="LostTimeInjuryFrequencySSocialeData" xlink:title="LostTimeInjuryFrequencySSocialeData"/>
    <link:label xlink:type="resource" xlink:label="label_LostTimeInjuryFrequencySSocialeData_4" xlink:role="http://www.xbrl.org/2003/role/label" xlink:title="label_LostTimeInjuryFrequencySSocialeData" xml:lang="ru" id="label_LostTimeInjuryFrequencySSocialeData_4">Количество происшествий с потерей трудоспособности [S — социальные данные]</link:label>
    <link:labelArc xlink:type="arc" xlink:arcrole="http://www.xbrl.org/2003/arcrole/concept-label" xlink:from="LostTimeInjuryFrequencySSocialeData" xlink:to="label_LostTimeInjuryFrequencySSocialeData_4" xlink:title="label: LostTimeInjuryFrequencySSocialeData to label_LostTimeInjuryFrequencySSocialeData"/>
    <link:loc xlink:type="locator" xlink:href="esg.xsd#esg_EmployeeTurnoverSSocialeData" xlink:label="EmployeeTurnoverSSocialeData" xlink:title="EmployeeTurnoverSSocialeData"/>
    <link:label xlink:type="resource" xlink:label="label_EmployeeTurnoverSSocialeData_4" xlink:role="http://www.xbrl.org/2003/role/label" xlink:title="label_EmployeeTurnoverSSocialeData" xml:lang="ru" id="label_EmployeeTurnoverSSocialeData_4">Утечка кадров [S — социальные данные]</link:label>
    <link:labelArc xlink:type="arc" xlink:arcrole="http://www.xbrl.org/2003/arcrole/concept-label" xlink:from="EmployeeTurnoverSSocialeData" xlink:to="label_EmployeeTurnoverSSocialeData_4" xlink:title="label: EmployeeTurnoverSSocialeData to label_EmployeeTurnoverSSocialeData"/>
    <link:loc xlink:type="locator" xlink:href="esg.xsd#esg_EmployeeSatisfactionSSocialeData" xlink:label="EmployeeSatisfactionSSocialeData" xlink:title="EmployeeSatisfactionSSocialeData"/>
    <link:label xlink:type="resource" xlink:label="label_EmployeeSatisfactionSSocialeData_4" xlink:role="http://www.xbrl.org/2003/role/label" xlink:title="label_EmployeeSatisfactionSSocialeData" xml:lang="ru" id="label_EmployeeSatisfactionSSocialeData_4">Удовлетворенность сотрудников [S — социальные данные]</link:label>
    <link:labelArc xlink:type="arc" xlink:arcrole="http://www.xbrl.org/2003/arcrole/concept-label" xlink:from="EmployeeSatisfactionSSocialeData" xlink:to="label_EmployeeSatisfactionSSocialeData_4" xlink:title="label: EmployeeSatisfactionSSocialeData to label_EmployeeSatisfactionSSocialeData"/>
    <link:loc xlink:type="locator" xlink:href="esg.xsd#esg_GenderDiversityAllEmployeesSSocialeData" xlink:label="GenderDiversityAllEmployeesSSocialeData" xlink:title="GenderDiversityAllEmployeesSSocialeData"/>
    <link:label xlink:type="resource" xlink:label="label_GenderDiversityAllEmployeesSSocialeData_4" xlink:role="http://www.xbrl.org/2003/role/label" xlink:title="label_GenderDiversityAllEmployeesSSocialeData" xml:lang="ru" id="label_GenderDiversityAllEmployeesSSocialeData_4">Гендерное разнообразие: все сотрудники [S — социальные данные]</link:label>
    <link:labelArc xlink:type="arc" xlink:arcrole="http://www.xbrl.org/2003/arcrole/concept-label" xlink:from="GenderDiversityAllEmployeesSSocialeData" xlink:to="label_GenderDiversityAllEmployeesSSocialeData_4" xlink:title="label: GenderDiversityAllEmployeesSSocialeData to label_GenderDiversityAllEmployeesSSocialeData"/>
    <link:loc xlink:type="locator" xlink:href="esg.xsd#esg_GenderDiversityManagementSSocialeData" xlink:label="GenderDiversityManagementSSocialeData" xlink:title="GenderDiversityManagementSSocialeData"/>
    <link:label xlink:type="resource" xlink:label="label_GenderDiversityManagementSSocialeData_4" xlink:role="http://www.xbrl.org/2003/role/label" xlink:title="label_GenderDiversityManagementSSocialeData" xml:lang="ru" id="label_GenderDiversityManagementSSocialeData_4">Гендерное разнообразие: руководство [S — социальные данные]</link:label>
    <link:labelArc xlink:type="arc" xlink:arcrole="http://www.xbrl.org/2003/arcrole/concept-label" xlink:from="GenderDiversityManagementSSocialeData" xlink:to="label_GenderDiversityManagementSSocialeData_4" xlink:title="label: GenderDiversityManagementSSocialeData to label_GenderDiversityManagementSSocialeData"/>
    <link:loc xlink:type="locator" xlink:href="esg.xsd#esg_GenderDiversityOtherManagementLevelsSSocialeData" xlink:label="GenderDiversityOtherManagementLevelsSSocialeData" xlink:title="GenderDiversityOtherManagementLevelsSSocialeData"/>
    <link:label xlink:type="resource" xlink:label="label_GenderDiversityOtherManagementLevelsSSocialeData_4" xlink:role="http://www.xbrl.org/2003/role/label" xlink:title="label_GenderDiversityOtherManagementLevelsSSocialeData" xml:lang="ru" id="label_GenderDiversityOtherManagementLevelsSSocialeData_4">Гендерное разнообразие: другие уровни руководства [S — социальные данные]</link:label>
    <link:labelArc xlink:type="arc" xlink:arcrole="http://www.xbrl.org/2003/arcrole/concept-label" xlink:from="GenderDiversityOtherManagementLevelsSSocialeData" xlink:to="label_GenderDiversityOtherManagementLevelsSSocialeData_4" xlink:title="label: GenderDiversityOtherManagementLevelsSSocialeData to label_GenderDiversityOtherManagementLevelsSSocialeData"/>
    <link:loc xlink:type="locator" xlink:href="esg.xsd#esg_GenderDiversityBoardOfDirectorsGGovernanceData" xlink:label="GenderDiversityBoardOfDirectorsSSocialeData" xlink:title="GenderDiversityBoardOfDirectorsSSocialeData"/>
    <link:label xlink:type="resource" xlink:label="label_GenderDiversityBoardOfDirectorsSSocialeData_4" xlink:role="http://www.xbrl.org/2003/role/label" xlink:title="label_GenderDiversityBoardOfDirectorsSSocialeData" xml:lang="ru" id="label_GenderDiversityBoardOfDirectorsSSocialeData_4">Гендерное разнообразие: совет директоров [S — социальные данные]</link:label>
    <link:labelArc xlink:type="arc" xlink:arcrole="http://www.xbrl.org/2003/arcrole/concept-label" xlink:from="GenderDiversityBoardOfDirectorsSSocialeData" xlink:to="label_GenderDiversityBoardOfDirectorsSSocialeData_4" xlink:title="label: GenderDiversityBoardOfDirectorsSSocialeData to label_GenderDiversityBoardOfDirectorsSSocialeData"/>
    <link:loc xlink:type="locator" xlink:href="esg.xsd#esg_CeoPayRatioGGovernanceData" xlink:label="CeoPayRatioSSocialeData" xlink:title="CeoPayRatioSSocialeData"/>
    <link:label xlink:type="resource" xlink:label="label_CeoPayRatioSSocialeData_4" xlink:role="http://www.xbrl.org/2003/role/label" xlink:title="label_CeoPayRatioSSocialeData" xml:lang="ru" id="label_CeoPayRatioSSocialeData_4">Ставка оплаты труда генерального директора [S — социальные данные]</link:label>
    <link:labelArc xlink:type="arc" xlink:arcrole="http://www.xbrl.org/2003/arcrole/concept-label" xlink:from="CeoPayRatioSSocialeData" xlink:to="label_CeoPayRatioSSocialeData_4" xlink:title="label: CeoPayRatioSSocialeData to label_CeoPayRatioSSocialeData"/>
    <link:loc xlink:type="locator" xlink:href="esg.xsd#esg_GenderPayRatioSSocialeData" xlink:label="GenderPayRatioSSocialeData" xlink:title="GenderPayRatioSSocialeData"/>
    <link:label xlink:type="resource" xlink:label="label_GenderPayRatioSSocialeData_4" xlink:role="http://www.xbrl.org/2003/role/label" xlink:title="label_GenderPayRatioSSocialeData" xml:lang="ru" id="label_GenderPayRatioSSocialeData_4">Ставка оплаты труда по полам [S — социальные данные]</link:label>
    <link:labelArc xlink:type="arc" xlink:arcrole="http://www.xbrl.org/2003/arcrole/concept-label" xlink:from="GenderPayRatioSSocialeData" xlink:to="label_GenderPayRatioSSocialeData_4" xlink:title="label: GenderPayRatioSSocialeData to label_GenderPayRatioSSocialeData"/>
    <link:loc xlink:type="locator" xlink:href="esg.xsd#esg_TurnoverGGovernanceData" xlink:label="TurnoverGGovernanceData" xlink:title="TurnoverGGovernanceData"/>
    <link:label xlink:type="resource" xlink:label="label_TurnoverGGovernanceData_4" xlink:role="http://www.xbrl.org/2003/role/label" xlink:title="label_TurnoverGGovernanceData" xml:lang="ru" id="label_TurnoverGGovernanceData_4">Утечка кадров [G — данные руководства]</link:label>
    <link:labelArc xlink:type="arc" xlink:arcrole="http://www.xbrl.org/2003/arcrole/concept-label" xlink:from="TurnoverGGovernanceData" xlink:to="label_TurnoverGGovernanceData_4" xlink:title="label: TurnoverGGovernanceData to label_TurnoverGGovernanceData"/>
    <link:loc xlink:type="locator" xlink:href="esg.xsd#esg_CapexGGovernanceData" xlink:label="CapexGGovernanceData" xlink:title="CapexGGovernanceData"/>
    <link:label xlink:type="resource" xlink:label="label_CapexGGovernanceData_4" xlink:role="http://www.xbrl.org/2003/role/label" xlink:title="label_CapexGGovernanceData" xml:lang="ru" id="label_CapexGGovernanceData_4">Капитальные затраты [G — данные руководства]</link:label>
    <link:labelArc xlink:type="arc" xlink:arcrole="http://www.xbrl.org/2003/arcrole/concept-label" xlink:from="CapexGGovernanceData" xlink:to="label_CapexGGovernanceData_4" xlink:title="label: CapexGGovernanceData to label_CapexGGovernanceData"/>
    <link:loc xlink:type="locator" xlink:href="esg.xsd#esg_OpexGGovernanceData" xlink:label="OpexGGovernanceData" xlink:title="OpexGGovernanceData"/>
    <link:label xlink:type="resource" xlink:label="label_OpexGGovernanceData_4" xlink:role="http://www.xbrl.org/2003/role/label" xlink:title="label_OpexGGovernanceData" xml:lang="ru" id="label_OpexGGovernanceData_4">Операционные затраты [G — данные руководства]</link:label>
    <link:labelArc xlink:type="arc" xlink:arcrole="http://www.xbrl.org/2003/arcrole/concept-label" xlink:from="OpexGGovernanceData" xlink:to="label_OpexGGovernanceData_4" xlink:title="label: OpexGGovernanceData to label_OpexGGovernanceData"/>
    <link:loc xlink:type="locator" xlink:href="esg.xsd#esg_RemarksRegardingCo2AbsoluteScope1EmissionEnviromentData" xlink:label="RemarksRegardingCo2AbsoluteScope1EmissionEnviromentData" xlink:title="RemarksRegardingCo2AbsoluteScope1EmissionEnviromentData"/>
    <link:label xlink:type="resource" xlink:label="label_RemarksRegardingCo2AbsoluteScope1EmissionEnviromentData_4" xlink:role="http://www.xbrl.org/2003/role/label" xlink:title="label_RemarksRegardingCo2AbsoluteScope1EmissionEnviromentData" xml:lang="ru" id="label_RemarksRegardingCo2AbsoluteScope1EmissionEnviromentData_4">Примечания о выбросах CO2 в абсолютном масштабе 1 [данные об окружающей среде]</link:label>
    <link:labelArc xlink:type="arc" xlink:arcrole="http://www.xbrl.org/2003/arcrole/concept-label" xlink:from="RemarksRegardingCo2AbsoluteScope1EmissionEnviromentData" xlink:to="label_RemarksRegardingCo2AbsoluteScope1EmissionEnviromentData_4" xlink:title="label: RemarksRegardingCo2AbsoluteScope1EmissionEnviromentData to label_RemarksRegardingCo2AbsoluteScope1EmissionEnviromentData"/>
    <link:loc xlink:type="locator" xlink:href="esg.xsd#esg_RemarksRegardingCo2AbsoluteScope2EmissionEnviromentData" xlink:label="RemarksRegardingCo2AbsoluteScope2EmissionEnviromentData" xlink:title="RemarksRegardingCo2AbsoluteScope2EmissionEnviromentData"/>
    <link:label xlink:type="resource" xlink:label="label_RemarksRegardingCo2AbsoluteScope2EmissionEnviromentData_4" xlink:role="http://www.xbrl.org/2003/role/label" xlink:title="label_RemarksRegardingCo2AbsoluteScope2EmissionEnviromentData" xml:lang="ru" id="label_RemarksRegardingCo2AbsoluteScope2EmissionEnviromentData_4">Примечания о выбросах CO2 в абсолютном масштабе 2 [данные об окружающей среде]</link:label>
    <link:labelArc xlink:type="arc" xlink:arcrole="http://www.xbrl.org/2003/arcrole/concept-label" xlink:from="RemarksRegardingCo2AbsoluteScope2EmissionEnviromentData" xlink:to="label_RemarksRegardingCo2AbsoluteScope2EmissionEnviromentData_4" xlink:title="label: RemarksRegardingCo2AbsoluteScope2EmissionEnviromentData to label_RemarksRegardingCo2AbsoluteScope2EmissionEnviromentData"/>
    <link:loc xlink:type="locator" xlink:href="esg.xsd#esg_RemarksRegardingCo2AbsoluteScope3EmissionEnviromentData" xlink:label="RemarksRegardingCo2AbsoluteScope3EmissionEnviromentData" xlink:title="RemarksRegardingCo2AbsoluteScope3EmissionEnviromentData"/>
    <link:label xlink:type="resource" xlink:label="label_RemarksRegardingCo2AbsoluteScope3EmissionEnviromentData_4" xlink:role="http://www.xbrl.org/2003/role/label" xlink:title="label_RemarksRegardingCo2AbsoluteScope3EmissionEnviromentData" xml:lang="ru" id="label_RemarksRegardingCo2AbsoluteScope3EmissionEnviromentData_4">Примечания о выбросах CO2 в абсолютном масштабе 3 [данные об окружающей среде]</link:label>
    <link:labelArc xlink:type="arc" xlink:arcrole="http://www.xbrl.org/2003/arcrole/concept-label" xlink:from="RemarksRegardingCo2AbsoluteScope3EmissionEnviromentData" xlink:to="label_RemarksRegardingCo2AbsoluteScope3EmissionEnviromentData_4" xlink:title="label: RemarksRegardingCo2AbsoluteScope3EmissionEnviromentData to label_RemarksRegardingCo2AbsoluteScope3EmissionEnviromentData"/>
    <link:loc xlink:type="locator" xlink:href="esg.xsd#esg_RemarksRegardingCo2TotalEnviromentData" xlink:label="RemarksRegardingCo2TotalEnviromentData" xlink:title="RemarksRegardingCo2TotalEnviromentData"/>
    <link:label xlink:type="resource" xlink:label="label_RemarksRegardingCo2TotalEnviromentData_4" xlink:role="http://www.xbrl.org/2003/role/label" xlink:title="label_RemarksRegardingCo2TotalEnviromentData" xml:lang="ru" id="label_RemarksRegardingCo2TotalEnviromentData_4">Примечания о CO2, всего [данные об окружающей среде]</link:label>
    <link:labelArc xlink:type="arc" xlink:arcrole="http://www.xbrl.org/2003/arcrole/concept-label" xlink:from="RemarksRegardingCo2TotalEnviromentData" xlink:to="label_RemarksRegardingCo2TotalEnviromentData_4" xlink:title="label: RemarksRegardingCo2TotalEnviromentData to label_RemarksRegardingCo2TotalEnviromentData"/>
    <link:loc xlink:type="locator" xlink:href="esg.xsd#esg_RemarksRegardingCarbonIntensityEnviromentData" xlink:label="RemarksRegardingCarbonIntensityEnviromentData" xlink:title="RemarksRegardingCarbonIntensityEnviromentData"/>
    <link:label xlink:type="resource" xlink:label="label_RemarksRegardingCarbonIntensityEnviromentData_4" xlink:role="http://www.xbrl.org/2003/role/label" xlink:title="label_RemarksRegardingCarbonIntensityEnviromentData" xml:lang="ru" id="label_RemarksRegardingCarbonIntensityEnviromentData_4">Примечания об интенсивности углеродных выбросов [данные об окружающей среде]</link:label>
    <link:labelArc xlink:type="arc" xlink:arcrole="http://www.xbrl.org/2003/arcrole/concept-label" xlink:from="RemarksRegardingCarbonIntensityEnviromentData" xlink:to="label_RemarksRegardingCarbonIntensityEnviromentData_4" xlink:title="label: RemarksRegardingCarbonIntensityEnviromentData to label_RemarksRegardingCarbonIntensityEnviromentData"/>
    <link:loc xlink:type="locator" xlink:href="esg.xsd#esg_RemarksRegardingEnergyConsumptionEnviromentData" xlink:label="RemarksRegardingEnergyConsumptionEnviromentData" xlink:title="RemarksRegardingEnergyConsumptionEnviromentData"/>
    <link:label xlink:type="resource" xlink:label="label_RemarksRegardingEnergyConsumptionEnviromentData_4" xlink:role="http://www.xbrl.org/2003/role/label" xlink:title="label_RemarksRegardingEnergyConsumptionEnviromentData" xml:lang="ru" id="label_RemarksRegardingEnergyConsumptionEnviromentData_4">Примечания об энергопотреблении [данные об окружающей среде]</link:label>
    <link:labelArc xlink:type="arc" xlink:arcrole="http://www.xbrl.org/2003/arcrole/concept-label" xlink:from="RemarksRegardingEnergyConsumptionEnviromentData" xlink:to="label_RemarksRegardingEnergyConsumptionEnviromentData_4" xlink:title="label: RemarksRegardingEnergyConsumptionEnviromentData to label_RemarksRegardingEnergyConsumptionEnviromentData"/>
    <link:loc xlink:type="locator" xlink:href="esg.xsd#esg_RemarksRegardingEnergyIntensityEnviromentData" xlink:label="RemarksRegardingEnergyIntensityEnviromentData" xlink:title="RemarksRegardingEnergyIntensityEnviromentData"/>
    <link:label xlink:type="resource" xlink:label="label_RemarksRegardingEnergyIntensityEnviromentData_4" xlink:role="http://www.xbrl.org/2003/role/label" xlink:title="label_RemarksRegardingEnergyIntensityEnviromentData" xml:lang="ru" id="label_RemarksRegardingEnergyIntensityEnviromentData_4">Примечания об интенсивности энергопотребления [данные об окружающей среде]</link:label>
    <link:labelArc xlink:type="arc" xlink:arcrole="http://www.xbrl.org/2003/arcrole/concept-label" xlink:from="RemarksRegardingEnergyIntensityEnviromentData" xlink:to="label_RemarksRegardingEnergyIntensityEnviromentData_4" xlink:title="label: RemarksRegardingEnergyIntensityEnviromentData to label_RemarksRegardingEnergyIntensityEnviromentData"/>
    <link:loc xlink:type="locator" xlink:href="esg.xsd#esg_RemarksRegardingShareOfRenewableEnergyEnviromentData" xlink:label="RemarksRegardingShareOfRenewableEnergyEnviromentData" xlink:title="RemarksRegardingShareOfRenewableEnergyEnviromentData"/>
    <link:label xlink:type="resource" xlink:label="label_RemarksRegardingShareOfRenewableEnergyEnviromentData_4" xlink:role="http://www.xbrl.org/2003/role/label" xlink:title="label_RemarksRegardingShareOfRenewableEnergyEnviromentData" xml:lang="ru" id="label_RemarksRegardingShareOfRenewableEnergyEnviromentData_4">Примечания о доле возобновляемых источников энергии [данные об окружающей среде]</link:label>
    <link:labelArc xlink:type="arc" xlink:arcrole="http://www.xbrl.org/2003/arcrole/concept-label" xlink:from="RemarksRegardingShareOfRenewableEnergyEnviromentData" xlink:to="label_RemarksRegardingShareOfRenewableEnergyEnviromentData_4" xlink:title="label: RemarksRegardingShareOfRenewableEnergyEnviromentData to label_RemarksRegardingShareOfRenewableEnergyEnviromentData"/>
    <link:loc xlink:type="locator" xlink:href="esg.xsd#esg_RemarksRegardingWaterConsumptionEnviromentData" xlink:label="RemarksRegardingWaterConsumptionEnviromentData" xlink:title="RemarksRegardingWaterConsumptionEnviromentData"/>
    <link:label xlink:type="resource" xlink:label="label_RemarksRegardingWaterConsumptionEnviromentData_4" xlink:role="http://www.xbrl.org/2003/role/label" xlink:title="label_RemarksRegardingWaterConsumptionEnviromentData" xml:lang="ru" id="label_RemarksRegardingWaterConsumptionEnviromentData_4">Примечания о расходе воды [данные об окружающей среде]</link:label>
    <link:labelArc xlink:type="arc" xlink:arcrole="http://www.xbrl.org/2003/arcrole/concept-label" xlink:from="RemarksRegardingWaterConsumptionEnviromentData" xlink:to="label_RemarksRegardingWaterConsumptionEnviromentData_4" xlink:title="label: RemarksRegardingWaterConsumptionEnviromentData to label_RemarksRegardingWaterConsumptionEnviromentData"/>
    <link:loc xlink:type="locator" xlink:href="esg.xsd#esg_DescriptionOfMethodsOfCo2AbsoluteScope1EmissionEnviromentData" xlink:label="DescriptionOfMethodsOfCo2AbsoluteScope1EmissionEnviromentData" xlink:title="DescriptionOfMethodsOfCo2AbsoluteScope1EmissionEnviromentData"/>
    <link:label xlink:type="resource" xlink:label="label_DescriptionOfMethodsOfCo2AbsoluteScope1EmissionEnviromentData_4" xlink:role="http://www.xbrl.org/2003/role/label" xlink:title="label_DescriptionOfMethodsOfCo2AbsoluteScope1EmissionEnviromentData" xml:lang="ru" id="label_DescriptionOfMethodsOfCo2AbsoluteScope1EmissionEnviromentData_4">Описание методов учета выбросов CO2 в абсолютном масштабе 1 [данные об окружающей среде]</link:label>
    <link:labelArc xlink:type="arc" xlink:arcrole="http://www.xbrl.org/2003/arcrole/concept-label" xlink:from="DescriptionOfMethodsOfCo2AbsoluteScope1EmissionEnviromentData" xlink:to="label_DescriptionOfMethodsOfCo2AbsoluteScope1EmissionEnviromentData_4" xlink:title="label: DescriptionOfMethodsOfCo2AbsoluteScope1EmissionEnviromentData to label_DescriptionOfMethodsOfCo2AbsoluteScope1EmissionEnviromentData"/>
    <link:loc xlink:type="locator" xlink:href="esg.xsd#esg_DescriptionOfMethodsOfCo2AbsoluteScope2EmissionEnviromentData" xlink:label="DescriptionOfMethodsOfCo2AbsoluteScope2EmissionEnviromentData" xlink:title="DescriptionOfMethodsOfCo2AbsoluteScope2EmissionEnviromentData"/>
    <link:label xlink:type="resource" xlink:label="label_DescriptionOfMethodsOfCo2AbsoluteScope2EmissionEnviromentData_4" xlink:role="http://www.xbrl.org/2003/role/label" xlink:title="label_DescriptionOfMethodsOfCo2AbsoluteScope2EmissionEnviromentData" xml:lang="ru" id="label_DescriptionOfMethodsOfCo2AbsoluteScope2EmissionEnviromentData_4">Описание методов учета выбросов CO2 в абсолютном масштабе 2 [данные об окружающей среде]</link:label>
    <link:labelArc xlink:type="arc" xlink:arcrole="http://www.xbrl.org/2003/arcrole/concept-label" xlink:from="DescriptionOfMethodsOfCo2AbsoluteScope2EmissionEnviromentData" xlink:to="label_DescriptionOfMethodsOfCo2AbsoluteScope2EmissionEnviromentData_4" xlink:title="label: DescriptionOfMethodsOfCo2AbsoluteScope2EmissionEnviromentData to label_DescriptionOfMethodsOfCo2AbsoluteScope2EmissionEnviromentData"/>
    <link:loc xlink:type="locator" xlink:href="esg.xsd#esg_DescriptionOfMethodsOfCo2AbsoluteScope3EmissionEnviromentData" xlink:label="DescriptionOfMethodsOfCo2AbsoluteScope3EmissionEnviromentData" xlink:title="DescriptionOfMethodsOfCo2AbsoluteScope3EmissionEnviromentData"/>
    <link:label xlink:type="resource" xlink:label="label_DescriptionOfMethodsOfCo2AbsoluteScope3EmissionEnviromentData_4" xlink:role="http://www.xbrl.org/2003/role/label" xlink:title="label_DescriptionOfMethodsOfCo2AbsoluteScope3EmissionEnviromentData" xml:lang="ru" id="label_DescriptionOfMethodsOfCo2AbsoluteScope3EmissionEnviromentData_4">Описание методов учета выбросов CO2 в абсолютном масштабе 3 [данные об окружающей среде]</link:label>
    <link:labelArc xlink:type="arc" xlink:arcrole="http://www.xbrl.org/2003/arcrole/concept-label" xlink:from="DescriptionOfMethodsOfCo2AbsoluteScope3EmissionEnviromentData" xlink:to="label_DescriptionOfMethodsOfCo2AbsoluteScope3EmissionEnviromentData_4" xlink:title="label: DescriptionOfMethodsOfCo2AbsoluteScope3EmissionEnviromentData to label_DescriptionOfMethodsOfCo2AbsoluteScope3EmissionEnviromentData"/>
    <link:loc xlink:type="locator" xlink:href="esg.xsd#esg_DescriptionOfMethodsOfCo2TotalEnviromentData" xlink:label="DescriptionOfMethodsOfCo2TotalEnviromentData" xlink:title="DescriptionOfMethodsOfCo2TotalEnviromentData"/>
    <link:label xlink:type="resource" xlink:label="label_DescriptionOfMethodsOfCo2TotalEnviromentData_4" xlink:role="http://www.xbrl.org/2003/role/label" xlink:title="label_DescriptionOfMethodsOfCo2TotalEnviromentData" xml:lang="ru" id="label_DescriptionOfMethodsOfCo2TotalEnviromentData_4">Описание методов учета выбросов CO2, всего [данные об окружающей среде]</link:label>
    <link:labelArc xlink:type="arc" xlink:arcrole="http://www.xbrl.org/2003/arcrole/concept-label" xlink:from="DescriptionOfMethodsOfCo2TotalEnviromentData" xlink:to="label_DescriptionOfMethodsOfCo2TotalEnviromentData_4" xlink:title="label: DescriptionOfMethodsOfCo2TotalEnviromentData to label_DescriptionOfMethodsOfCo2TotalEnviromentData"/>
    <link:loc xlink:type="locator" xlink:href="esg.xsd#esg_DescriptionOfMethodsOfCarbonIntensityEnviromentData" xlink:label="DescriptionOfMethodsOfCarbonIntensityEnviromentData" xlink:title="DescriptionOfMethodsOfCarbonIntensityEnviromentData"/>
    <link:label xlink:type="resource" xlink:label="label_DescriptionOfMethodsOfCarbonIntensityEnviromentData_4" xlink:role="http://www.xbrl.org/2003/role/label" xlink:title="label_DescriptionOfMethodsOfCarbonIntensityEnviromentData" xml:lang="ru" id="label_DescriptionOfMethodsOfCarbonIntensityEnviromentData_4">Описание методов учета интенсивности выбросов углерода [данные об окружающей среде]</link:label>
    <link:labelArc xlink:type="arc" xlink:arcrole="http://www.xbrl.org/2003/arcrole/concept-label" xlink:from="DescriptionOfMethodsOfCarbonIntensityEnviromentData" xlink:to="label_DescriptionOfMethodsOfCarbonIntensityEnviromentData_4" xlink:title="label: DescriptionOfMethodsOfCarbonIntensityEnviromentData to label_DescriptionOfMethodsOfCarbonIntensityEnviromentData"/>
    <link:loc xlink:type="locator" xlink:href="esg.xsd#esg_DescriptionOfMethodsOfEnergyConsumptionEnviromentData" xlink:label="DescriptionOfMethodsOfEnergyConsumptionEnviromentData" xlink:title="DescriptionOfMethodsOfEnergyConsumptionEnviromentData"/>
    <link:label xlink:type="resource" xlink:label="label_DescriptionOfMethodsOfEnergyConsumptionEnviromentData_4" xlink:role="http://www.xbrl.org/2003/role/label" xlink:title="label_DescriptionOfMethodsOfEnergyConsumptionEnviromentData" xml:lang="ru" id="label_DescriptionOfMethodsOfEnergyConsumptionEnviromentData_4">Описание методов учета энергопотребления [данные об окружающей среде]</link:label>
    <link:labelArc xlink:type="arc" xlink:arcrole="http://www.xbrl.org/2003/arcrole/concept-label" xlink:from="DescriptionOfMethodsOfEnergyConsumptionEnviromentData" xlink:to="label_DescriptionOfMethodsOfEnergyConsumptionEnviromentData_4" xlink:title="label: DescriptionOfMethodsOfEnergyConsumptionEnviromentData to label_DescriptionOfMethodsOfEnergyConsumptionEnviromentData"/>
    <link:loc xlink:type="locator" xlink:href="esg.xsd#esg_DescriptionOfMethodsOfEnergyIntensityEnviromentData" xlink:label="DescriptionOfMethodsOfEnergyIntensityEnviromentData" xlink:title="DescriptionOfMethodsOfEnergyIntensityEnviromentData"/>
    <link:label xlink:type="resource" xlink:label="label_DescriptionOfMethodsOfEnergyIntensityEnviromentData_4" xlink:role="http://www.xbrl.org/2003/role/label" xlink:title="label_DescriptionOfMethodsOfEnergyIntensityEnviromentData" xml:lang="ru" id="label_DescriptionOfMethodsOfEnergyIntensityEnviromentData_4">Описание методов учета интенсивности энергопотребления [данные об окружающей среде]</link:label>
    <link:labelArc xlink:type="arc" xlink:arcrole="http://www.xbrl.org/2003/arcrole/concept-label" xlink:from="DescriptionOfMethodsOfEnergyIntensityEnviromentData" xlink:to="label_DescriptionOfMethodsOfEnergyIntensityEnviromentData_4" xlink:title="label: DescriptionOfMethodsOfEnergyIntensityEnviromentData to label_DescriptionOfMethodsOfEnergyIntensityEnviromentData"/>
    <link:loc xlink:type="locator" xlink:href="esg.xsd#esg_DescriptionOfMethodsOfShareOfRenewableEnergyEnviromentData" xlink:label="DescriptionOfMethodsOfShareOfRenewableEnergyEnviromentData" xlink:title="DescriptionOfMethodsOfShareOfRenewableEnergyEnviromentData"/>
    <link:label xlink:type="resource" xlink:label="label_DescriptionOfMethodsOfShareOfRenewableEnergyEnviromentData_4" xlink:role="http://www.xbrl.org/2003/role/label" xlink:title="label_DescriptionOfMethodsOfShareOfRenewableEnergyEnviromentData" xml:lang="ru" id="label_DescriptionOfMethodsOfShareOfRenewableEnergyEnviromentData_4">Описание методов учета доли возобновляемых источников энергии [данные об окружающей среде]</link:label>
    <link:labelArc xlink:type="arc" xlink:arcrole="http://www.xbrl.org/2003/arcrole/concept-label" xlink:from="DescriptionOfMethodsOfShareOfRenewableEnergyEnviromentData" xlink:to="label_DescriptionOfMethodsOfShareOfRenewableEnergyEnviromentData_4" xlink:title="label: DescriptionOfMethodsOfShareOfRenewableEnergyEnviromentData to label_DescriptionOfMethodsOfShareOfRenewableEnergyEnviromentData"/>
    <link:loc xlink:type="locator" xlink:href="esg.xsd#esg_DescriptionOfMethodsOfWaterConsumptionEnviromentData" xlink:label="DescriptionOfMethodsOfWaterConsumptionEnviromentData" xlink:title="DescriptionOfMethodsOfWaterConsumptionEnviromentData"/>
    <link:label xlink:type="resource" xlink:label="label_DescriptionOfMethodsOfWaterConsumptionEnviromentData_4" xlink:role="http://www.xbrl.org/2003/role/label" xlink:title="label_DescriptionOfMethodsOfWaterConsumptionEnviromentData" xml:lang="ru" id="label_DescriptionOfMethodsOfWaterConsumptionEnviromentData_4">Описание методов учета расхода воды [данные об окружающей среде]</link:label>
    <link:labelArc xlink:type="arc" xlink:arcrole="http://www.xbrl.org/2003/arcrole/concept-label" xlink:from="DescriptionOfMethodsOfWaterConsumptionEnviromentData" xlink:to="label_DescriptionOfMethodsOfWaterConsumptionEnviromentData_4" xlink:title="label: DescriptionOfMethodsOfWaterConsumptionEnviromentData to label_DescriptionOfMethodsOfWaterConsumptionEnviromentData"/>
    <link:loc xlink:type="locator" xlink:href="esg.xsd#esg_RemarksRegardingSicknessAbsenceSSocialeData" xlink:label="RemarksRegardingSicknessAbsenceSSocialeData" xlink:title="RemarksRegardingSicknessAbsenceSSocialeData"/>
    <link:label xlink:type="resource" xlink:label="label_RemarksRegardingSicknessAbsenceSSocialeData_4" xlink:role="http://www.xbrl.org/2003/role/label" xlink:title="label_RemarksRegardingSicknessAbsenceSSocialeData" xml:lang="ru" id="label_RemarksRegardingSicknessAbsenceSSocialeData_4">Примечания об отсутствии по болезни [S — социальные данные]</link:label>
    <link:labelArc xlink:type="arc" xlink:arcrole="http://www.xbrl.org/2003/arcrole/concept-label" xlink:from="RemarksRegardingSicknessAbsenceSSocialeData" xlink:to="label_RemarksRegardingSicknessAbsenceSSocialeData_4" xlink:title="label: RemarksRegardingSicknessAbsenceSSocialeData to label_RemarksRegardingSicknessAbsenceSSocialeData"/>
    <link:loc xlink:type="locator" xlink:href="esg.xsd#esg_RemarksRegardingLostTimeInjuryFrequencySSocialeData" xlink:label="RemarksRegardingLostTimeInjuryFrequencySSocialeData" xlink:title="RemarksRegardingLostTimeInjuryFrequencySSocialeData"/>
    <link:label xlink:type="resource" xlink:label="label_RemarksRegardingLostTimeInjuryFrequencySSocialeData_4" xlink:role="http://www.xbrl.org/2003/role/label" xlink:title="label_RemarksRegardingLostTimeInjuryFrequencySSocialeData" xml:lang="ru" id="label_RemarksRegardingLostTimeInjuryFrequencySSocialeData_4">Примечания о количестве происшествий с потерей трудоспособности [S — социальные данные]</link:label>
    <link:labelArc xlink:type="arc" xlink:arcrole="http://www.xbrl.org/2003/arcrole/concept-label" xlink:from="RemarksRegardingLostTimeInjuryFrequencySSocialeData" xlink:to="label_RemarksRegardingLostTimeInjuryFrequencySSocialeData_4" xlink:title="label: RemarksRegardingLostTimeInjuryFrequencySSocialeData to label_RemarksRegardingLostTimeInjuryFrequencySSocialeData"/>
    <link:loc xlink:type="locator" xlink:href="esg.xsd#esg_RemarksRegardingEmployeeTurnoverSSocialeData" xlink:label="RemarksRegardingEmployeeTurnoverSSocialeData" xlink:title="RemarksRegardingEmployeeTurnoverSSocialeData"/>
    <link:label xlink:type="resource" xlink:label="label_RemarksRegardingEmployeeTurnoverSSocialeData_4" xlink:role="http://www.xbrl.org/2003/role/label" xlink:title="label_RemarksRegardingEmployeeTurnoverSSocialeData" xml:lang="ru" id="label_RemarksRegardingEmployeeTurnoverSSocialeData_4">Примечания об утечке кадров [S — социальные данные]</link:label>
    <link:labelArc xlink:type="arc" xlink:arcrole="http://www.xbrl.org/2003/arcrole/concept-label" xlink:from="RemarksRegardingEmployeeTurnoverSSocialeData" xlink:to="label_RemarksRegardingEmployeeTurnoverSSocialeData_4" xlink:title="label: RemarksRegardingEmployeeTurnoverSSocialeData to label_RemarksRegardingEmployeeTurnoverSSocialeData"/>
    <link:loc xlink:type="locator" xlink:href="esg.xsd#esg_RemarksRegardingEmployeeSatisfactionSSocialeData" xlink:label="RemarksRegardingEmployeeSatisfactionSSocialeData" xlink:title="RemarksRegardingEmployeeSatisfactionSSocialeData"/>
    <link:label xlink:type="resource" xlink:label="label_RemarksRegardingEmployeeSatisfactionSSocialeData_4" xlink:role="http://www.xbrl.org/2003/role/label" xlink:title="label_RemarksRegardingEmployeeSatisfactionSSocialeData" xml:lang="ru" id="label_RemarksRegardingEmployeeSatisfactionSSocialeData_4">Примечания об удовлетворенности сотрудников [S — социальные данные]</link:label>
    <link:labelArc xlink:type="arc" xlink:arcrole="http://www.xbrl.org/2003/arcrole/concept-label" xlink:from="RemarksRegardingEmployeeSatisfactionSSocialeData" xlink:to="label_RemarksRegardingEmployeeSatisfactionSSocialeData_4" xlink:title="label: RemarksRegardingEmployeeSatisfactionSSocialeData to label_RemarksRegardingEmployeeSatisfactionSSocialeData"/>
    <link:loc xlink:type="locator" xlink:href="esg.xsd#esg_RemarksRegardingGenderDiversityAllEmployeesSSocialeData" xlink:label="RemarksRegardingGenderDiversityAllEmployeesSSocialeData" xlink:title="RemarksRegardingGenderDiversityAllEmployeesSSocialeData"/>
    <link:label xlink:type="resource" xlink:label="label_RemarksRegardingGenderDiversityAllEmployeesSSocialeData_4" xlink:role="http://www.xbrl.org/2003/role/label" xlink:title="label_RemarksRegardingGenderDiversityAllEmployeesSSocialeData" xml:lang="ru" id="label_RemarksRegardingGenderDiversityAllEmployeesSSocialeData_4">Примечания о гендерном разнообразии: все сотрудники [S — социальные данные]</link:label>
    <link:labelArc xlink:type="arc" xlink:arcrole="http://www.xbrl.org/2003/arcrole/concept-label" xlink:from="RemarksRegardingGenderDiversityAllEmployeesSSocialeData" xlink:to="label_RemarksRegardingGenderDiversityAllEmployeesSSocialeData_4" xlink:title="label: RemarksRegardingGenderDiversityAllEmployeesSSocialeData to label_RemarksRegardingGenderDiversityAllEmployeesSSocialeData"/>
    <link:loc xlink:type="locator" xlink:href="esg.xsd#esg_RemarksRegardingGenderDiversityManagementSSocialeData" xlink:label="RemarksRegardingGenderDiversityManagementSSocialeData" xlink:title="RemarksRegardingGenderDiversityManagementSSocialeData"/>
    <link:label xlink:type="resource" xlink:label="label_RemarksRegardingGenderDiversityManagementSSocialeData_4" xlink:role="http://www.xbrl.org/2003/role/label" xlink:title="label_RemarksRegardingGenderDiversityManagementSSocialeData" xml:lang="ru" id="label_RemarksRegardingGenderDiversityManagementSSocialeData_4">Примечания о гендерном разнообразии: руководство [S — социальные данные]</link:label>
    <link:labelArc xlink:type="arc" xlink:arcrole="http://www.xbrl.org/2003/arcrole/concept-label" xlink:from="RemarksRegardingGenderDiversityManagementSSocialeData" xlink:to="label_RemarksRegardingGenderDiversityManagementSSocialeData_4" xlink:title="label: RemarksRegardingGenderDiversityManagementSSocialeData to label_RemarksRegardingGenderDiversityManagementSSocialeData"/>
    <link:loc xlink:type="locator" xlink:href="esg.xsd#esg_RemarksRegardingGenderDiversityOtherManagementLevelsSSocialeData" xlink:label="RemarksRegardingGenderDiversityOtherManagementLevelsSSocialeData" xlink:title="RemarksRegardingGenderDiversityOtherManagementLevelsSSocialeData"/>
    <link:label xlink:type="resource" xlink:label="label_RemarksRegardingGenderDiversityOtherManagementLevelsSSocialeData_4" xlink:role="http://www.xbrl.org/2003/role/label" xlink:title="label_RemarksRegardingGenderDiversityOtherManagementLevelsSSocialeData" xml:lang="ru" id="label_RemarksRegardingGenderDiversityOtherManagementLevelsSSocialeData_4">Примечания о гендерном разнообразии: другие уровни руководства [S — социальные данные]</link:label>
    <link:labelArc xlink:type="arc" xlink:arcrole="http://www.xbrl.org/2003/arcrole/concept-label" xlink:from="RemarksRegardingGenderDiversityOtherManagementLevelsSSocialeData" xlink:to="label_RemarksRegardingGenderDiversityOtherManagementLevelsSSocialeData_4" xlink:title="label: RemarksRegardingGenderDiversityOtherManagementLevelsSSocialeData to label_RemarksRegardingGenderDiversityOtherManagementLevelsSSocialeData"/>
    <link:loc xlink:type="locator" xlink:href="esg.xsd#esg_RemarksRegardingGenderDiversityBoardOfDirectorsGGovernanceData" xlink:label="RemarksRegardingGenderDiversityBoardOfDirectorsSSocialeData" xlink:title="RemarksRegardingGenderDiversityBoardOfDirectorsSSocialeData"/>
    <link:label xlink:type="resource" xlink:label="label_RemarksRegardingGenderDiversityBoardOfDirectorsSSocialeData_4" xlink:role="http://www.xbrl.org/2003/role/label" xlink:title="label_RemarksRegardingGenderDiversityBoardOfDirectorsSSocialeData" xml:lang="ru" id="label_RemarksRegardingGenderDiversityBoardOfDirectorsSSocialeData_4">Примечания о гендерном разнообразии: совет директоров [S — социальные данные]</link:label>
    <link:labelArc xlink:type="arc" xlink:arcrole="http://www.xbrl.org/2003/arcrole/concept-label" xlink:from="RemarksRegardingGenderDiversityBoardOfDirectorsSSocialeData" xlink:to="label_RemarksRegardingGenderDiversityBoardOfDirectorsSSocialeData_4" xlink:title="label: RemarksRegardingGenderDiversityBoardOfDirectorsSSocialeData to label_RemarksRegardingGenderDiversityBoardOfDirectorsSSocialeData"/>
    <link:loc xlink:type="locator" xlink:href="esg.xsd#esg_RemarksRegardingCeoPayRatioGGovernanceData" xlink:label="RemarksRegardingCeoPayRatioSSocialeData" xlink:title="RemarksRegardingCeoPayRatioSSocialeData"/>
    <link:label xlink:type="resource" xlink:label="label_RemarksRegardingCeoPayRatioSSocialeData_4" xlink:role="http://www.xbrl.org/2003/role/label" xlink:title="label_RemarksRegardingCeoPayRatioSSocialeData" xml:lang="ru" id="label_RemarksRegardingCeoPayRatioSSocialeData_4">Примечания о ставке оплаты труда генерального директора [S — социальные данные]</link:label>
    <link:labelArc xlink:type="arc" xlink:arcrole="http://www.xbrl.org/2003/arcrole/concept-label" xlink:from="RemarksRegardingCeoPayRatioSSocialeData" xlink:to="label_RemarksRegardingCeoPayRatioSSocialeData_4" xlink:title="label: RemarksRegardingCeoPayRatioSSocialeData to label_RemarksRegardingCeoPayRatioSSocialeData"/>
    <link:loc xlink:type="locator" xlink:href="esg.xsd#esg_RemarksRegardingGenderPayRatioSSocialeData" xlink:label="RemarksRegardingGenderPayRatioSSocialeData" xlink:title="RemarksRegardingGenderPayRatioSSocialeData"/>
    <link:label xlink:type="resource" xlink:label="label_RemarksRegardingGenderPayRatioSSocialeData_4" xlink:role="http://www.xbrl.org/2003/role/label" xlink:title="label_RemarksRegardingGenderPayRatioSSocialeData" xml:lang="ru" id="label_RemarksRegardingGenderPayRatioSSocialeData_4">Примечания о ставке оплаты труда по полам [S — социальные данные]</link:label>
    <link:labelArc xlink:type="arc" xlink:arcrole="http://www.xbrl.org/2003/arcrole/concept-label" xlink:from="RemarksRegardingGenderPayRatioSSocialeData" xlink:to="label_RemarksRegardingGenderPayRatioSSocialeData_4" xlink:title="label: RemarksRegardingGenderPayRatioSSocialeData to label_RemarksRegardingGenderPayRatioSSocialeData"/>
    <link:loc xlink:type="locator" xlink:href="esg.xsd#esg_DescriptionOfMethodsOfSicknessAbsenceSSocialeData" xlink:label="DescriptionOfMethodsOfSicknessAbsenceSSocialeData" xlink:title="DescriptionOfMethodsOfSicknessAbsenceSSocialeData"/>
    <link:label xlink:type="resource" xlink:label="label_DescriptionOfMethodsOfSicknessAbsenceSSocialeData_4" xlink:role="http://www.xbrl.org/2003/role/label" xlink:title="label_DescriptionOfMethodsOfSicknessAbsenceSSocialeData" xml:lang="ru" id="label_DescriptionOfMethodsOfSicknessAbsenceSSocialeData_4">Описание методов обработки больничных [S — социальные данные]</link:label>
    <link:labelArc xlink:type="arc" xlink:arcrole="http://www.xbrl.org/2003/arcrole/concept-label" xlink:from="DescriptionOfMethodsOfSicknessAbsenceSSocialeData" xlink:to="label_DescriptionOfMethodsOfSicknessAbsenceSSocialeData_4" xlink:title="label: DescriptionOfMethodsOfSicknessAbsenceSSocialeData to label_DescriptionOfMethodsOfSicknessAbsenceSSocialeData"/>
    <link:loc xlink:type="locator" xlink:href="esg.xsd#esg_DescriptionOfMethodsOfLostTimeInjuryFrequencySSocialeData" xlink:label="DescriptionOfMethodsOfLostTimeInjuryFrequencySSocialeData" xlink:title="DescriptionOfMethodsOfLostTimeInjuryFrequencySSocialeData"/>
    <link:label xlink:type="resource" xlink:label="label_DescriptionOfMethodsOfLostTimeInjuryFrequencySSocialeData_4" xlink:role="http://www.xbrl.org/2003/role/label" xlink:title="label_DescriptionOfMethodsOfLostTimeInjuryFrequencySSocialeData" xml:lang="ru" id="label_DescriptionOfMethodsOfLostTimeInjuryFrequencySSocialeData_4">Описание методов учета количества происшествий с потерей трудоспособности [S — социальные данные]</link:label>
    <link:labelArc xlink:type="arc" xlink:arcrole="http://www.xbrl.org/2003/arcrole/concept-label" xlink:from="DescriptionOfMethodsOfLostTimeInjuryFrequencySSocialeData" xlink:to="label_DescriptionOfMethodsOfLostTimeInjuryFrequencySSocialeData_4" xlink:title="label: DescriptionOfMethodsOfLostTimeInjuryFrequencySSocialeData to label_DescriptionOfMethodsOfLostTimeInjuryFrequencySSocialeData"/>
    <link:loc xlink:type="locator" xlink:href="esg.xsd#esg_DescriptionOfMethodsOfEmployeeTurnoverSSocialeData" xlink:label="DescriptionOfMethodsOfEmployeeTurnoverSSocialeData" xlink:title="DescriptionOfMethodsOfEmployeeTurnoverSSocialeData"/>
    <link:label xlink:type="resource" xlink:label="label_DescriptionOfMethodsOfEmployeeTurnoverSSocialeData_4" xlink:role="http://www.xbrl.org/2003/role/label" xlink:title="label_DescriptionOfMethodsOfEmployeeTurnoverSSocialeData" xml:lang="ru" id="label_DescriptionOfMethodsOfEmployeeTurnoverSSocialeData_4">Описание методов обработки утечки кадров [S — социальные данные]</link:label>
    <link:labelArc xlink:type="arc" xlink:arcrole="http://www.xbrl.org/2003/arcrole/concept-label" xlink:from="DescriptionOfMethodsOfEmployeeTurnoverSSocialeData" xlink:to="label_DescriptionOfMethodsOfEmployeeTurnoverSSocialeData_4" xlink:title="label: DescriptionOfMethodsOfEmployeeTurnoverSSocialeData to label_DescriptionOfMethodsOfEmployeeTurnoverSSocialeData"/>
    <link:loc xlink:type="locator" xlink:href="esg.xsd#esg_DescriptionOfMethodsOfEmployeeSatisfactionSSocialeData" xlink:label="DescriptionOfMethodsOfEmployeeSatisfactionSSocialeData" xlink:title="DescriptionOfMethodsOfEmployeeSatisfactionSSocialeData"/>
    <link:label xlink:type="resource" xlink:label="label_DescriptionOfMethodsOfEmployeeSatisfactionSSocialeData_4" xlink:role="http://www.xbrl.org/2003/role/label" xlink:title="label_DescriptionOfMethodsOfEmployeeSatisfactionSSocialeData" xml:lang="ru" id="label_DescriptionOfMethodsOfEmployeeSatisfactionSSocialeData_4">Описание методов оценки удовлетворенности сотрудников [S — социальные данные]</link:label>
    <link:labelArc xlink:type="arc" xlink:arcrole="http://www.xbrl.org/2003/arcrole/concept-label" xlink:from="DescriptionOfMethodsOfEmployeeSatisfactionSSocialeData" xlink:to="label_DescriptionOfMethodsOfEmployeeSatisfactionSSocialeData_4" xlink:title="label: DescriptionOfMethodsOfEmployeeSatisfactionSSocialeData to label_DescriptionOfMethodsOfEmployeeSatisfactionSSocialeData"/>
    <link:loc xlink:type="locator" xlink:href="esg.xsd#esg_DescriptionOfMethodsOfGenderDiversityAllEmployeesSSocialeData" xlink:label="DescriptionOfMethodsOfGenderDiversityAllEmployeesSSocialeData" xlink:title="DescriptionOfMethodsOfGenderDiversityAllEmployeesSSocialeData"/>
    <link:label xlink:type="resource" xlink:label="label_DescriptionOfMethodsOfGenderDiversityAllEmployeesSSocialeData_4" xlink:role="http://www.xbrl.org/2003/role/label" xlink:title="label_DescriptionOfMethodsOfGenderDiversityAllEmployeesSSocialeData" xml:lang="ru" id="label_DescriptionOfMethodsOfGenderDiversityAllEmployeesSSocialeData_4">Описание методов учета гендерного разнообразия: все сотрудники [S — социальные данные]</link:label>
    <link:labelArc xlink:type="arc" xlink:arcrole="http://www.xbrl.org/2003/arcrole/concept-label" xlink:from="DescriptionOfMethodsOfGenderDiversityAllEmployeesSSocialeData" xlink:to="label_DescriptionOfMethodsOfGenderDiversityAllEmployeesSSocialeData_4" xlink:title="label: DescriptionOfMethodsOfGenderDiversityAllEmployeesSSocialeData to label_DescriptionOfMethodsOfGenderDiversityAllEmployeesSSocialeData"/>
    <link:loc xlink:type="locator" xlink:href="esg.xsd#esg_DescriptionOfMethodsOfGenderDiversityManagementSSocialeData" xlink:label="DescriptionOfMethodsOfGenderDiversityManagementSSocialeData" xlink:title="DescriptionOfMethodsOfGenderDiversityManagementSSocialeData"/>
    <link:label xlink:type="resource" xlink:label="label_DescriptionOfMethodsOfGenderDiversityManagementSSocialeData_4" xlink:role="http://www.xbrl.org/2003/role/label" xlink:title="label_DescriptionOfMethodsOfGenderDiversityManagementSSocialeData" xml:lang="ru" id="label_DescriptionOfMethodsOfGenderDiversityManagementSSocialeData_4">Описание методов учета гендерного разнообразия: руководство [S — социальные данные]</link:label>
    <link:labelArc xlink:type="arc" xlink:arcrole="http://www.xbrl.org/2003/arcrole/concept-label" xlink:from="DescriptionOfMethodsOfGenderDiversityManagementSSocialeData" xlink:to="label_DescriptionOfMethodsOfGenderDiversityManagementSSocialeData_4" xlink:title="label: DescriptionOfMethodsOfGenderDiversityManagementSSocialeData to label_DescriptionOfMethodsOfGenderDiversityManagementSSocialeData"/>
    <link:loc xlink:type="locator" xlink:href="esg.xsd#esg_DescriptionOfMethodsOfGenderDiversityOtherManagementLevelsSSocialeData" xlink:label="DescriptionOfMethodsOfGenderDiversityOtherManagementLevelsSSocialeData" xlink:title="DescriptionOfMethodsOfGenderDiversityOtherManagementLevelsSSocialeData"/>
    <link:label xlink:type="resource" xlink:label="label_DescriptionOfMethodsOfGenderDiversityOtherManagementLevelsSSocialeData_4" xlink:role="http://www.xbrl.org/2003/role/label" xlink:title="label_DescriptionOfMethodsOfGenderDiversityOtherManagementLevelsSSocialeData" xml:lang="ru" id="label_DescriptionOfMethodsOfGenderDiversityOtherManagementLevelsSSocialeData_4">Описание методов учета гендерного разнообразия: другие уровни руководства [S — социальные данные]</link:label>
    <link:labelArc xlink:type="arc" xlink:arcrole="http://www.xbrl.org/2003/arcrole/concept-label" xlink:from="DescriptionOfMethodsOfGenderDiversityOtherManagementLevelsSSocialeData" xlink:to="label_DescriptionOfMethodsOfGenderDiversityOtherManagementLevelsSSocialeData_4" xlink:title="label: DescriptionOfMethodsOfGenderDiversityOtherManagementLevelsSSocialeData to label_DescriptionOfMethodsOfGenderDiversityOtherManagementLevelsSSocialeData"/>
    <link:loc xlink:type="locator" xlink:href="esg.xsd#esg_DescriptionOfMethodsOfGenderDiversityBoardOfDirectorsGGovernanceData" xlink:label="DescriptionOfMethodsOfGenderDiversityBoardOfDirectorsSSocialeData" xlink:title="DescriptionOfMethodsOfGenderDiversityBoardOfDirectorsSSocialeData"/>
    <link:label xlink:type="resource" xlink:label="label_DescriptionOfMethodsOfGenderDiversityBoardOfDirectorsSSocialeData_4" xlink:role="http://www.xbrl.org/2003/role/label" xlink:title="label_DescriptionOfMethodsOfGenderDiversityBoardOfDirectorsSSocialeData" xml:lang="ru" id="label_DescriptionOfMethodsOfGenderDiversityBoardOfDirectorsSSocialeData_4">Описание методов учета гендерного разнообразия: совет директоров [S — социальные данные]</link:label>
    <link:labelArc xlink:type="arc" xlink:arcrole="http://www.xbrl.org/2003/arcrole/concept-label" xlink:from="DescriptionOfMethodsOfGenderDiversityBoardOfDirectorsSSocialeData" xlink:to="label_DescriptionOfMethodsOfGenderDiversityBoardOfDirectorsSSocialeData_4" xlink:title="label: DescriptionOfMethodsOfGenderDiversityBoardOfDirectorsSSocialeData to label_DescriptionOfMethodsOfGenderDiversityBoardOfDirectorsSSocialeData"/>
    <link:loc xlink:type="locator" xlink:href="esg.xsd#esg_DescriptionOfMethodsOfCeoPayRatioGGovernanceData" xlink:label="DescriptionOfMethodsOfCeoPayRatioSSocialeData" xlink:title="DescriptionOfMethodsOfCeoPayRatioSSocialeData"/>
    <link:label xlink:type="resource" xlink:label="label_DescriptionOfMethodsOfCeoPayRatioSSocialeData_4" xlink:role="http://www.xbrl.org/2003/role/label" xlink:title="label_DescriptionOfMethodsOfCeoPayRatioSSocialeData" xml:lang="ru" id="label_DescriptionOfMethodsOfCeoPayRatioSSocialeData_4">Описание методов начисления оплаты труда генерального директора [S — социальные данные]</link:label>
    <link:labelArc xlink:type="arc" xlink:arcrole="http://www.xbrl.org/2003/arcrole/concept-label" xlink:from="DescriptionOfMethodsOfCeoPayRatioSSocialeData" xlink:to="label_DescriptionOfMethodsOfCeoPayRatioSSocialeData_4" xlink:title="label: DescriptionOfMethodsOfCeoPayRatioSSocialeData to label_DescriptionOfMethodsOfCeoPayRatioSSocialeData"/>
    <link:loc xlink:type="locator" xlink:href="esg.xsd#esg_DescriptionOfMethodsOfGenderPayRatioSSocialeData" xlink:label="DescriptionOfMethodsOfGenderPayRatioSSocialeData" xlink:title="DescriptionOfMethodsOfGenderPayRatioSSocialeData"/>
    <link:label xlink:type="resource" xlink:label="label_DescriptionOfMethodsOfGenderPayRatioSSocialeData_4" xlink:role="http://www.xbrl.org/2003/role/label" xlink:title="label_DescriptionOfMethodsOfGenderPayRatioSSocialeData" xml:lang="ru" id="label_DescriptionOfMethodsOfGenderPayRatioSSocialeData_4">Описание методов начисления оплаты труда по полам [S — социальные данные]</link:label>
    <link:labelArc xlink:type="arc" xlink:arcrole="http://www.xbrl.org/2003/arcrole/concept-label" xlink:from="DescriptionOfMethodsOfGenderPayRatioSSocialeData" xlink:to="label_DescriptionOfMethodsOfGenderPayRatioSSocialeData_4" xlink:title="label: DescriptionOfMethodsOfGenderPayRatioSSocialeData to label_DescriptionOfMethodsOfGenderPayRatioSSocialeData"/>
    <link:loc xlink:type="locator" xlink:href="esg.xsd#esg_RemarksRegardingTurnoverGGovernanceData" xlink:label="RemarksRegardingTurnoverGGovernanceData" xlink:title="RemarksRegardingTurnoverGGovernanceData"/>
    <link:label xlink:type="resource" xlink:label="label_RemarksRegardingTurnoverGGovernanceData_4" xlink:role="http://www.xbrl.org/2003/role/label" xlink:title="label_RemarksRegardingTurnoverGGovernanceData" xml:lang="ru" id="label_RemarksRegardingTurnoverGGovernanceData_4">Примечания об утечке кадров [G — данные руководства]</link:label>
    <link:labelArc xlink:type="arc" xlink:arcrole="http://www.xbrl.org/2003/arcrole/concept-label" xlink:from="RemarksRegardingTurnoverGGovernanceData" xlink:to="label_RemarksRegardingTurnoverGGovernanceData_4" xlink:title="label: RemarksRegardingTurnoverGGovernanceData to label_RemarksRegardingTurnoverGGovernanceData"/>
    <link:loc xlink:type="locator" xlink:href="esg.xsd#esg_RemarksRegardingCapexGGovernanceData" xlink:label="RemarksRegardingCapexGGovernanceData" xlink:title="RemarksRegardingCapexGGovernanceData"/>
    <link:label xlink:type="resource" xlink:label="label_RemarksRegardingCapexGGovernanceData_4" xlink:role="http://www.xbrl.org/2003/role/label" xlink:title="label_RemarksRegardingCapexGGovernanceData" xml:lang="ru" id="label_RemarksRegardingCapexGGovernanceData_4">Примечания о капитальных затратах [G — данные руководства]</link:label>
    <link:labelArc xlink:type="arc" xlink:arcrole="http://www.xbrl.org/2003/arcrole/concept-label" xlink:from="RemarksRegardingCapexGGovernanceData" xlink:to="label_RemarksRegardingCapexGGovernanceData_4" xlink:title="label: RemarksRegardingCapexGGovernanceData to label_RemarksRegardingCapexGGovernanceData"/>
    <link:loc xlink:type="locator" xlink:href="esg.xsd#esg_RemarksRegardingOpexGGovernanceData" xlink:label="RemarksRegardingOpexGGovernanceData" xlink:title="RemarksRegardingOpexGGovernanceData"/>
    <link:label xlink:type="resource" xlink:label="label_RemarksRegardingOpexGGovernanceData_4" xlink:role="http://www.xbrl.org/2003/role/label" xlink:title="label_RemarksRegardingOpexGGovernanceData" xml:lang="ru" id="label_RemarksRegardingOpexGGovernanceData_4">Примечания об операционных затратах [G — данные руководства]</link:label>
    <link:labelArc xlink:type="arc" xlink:arcrole="http://www.xbrl.org/2003/arcrole/concept-label" xlink:from="RemarksRegardingOpexGGovernanceData" xlink:to="label_RemarksRegardingOpexGGovernanceData_4" xlink:title="label: RemarksRegardingOpexGGovernanceData to label_RemarksRegardingOpexGGovernanceData"/>
    <link:loc xlink:type="locator" xlink:href="esg.xsd#esg_DescriptionOfMethodsOfTurnoverGGovernanceData" xlink:label="DescriptionOfMethodsOfTurnoverGGovernanceData" xlink:title="DescriptionOfMethodsOfTurnoverGGovernanceData"/>
    <link:label xlink:type="resource" xlink:label="label_DescriptionOfMethodsOfTurnoverGGovernanceData_4" xlink:role="http://www.xbrl.org/2003/role/label" xlink:title="label_DescriptionOfMethodsOfTurnoverGGovernanceData" xml:lang="ru" id="label_DescriptionOfMethodsOfTurnoverGGovernanceData_4">Описание методов обработки утечки кадров [G — данные руководства]</link:label>
    <link:labelArc xlink:type="arc" xlink:arcrole="http://www.xbrl.org/2003/arcrole/concept-label" xlink:from="DescriptionOfMethodsOfTurnoverGGovernanceData" xlink:to="label_DescriptionOfMethodsOfTurnoverGGovernanceData_4" xlink:title="label: DescriptionOfMethodsOfTurnoverGGovernanceData to label_DescriptionOfMethodsOfTurnoverGGovernanceData"/>
    <link:loc xlink:type="locator" xlink:href="esg.xsd#esg_DescriptionOfMethodsOfCapexGGovernanceData" xlink:label="DescriptionOfMethodsOfCapexGGovernanceData" xlink:title="DescriptionOfMethodsOfCapexGGovernanceData"/>
    <link:label xlink:type="resource" xlink:label="label_DescriptionOfMethodsOfCapexGGovernanceData_4" xlink:role="http://www.xbrl.org/2003/role/label" xlink:title="label_DescriptionOfMethodsOfCapexGGovernanceData" xml:lang="ru" id="label_DescriptionOfMethodsOfCapexGGovernanceData_4">Описание методов обработки капитальных затрат [G — данные руководства]</link:label>
    <link:labelArc xlink:type="arc" xlink:arcrole="http://www.xbrl.org/2003/arcrole/concept-label" xlink:from="DescriptionOfMethodsOfCapexGGovernanceData" xlink:to="label_DescriptionOfMethodsOfCapexGGovernanceData_4" xlink:title="label: DescriptionOfMethodsOfCapexGGovernanceData to label_DescriptionOfMethodsOfCapexGGovernanceData"/>
    <link:loc xlink:type="locator" xlink:href="esg.xsd#esg_DescriptionOfMethodsOfOpexGGovernanceData" xlink:label="DescriptionOfMethodsOfOpexGGovernanceData" xlink:title="DescriptionOfMethodsOfOpexGGovernanceData"/>
    <link:label xlink:type="resource" xlink:label="label_DescriptionOfMethodsOfOpexGGovernanceData_4" xlink:role="http://www.xbrl.org/2003/role/label" xlink:title="label_DescriptionOfMethodsOfOpexGGovernanceData" xml:lang="ru" id="label_DescriptionOfMethodsOfOpexGGovernanceData_4">Описание методов обработки капитальных затрат [G — данные руководства]</link:label>
    <link:labelArc xlink:type="arc" xlink:arcrole="http://www.xbrl.org/2003/arcrole/concept-label" xlink:from="DescriptionOfMethodsOfOpexGGovernanceData" xlink:to="label_DescriptionOfMethodsOfOpexGGovernanceData_4" xlink:title="label: DescriptionOfMethodsOfOpexGGovernanceData to label_DescriptionOfMethodsOfOpexGGovernanceData"/>
    <link:loc xlink:type="locator" xlink:href="esg.xsd#esg_DetailsOnEnvironmentSocialAndGovernanceDataAbstract" xlink:label="DetailsOnEnvironmentSocialAndGovernanceDataAbstract" xlink:title="DetailsOnEnvironmentSocialAndGovernanceDataAbstract"/>
    <link:label xlink:type="resource" xlink:label="label_DetailsOnEnvironmentSocialAndGovernanceDataAbstract_4" xlink:role="http://www.xbrl.org/2003/role/label" xlink:title="label_DetailsOnEnvironmentSocialAndGovernanceDataAbstract" xml:lang="ru" id="label_DetailsOnEnvironmentSocialAndGovernanceDataAbstract_4">Сведения об окружающей среде, социальные данные и данные руководства</link:label>
    <link:labelArc xlink:type="arc" xlink:arcrole="http://www.xbrl.org/2003/arcrole/concept-label" xlink:from="DetailsOnEnvironmentSocialAndGovernanceDataAbstract" xlink:to="label_DetailsOnEnvironmentSocialAndGovernanceDataAbstract_4" xlink:title="label: DetailsOnEnvironmentSocialAndGovernanceDataAbstract to label_DetailsOnEnvironmentSocialAndGovernanceDataAbstract"/>
    <link:loc xlink:type="locator" xlink:href="esg.xsd#esg_ObjectivesForCo2AbsoluteScope1EmissionEnviromentData" xlink:label="ObjectivesForCo2AbsoluteScope1EmissionEnviromentData" xlink:title="ObjectivesForCo2AbsoluteScope1EmissionEnviromentData"/>
    <link:label xlink:type="resource" xlink:label="label_ObjectivesForCo2AbsoluteScope1EmissionEnviromentData_4" xlink:role="http://www.xbrl.org/2003/role/label" xlink:title="label_ObjectivesForCo2AbsoluteScope1EmissionEnviromentData" xml:lang="ru" id="label_ObjectivesForCo2AbsoluteScope1EmissionEnviromentData_4">Цели по выбросам CO2 в абсолютном масштабе 1 [данные об окружающей среде]</link:label>
    <link:labelArc xlink:type="arc" xlink:arcrole="http://www.xbrl.org/2003/arcrole/concept-label" xlink:from="ObjectivesForCo2AbsoluteScope1EmissionEnviromentData" xlink:to="label_ObjectivesForCo2AbsoluteScope1EmissionEnviromentData_4" xlink:title="label: ObjectivesForCo2AbsoluteScope1EmissionEnviromentData to label_ObjectivesForCo2AbsoluteScope1EmissionEnviromentData"/>
    <link:loc xlink:type="locator" xlink:href="esg.xsd#esg_ObjectivesForCo2AbsoluteScope2EmissionEnviromentData" xlink:label="ObjectivesForCo2AbsoluteScope2EmissionEnviromentData" xlink:title="ObjectivesForCo2AbsoluteScope2EmissionEnviromentData"/>
    <link:label xlink:type="resource" xlink:label="label_ObjectivesForCo2AbsoluteScope2EmissionEnviromentData_4" xlink:role="http://www.xbrl.org/2003/role/label" xlink:title="label_ObjectivesForCo2AbsoluteScope2EmissionEnviromentData" xml:lang="ru" id="label_ObjectivesForCo2AbsoluteScope2EmissionEnviromentData_4">Цели по выбросам CO2 в абсолютном масштабе 2 [данные об окружающей среде]</link:label>
    <link:labelArc xlink:type="arc" xlink:arcrole="http://www.xbrl.org/2003/arcrole/concept-label" xlink:from="ObjectivesForCo2AbsoluteScope2EmissionEnviromentData" xlink:to="label_ObjectivesForCo2AbsoluteScope2EmissionEnviromentData_4" xlink:title="label: ObjectivesForCo2AbsoluteScope2EmissionEnviromentData to label_ObjectivesForCo2AbsoluteScope2EmissionEnviromentData"/>
    <link:loc xlink:type="locator" xlink:href="esg.xsd#esg_ObjectivesForCo2AbsoluteScope3EmissionEnviromentData" xlink:label="ObjectivesForCo2AbsoluteScope3EmissionEnviromentData" xlink:title="ObjectivesForCo2AbsoluteScope3EmissionEnviromentData"/>
    <link:label xlink:type="resource" xlink:label="label_ObjectivesForCo2AbsoluteScope3EmissionEnviromentData_4" xlink:role="http://www.xbrl.org/2003/role/label" xlink:title="label_ObjectivesForCo2AbsoluteScope3EmissionEnviromentData" xml:lang="ru" id="label_ObjectivesForCo2AbsoluteScope3EmissionEnviromentData_4">Цели по выбросам CO2 в абсолютном масштабе 3 [данные об окружающей среде]</link:label>
    <link:labelArc xlink:type="arc" xlink:arcrole="http://www.xbrl.org/2003/arcrole/concept-label" xlink:from="ObjectivesForCo2AbsoluteScope3EmissionEnviromentData" xlink:to="label_ObjectivesForCo2AbsoluteScope3EmissionEnviromentData_4" xlink:title="label: ObjectivesForCo2AbsoluteScope3EmissionEnviromentData to label_ObjectivesForCo2AbsoluteScope3EmissionEnviromentData"/>
    <link:loc xlink:type="locator" xlink:href="esg.xsd#esg_ObjectivesForCo2TotalEnviromentData" xlink:label="ObjectivesForCo2TotalEnviromentData" xlink:title="ObjectivesForCo2TotalEnviromentData"/>
    <link:label xlink:type="resource" xlink:label="label_ObjectivesForCo2TotalEnviromentData_4" xlink:role="http://www.xbrl.org/2003/role/label" xlink:title="label_ObjectivesForCo2TotalEnviromentData" xml:lang="ru" id="label_ObjectivesForCo2TotalEnviromentData_4">Цели по выбросам CO2, всего [данные об окружающей среде]</link:label>
    <link:labelArc xlink:type="arc" xlink:arcrole="http://www.xbrl.org/2003/arcrole/concept-label" xlink:from="ObjectivesForCo2TotalEnviromentData" xlink:to="label_ObjectivesForCo2TotalEnviromentData_4" xlink:title="label: ObjectivesForCo2TotalEnviromentData to label_ObjectivesForCo2TotalEnviromentData"/>
    <link:loc xlink:type="locator" xlink:href="esg.xsd#esg_ObjectivesForCarbonIntensityEnviromentData" xlink:label="ObjectivesForCarbonIntensityEnviromentData" xlink:title="ObjectivesForCarbonIntensityEnviromentData"/>
    <link:label xlink:type="resource" xlink:label="label_ObjectivesForCarbonIntensityEnviromentData_4" xlink:role="http://www.xbrl.org/2003/role/label" xlink:title="label_ObjectivesForCarbonIntensityEnviromentData" xml:lang="ru" id="label_ObjectivesForCarbonIntensityEnviromentData_4">Цели по интенсивности углеродных выбросов [данные об окружающей среде]</link:label>
    <link:labelArc xlink:type="arc" xlink:arcrole="http://www.xbrl.org/2003/arcrole/concept-label" xlink:from="ObjectivesForCarbonIntensityEnviromentData" xlink:to="label_ObjectivesForCarbonIntensityEnviromentData_4" xlink:title="label: ObjectivesForCarbonIntensityEnviromentData to label_ObjectivesForCarbonIntensityEnviromentData"/>
    <link:loc xlink:type="locator" xlink:href="esg.xsd#esg_ObjectivesForEnergyConsumptionEnviromentData" xlink:label="ObjectivesForEnergyConsumptionEnviromentData" xlink:title="ObjectivesForEnergyConsumptionEnviromentData"/>
    <link:label xlink:type="resource" xlink:label="label_ObjectivesForEnergyConsumptionEnviromentData_4" xlink:role="http://www.xbrl.org/2003/role/label" xlink:title="label_ObjectivesForEnergyConsumptionEnviromentData" xml:lang="ru" id="label_ObjectivesForEnergyConsumptionEnviromentData_4">Цели по энергопотреблению [данные об окружающей среде]</link:label>
    <link:labelArc xlink:type="arc" xlink:arcrole="http://www.xbrl.org/2003/arcrole/concept-label" xlink:from="ObjectivesForEnergyConsumptionEnviromentData" xlink:to="label_ObjectivesForEnergyConsumptionEnviromentData_4" xlink:title="label: ObjectivesForEnergyConsumptionEnviromentData to label_ObjectivesForEnergyConsumptionEnviromentData"/>
    <link:loc xlink:type="locator" xlink:href="esg.xsd#esg_ObjectivesForEnergyIntensityEnviromentData" xlink:label="ObjectivesForEnergyIntensityEnviromentData" xlink:title="ObjectivesForEnergyIntensityEnviromentData"/>
    <link:label xlink:type="resource" xlink:label="label_ObjectivesForEnergyIntensityEnviromentData_4" xlink:role="http://www.xbrl.org/2003/role/label" xlink:title="label_ObjectivesForEnergyIntensityEnviromentData" xml:lang="ru" id="label_ObjectivesForEnergyIntensityEnviromentData_4">Цели по интенсивности энергопотребления [данные об окружающей среде]</link:label>
    <link:labelArc xlink:type="arc" xlink:arcrole="http://www.xbrl.org/2003/arcrole/concept-label" xlink:from="ObjectivesForEnergyIntensityEnviromentData" xlink:to="label_ObjectivesForEnergyIntensityEnviromentData_4" xlink:title="label: ObjectivesForEnergyIntensityEnviromentData to label_ObjectivesForEnergyIntensityEnviromentData"/>
    <link:loc xlink:type="locator" xlink:href="esg.xsd#esg_ObjectivesForShareOfRenewableEnergyEnviromentData" xlink:label="ObjectivesForShareOfRenewableEnergyEnviromentData" xlink:title="ObjectivesForShareOfRenewableEnergyEnviromentData"/>
    <link:label xlink:type="resource" xlink:label="label_ObjectivesForShareOfRenewableEnergyEnviromentData_4" xlink:role="http://www.xbrl.org/2003/role/label" xlink:title="label_ObjectivesForShareOfRenewableEnergyEnviromentData" xml:lang="ru" id="label_ObjectivesForShareOfRenewableEnergyEnviromentData_4">Цели по доле возобновляемых источников энергии [данные об окружающей среде]</link:label>
    <link:labelArc xlink:type="arc" xlink:arcrole="http://www.xbrl.org/2003/arcrole/concept-label" xlink:from="ObjectivesForShareOfRenewableEnergyEnviromentData" xlink:to="label_ObjectivesForShareOfRenewableEnergyEnviromentData_4" xlink:title="label: ObjectivesForShareOfRenewableEnergyEnviromentData to label_ObjectivesForShareOfRenewableEnergyEnviromentData"/>
    <link:loc xlink:type="locator" xlink:href="esg.xsd#esg_ObjectivesForWaterConsumptionEnviromentData" xlink:label="ObjectivesForWaterConsumptionEnviromentData" xlink:title="ObjectivesForWaterConsumptionEnviromentData"/>
    <link:label xlink:type="resource" xlink:label="label_ObjectivesForWaterConsumptionEnviromentData_4" xlink:role="http://www.xbrl.org/2003/role/label" xlink:title="label_ObjectivesForWaterConsumptionEnviromentData" xml:lang="ru" id="label_ObjectivesForWaterConsumptionEnviromentData_4">Цели по расходу воды [данные об окружающей среде]</link:label>
    <link:labelArc xlink:type="arc" xlink:arcrole="http://www.xbrl.org/2003/arcrole/concept-label" xlink:from="ObjectivesForWaterConsumptionEnviromentData" xlink:to="label_ObjectivesForWaterConsumptionEnviromentData_4" xlink:title="label: ObjectivesForWaterConsumptionEnviromentData to label_ObjectivesForWaterConsumptionEnviromentData"/>
    <link:loc xlink:type="locator" xlink:href="esg.xsd#esg_ObjectivesForSicknessAbsenceSSocialeData" xlink:label="ObjectivesForSicknessAbsenceSSocialeData" xlink:title="ObjectivesForSicknessAbsenceSSocialeData"/>
    <link:label xlink:type="resource" xlink:label="label_ObjectivesForSicknessAbsenceSSocialeData_4" xlink:role="http://www.xbrl.org/2003/role/label" xlink:title="label_ObjectivesForSicknessAbsenceSSocialeData" xml:lang="ru" id="label_ObjectivesForSicknessAbsenceSSocialeData_4">Цели по отсутствию по болезни [S — социальные данные]</link:label>
    <link:labelArc xlink:type="arc" xlink:arcrole="http://www.xbrl.org/2003/arcrole/concept-label" xlink:from="ObjectivesForSicknessAbsenceSSocialeData" xlink:to="label_ObjectivesForSicknessAbsenceSSocialeData_4" xlink:title="label: ObjectivesForSicknessAbsenceSSocialeData to label_ObjectivesForSicknessAbsenceSSocialeData"/>
    <link:loc xlink:type="locator" xlink:href="esg.xsd#esg_ObjectivesForLostTimeInjuryFrequencySSocialeData" xlink:label="ObjectivesForLostTimeInjuryFrequencySSocialeData" xlink:title="ObjectivesForLostTimeInjuryFrequencySSocialeData"/>
    <link:label xlink:type="resource" xlink:label="label_ObjectivesForLostTimeInjuryFrequencySSocialeData_4" xlink:role="http://www.xbrl.org/2003/role/label" xlink:title="label_ObjectivesForLostTimeInjuryFrequencySSocialeData" xml:lang="ru" id="label_ObjectivesForLostTimeInjuryFrequencySSocialeData_4">Цели по количеству происшествий с потерей трудоспособности [S — социальные данные]</link:label>
    <link:labelArc xlink:type="arc" xlink:arcrole="http://www.xbrl.org/2003/arcrole/concept-label" xlink:from="ObjectivesForLostTimeInjuryFrequencySSocialeData" xlink:to="label_ObjectivesForLostTimeInjuryFrequencySSocialeData_4" xlink:title="label: ObjectivesForLostTimeInjuryFrequencySSocialeData to label_ObjectivesForLostTimeInjuryFrequencySSocialeData"/>
    <link:loc xlink:type="locator" xlink:href="esg.xsd#esg_ObjectivesForEmployeeTurnoverSSocialeData" xlink:label="ObjectivesForEmployeeTurnoverSSocialeData" xlink:title="ObjectivesForEmployeeTurnoverSSocialeData"/>
    <link:label xlink:type="resource" xlink:label="label_ObjectivesForEmployeeTurnoverSSocialeData_4" xlink:role="http://www.xbrl.org/2003/role/label" xlink:title="label_ObjectivesForEmployeeTurnoverSSocialeData" xml:lang="ru" id="label_ObjectivesForEmployeeTurnoverSSocialeData_4">Цели по утечке кадров [S — социальные данные]</link:label>
    <link:labelArc xlink:type="arc" xlink:arcrole="http://www.xbrl.org/2003/arcrole/concept-label" xlink:from="ObjectivesForEmployeeTurnoverSSocialeData" xlink:to="label_ObjectivesForEmployeeTurnoverSSocialeData_4" xlink:title="label: ObjectivesForEmployeeTurnoverSSocialeData to label_ObjectivesForEmployeeTurnoverSSocialeData"/>
    <link:loc xlink:type="locator" xlink:href="esg.xsd#esg_ObjectivesForEmployeeSatisfactionSSocialeData" xlink:label="ObjectivesForEmployeeSatisfactionSSocialeData" xlink:title="ObjectivesForEmployeeSatisfactionSSocialeData"/>
    <link:label xlink:type="resource" xlink:label="label_ObjectivesForEmployeeSatisfactionSSocialeData_4" xlink:role="http://www.xbrl.org/2003/role/label" xlink:title="label_ObjectivesForEmployeeSatisfactionSSocialeData" xml:lang="ru" id="label_ObjectivesForEmployeeSatisfactionSSocialeData_4">Цели по удовлетворенности сотрудников [S — социальные данные]</link:label>
    <link:labelArc xlink:type="arc" xlink:arcrole="http://www.xbrl.org/2003/arcrole/concept-label" xlink:from="ObjectivesForEmployeeSatisfactionSSocialeData" xlink:to="label_ObjectivesForEmployeeSatisfactionSSocialeData_4" xlink:title="label: ObjectivesForEmployeeSatisfactionSSocialeData to label_ObjectivesForEmployeeSatisfactionSSocialeData"/>
    <link:loc xlink:type="locator" xlink:href="esg.xsd#esg_ObjectivesForGenderDiversityAllEmployeesSSocialeData" xlink:label="ObjectivesForGenderDiversityAllEmployeesSSocialeData" xlink:title="ObjectivesForGenderDiversityAllEmployeesSSocialeData"/>
    <link:label xlink:type="resource" xlink:label="label_ObjectivesForGenderDiversityAllEmployeesSSocialeData_4" xlink:role="http://www.xbrl.org/2003/role/label" xlink:title="label_ObjectivesForGenderDiversityAllEmployeesSSocialeData" xml:lang="ru" id="label_ObjectivesForGenderDiversityAllEmployeesSSocialeData_4">Цели по гендерному разнообразию: все сотрудники [S — социальные данные]</link:label>
    <link:labelArc xlink:type="arc" xlink:arcrole="http://www.xbrl.org/2003/arcrole/concept-label" xlink:from="ObjectivesForGenderDiversityAllEmployeesSSocialeData" xlink:to="label_ObjectivesForGenderDiversityAllEmployeesSSocialeData_4" xlink:title="label: ObjectivesForGenderDiversityAllEmployeesSSocialeData to label_ObjectivesForGenderDiversityAllEmployeesSSocialeData"/>
    <link:loc xlink:type="locator" xlink:href="esg.xsd#esg_ObjectivesForGenderDiversityManagementSSocialeData" xlink:label="ObjectivesForGenderDiversityManagementSSocialeData" xlink:title="ObjectivesForGenderDiversityManagementSSocialeData"/>
    <link:label xlink:type="resource" xlink:label="label_ObjectivesForGenderDiversityManagementSSocialeData_4" xlink:role="http://www.xbrl.org/2003/role/label" xlink:title="label_ObjectivesForGenderDiversityManagementSSocialeData" xml:lang="ru" id="label_ObjectivesForGenderDiversityManagementSSocialeData_4">Цели по гендерному разнообразию: руководство [S — социальные данные]</link:label>
    <link:labelArc xlink:type="arc" xlink:arcrole="http://www.xbrl.org/2003/arcrole/concept-label" xlink:from="ObjectivesForGenderDiversityManagementSSocialeData" xlink:to="label_ObjectivesForGenderDiversityManagementSSocialeData_4" xlink:title="label: ObjectivesForGenderDiversityManagementSSocialeData to label_ObjectivesForGenderDiversityManagementSSocialeData"/>
    <link:loc xlink:type="locator" xlink:href="esg.xsd#esg_ObjectivesForGenderDiversityOtherManagementLevelsSSocialeData" xlink:label="ObjectivesForGenderDiversityOtherManagementLevelsSSocialeData" xlink:title="ObjectivesForGenderDiversityOtherManagementLevelsSSocialeData"/>
    <link:label xlink:type="resource" xlink:label="label_ObjectivesForGenderDiversityOtherManagementLevelsSSocialeData_4" xlink:role="http://www.xbrl.org/2003/role/label" xlink:title="label_ObjectivesForGenderDiversityOtherManagementLevelsSSocialeData" xml:lang="ru" id="label_ObjectivesForGenderDiversityOtherManagementLevelsSSocialeData_4">Цели по гендерному разнообразию: другие уровни руководства [S — социальные данные]</link:label>
    <link:labelArc xlink:type="arc" xlink:arcrole="http://www.xbrl.org/2003/arcrole/concept-label" xlink:from="ObjectivesForGenderDiversityOtherManagementLevelsSSocialeData" xlink:to="label_ObjectivesForGenderDiversityOtherManagementLevelsSSocialeData_4" xlink:title="label: ObjectivesForGenderDiversityOtherManagementLevelsSSocialeData to label_ObjectivesForGenderDiversityOtherManagementLevelsSSocialeData"/>
    <link:loc xlink:type="locator" xlink:href="esg.xsd#esg_ObjectivesForGenderDiversityBoardOfDirectorsGGovernanceData" xlink:label="ObjectivesForGenderDiversityBoardOfDirectorsSSocialeData" xlink:title="ObjectivesForGenderDiversityBoardOfDirectorsSSocialeData"/>
    <link:label xlink:type="resource" xlink:label="label_ObjectivesForGenderDiversityBoardOfDirectorsSSocialeData_4" xlink:role="http://www.xbrl.org/2003/role/label" xlink:title="label_ObjectivesForGenderDiversityBoardOfDirectorsSSocialeData" xml:lang="ru" id="label_ObjectivesForGenderDiversityBoardOfDirectorsSSocialeData_4">Цели по гендерному разнообразию: совет директоров [S — социальные данные]</link:label>
    <link:labelArc xlink:type="arc" xlink:arcrole="http://www.xbrl.org/2003/arcrole/concept-label" xlink:from="ObjectivesForGenderDiversityBoardOfDirectorsSSocialeData" xlink:to="label_ObjectivesForGenderDiversityBoardOfDirectorsSSocialeData_4" xlink:title="label: ObjectivesForGenderDiversityBoardOfDirectorsSSocialeData to label_ObjectivesForGenderDiversityBoardOfDirectorsSSocialeData"/>
    <link:loc xlink:type="locator" xlink:href="esg.xsd#esg_ObjectivesForCeoPayRatioGGovernanceData" xlink:label="ObjectivesForCeoPayRatioSSocialeData" xlink:title="ObjectivesForCeoPayRatioSSocialeData"/>
    <link:label xlink:type="resource" xlink:label="label_ObjectivesForCeoPayRatioSSocialeData_4" xlink:role="http://www.xbrl.org/2003/role/label" xlink:title="label_ObjectivesForCeoPayRatioSSocialeData" xml:lang="ru" id="label_ObjectivesForCeoPayRatioSSocialeData_4">Цели по ставке оплаты труда генерального директора [S — социальные данные]</link:label>
    <link:labelArc xlink:type="arc" xlink:arcrole="http://www.xbrl.org/2003/arcrole/concept-label" xlink:from="ObjectivesForCeoPayRatioSSocialeData" xlink:to="label_ObjectivesForCeoPayRatioSSocialeData_4" xlink:title="label: ObjectivesForCeoPayRatioSSocialeData to label_ObjectivesForCeoPayRatioSSocialeData"/>
    <link:loc xlink:type="locator" xlink:href="esg.xsd#esg_ObjectivesForGenderPayRatioSSocialeData" xlink:label="ObjectivesForGenderPayRatioSSocialeData" xlink:title="ObjectivesForGenderPayRatioSSocialeData"/>
    <link:label xlink:type="resource" xlink:label="label_ObjectivesForGenderPayRatioSSocialeData_4" xlink:role="http://www.xbrl.org/2003/role/label" xlink:title="label_ObjectivesForGenderPayRatioSSocialeData" xml:lang="ru" id="label_ObjectivesForGenderPayRatioSSocialeData_4">Цели по ставке оплаты труда по полам [S — социальные данные]</link:label>
    <link:labelArc xlink:type="arc" xlink:arcrole="http://www.xbrl.org/2003/arcrole/concept-label" xlink:from="ObjectivesForGenderPayRatioSSocialeData" xlink:to="label_ObjectivesForGenderPayRatioSSocialeData_4" xlink:title="label: ObjectivesForGenderPayRatioSSocialeData to label_ObjectivesForGenderPayRatioSSocialeData"/>
    <link:loc xlink:type="locator" xlink:href="esg.xsd#esg_ObjectivesForTurnoverGGovernanceData" xlink:label="ObjectivesForTurnoverGGovernanceData" xlink:title="ObjectivesForTurnoverGGovernanceData"/>
    <link:label xlink:type="resource" xlink:label="label_ObjectivesForTurnoverGGovernanceData_4" xlink:role="http://www.xbrl.org/2003/role/label" xlink:title="label_ObjectivesForTurnoverGGovernanceData" xml:lang="ru" id="label_ObjectivesForTurnoverGGovernanceData_4">Цели по утечке кадров [G — данные руководства]</link:label>
    <link:labelArc xlink:type="arc" xlink:arcrole="http://www.xbrl.org/2003/arcrole/concept-label" xlink:from="ObjectivesForTurnoverGGovernanceData" xlink:to="label_ObjectivesForTurnoverGGovernanceData_4" xlink:title="label: ObjectivesForTurnoverGGovernanceData to label_ObjectivesForTurnoverGGovernanceData"/>
    <link:loc xlink:type="locator" xlink:href="esg.xsd#esg_ObjectivesForCapexGGovernanceData" xlink:label="ObjectivesForCapexGGovernanceData" xlink:title="ObjectivesForCapexGGovernanceData"/>
    <link:label xlink:type="resource" xlink:label="label_ObjectivesForCapexGGovernanceData_4" xlink:role="http://www.xbrl.org/2003/role/label" xlink:title="label_ObjectivesForCapexGGovernanceData" xml:lang="ru" id="label_ObjectivesForCapexGGovernanceData_4">Цели по капитальным затратам [G — данные руководства]</link:label>
    <link:labelArc xlink:type="arc" xlink:arcrole="http://www.xbrl.org/2003/arcrole/concept-label" xlink:from="ObjectivesForCapexGGovernanceData" xlink:to="label_ObjectivesForCapexGGovernanceData_4" xlink:title="label: ObjectivesForCapexGGovernanceData to label_ObjectivesForCapexGGovernanceData"/>
    <link:loc xlink:type="locator" xlink:href="esg.xsd#esg_ObjectivesForOpexGGovernanceData" xlink:label="ObjectivesForOpexGGovernanceData" xlink:title="ObjectivesForOpexGGovernanceData"/>
    <link:label xlink:type="resource" xlink:label="label_ObjectivesForOpexGGovernanceData_4" xlink:role="http://www.xbrl.org/2003/role/label" xlink:title="label_ObjectivesForOpexGGovernanceData" xml:lang="ru" id="label_ObjectivesForOpexGGovernanceData_4">Цели по операционным затратам [G — данные руководства]</link:label>
    <link:labelArc xlink:type="arc" xlink:arcrole="http://www.xbrl.org/2003/arcrole/concept-label" xlink:from="ObjectivesForOpexGGovernanceData" xlink:to="label_ObjectivesForOpexGGovernanceData_4" xlink:title="label: ObjectivesForOpexGGovernanceData to label_ObjectivesForOpexGGovernanceData"/>
    <link:loc xlink:type="locator" xlink:href="esg.xsd#esg_DetailsOnEsgDatarHypercube" xlink:label="DetailsOnEsgDatarHypercube" xlink:title="DetailsOnEsgDatarHypercube"/>
    <link:label xlink:type="resource" xlink:label="label_DetailsOnEsgDatarHypercube_4" xlink:role="http://www.xbrl.org/2003/role/label" xlink:title="label_DetailsOnEsgDatarHypercube" xml:lang="ru" id="label_DetailsOnEsgDatarHypercube_4">Сведения о социальных данных, данных руководства и данных об окружающей среде (ESG)</link:label>
    <link:labelArc xlink:type="arc" xlink:arcrole="http://www.xbrl.org/2003/arcrole/concept-label" xlink:from="DetailsOnEsgDatarHypercube" xlink:to="label_DetailsOnEsgDatarHypercube_4" xlink:title="label: DetailsOnEsgDatarHypercube to label_DetailsOnEsgDatarHypercube"/>
    <link:loc xlink:type="locator" xlink:href="esg.xsd#esg_IdentificationOfEsgDataDimension" xlink:label="IdentificationOfEsgDataDimension" xlink:title="IdentificationOfEsgDataDimension"/>
    <link:label xlink:type="resource" xlink:label="label_IdentificationOfEsgDataDimension_4" xlink:role="http://www.xbrl.org/2003/role/label" xlink:title="label_IdentificationOfEsgDataDimension" xml:lang="ru" id="label_IdentificationOfEsgDataDimension_4">Идентификация данных ESG</link:label>
    <link:labelArc xlink:type="arc" xlink:arcrole="http://www.xbrl.org/2003/arcrole/concept-label" xlink:from="IdentificationOfEsgDataDimension" xlink:to="label_IdentificationOfEsgDataDimension_4" xlink:title="label: IdentificationOfEsgDataDimension to label_IdentificationOfEsgDataDimension"/>
    <link:loc xlink:type="locator" xlink:href="esg.xsd#esg_NameOfEsgIndicator" xlink:label="NameOfEsgIndicator" xlink:title="NameOfEsgIndicator"/>
    <link:label xlink:type="resource" xlink:label="label_NameOfEsgIndicator_4" xlink:role="http://www.xbrl.org/2003/role/label" xlink:title="label_NameOfEsgIndicator" xml:lang="ru" id="label_NameOfEsgIndicator_4">Название индикатора ESG</link:label>
    <link:labelArc xlink:type="arc" xlink:arcrole="http://www.xbrl.org/2003/arcrole/concept-label" xlink:from="NameOfEsgIndicator" xlink:to="label_NameOfEsgIndicator_4" xlink:title="label: NameOfEsgIndicator to label_NameOfEsgIndicator"/>
    <link:loc xlink:type="locator" xlink:href="esg.xsd#esg_TypeOfEsgData" xlink:label="TypeOfEsgData" xlink:title="TypeOfEsgData"/>
    <link:label xlink:type="resource" xlink:label="label_TypeOfEsgData_4" xlink:role="http://www.xbrl.org/2003/role/label" xlink:title="label_TypeOfEsgData" xml:lang="ru" id="label_TypeOfEsgData_4">Тип данных ESG</link:label>
    <link:labelArc xlink:type="arc" xlink:arcrole="http://www.xbrl.org/2003/arcrole/concept-label" xlink:from="TypeOfEsgData" xlink:to="label_TypeOfEsgData_4" xlink:title="label: TypeOfEsgData to label_TypeOfEsgData"/>
    <link:loc xlink:type="locator" xlink:href="esg.xsd#esg_ValueOfEsgIndicator" xlink:label="ValueOfEsgIndicator" xlink:title="ValueOfEsgIndicator"/>
    <link:label xlink:type="resource" xlink:label="label_ValueOfEsgIndicator_4" xlink:role="http://www.xbrl.org/2003/role/label" xlink:title="label_ValueOfEsgIndicator" xml:lang="ru" id="label_ValueOfEsgIndicator_4">Значение индикатора ESG</link:label>
    <link:labelArc xlink:type="arc" xlink:arcrole="http://www.xbrl.org/2003/arcrole/concept-label" xlink:from="ValueOfEsgIndicator" xlink:to="label_ValueOfEsgIndicator_4" xlink:title="label: ValueOfEsgIndicator to label_ValueOfEsgIndicator"/>
    <link:loc xlink:type="locator" xlink:href="esg.xsd#esg_ObjectivesForEsgIndicator" xlink:label="ObjectivesForEsgIndicator" xlink:title="ObjectivesForEsgIndicator"/>
    <link:label xlink:type="resource" xlink:label="label_ObjectivesForEsgIndicator_4" xlink:role="http://www.xbrl.org/2003/role/label" xlink:title="label_ObjectivesForEsgIndicator" xml:lang="ru" id="label_ObjectivesForEsgIndicator_4">Цели по индикатору ESG</link:label>
    <link:labelArc xlink:type="arc" xlink:arcrole="http://www.xbrl.org/2003/arcrole/concept-label" xlink:from="ObjectivesForEsgIndicator" xlink:to="label_ObjectivesForEsgIndicator_4" xlink:title="label: ObjectivesForEsgIndicator to label_ObjectivesForEsgIndicator"/>
    <link:loc xlink:type="locator" xlink:href="esg.xsd#esg_RemarksRegardingEsgIndicator" xlink:label="RemarksRegardingEsgIndicator" xlink:title="RemarksRegardingEsgIndicator"/>
    <link:label xlink:type="resource" xlink:label="label_RemarksRegardingEsgIndicator_4" xlink:role="http://www.xbrl.org/2003/role/label" xlink:title="label_RemarksRegardingEsgIndicator" xml:lang="ru" id="label_RemarksRegardingEsgIndicator_4">Примечания касательно индикатора ESG</link:label>
    <link:labelArc xlink:type="arc" xlink:arcrole="http://www.xbrl.org/2003/arcrole/concept-label" xlink:from="RemarksRegardingEsgIndicator" xlink:to="label_RemarksRegardingEsgIndicator_4" xlink:title="label: RemarksRegardingEsgIndicator to label_RemarksRegardingEsgIndicator"/>
    <link:loc xlink:type="locator" xlink:href="esg.xsd#esg_DescriptionOfMethodsOfEsgIndicator" xlink:label="DescriptionOfMethodsOfEsgIndicator" xlink:title="DescriptionOfMethodsOfEsgIndicator"/>
    <link:label xlink:type="resource" xlink:label="label_DescriptionOfMethodsOfEsgIndicator_4" xlink:role="http://www.xbrl.org/2003/role/label" xlink:title="label_DescriptionOfMethodsOfEsgIndicator" xml:lang="ru" id="label_DescriptionOfMethodsOfEsgIndicator_4">Описание методов расчета индикатора ESG</link:label>
    <link:labelArc xlink:type="arc" xlink:arcrole="http://www.xbrl.org/2003/arcrole/concept-label" xlink:from="DescriptionOfMethodsOfEsgIndicator" xlink:to="label_DescriptionOfMethodsOfEsgIndicator_4" xlink:title="label: DescriptionOfMethodsOfEsgIndicator to label_DescriptionOfMethodsOfEsgIndicator"/>
  </link:labelLink>
</link:linkbase>
