<?xml version="1.0" encoding="UTF-8"?>
<!-- Generated by Fujitsu Interstage XWand B0251T -->
<link:linkbase xmlns:xsi="http://www.w3.org/2001/XMLSchema-instance" xsi:schemaLocation="http://www.xbrl.org/2003/linkbase http://www.xbrl.org/2003/xbrl-linkbase-2003-12-31.xsd" xmlns:esg="http://xbrl.dcca.dk/esg" xmlns:tax="http://xbrl.dcca.dk/tax" xmlns:tch="http://xbrl.dcca.dk/tch" xmlns:gen="http://xbrl.org/2008/generic" xmlns:ref="http://www.xbrl.org/2006/ref" xmlns:xbrldt="http://xbrl.org/2005/xbrldt" xmlns:nonnum="http://www.xbrl.org/dtr/type/non-numeric" xmlns:xl="http://www.xbrl.org/2003/XLink" xmlns:gsd="http://xbrl.dcca.dk/gsd" xmlns:dst="http://xbrl.dcca.dk/dst" xmlns:xsd="http://www.w3.org/2001/XMLSchema" xmlns:link="http://www.xbrl.org/2003/linkbase" xmlns:num="http://www.xbrl.org/dtr/type/numeric" xmlns:xlink="http://www.w3.org/1999/xlink" xmlns:fsa="http://xbrl.dcca.dk/fsa" xmlns:cmn="http://xbrl.dcca.dk/cmn" xmlns:label="http://xbrl.org/2008/label" xmlns:mrv="http://xbrl.dcca.dk/mrv" xmlns:xbrli="http://www.xbrl.org/2003/instance">
  <link:labelLink xlink:type="extended" xlink:role="http://www.xbrl.org/2003/role/link">
    <link:loc xlink:type="locator" xlink:href="esg.xsd#esg_EnvironmentSocialAndGovernanceDataAbstract" xlink:label="EnvironmentSocialAndGovernanceDataAbstract" xlink:title="EnvironmentSocialAndGovernanceDataAbstract"/>
    <link:label xlink:type="resource" xlink:label="label_EnvironmentSocialAndGovernanceDataAbstract_6" xlink:role="http://www.xbrl.org/2003/role/label" xlink:title="label_EnvironmentSocialAndGovernanceDataAbstract" xml:lang="pt" id="label_EnvironmentSocialAndGovernanceDataAbstract_6">Dados ambientais, sociais e de governação</link:label>
    <link:labelArc xlink:type="arc" xlink:arcrole="http://www.xbrl.org/2003/arcrole/concept-label" xlink:from="EnvironmentSocialAndGovernanceDataAbstract" xlink:to="label_EnvironmentSocialAndGovernanceDataAbstract_6" xlink:title="label: EnvironmentSocialAndGovernanceDataAbstract to label_EnvironmentSocialAndGovernanceDataAbstract"/>
    <link:loc xlink:type="locator" xlink:href="esg.xsd#esg_EnviromentDataAbstract" xlink:label="EnviromentDataAbstract" xlink:title="EnviromentDataAbstract"/>
    <link:label xlink:type="resource" xlink:label="label_EnviromentDataAbstract_6" xlink:role="http://www.xbrl.org/2003/role/label" xlink:title="label_EnviromentDataAbstract" xml:lang="pt" id="label_EnviromentDataAbstract_6">Dados ambientais</link:label>
    <link:labelArc xlink:type="arc" xlink:arcrole="http://www.xbrl.org/2003/arcrole/concept-label" xlink:from="EnviromentDataAbstract" xlink:to="label_EnviromentDataAbstract_6" xlink:title="label: EnviromentDataAbstract to label_EnviromentDataAbstract"/>
    <link:loc xlink:type="locator" xlink:href="esg.xsd#esg_SocialDataAbstract" xlink:label="SocialDataAbstract" xlink:title="SocialDataAbstract"/>
    <link:label xlink:type="resource" xlink:label="label_SocialDataAbstract_6" xlink:role="http://www.xbrl.org/2003/role/label" xlink:title="label_SocialDataAbstract" xml:lang="pt" id="label_SocialDataAbstract_6">Dados sociais</link:label>
    <link:labelArc xlink:type="arc" xlink:arcrole="http://www.xbrl.org/2003/arcrole/concept-label" xlink:from="SocialDataAbstract" xlink:to="label_SocialDataAbstract_6" xlink:title="label: SocialDataAbstract to label_SocialDataAbstract"/>
    <link:loc xlink:type="locator" xlink:href="esg.xsd#esg_GovernanceDataAbstract" xlink:label="GovernanceDataAbstract" xlink:title="GovernanceDataAbstract"/>
    <link:label xlink:type="resource" xlink:label="label_GovernanceDataAbstract_6" xlink:role="http://www.xbrl.org/2003/role/label" xlink:title="label_GovernanceDataAbstract" xml:lang="pt" id="label_GovernanceDataAbstract_6">Dados de governação</link:label>
    <link:labelArc xlink:type="arc" xlink:arcrole="http://www.xbrl.org/2003/arcrole/concept-label" xlink:from="GovernanceDataAbstract" xlink:to="label_GovernanceDataAbstract_6" xlink:title="label: GovernanceDataAbstract to label_GovernanceDataAbstract"/>
    <link:loc xlink:type="locator" xlink:href="esg.xsd#esg_Co2AbsoluteScope1EmissionEnviromentData" xlink:label="Co2AbsoluteScope1EmissionEnviromentData" xlink:title="Co2AbsoluteScope1EmissionEnviromentData"/>
    <link:label xlink:type="resource" xlink:label="label_Co2AbsoluteScope1EmissionEnviromentData_6" xlink:role="http://www.xbrl.org/2003/role/label" xlink:title="label_Co2AbsoluteScope1EmissionEnviromentData" xml:lang="pt" id="label_Co2AbsoluteScope1EmissionEnviromentData_6">CO2, âmbito 1 de emissões [dados ambientais]</link:label>
    <link:labelArc xlink:type="arc" xlink:arcrole="http://www.xbrl.org/2003/arcrole/concept-label" xlink:from="Co2AbsoluteScope1EmissionEnviromentData" xlink:to="label_Co2AbsoluteScope1EmissionEnviromentData_6" xlink:title="label: Co2AbsoluteScope1EmissionEnviromentData to label_Co2AbsoluteScope1EmissionEnviromentData"/>
    <link:loc xlink:type="locator" xlink:href="esg.xsd#esg_Co2AbsoluteScope2EmissionEnviromentData" xlink:label="Co2AbsoluteScope2EmissionEnviromentData" xlink:title="Co2AbsoluteScope2EmissionEnviromentData"/>
    <link:label xlink:type="resource" xlink:label="label_Co2AbsoluteScope2EmissionEnviromentData_6" xlink:role="http://www.xbrl.org/2003/role/label" xlink:title="label_Co2AbsoluteScope2EmissionEnviromentData" xml:lang="pt" id="label_Co2AbsoluteScope2EmissionEnviromentData_6">CO2, Âmbito 2 de emissões [dados ambientais]</link:label>
    <link:labelArc xlink:type="arc" xlink:arcrole="http://www.xbrl.org/2003/arcrole/concept-label" xlink:from="Co2AbsoluteScope2EmissionEnviromentData" xlink:to="label_Co2AbsoluteScope2EmissionEnviromentData_6" xlink:title="label: Co2AbsoluteScope2EmissionEnviromentData to label_Co2AbsoluteScope2EmissionEnviromentData"/>
    <link:loc xlink:type="locator" xlink:href="esg.xsd#esg_Co2AbsoluteScope3EmissionEnviromentData" xlink:label="Co2AbsoluteScope3EmissionEnviromentData" xlink:title="Co2AbsoluteScope3EmissionEnviromentData"/>
    <link:label xlink:type="resource" xlink:label="label_Co2AbsoluteScope3EmissionEnviromentData_6" xlink:role="http://www.xbrl.org/2003/role/label" xlink:title="label_Co2AbsoluteScope3EmissionEnviromentData" xml:lang="pt" id="label_Co2AbsoluteScope3EmissionEnviromentData_6">CO2, âmbito 3 de emissões [dados ambientais]</link:label>
    <link:labelArc xlink:type="arc" xlink:arcrole="http://www.xbrl.org/2003/arcrole/concept-label" xlink:from="Co2AbsoluteScope3EmissionEnviromentData" xlink:to="label_Co2AbsoluteScope3EmissionEnviromentData_6" xlink:title="label: Co2AbsoluteScope3EmissionEnviromentData to label_Co2AbsoluteScope3EmissionEnviromentData"/>
    <link:loc xlink:type="locator" xlink:href="esg.xsd#esg_Co2TotalEnviromentData" xlink:label="Co2TotalEnviromentData" xlink:title="Co2TotalEnviromentData"/>
    <link:label xlink:type="resource" xlink:label="label_Co2TotalEnviromentData_6" xlink:role="http://www.xbrl.org/2003/role/label" xlink:title="label_Co2TotalEnviromentData" xml:lang="pt" id="label_Co2TotalEnviromentData_6">CO2, total [dados ambientais]</link:label>
    <link:labelArc xlink:type="arc" xlink:arcrole="http://www.xbrl.org/2003/arcrole/concept-label" xlink:from="Co2TotalEnviromentData" xlink:to="label_Co2TotalEnviromentData_6" xlink:title="label: Co2TotalEnviromentData to label_Co2TotalEnviromentData"/>
    <link:loc xlink:type="locator" xlink:href="esg.xsd#esg_CarbonIntensityEnviromentData" xlink:label="CarbonIntensityEnviromentData" xlink:title="CarbonIntensityEnviromentData"/>
    <link:label xlink:type="resource" xlink:label="label_CarbonIntensityEnviromentData_6" xlink:role="http://www.xbrl.org/2003/role/label" xlink:title="label_CarbonIntensityEnviromentData" xml:lang="pt" id="label_CarbonIntensityEnviromentData_6">Teor de carbono [dados ambientais]</link:label>
    <link:labelArc xlink:type="arc" xlink:arcrole="http://www.xbrl.org/2003/arcrole/concept-label" xlink:from="CarbonIntensityEnviromentData" xlink:to="label_CarbonIntensityEnviromentData_6" xlink:title="label: CarbonIntensityEnviromentData to label_CarbonIntensityEnviromentData"/>
    <link:loc xlink:type="locator" xlink:href="esg.xsd#esg_EnergyConsumptionEnviromentData" xlink:label="EnergyConsumptionEnviromentData" xlink:title="EnergyConsumptionEnviromentData"/>
    <link:label xlink:type="resource" xlink:label="label_EnergyConsumptionEnviromentData_6" xlink:role="http://www.xbrl.org/2003/role/label" xlink:title="label_EnergyConsumptionEnviromentData" xml:lang="pt" id="label_EnergyConsumptionEnviromentData_6">Consumo de energia [dados ambientais]</link:label>
    <link:labelArc xlink:type="arc" xlink:arcrole="http://www.xbrl.org/2003/arcrole/concept-label" xlink:from="EnergyConsumptionEnviromentData" xlink:to="label_EnergyConsumptionEnviromentData_6" xlink:title="label: EnergyConsumptionEnviromentData to label_EnergyConsumptionEnviromentData"/>
    <link:loc xlink:type="locator" xlink:href="esg.xsd#esg_EnergyIntensityEnviromentData" xlink:label="EnergyIntensityEnviromentData" xlink:title="EnergyIntensityEnviromentData"/>
    <link:label xlink:type="resource" xlink:label="label_EnergyIntensityEnviromentData_6" xlink:role="http://www.xbrl.org/2003/role/label" xlink:title="label_EnergyIntensityEnviromentData" xml:lang="pt" id="label_EnergyIntensityEnviromentData_6">Intensidade energética [dados ambientais]</link:label>
    <link:labelArc xlink:type="arc" xlink:arcrole="http://www.xbrl.org/2003/arcrole/concept-label" xlink:from="EnergyIntensityEnviromentData" xlink:to="label_EnergyIntensityEnviromentData_6" xlink:title="label: EnergyIntensityEnviromentData to label_EnergyIntensityEnviromentData"/>
    <link:loc xlink:type="locator" xlink:href="esg.xsd#esg_ShareOfRenewableEnergyEnviromentData" xlink:label="ShareOfRenewableEnergyEnviromentData" xlink:title="ShareOfRenewableEnergyEnviromentData"/>
    <link:label xlink:type="resource" xlink:label="label_ShareOfRenewableEnergyEnviromentData_6" xlink:role="http://www.xbrl.org/2003/role/label" xlink:title="label_ShareOfRenewableEnergyEnviromentData" xml:lang="pt" id="label_ShareOfRenewableEnergyEnviromentData_6">Quota de energias renováveis [dados ambientais]</link:label>
    <link:labelArc xlink:type="arc" xlink:arcrole="http://www.xbrl.org/2003/arcrole/concept-label" xlink:from="ShareOfRenewableEnergyEnviromentData" xlink:to="label_ShareOfRenewableEnergyEnviromentData_6" xlink:title="label: ShareOfRenewableEnergyEnviromentData to label_ShareOfRenewableEnergyEnviromentData"/>
    <link:loc xlink:type="locator" xlink:href="esg.xsd#esg_WaterConsumptionEnviromentData" xlink:label="WaterConsumptionEnviromentData" xlink:title="WaterConsumptionEnviromentData"/>
    <link:label xlink:type="resource" xlink:label="label_WaterConsumptionEnviromentData_6" xlink:role="http://www.xbrl.org/2003/role/label" xlink:title="label_WaterConsumptionEnviromentData" xml:lang="pt" id="label_WaterConsumptionEnviromentData_6">Consumo de água [dados ambientais]</link:label>
    <link:labelArc xlink:type="arc" xlink:arcrole="http://www.xbrl.org/2003/arcrole/concept-label" xlink:from="WaterConsumptionEnviromentData" xlink:to="label_WaterConsumptionEnviromentData_6" xlink:title="label: WaterConsumptionEnviromentData to label_WaterConsumptionEnviromentData"/>
    <link:loc xlink:type="locator" xlink:href="esg.xsd#esg_SicknessAbsenceSSocialeData" xlink:label="SicknessAbsenceSSocialeData" xlink:title="SicknessAbsenceSSocialeData"/>
    <link:label xlink:type="resource" xlink:label="label_SicknessAbsenceSSocialeData_6" xlink:role="http://www.xbrl.org/2003/role/label" xlink:title="label_SicknessAbsenceSSocialeData" xml:lang="pt" id="label_SicknessAbsenceSSocialeData_6">Baixas por doença [S - dados sociais]</link:label>
    <link:labelArc xlink:type="arc" xlink:arcrole="http://www.xbrl.org/2003/arcrole/concept-label" xlink:from="SicknessAbsenceSSocialeData" xlink:to="label_SicknessAbsenceSSocialeData_6" xlink:title="label: SicknessAbsenceSSocialeData to label_SicknessAbsenceSSocialeData"/>
    <link:loc xlink:type="locator" xlink:href="esg.xsd#esg_LostTimeInjuryFrequencySSocialeData" xlink:label="LostTimeInjuryFrequencySSocialeData" xlink:title="LostTimeInjuryFrequencySSocialeData"/>
    <link:label xlink:type="resource" xlink:label="label_LostTimeInjuryFrequencySSocialeData_6" xlink:role="http://www.xbrl.org/2003/role/label" xlink:title="label_LostTimeInjuryFrequencySSocialeData" xml:lang="pt" id="label_LostTimeInjuryFrequencySSocialeData_6">Frequência de dias perdidos por lesões profissionais [S - dados sociais]</link:label>
    <link:labelArc xlink:type="arc" xlink:arcrole="http://www.xbrl.org/2003/arcrole/concept-label" xlink:from="LostTimeInjuryFrequencySSocialeData" xlink:to="label_LostTimeInjuryFrequencySSocialeData_6" xlink:title="label: LostTimeInjuryFrequencySSocialeData to label_LostTimeInjuryFrequencySSocialeData"/>
    <link:loc xlink:type="locator" xlink:href="esg.xsd#esg_EmployeeTurnoverSSocialeData" xlink:label="EmployeeTurnoverSSocialeData" xlink:title="EmployeeTurnoverSSocialeData"/>
    <link:label xlink:type="resource" xlink:label="label_EmployeeTurnoverSSocialeData_6" xlink:role="http://www.xbrl.org/2003/role/label" xlink:title="label_EmployeeTurnoverSSocialeData" xml:lang="pt" id="label_EmployeeTurnoverSSocialeData_6">Rotação do pessoal [S - dados sociais]</link:label>
    <link:labelArc xlink:type="arc" xlink:arcrole="http://www.xbrl.org/2003/arcrole/concept-label" xlink:from="EmployeeTurnoverSSocialeData" xlink:to="label_EmployeeTurnoverSSocialeData_6" xlink:title="label: EmployeeTurnoverSSocialeData to label_EmployeeTurnoverSSocialeData"/>
    <link:loc xlink:type="locator" xlink:href="esg.xsd#esg_EmployeeSatisfactionSSocialeData" xlink:label="EmployeeSatisfactionSSocialeData" xlink:title="EmployeeSatisfactionSSocialeData"/>
    <link:label xlink:type="resource" xlink:label="label_EmployeeSatisfactionSSocialeData_6" xlink:role="http://www.xbrl.org/2003/role/label" xlink:title="label_EmployeeSatisfactionSSocialeData" xml:lang="pt" id="label_EmployeeSatisfactionSSocialeData_6">Satisfação do pessoal [S - dados sociais]</link:label>
    <link:labelArc xlink:type="arc" xlink:arcrole="http://www.xbrl.org/2003/arcrole/concept-label" xlink:from="EmployeeSatisfactionSSocialeData" xlink:to="label_EmployeeSatisfactionSSocialeData_6" xlink:title="label: EmployeeSatisfactionSSocialeData to label_EmployeeSatisfactionSSocialeData"/>
    <link:loc xlink:type="locator" xlink:href="esg.xsd#esg_GenderDiversityAllEmployeesSSocialeData" xlink:label="GenderDiversityAllEmployeesSSocialeData" xlink:title="GenderDiversityAllEmployeesSSocialeData"/>
    <link:label xlink:type="resource" xlink:label="label_GenderDiversityAllEmployeesSSocialeData_6" xlink:role="http://www.xbrl.org/2003/role/label" xlink:title="label_GenderDiversityAllEmployeesSSocialeData" xml:lang="pt" id="label_GenderDiversityAllEmployeesSSocialeData_6">Diversidade de género: todos os colaboradores [S - dados sociais]</link:label>
    <link:labelArc xlink:type="arc" xlink:arcrole="http://www.xbrl.org/2003/arcrole/concept-label" xlink:from="GenderDiversityAllEmployeesSSocialeData" xlink:to="label_GenderDiversityAllEmployeesSSocialeData_6" xlink:title="label: GenderDiversityAllEmployeesSSocialeData to label_GenderDiversityAllEmployeesSSocialeData"/>
    <link:loc xlink:type="locator" xlink:href="esg.xsd#esg_GenderDiversityManagementSSocialeData" xlink:label="GenderDiversityManagementSSocialeData" xlink:title="GenderDiversityManagementSSocialeData"/>
    <link:label xlink:type="resource" xlink:label="label_GenderDiversityManagementSSocialeData_6" xlink:role="http://www.xbrl.org/2003/role/label" xlink:title="label_GenderDiversityManagementSSocialeData" xml:lang="pt" id="label_GenderDiversityManagementSSocialeData_6">Diversidade de género: Administração [S - dados sociais]</link:label>
    <link:labelArc xlink:type="arc" xlink:arcrole="http://www.xbrl.org/2003/arcrole/concept-label" xlink:from="GenderDiversityManagementSSocialeData" xlink:to="label_GenderDiversityManagementSSocialeData_6" xlink:title="label: GenderDiversityManagementSSocialeData to label_GenderDiversityManagementSSocialeData"/>
    <link:loc xlink:type="locator" xlink:href="esg.xsd#esg_GenderDiversityOtherManagementLevelsSSocialeData" xlink:label="GenderDiversityOtherManagementLevelsSSocialeData" xlink:title="GenderDiversityOtherManagementLevelsSSocialeData"/>
    <link:label xlink:type="resource" xlink:label="label_GenderDiversityOtherManagementLevelsSSocialeData_6" xlink:role="http://www.xbrl.org/2003/role/label" xlink:title="label_GenderDiversityOtherManagementLevelsSSocialeData" xml:lang="pt" id="label_GenderDiversityOtherManagementLevelsSSocialeData_6">Diversidade de género: outros níveis de gestão [S - dados sociais]</link:label>
    <link:labelArc xlink:type="arc" xlink:arcrole="http://www.xbrl.org/2003/arcrole/concept-label" xlink:from="GenderDiversityOtherManagementLevelsSSocialeData" xlink:to="label_GenderDiversityOtherManagementLevelsSSocialeData_6" xlink:title="label: GenderDiversityOtherManagementLevelsSSocialeData to label_GenderDiversityOtherManagementLevelsSSocialeData"/>
    <link:loc xlink:type="locator" xlink:href="esg.xsd#esg_GenderDiversityBoardOfDirectorsGGovernanceData" xlink:label="GenderDiversityBoardOfDirectorsSSocialeData" xlink:title="GenderDiversityBoardOfDirectorsSSocialeData"/>
    <link:label xlink:type="resource" xlink:label="label_GenderDiversityBoardOfDirectorsSSocialeData_6" xlink:role="http://www.xbrl.org/2003/role/label" xlink:title="label_GenderDiversityBoardOfDirectorsSSocialeData" xml:lang="pt" id="label_GenderDiversityBoardOfDirectorsSSocialeData_6">Diversidade de género: Conselho de Administração [S - dados sociais]</link:label>
    <link:labelArc xlink:type="arc" xlink:arcrole="http://www.xbrl.org/2003/arcrole/concept-label" xlink:from="GenderDiversityBoardOfDirectorsSSocialeData" xlink:to="label_GenderDiversityBoardOfDirectorsSSocialeData_6" xlink:title="label: GenderDiversityBoardOfDirectorsSSocialeData to label_GenderDiversityBoardOfDirectorsSSocialeData"/>
    <link:loc xlink:type="locator" xlink:href="esg.xsd#esg_CeoPayRatioGGovernanceData" xlink:label="CeoPayRatioSSocialeData" xlink:title="CeoPayRatioSSocialeData"/>
    <link:label xlink:type="resource" xlink:label="label_CeoPayRatioSSocialeData_6" xlink:role="http://www.xbrl.org/2003/role/label" xlink:title="label_CeoPayRatioSSocialeData" xml:lang="pt" id="label_CeoPayRatioSSocialeData_6">Rácio de salário de diretor-geral [S - dados sociais]</link:label>
    <link:labelArc xlink:type="arc" xlink:arcrole="http://www.xbrl.org/2003/arcrole/concept-label" xlink:from="CeoPayRatioSSocialeData" xlink:to="label_CeoPayRatioSSocialeData_6" xlink:title="label: CeoPayRatioSSocialeData to label_CeoPayRatioSSocialeData"/>
    <link:loc xlink:type="locator" xlink:href="esg.xsd#esg_GenderPayRatioSSocialeData" xlink:label="GenderPayRatioSSocialeData" xlink:title="GenderPayRatioSSocialeData"/>
    <link:label xlink:type="resource" xlink:label="label_GenderPayRatioSSocialeData_6" xlink:role="http://www.xbrl.org/2003/role/label" xlink:title="label_GenderPayRatioSSocialeData" xml:lang="pt" id="label_GenderPayRatioSSocialeData_6">Rácio de salário por género [S - dados sociais]</link:label>
    <link:labelArc xlink:type="arc" xlink:arcrole="http://www.xbrl.org/2003/arcrole/concept-label" xlink:from="GenderPayRatioSSocialeData" xlink:to="label_GenderPayRatioSSocialeData_6" xlink:title="label: GenderPayRatioSSocialeData to label_GenderPayRatioSSocialeData"/>
    <link:loc xlink:type="locator" xlink:href="esg.xsd#esg_TurnoverGGovernanceData" xlink:label="TurnoverGGovernanceData" xlink:title="TurnoverGGovernanceData"/>
    <link:label xlink:type="resource" xlink:label="label_TurnoverGGovernanceData_6" xlink:role="http://www.xbrl.org/2003/role/label" xlink:title="label_TurnoverGGovernanceData" xml:lang="pt" id="label_TurnoverGGovernanceData_6">Volume de negócios [G - dados de governação]</link:label>
    <link:labelArc xlink:type="arc" xlink:arcrole="http://www.xbrl.org/2003/arcrole/concept-label" xlink:from="TurnoverGGovernanceData" xlink:to="label_TurnoverGGovernanceData_6" xlink:title="label: TurnoverGGovernanceData to label_TurnoverGGovernanceData"/>
    <link:loc xlink:type="locator" xlink:href="esg.xsd#esg_CapexGGovernanceData" xlink:label="CapexGGovernanceData" xlink:title="CapexGGovernanceData"/>
    <link:label xlink:type="resource" xlink:label="label_CapexGGovernanceData_6" xlink:role="http://www.xbrl.org/2003/role/label" xlink:title="label_CapexGGovernanceData" xml:lang="pt" id="label_CapexGGovernanceData_6">Despesas de capital [G - dados de governação]</link:label>
    <link:labelArc xlink:type="arc" xlink:arcrole="http://www.xbrl.org/2003/arcrole/concept-label" xlink:from="CapexGGovernanceData" xlink:to="label_CapexGGovernanceData_6" xlink:title="label: CapexGGovernanceData to label_CapexGGovernanceData"/>
    <link:loc xlink:type="locator" xlink:href="esg.xsd#esg_OpexGGovernanceData" xlink:label="OpexGGovernanceData" xlink:title="OpexGGovernanceData"/>
    <link:label xlink:type="resource" xlink:label="label_OpexGGovernanceData_6" xlink:role="http://www.xbrl.org/2003/role/label" xlink:title="label_OpexGGovernanceData" xml:lang="pt" id="label_OpexGGovernanceData_6">Despesas de exploração [G - dados de governação]</link:label>
    <link:labelArc xlink:type="arc" xlink:arcrole="http://www.xbrl.org/2003/arcrole/concept-label" xlink:from="OpexGGovernanceData" xlink:to="label_OpexGGovernanceData_6" xlink:title="label: OpexGGovernanceData to label_OpexGGovernanceData"/>
    <link:loc xlink:type="locator" xlink:href="esg.xsd#esg_RemarksRegardingCo2AbsoluteScope1EmissionEnviromentData" xlink:label="RemarksRegardingCo2AbsoluteScope1EmissionEnviromentData" xlink:title="RemarksRegardingCo2AbsoluteScope1EmissionEnviromentData"/>
    <link:label xlink:type="resource" xlink:label="label_RemarksRegardingCo2AbsoluteScope1EmissionEnviromentData_6" xlink:role="http://www.xbrl.org/2003/role/label" xlink:title="label_RemarksRegardingCo2AbsoluteScope1EmissionEnviromentData" xml:lang="pt" id="label_RemarksRegardingCo2AbsoluteScope1EmissionEnviromentData_6">Comentários relativos a CO2, âmbito 1 de emissões [dados ambientais]</link:label>
    <link:labelArc xlink:type="arc" xlink:arcrole="http://www.xbrl.org/2003/arcrole/concept-label" xlink:from="RemarksRegardingCo2AbsoluteScope1EmissionEnviromentData" xlink:to="label_RemarksRegardingCo2AbsoluteScope1EmissionEnviromentData_6" xlink:title="label: RemarksRegardingCo2AbsoluteScope1EmissionEnviromentData to label_RemarksRegardingCo2AbsoluteScope1EmissionEnviromentData"/>
    <link:loc xlink:type="locator" xlink:href="esg.xsd#esg_RemarksRegardingCo2AbsoluteScope2EmissionEnviromentData" xlink:label="RemarksRegardingCo2AbsoluteScope2EmissionEnviromentData" xlink:title="RemarksRegardingCo2AbsoluteScope2EmissionEnviromentData"/>
    <link:label xlink:type="resource" xlink:label="label_RemarksRegardingCo2AbsoluteScope2EmissionEnviromentData_6" xlink:role="http://www.xbrl.org/2003/role/label" xlink:title="label_RemarksRegardingCo2AbsoluteScope2EmissionEnviromentData" xml:lang="pt" id="label_RemarksRegardingCo2AbsoluteScope2EmissionEnviromentData_6">Comentários relativos a CO2, âmbito 2 de emissões [dados ambientais]</link:label>
    <link:labelArc xlink:type="arc" xlink:arcrole="http://www.xbrl.org/2003/arcrole/concept-label" xlink:from="RemarksRegardingCo2AbsoluteScope2EmissionEnviromentData" xlink:to="label_RemarksRegardingCo2AbsoluteScope2EmissionEnviromentData_6" xlink:title="label: RemarksRegardingCo2AbsoluteScope2EmissionEnviromentData to label_RemarksRegardingCo2AbsoluteScope2EmissionEnviromentData"/>
    <link:loc xlink:type="locator" xlink:href="esg.xsd#esg_RemarksRegardingCo2AbsoluteScope3EmissionEnviromentData" xlink:label="RemarksRegardingCo2AbsoluteScope3EmissionEnviromentData" xlink:title="RemarksRegardingCo2AbsoluteScope3EmissionEnviromentData"/>
    <link:label xlink:type="resource" xlink:label="label_RemarksRegardingCo2AbsoluteScope3EmissionEnviromentData_6" xlink:role="http://www.xbrl.org/2003/role/label" xlink:title="label_RemarksRegardingCo2AbsoluteScope3EmissionEnviromentData" xml:lang="pt" id="label_RemarksRegardingCo2AbsoluteScope3EmissionEnviromentData_6">Comentários relativos a CO2, âmbito 3 de emissões [dados ambientais]</link:label>
    <link:labelArc xlink:type="arc" xlink:arcrole="http://www.xbrl.org/2003/arcrole/concept-label" xlink:from="RemarksRegardingCo2AbsoluteScope3EmissionEnviromentData" xlink:to="label_RemarksRegardingCo2AbsoluteScope3EmissionEnviromentData_6" xlink:title="label: RemarksRegardingCo2AbsoluteScope3EmissionEnviromentData to label_RemarksRegardingCo2AbsoluteScope3EmissionEnviromentData"/>
    <link:loc xlink:type="locator" xlink:href="esg.xsd#esg_RemarksRegardingCo2TotalEnviromentData" xlink:label="RemarksRegardingCo2TotalEnviromentData" xlink:title="RemarksRegardingCo2TotalEnviromentData"/>
    <link:label xlink:type="resource" xlink:label="label_RemarksRegardingCo2TotalEnviromentData_6" xlink:role="http://www.xbrl.org/2003/role/label" xlink:title="label_RemarksRegardingCo2TotalEnviromentData" xml:lang="pt" id="label_RemarksRegardingCo2TotalEnviromentData_6">Comentário relativos a CO2, total [dados ambientais]</link:label>
    <link:labelArc xlink:type="arc" xlink:arcrole="http://www.xbrl.org/2003/arcrole/concept-label" xlink:from="RemarksRegardingCo2TotalEnviromentData" xlink:to="label_RemarksRegardingCo2TotalEnviromentData_6" xlink:title="label: RemarksRegardingCo2TotalEnviromentData to label_RemarksRegardingCo2TotalEnviromentData"/>
    <link:loc xlink:type="locator" xlink:href="esg.xsd#esg_RemarksRegardingCarbonIntensityEnviromentData" xlink:label="RemarksRegardingCarbonIntensityEnviromentData" xlink:title="RemarksRegardingCarbonIntensityEnviromentData"/>
    <link:label xlink:type="resource" xlink:label="label_RemarksRegardingCarbonIntensityEnviromentData_6" xlink:role="http://www.xbrl.org/2003/role/label" xlink:title="label_RemarksRegardingCarbonIntensityEnviromentData" xml:lang="pt" id="label_RemarksRegardingCarbonIntensityEnviromentData_6">Comentários relativos a teor de carbono [dados ambientais]</link:label>
    <link:labelArc xlink:type="arc" xlink:arcrole="http://www.xbrl.org/2003/arcrole/concept-label" xlink:from="RemarksRegardingCarbonIntensityEnviromentData" xlink:to="label_RemarksRegardingCarbonIntensityEnviromentData_6" xlink:title="label: RemarksRegardingCarbonIntensityEnviromentData to label_RemarksRegardingCarbonIntensityEnviromentData"/>
    <link:loc xlink:type="locator" xlink:href="esg.xsd#esg_RemarksRegardingEnergyConsumptionEnviromentData" xlink:label="RemarksRegardingEnergyConsumptionEnviromentData" xlink:title="RemarksRegardingEnergyConsumptionEnviromentData"/>
    <link:label xlink:type="resource" xlink:label="label_RemarksRegardingEnergyConsumptionEnviromentData_6" xlink:role="http://www.xbrl.org/2003/role/label" xlink:title="label_RemarksRegardingEnergyConsumptionEnviromentData" xml:lang="pt" id="label_RemarksRegardingEnergyConsumptionEnviromentData_6">Comentários relativos a consumo de energia [dados ambientais]</link:label>
    <link:labelArc xlink:type="arc" xlink:arcrole="http://www.xbrl.org/2003/arcrole/concept-label" xlink:from="RemarksRegardingEnergyConsumptionEnviromentData" xlink:to="label_RemarksRegardingEnergyConsumptionEnviromentData_6" xlink:title="label: RemarksRegardingEnergyConsumptionEnviromentData to label_RemarksRegardingEnergyConsumptionEnviromentData"/>
    <link:loc xlink:type="locator" xlink:href="esg.xsd#esg_RemarksRegardingEnergyIntensityEnviromentData" xlink:label="RemarksRegardingEnergyIntensityEnviromentData" xlink:title="RemarksRegardingEnergyIntensityEnviromentData"/>
    <link:label xlink:type="resource" xlink:label="label_RemarksRegardingEnergyIntensityEnviromentData_6" xlink:role="http://www.xbrl.org/2003/role/label" xlink:title="label_RemarksRegardingEnergyIntensityEnviromentData" xml:lang="pt" id="label_RemarksRegardingEnergyIntensityEnviromentData_6">Comentários relativos a intensidade energética [dados ambientais]</link:label>
    <link:labelArc xlink:type="arc" xlink:arcrole="http://www.xbrl.org/2003/arcrole/concept-label" xlink:from="RemarksRegardingEnergyIntensityEnviromentData" xlink:to="label_RemarksRegardingEnergyIntensityEnviromentData_6" xlink:title="label: RemarksRegardingEnergyIntensityEnviromentData to label_RemarksRegardingEnergyIntensityEnviromentData"/>
    <link:loc xlink:type="locator" xlink:href="esg.xsd#esg_RemarksRegardingShareOfRenewableEnergyEnviromentData" xlink:label="RemarksRegardingShareOfRenewableEnergyEnviromentData" xlink:title="RemarksRegardingShareOfRenewableEnergyEnviromentData"/>
    <link:label xlink:type="resource" xlink:label="label_RemarksRegardingShareOfRenewableEnergyEnviromentData_6" xlink:role="http://www.xbrl.org/2003/role/label" xlink:title="label_RemarksRegardingShareOfRenewableEnergyEnviromentData" xml:lang="pt" id="label_RemarksRegardingShareOfRenewableEnergyEnviromentData_6">Comentários relativos a quota de energias renováveis [dados ambientais]</link:label>
    <link:labelArc xlink:type="arc" xlink:arcrole="http://www.xbrl.org/2003/arcrole/concept-label" xlink:from="RemarksRegardingShareOfRenewableEnergyEnviromentData" xlink:to="label_RemarksRegardingShareOfRenewableEnergyEnviromentData_6" xlink:title="label: RemarksRegardingShareOfRenewableEnergyEnviromentData to label_RemarksRegardingShareOfRenewableEnergyEnviromentData"/>
    <link:loc xlink:type="locator" xlink:href="esg.xsd#esg_RemarksRegardingWaterConsumptionEnviromentData" xlink:label="RemarksRegardingWaterConsumptionEnviromentData" xlink:title="RemarksRegardingWaterConsumptionEnviromentData"/>
    <link:label xlink:type="resource" xlink:label="label_RemarksRegardingWaterConsumptionEnviromentData_6" xlink:role="http://www.xbrl.org/2003/role/label" xlink:title="label_RemarksRegardingWaterConsumptionEnviromentData" xml:lang="pt" id="label_RemarksRegardingWaterConsumptionEnviromentData_6">Comentários relativos a consumo de água [dados ambientais]</link:label>
    <link:labelArc xlink:type="arc" xlink:arcrole="http://www.xbrl.org/2003/arcrole/concept-label" xlink:from="RemarksRegardingWaterConsumptionEnviromentData" xlink:to="label_RemarksRegardingWaterConsumptionEnviromentData_6" xlink:title="label: RemarksRegardingWaterConsumptionEnviromentData to label_RemarksRegardingWaterConsumptionEnviromentData"/>
    <link:loc xlink:type="locator" xlink:href="esg.xsd#esg_DescriptionOfMethodsOfCo2AbsoluteScope1EmissionEnviromentData" xlink:label="DescriptionOfMethodsOfCo2AbsoluteScope1EmissionEnviromentData" xlink:title="DescriptionOfMethodsOfCo2AbsoluteScope1EmissionEnviromentData"/>
    <link:label xlink:type="resource" xlink:label="label_DescriptionOfMethodsOfCo2AbsoluteScope1EmissionEnviromentData_6" xlink:role="http://www.xbrl.org/2003/role/label" xlink:title="label_DescriptionOfMethodsOfCo2AbsoluteScope1EmissionEnviromentData" xml:lang="pt" id="label_DescriptionOfMethodsOfCo2AbsoluteScope1EmissionEnviromentData_6">Descrição de métodos de CO2, âmbito 1 de emissões [dados ambientais]</link:label>
    <link:labelArc xlink:type="arc" xlink:arcrole="http://www.xbrl.org/2003/arcrole/concept-label" xlink:from="DescriptionOfMethodsOfCo2AbsoluteScope1EmissionEnviromentData" xlink:to="label_DescriptionOfMethodsOfCo2AbsoluteScope1EmissionEnviromentData_6" xlink:title="label: DescriptionOfMethodsOfCo2AbsoluteScope1EmissionEnviromentData to label_DescriptionOfMethodsOfCo2AbsoluteScope1EmissionEnviromentData"/>
    <link:loc xlink:type="locator" xlink:href="esg.xsd#esg_DescriptionOfMethodsOfCo2AbsoluteScope2EmissionEnviromentData" xlink:label="DescriptionOfMethodsOfCo2AbsoluteScope2EmissionEnviromentData" xlink:title="DescriptionOfMethodsOfCo2AbsoluteScope2EmissionEnviromentData"/>
    <link:label xlink:type="resource" xlink:label="label_DescriptionOfMethodsOfCo2AbsoluteScope2EmissionEnviromentData_6" xlink:role="http://www.xbrl.org/2003/role/label" xlink:title="label_DescriptionOfMethodsOfCo2AbsoluteScope2EmissionEnviromentData" xml:lang="pt" id="label_DescriptionOfMethodsOfCo2AbsoluteScope2EmissionEnviromentData_6">Descrição de métodos de CO2, âmbito 2 de emissões [dados ambientais]</link:label>
    <link:labelArc xlink:type="arc" xlink:arcrole="http://www.xbrl.org/2003/arcrole/concept-label" xlink:from="DescriptionOfMethodsOfCo2AbsoluteScope2EmissionEnviromentData" xlink:to="label_DescriptionOfMethodsOfCo2AbsoluteScope2EmissionEnviromentData_6" xlink:title="label: DescriptionOfMethodsOfCo2AbsoluteScope2EmissionEnviromentData to label_DescriptionOfMethodsOfCo2AbsoluteScope2EmissionEnviromentData"/>
    <link:loc xlink:type="locator" xlink:href="esg.xsd#esg_DescriptionOfMethodsOfCo2AbsoluteScope3EmissionEnviromentData" xlink:label="DescriptionOfMethodsOfCo2AbsoluteScope3EmissionEnviromentData" xlink:title="DescriptionOfMethodsOfCo2AbsoluteScope3EmissionEnviromentData"/>
    <link:label xlink:type="resource" xlink:label="label_DescriptionOfMethodsOfCo2AbsoluteScope3EmissionEnviromentData_6" xlink:role="http://www.xbrl.org/2003/role/label" xlink:title="label_DescriptionOfMethodsOfCo2AbsoluteScope3EmissionEnviromentData" xml:lang="pt" id="label_DescriptionOfMethodsOfCo2AbsoluteScope3EmissionEnviromentData_6">Descrição de métodos de CO2, âmbito 3 de emissões [dados ambientais]</link:label>
    <link:labelArc xlink:type="arc" xlink:arcrole="http://www.xbrl.org/2003/arcrole/concept-label" xlink:from="DescriptionOfMethodsOfCo2AbsoluteScope3EmissionEnviromentData" xlink:to="label_DescriptionOfMethodsOfCo2AbsoluteScope3EmissionEnviromentData_6" xlink:title="label: DescriptionOfMethodsOfCo2AbsoluteScope3EmissionEnviromentData to label_DescriptionOfMethodsOfCo2AbsoluteScope3EmissionEnviromentData"/>
    <link:loc xlink:type="locator" xlink:href="esg.xsd#esg_DescriptionOfMethodsOfCo2TotalEnviromentData" xlink:label="DescriptionOfMethodsOfCo2TotalEnviromentData" xlink:title="DescriptionOfMethodsOfCo2TotalEnviromentData"/>
    <link:label xlink:type="resource" xlink:label="label_DescriptionOfMethodsOfCo2TotalEnviromentData_6" xlink:role="http://www.xbrl.org/2003/role/label" xlink:title="label_DescriptionOfMethodsOfCo2TotalEnviromentData" xml:lang="pt" id="label_DescriptionOfMethodsOfCo2TotalEnviromentData_6">Descrição de métodos de CO2, total [dados ambientais]</link:label>
    <link:labelArc xlink:type="arc" xlink:arcrole="http://www.xbrl.org/2003/arcrole/concept-label" xlink:from="DescriptionOfMethodsOfCo2TotalEnviromentData" xlink:to="label_DescriptionOfMethodsOfCo2TotalEnviromentData_6" xlink:title="label: DescriptionOfMethodsOfCo2TotalEnviromentData to label_DescriptionOfMethodsOfCo2TotalEnviromentData"/>
    <link:loc xlink:type="locator" xlink:href="esg.xsd#esg_DescriptionOfMethodsOfCarbonIntensityEnviromentData" xlink:label="DescriptionOfMethodsOfCarbonIntensityEnviromentData" xlink:title="DescriptionOfMethodsOfCarbonIntensityEnviromentData"/>
    <link:label xlink:type="resource" xlink:label="label_DescriptionOfMethodsOfCarbonIntensityEnviromentData_6" xlink:role="http://www.xbrl.org/2003/role/label" xlink:title="label_DescriptionOfMethodsOfCarbonIntensityEnviromentData" xml:lang="pt" id="label_DescriptionOfMethodsOfCarbonIntensityEnviromentData_6">Descrição de métodos de teor de carbono [dados ambientais]</link:label>
    <link:labelArc xlink:type="arc" xlink:arcrole="http://www.xbrl.org/2003/arcrole/concept-label" xlink:from="DescriptionOfMethodsOfCarbonIntensityEnviromentData" xlink:to="label_DescriptionOfMethodsOfCarbonIntensityEnviromentData_6" xlink:title="label: DescriptionOfMethodsOfCarbonIntensityEnviromentData to label_DescriptionOfMethodsOfCarbonIntensityEnviromentData"/>
    <link:loc xlink:type="locator" xlink:href="esg.xsd#esg_DescriptionOfMethodsOfEnergyConsumptionEnviromentData" xlink:label="DescriptionOfMethodsOfEnergyConsumptionEnviromentData" xlink:title="DescriptionOfMethodsOfEnergyConsumptionEnviromentData"/>
    <link:label xlink:type="resource" xlink:label="label_DescriptionOfMethodsOfEnergyConsumptionEnviromentData_6" xlink:role="http://www.xbrl.org/2003/role/label" xlink:title="label_DescriptionOfMethodsOfEnergyConsumptionEnviromentData" xml:lang="pt" id="label_DescriptionOfMethodsOfEnergyConsumptionEnviromentData_6">Descrição de métodos de consumo de energia [dados ambientais]</link:label>
    <link:labelArc xlink:type="arc" xlink:arcrole="http://www.xbrl.org/2003/arcrole/concept-label" xlink:from="DescriptionOfMethodsOfEnergyConsumptionEnviromentData" xlink:to="label_DescriptionOfMethodsOfEnergyConsumptionEnviromentData_6" xlink:title="label: DescriptionOfMethodsOfEnergyConsumptionEnviromentData to label_DescriptionOfMethodsOfEnergyConsumptionEnviromentData"/>
    <link:loc xlink:type="locator" xlink:href="esg.xsd#esg_DescriptionOfMethodsOfEnergyIntensityEnviromentData" xlink:label="DescriptionOfMethodsOfEnergyIntensityEnviromentData" xlink:title="DescriptionOfMethodsOfEnergyIntensityEnviromentData"/>
    <link:label xlink:type="resource" xlink:label="label_DescriptionOfMethodsOfEnergyIntensityEnviromentData_6" xlink:role="http://www.xbrl.org/2003/role/label" xlink:title="label_DescriptionOfMethodsOfEnergyIntensityEnviromentData" xml:lang="pt" id="label_DescriptionOfMethodsOfEnergyIntensityEnviromentData_6">Descrição de métodos de intensidade energética [dados ambientais]</link:label>
    <link:labelArc xlink:type="arc" xlink:arcrole="http://www.xbrl.org/2003/arcrole/concept-label" xlink:from="DescriptionOfMethodsOfEnergyIntensityEnviromentData" xlink:to="label_DescriptionOfMethodsOfEnergyIntensityEnviromentData_6" xlink:title="label: DescriptionOfMethodsOfEnergyIntensityEnviromentData to label_DescriptionOfMethodsOfEnergyIntensityEnviromentData"/>
    <link:loc xlink:type="locator" xlink:href="esg.xsd#esg_DescriptionOfMethodsOfShareOfRenewableEnergyEnviromentData" xlink:label="DescriptionOfMethodsOfShareOfRenewableEnergyEnviromentData" xlink:title="DescriptionOfMethodsOfShareOfRenewableEnergyEnviromentData"/>
    <link:label xlink:type="resource" xlink:label="label_DescriptionOfMethodsOfShareOfRenewableEnergyEnviromentData_6" xlink:role="http://www.xbrl.org/2003/role/label" xlink:title="label_DescriptionOfMethodsOfShareOfRenewableEnergyEnviromentData" xml:lang="pt" id="label_DescriptionOfMethodsOfShareOfRenewableEnergyEnviromentData_6">Descrição de métodos de quota de energias renováveis [dados ambientais]</link:label>
    <link:labelArc xlink:type="arc" xlink:arcrole="http://www.xbrl.org/2003/arcrole/concept-label" xlink:from="DescriptionOfMethodsOfShareOfRenewableEnergyEnviromentData" xlink:to="label_DescriptionOfMethodsOfShareOfRenewableEnergyEnviromentData_6" xlink:title="label: DescriptionOfMethodsOfShareOfRenewableEnergyEnviromentData to label_DescriptionOfMethodsOfShareOfRenewableEnergyEnviromentData"/>
    <link:loc xlink:type="locator" xlink:href="esg.xsd#esg_DescriptionOfMethodsOfWaterConsumptionEnviromentData" xlink:label="DescriptionOfMethodsOfWaterConsumptionEnviromentData" xlink:title="DescriptionOfMethodsOfWaterConsumptionEnviromentData"/>
    <link:label xlink:type="resource" xlink:label="label_DescriptionOfMethodsOfWaterConsumptionEnviromentData_6" xlink:role="http://www.xbrl.org/2003/role/label" xlink:title="label_DescriptionOfMethodsOfWaterConsumptionEnviromentData" xml:lang="pt" id="label_DescriptionOfMethodsOfWaterConsumptionEnviromentData_6">Descrição de métodos de consumo de água [dados ambientais]</link:label>
    <link:labelArc xlink:type="arc" xlink:arcrole="http://www.xbrl.org/2003/arcrole/concept-label" xlink:from="DescriptionOfMethodsOfWaterConsumptionEnviromentData" xlink:to="label_DescriptionOfMethodsOfWaterConsumptionEnviromentData_6" xlink:title="label: DescriptionOfMethodsOfWaterConsumptionEnviromentData to label_DescriptionOfMethodsOfWaterConsumptionEnviromentData"/>
    <link:loc xlink:type="locator" xlink:href="esg.xsd#esg_RemarksRegardingSicknessAbsenceSSocialeData" xlink:label="RemarksRegardingSicknessAbsenceSSocialeData" xlink:title="RemarksRegardingSicknessAbsenceSSocialeData"/>
    <link:label xlink:type="resource" xlink:label="label_RemarksRegardingSicknessAbsenceSSocialeData_6" xlink:role="http://www.xbrl.org/2003/role/label" xlink:title="label_RemarksRegardingSicknessAbsenceSSocialeData" xml:lang="pt" id="label_RemarksRegardingSicknessAbsenceSSocialeData_6">Comentários relativos a baixas por doença [S - dados sociais]</link:label>
    <link:labelArc xlink:type="arc" xlink:arcrole="http://www.xbrl.org/2003/arcrole/concept-label" xlink:from="RemarksRegardingSicknessAbsenceSSocialeData" xlink:to="label_RemarksRegardingSicknessAbsenceSSocialeData_6" xlink:title="label: RemarksRegardingSicknessAbsenceSSocialeData to label_RemarksRegardingSicknessAbsenceSSocialeData"/>
    <link:loc xlink:type="locator" xlink:href="esg.xsd#esg_RemarksRegardingLostTimeInjuryFrequencySSocialeData" xlink:label="RemarksRegardingLostTimeInjuryFrequencySSocialeData" xlink:title="RemarksRegardingLostTimeInjuryFrequencySSocialeData"/>
    <link:label xlink:type="resource" xlink:label="label_RemarksRegardingLostTimeInjuryFrequencySSocialeData_6" xlink:role="http://www.xbrl.org/2003/role/label" xlink:title="label_RemarksRegardingLostTimeInjuryFrequencySSocialeData" xml:lang="pt" id="label_RemarksRegardingLostTimeInjuryFrequencySSocialeData_6">Comentários relativos a frequência de dias perdidos por lesões profissionais [S - dados sociais]</link:label>
    <link:labelArc xlink:type="arc" xlink:arcrole="http://www.xbrl.org/2003/arcrole/concept-label" xlink:from="RemarksRegardingLostTimeInjuryFrequencySSocialeData" xlink:to="label_RemarksRegardingLostTimeInjuryFrequencySSocialeData_6" xlink:title="label: RemarksRegardingLostTimeInjuryFrequencySSocialeData to label_RemarksRegardingLostTimeInjuryFrequencySSocialeData"/>
    <link:loc xlink:type="locator" xlink:href="esg.xsd#esg_RemarksRegardingEmployeeTurnoverSSocialeData" xlink:label="RemarksRegardingEmployeeTurnoverSSocialeData" xlink:title="RemarksRegardingEmployeeTurnoverSSocialeData"/>
    <link:label xlink:type="resource" xlink:label="label_RemarksRegardingEmployeeTurnoverSSocialeData_6" xlink:role="http://www.xbrl.org/2003/role/label" xlink:title="label_RemarksRegardingEmployeeTurnoverSSocialeData" xml:lang="pt" id="label_RemarksRegardingEmployeeTurnoverSSocialeData_6">Comentários relativos a rotação do pessoal [S - dados sociais]</link:label>
    <link:labelArc xlink:type="arc" xlink:arcrole="http://www.xbrl.org/2003/arcrole/concept-label" xlink:from="RemarksRegardingEmployeeTurnoverSSocialeData" xlink:to="label_RemarksRegardingEmployeeTurnoverSSocialeData_6" xlink:title="label: RemarksRegardingEmployeeTurnoverSSocialeData to label_RemarksRegardingEmployeeTurnoverSSocialeData"/>
    <link:loc xlink:type="locator" xlink:href="esg.xsd#esg_RemarksRegardingEmployeeSatisfactionSSocialeData" xlink:label="RemarksRegardingEmployeeSatisfactionSSocialeData" xlink:title="RemarksRegardingEmployeeSatisfactionSSocialeData"/>
    <link:label xlink:type="resource" xlink:label="label_RemarksRegardingEmployeeSatisfactionSSocialeData_6" xlink:role="http://www.xbrl.org/2003/role/label" xlink:title="label_RemarksRegardingEmployeeSatisfactionSSocialeData" xml:lang="pt" id="label_RemarksRegardingEmployeeSatisfactionSSocialeData_6">Comentários relativos a satisfação do pessoal [S - dados sociais]</link:label>
    <link:labelArc xlink:type="arc" xlink:arcrole="http://www.xbrl.org/2003/arcrole/concept-label" xlink:from="RemarksRegardingEmployeeSatisfactionSSocialeData" xlink:to="label_RemarksRegardingEmployeeSatisfactionSSocialeData_6" xlink:title="label: RemarksRegardingEmployeeSatisfactionSSocialeData to label_RemarksRegardingEmployeeSatisfactionSSocialeData"/>
    <link:loc xlink:type="locator" xlink:href="esg.xsd#esg_RemarksRegardingGenderDiversityAllEmployeesSSocialeData" xlink:label="RemarksRegardingGenderDiversityAllEmployeesSSocialeData" xlink:title="RemarksRegardingGenderDiversityAllEmployeesSSocialeData"/>
    <link:label xlink:type="resource" xlink:label="label_RemarksRegardingGenderDiversityAllEmployeesSSocialeData_6" xlink:role="http://www.xbrl.org/2003/role/label" xlink:title="label_RemarksRegardingGenderDiversityAllEmployeesSSocialeData" xml:lang="pt" id="label_RemarksRegardingGenderDiversityAllEmployeesSSocialeData_6">Comentários relativos a diversidade de género: todos os colaboradores [S - dados sociais]</link:label>
    <link:labelArc xlink:type="arc" xlink:arcrole="http://www.xbrl.org/2003/arcrole/concept-label" xlink:from="RemarksRegardingGenderDiversityAllEmployeesSSocialeData" xlink:to="label_RemarksRegardingGenderDiversityAllEmployeesSSocialeData_6" xlink:title="label: RemarksRegardingGenderDiversityAllEmployeesSSocialeData to label_RemarksRegardingGenderDiversityAllEmployeesSSocialeData"/>
    <link:loc xlink:type="locator" xlink:href="esg.xsd#esg_RemarksRegardingGenderDiversityManagementSSocialeData" xlink:label="RemarksRegardingGenderDiversityManagementSSocialeData" xlink:title="RemarksRegardingGenderDiversityManagementSSocialeData"/>
    <link:label xlink:type="resource" xlink:label="label_RemarksRegardingGenderDiversityManagementSSocialeData_6" xlink:role="http://www.xbrl.org/2003/role/label" xlink:title="label_RemarksRegardingGenderDiversityManagementSSocialeData" xml:lang="pt" id="label_RemarksRegardingGenderDiversityManagementSSocialeData_6">Comentários relativos a diversidade de género: Administração [S - dados sociais]</link:label>
    <link:labelArc xlink:type="arc" xlink:arcrole="http://www.xbrl.org/2003/arcrole/concept-label" xlink:from="RemarksRegardingGenderDiversityManagementSSocialeData" xlink:to="label_RemarksRegardingGenderDiversityManagementSSocialeData_6" xlink:title="label: RemarksRegardingGenderDiversityManagementSSocialeData to label_RemarksRegardingGenderDiversityManagementSSocialeData"/>
    <link:loc xlink:type="locator" xlink:href="esg.xsd#esg_RemarksRegardingGenderDiversityOtherManagementLevelsSSocialeData" xlink:label="RemarksRegardingGenderDiversityOtherManagementLevelsSSocialeData" xlink:title="RemarksRegardingGenderDiversityOtherManagementLevelsSSocialeData"/>
    <link:label xlink:type="resource" xlink:label="label_RemarksRegardingGenderDiversityOtherManagementLevelsSSocialeData_6" xlink:role="http://www.xbrl.org/2003/role/label" xlink:title="label_RemarksRegardingGenderDiversityOtherManagementLevelsSSocialeData" xml:lang="pt" id="label_RemarksRegardingGenderDiversityOtherManagementLevelsSSocialeData_6">Comentários relativos a diversidade de género: outros níveis de gestão [S - dados sociais]</link:label>
    <link:labelArc xlink:type="arc" xlink:arcrole="http://www.xbrl.org/2003/arcrole/concept-label" xlink:from="RemarksRegardingGenderDiversityOtherManagementLevelsSSocialeData" xlink:to="label_RemarksRegardingGenderDiversityOtherManagementLevelsSSocialeData_6" xlink:title="label: RemarksRegardingGenderDiversityOtherManagementLevelsSSocialeData to label_RemarksRegardingGenderDiversityOtherManagementLevelsSSocialeData"/>
    <link:loc xlink:type="locator" xlink:href="esg.xsd#esg_RemarksRegardingGenderDiversityBoardOfDirectorsGGovernanceData" xlink:label="RemarksRegardingGenderDiversityBoardOfDirectorsSSocialeData" xlink:title="RemarksRegardingGenderDiversityBoardOfDirectorsSSocialeData"/>
    <link:label xlink:type="resource" xlink:label="label_RemarksRegardingGenderDiversityBoardOfDirectorsSSocialeData_6" xlink:role="http://www.xbrl.org/2003/role/label" xlink:title="label_RemarksRegardingGenderDiversityBoardOfDirectorsSSocialeData" xml:lang="pt" id="label_RemarksRegardingGenderDiversityBoardOfDirectorsSSocialeData_6">Comentários relativos a diversidade de género: Conselho de Administração [S - dados sociais]</link:label>
    <link:labelArc xlink:type="arc" xlink:arcrole="http://www.xbrl.org/2003/arcrole/concept-label" xlink:from="RemarksRegardingGenderDiversityBoardOfDirectorsSSocialeData" xlink:to="label_RemarksRegardingGenderDiversityBoardOfDirectorsSSocialeData_6" xlink:title="label: RemarksRegardingGenderDiversityBoardOfDirectorsSSocialeData to label_RemarksRegardingGenderDiversityBoardOfDirectorsSSocialeData"/>
    <link:loc xlink:type="locator" xlink:href="esg.xsd#esg_RemarksRegardingCeoPayRatioGGovernanceData" xlink:label="RemarksRegardingCeoPayRatioSSocialeData" xlink:title="RemarksRegardingCeoPayRatioSSocialeData"/>
    <link:label xlink:type="resource" xlink:label="label_RemarksRegardingCeoPayRatioSSocialeData_6" xlink:role="http://www.xbrl.org/2003/role/label" xlink:title="label_RemarksRegardingCeoPayRatioSSocialeData" xml:lang="pt" id="label_RemarksRegardingCeoPayRatioSSocialeData_6">Comentários relativos a rácio de salário de diretor-geral [S - dados sociais]</link:label>
    <link:labelArc xlink:type="arc" xlink:arcrole="http://www.xbrl.org/2003/arcrole/concept-label" xlink:from="RemarksRegardingCeoPayRatioSSocialeData" xlink:to="label_RemarksRegardingCeoPayRatioSSocialeData_6" xlink:title="label: RemarksRegardingCeoPayRatioSSocialeData to label_RemarksRegardingCeoPayRatioSSocialeData"/>
    <link:loc xlink:type="locator" xlink:href="esg.xsd#esg_RemarksRegardingGenderPayRatioSSocialeData" xlink:label="RemarksRegardingGenderPayRatioSSocialeData" xlink:title="RemarksRegardingGenderPayRatioSSocialeData"/>
    <link:label xlink:type="resource" xlink:label="label_RemarksRegardingGenderPayRatioSSocialeData_6" xlink:role="http://www.xbrl.org/2003/role/label" xlink:title="label_RemarksRegardingGenderPayRatioSSocialeData" xml:lang="pt" id="label_RemarksRegardingGenderPayRatioSSocialeData_6">Comentários relativos a rácio de salário por género [S - dados sociais]</link:label>
    <link:labelArc xlink:type="arc" xlink:arcrole="http://www.xbrl.org/2003/arcrole/concept-label" xlink:from="RemarksRegardingGenderPayRatioSSocialeData" xlink:to="label_RemarksRegardingGenderPayRatioSSocialeData_6" xlink:title="label: RemarksRegardingGenderPayRatioSSocialeData to label_RemarksRegardingGenderPayRatioSSocialeData"/>
    <link:loc xlink:type="locator" xlink:href="esg.xsd#esg_DescriptionOfMethodsOfSicknessAbsenceSSocialeData" xlink:label="DescriptionOfMethodsOfSicknessAbsenceSSocialeData" xlink:title="DescriptionOfMethodsOfSicknessAbsenceSSocialeData"/>
    <link:label xlink:type="resource" xlink:label="label_DescriptionOfMethodsOfSicknessAbsenceSSocialeData_6" xlink:role="http://www.xbrl.org/2003/role/label" xlink:title="label_DescriptionOfMethodsOfSicknessAbsenceSSocialeData" xml:lang="pt" id="label_DescriptionOfMethodsOfSicknessAbsenceSSocialeData_6">Descrição de métodos de baixas por doença [S - dados sociais]</link:label>
    <link:labelArc xlink:type="arc" xlink:arcrole="http://www.xbrl.org/2003/arcrole/concept-label" xlink:from="DescriptionOfMethodsOfSicknessAbsenceSSocialeData" xlink:to="label_DescriptionOfMethodsOfSicknessAbsenceSSocialeData_6" xlink:title="label: DescriptionOfMethodsOfSicknessAbsenceSSocialeData to label_DescriptionOfMethodsOfSicknessAbsenceSSocialeData"/>
    <link:loc xlink:type="locator" xlink:href="esg.xsd#esg_DescriptionOfMethodsOfLostTimeInjuryFrequencySSocialeData" xlink:label="DescriptionOfMethodsOfLostTimeInjuryFrequencySSocialeData" xlink:title="DescriptionOfMethodsOfLostTimeInjuryFrequencySSocialeData"/>
    <link:label xlink:type="resource" xlink:label="label_DescriptionOfMethodsOfLostTimeInjuryFrequencySSocialeData_6" xlink:role="http://www.xbrl.org/2003/role/label" xlink:title="label_DescriptionOfMethodsOfLostTimeInjuryFrequencySSocialeData" xml:lang="pt" id="label_DescriptionOfMethodsOfLostTimeInjuryFrequencySSocialeData_6">Descrição de métodos de frequência de dias perdidos por lesões profissionais [S - dados sociais]</link:label>
    <link:labelArc xlink:type="arc" xlink:arcrole="http://www.xbrl.org/2003/arcrole/concept-label" xlink:from="DescriptionOfMethodsOfLostTimeInjuryFrequencySSocialeData" xlink:to="label_DescriptionOfMethodsOfLostTimeInjuryFrequencySSocialeData_6" xlink:title="label: DescriptionOfMethodsOfLostTimeInjuryFrequencySSocialeData to label_DescriptionOfMethodsOfLostTimeInjuryFrequencySSocialeData"/>
    <link:loc xlink:type="locator" xlink:href="esg.xsd#esg_DescriptionOfMethodsOfEmployeeTurnoverSSocialeData" xlink:label="DescriptionOfMethodsOfEmployeeTurnoverSSocialeData" xlink:title="DescriptionOfMethodsOfEmployeeTurnoverSSocialeData"/>
    <link:label xlink:type="resource" xlink:label="label_DescriptionOfMethodsOfEmployeeTurnoverSSocialeData_6" xlink:role="http://www.xbrl.org/2003/role/label" xlink:title="label_DescriptionOfMethodsOfEmployeeTurnoverSSocialeData" xml:lang="pt" id="label_DescriptionOfMethodsOfEmployeeTurnoverSSocialeData_6">Descrição de métodos de rotação do pessoal [S - dados sociais]</link:label>
    <link:labelArc xlink:type="arc" xlink:arcrole="http://www.xbrl.org/2003/arcrole/concept-label" xlink:from="DescriptionOfMethodsOfEmployeeTurnoverSSocialeData" xlink:to="label_DescriptionOfMethodsOfEmployeeTurnoverSSocialeData_6" xlink:title="label: DescriptionOfMethodsOfEmployeeTurnoverSSocialeData to label_DescriptionOfMethodsOfEmployeeTurnoverSSocialeData"/>
    <link:loc xlink:type="locator" xlink:href="esg.xsd#esg_DescriptionOfMethodsOfEmployeeSatisfactionSSocialeData" xlink:label="DescriptionOfMethodsOfEmployeeSatisfactionSSocialeData" xlink:title="DescriptionOfMethodsOfEmployeeSatisfactionSSocialeData"/>
    <link:label xlink:type="resource" xlink:label="label_DescriptionOfMethodsOfEmployeeSatisfactionSSocialeData_6" xlink:role="http://www.xbrl.org/2003/role/label" xlink:title="label_DescriptionOfMethodsOfEmployeeSatisfactionSSocialeData" xml:lang="pt" id="label_DescriptionOfMethodsOfEmployeeSatisfactionSSocialeData_6">Descrição de métodos de satisfação do pessoal [S - dados sociais]</link:label>
    <link:labelArc xlink:type="arc" xlink:arcrole="http://www.xbrl.org/2003/arcrole/concept-label" xlink:from="DescriptionOfMethodsOfEmployeeSatisfactionSSocialeData" xlink:to="label_DescriptionOfMethodsOfEmployeeSatisfactionSSocialeData_6" xlink:title="label: DescriptionOfMethodsOfEmployeeSatisfactionSSocialeData to label_DescriptionOfMethodsOfEmployeeSatisfactionSSocialeData"/>
    <link:loc xlink:type="locator" xlink:href="esg.xsd#esg_DescriptionOfMethodsOfGenderDiversityAllEmployeesSSocialeData" xlink:label="DescriptionOfMethodsOfGenderDiversityAllEmployeesSSocialeData" xlink:title="DescriptionOfMethodsOfGenderDiversityAllEmployeesSSocialeData"/>
    <link:label xlink:type="resource" xlink:label="label_DescriptionOfMethodsOfGenderDiversityAllEmployeesSSocialeData_6" xlink:role="http://www.xbrl.org/2003/role/label" xlink:title="label_DescriptionOfMethodsOfGenderDiversityAllEmployeesSSocialeData" xml:lang="pt" id="label_DescriptionOfMethodsOfGenderDiversityAllEmployeesSSocialeData_6">Descrição de métodos de diversidade de género: todos os colaboradores [S - dados sociais]</link:label>
    <link:labelArc xlink:type="arc" xlink:arcrole="http://www.xbrl.org/2003/arcrole/concept-label" xlink:from="DescriptionOfMethodsOfGenderDiversityAllEmployeesSSocialeData" xlink:to="label_DescriptionOfMethodsOfGenderDiversityAllEmployeesSSocialeData_6" xlink:title="label: DescriptionOfMethodsOfGenderDiversityAllEmployeesSSocialeData to label_DescriptionOfMethodsOfGenderDiversityAllEmployeesSSocialeData"/>
    <link:loc xlink:type="locator" xlink:href="esg.xsd#esg_DescriptionOfMethodsOfGenderDiversityManagementSSocialeData" xlink:label="DescriptionOfMethodsOfGenderDiversityManagementSSocialeData" xlink:title="DescriptionOfMethodsOfGenderDiversityManagementSSocialeData"/>
    <link:label xlink:type="resource" xlink:label="label_DescriptionOfMethodsOfGenderDiversityManagementSSocialeData_6" xlink:role="http://www.xbrl.org/2003/role/label" xlink:title="label_DescriptionOfMethodsOfGenderDiversityManagementSSocialeData" xml:lang="pt" id="label_DescriptionOfMethodsOfGenderDiversityManagementSSocialeData_6">Descrição de métodos de diversidade de género: Administração [S - dados sociais]</link:label>
    <link:labelArc xlink:type="arc" xlink:arcrole="http://www.xbrl.org/2003/arcrole/concept-label" xlink:from="DescriptionOfMethodsOfGenderDiversityManagementSSocialeData" xlink:to="label_DescriptionOfMethodsOfGenderDiversityManagementSSocialeData_6" xlink:title="label: DescriptionOfMethodsOfGenderDiversityManagementSSocialeData to label_DescriptionOfMethodsOfGenderDiversityManagementSSocialeData"/>
    <link:loc xlink:type="locator" xlink:href="esg.xsd#esg_DescriptionOfMethodsOfGenderDiversityOtherManagementLevelsSSocialeData" xlink:label="DescriptionOfMethodsOfGenderDiversityOtherManagementLevelsSSocialeData" xlink:title="DescriptionOfMethodsOfGenderDiversityOtherManagementLevelsSSocialeData"/>
    <link:label xlink:type="resource" xlink:label="label_DescriptionOfMethodsOfGenderDiversityOtherManagementLevelsSSocialeData_6" xlink:role="http://www.xbrl.org/2003/role/label" xlink:title="label_DescriptionOfMethodsOfGenderDiversityOtherManagementLevelsSSocialeData" xml:lang="pt" id="label_DescriptionOfMethodsOfGenderDiversityOtherManagementLevelsSSocialeData_6">Descrição de métodos de diversidade de género: outros níveis de gestão [S - dados sociais]</link:label>
    <link:labelArc xlink:type="arc" xlink:arcrole="http://www.xbrl.org/2003/arcrole/concept-label" xlink:from="DescriptionOfMethodsOfGenderDiversityOtherManagementLevelsSSocialeData" xlink:to="label_DescriptionOfMethodsOfGenderDiversityOtherManagementLevelsSSocialeData_6" xlink:title="label: DescriptionOfMethodsOfGenderDiversityOtherManagementLevelsSSocialeData to label_DescriptionOfMethodsOfGenderDiversityOtherManagementLevelsSSocialeData"/>
    <link:loc xlink:type="locator" xlink:href="esg.xsd#esg_DescriptionOfMethodsOfGenderDiversityBoardOfDirectorsGGovernanceData" xlink:label="DescriptionOfMethodsOfGenderDiversityBoardOfDirectorsSSocialeData" xlink:title="DescriptionOfMethodsOfGenderDiversityBoardOfDirectorsSSocialeData"/>
    <link:label xlink:type="resource" xlink:label="label_DescriptionOfMethodsOfGenderDiversityBoardOfDirectorsSSocialeData_6" xlink:role="http://www.xbrl.org/2003/role/label" xlink:title="label_DescriptionOfMethodsOfGenderDiversityBoardOfDirectorsSSocialeData" xml:lang="pt" id="label_DescriptionOfMethodsOfGenderDiversityBoardOfDirectorsSSocialeData_6">Descrição de métodos de diversidade de género: Conselho de Administração [S - dados sociais]</link:label>
    <link:labelArc xlink:type="arc" xlink:arcrole="http://www.xbrl.org/2003/arcrole/concept-label" xlink:from="DescriptionOfMethodsOfGenderDiversityBoardOfDirectorsSSocialeData" xlink:to="label_DescriptionOfMethodsOfGenderDiversityBoardOfDirectorsSSocialeData_6" xlink:title="label: DescriptionOfMethodsOfGenderDiversityBoardOfDirectorsSSocialeData to label_DescriptionOfMethodsOfGenderDiversityBoardOfDirectorsSSocialeData"/>
    <link:loc xlink:type="locator" xlink:href="esg.xsd#esg_DescriptionOfMethodsOfCeoPayRatioGGovernanceData" xlink:label="DescriptionOfMethodsOfCeoPayRatioSSocialeData" xlink:title="DescriptionOfMethodsOfCeoPayRatioSSocialeData"/>
    <link:label xlink:type="resource" xlink:label="label_DescriptionOfMethodsOfCeoPayRatioSSocialeData_6" xlink:role="http://www.xbrl.org/2003/role/label" xlink:title="label_DescriptionOfMethodsOfCeoPayRatioSSocialeData" xml:lang="pt" id="label_DescriptionOfMethodsOfCeoPayRatioSSocialeData_6">Descrição de métodos de rácio de salário de diretor-geral [S - dados sociais]</link:label>
    <link:labelArc xlink:type="arc" xlink:arcrole="http://www.xbrl.org/2003/arcrole/concept-label" xlink:from="DescriptionOfMethodsOfCeoPayRatioSSocialeData" xlink:to="label_DescriptionOfMethodsOfCeoPayRatioSSocialeData_6" xlink:title="label: DescriptionOfMethodsOfCeoPayRatioSSocialeData to label_DescriptionOfMethodsOfCeoPayRatioSSocialeData"/>
    <link:loc xlink:type="locator" xlink:href="esg.xsd#esg_DescriptionOfMethodsOfGenderPayRatioSSocialeData" xlink:label="DescriptionOfMethodsOfGenderPayRatioSSocialeData" xlink:title="DescriptionOfMethodsOfGenderPayRatioSSocialeData"/>
    <link:label xlink:type="resource" xlink:label="label_DescriptionOfMethodsOfGenderPayRatioSSocialeData_6" xlink:role="http://www.xbrl.org/2003/role/label" xlink:title="label_DescriptionOfMethodsOfGenderPayRatioSSocialeData" xml:lang="pt" id="label_DescriptionOfMethodsOfGenderPayRatioSSocialeData_6">Descrição de métodos de rácio de salário por género [S - dados sociais]</link:label>
    <link:labelArc xlink:type="arc" xlink:arcrole="http://www.xbrl.org/2003/arcrole/concept-label" xlink:from="DescriptionOfMethodsOfGenderPayRatioSSocialeData" xlink:to="label_DescriptionOfMethodsOfGenderPayRatioSSocialeData_6" xlink:title="label: DescriptionOfMethodsOfGenderPayRatioSSocialeData to label_DescriptionOfMethodsOfGenderPayRatioSSocialeData"/>
    <link:loc xlink:type="locator" xlink:href="esg.xsd#esg_RemarksRegardingTurnoverGGovernanceData" xlink:label="RemarksRegardingTurnoverGGovernanceData" xlink:title="RemarksRegardingTurnoverGGovernanceData"/>
    <link:label xlink:type="resource" xlink:label="label_RemarksRegardingTurnoverGGovernanceData_6" xlink:role="http://www.xbrl.org/2003/role/label" xlink:title="label_RemarksRegardingTurnoverGGovernanceData" xml:lang="pt" id="label_RemarksRegardingTurnoverGGovernanceData_6">Comentários relativos a volume de negócios [G - dados de governação]</link:label>
    <link:labelArc xlink:type="arc" xlink:arcrole="http://www.xbrl.org/2003/arcrole/concept-label" xlink:from="RemarksRegardingTurnoverGGovernanceData" xlink:to="label_RemarksRegardingTurnoverGGovernanceData_6" xlink:title="label: RemarksRegardingTurnoverGGovernanceData to label_RemarksRegardingTurnoverGGovernanceData"/>
    <link:loc xlink:type="locator" xlink:href="esg.xsd#esg_RemarksRegardingCapexGGovernanceData" xlink:label="RemarksRegardingCapexGGovernanceData" xlink:title="RemarksRegardingCapexGGovernanceData"/>
    <link:label xlink:type="resource" xlink:label="label_RemarksRegardingCapexGGovernanceData_6" xlink:role="http://www.xbrl.org/2003/role/label" xlink:title="label_RemarksRegardingCapexGGovernanceData" xml:lang="pt" id="label_RemarksRegardingCapexGGovernanceData_6">Comentários relativos a despesas de capital [G - dados de governação]</link:label>
    <link:labelArc xlink:type="arc" xlink:arcrole="http://www.xbrl.org/2003/arcrole/concept-label" xlink:from="RemarksRegardingCapexGGovernanceData" xlink:to="label_RemarksRegardingCapexGGovernanceData_6" xlink:title="label: RemarksRegardingCapexGGovernanceData to label_RemarksRegardingCapexGGovernanceData"/>
    <link:loc xlink:type="locator" xlink:href="esg.xsd#esg_RemarksRegardingOpexGGovernanceData" xlink:label="RemarksRegardingOpexGGovernanceData" xlink:title="RemarksRegardingOpexGGovernanceData"/>
    <link:label xlink:type="resource" xlink:label="label_RemarksRegardingOpexGGovernanceData_6" xlink:role="http://www.xbrl.org/2003/role/label" xlink:title="label_RemarksRegardingOpexGGovernanceData" xml:lang="pt" id="label_RemarksRegardingOpexGGovernanceData_6">Comentários relativos a despesas de exploração [G - dados de governação]</link:label>
    <link:labelArc xlink:type="arc" xlink:arcrole="http://www.xbrl.org/2003/arcrole/concept-label" xlink:from="RemarksRegardingOpexGGovernanceData" xlink:to="label_RemarksRegardingOpexGGovernanceData_6" xlink:title="label: RemarksRegardingOpexGGovernanceData to label_RemarksRegardingOpexGGovernanceData"/>
    <link:loc xlink:type="locator" xlink:href="esg.xsd#esg_DescriptionOfMethodsOfTurnoverGGovernanceData" xlink:label="DescriptionOfMethodsOfTurnoverGGovernanceData" xlink:title="DescriptionOfMethodsOfTurnoverGGovernanceData"/>
    <link:label xlink:type="resource" xlink:label="label_DescriptionOfMethodsOfTurnoverGGovernanceData_6" xlink:role="http://www.xbrl.org/2003/role/label" xlink:title="label_DescriptionOfMethodsOfTurnoverGGovernanceData" xml:lang="pt" id="label_DescriptionOfMethodsOfTurnoverGGovernanceData_6">Descrição de métodos de volume de negócios [G - dados de governação]</link:label>
    <link:labelArc xlink:type="arc" xlink:arcrole="http://www.xbrl.org/2003/arcrole/concept-label" xlink:from="DescriptionOfMethodsOfTurnoverGGovernanceData" xlink:to="label_DescriptionOfMethodsOfTurnoverGGovernanceData_6" xlink:title="label: DescriptionOfMethodsOfTurnoverGGovernanceData to label_DescriptionOfMethodsOfTurnoverGGovernanceData"/>
    <link:loc xlink:type="locator" xlink:href="esg.xsd#esg_DescriptionOfMethodsOfCapexGGovernanceData" xlink:label="DescriptionOfMethodsOfCapexGGovernanceData" xlink:title="DescriptionOfMethodsOfCapexGGovernanceData"/>
    <link:label xlink:type="resource" xlink:label="label_DescriptionOfMethodsOfCapexGGovernanceData_6" xlink:role="http://www.xbrl.org/2003/role/label" xlink:title="label_DescriptionOfMethodsOfCapexGGovernanceData" xml:lang="pt" id="label_DescriptionOfMethodsOfCapexGGovernanceData_6">Descrição de métodos de despesas de capital [G - dados de governação]</link:label>
    <link:labelArc xlink:type="arc" xlink:arcrole="http://www.xbrl.org/2003/arcrole/concept-label" xlink:from="DescriptionOfMethodsOfCapexGGovernanceData" xlink:to="label_DescriptionOfMethodsOfCapexGGovernanceData_6" xlink:title="label: DescriptionOfMethodsOfCapexGGovernanceData to label_DescriptionOfMethodsOfCapexGGovernanceData"/>
    <link:loc xlink:type="locator" xlink:href="esg.xsd#esg_DescriptionOfMethodsOfOpexGGovernanceData" xlink:label="DescriptionOfMethodsOfOpexGGovernanceData" xlink:title="DescriptionOfMethodsOfOpexGGovernanceData"/>
    <link:label xlink:type="resource" xlink:label="label_DescriptionOfMethodsOfOpexGGovernanceData_6" xlink:role="http://www.xbrl.org/2003/role/label" xlink:title="label_DescriptionOfMethodsOfOpexGGovernanceData" xml:lang="pt" id="label_DescriptionOfMethodsOfOpexGGovernanceData_6">Descrição de métodos de despesas de exploração [G - dados de governação]</link:label>
    <link:labelArc xlink:type="arc" xlink:arcrole="http://www.xbrl.org/2003/arcrole/concept-label" xlink:from="DescriptionOfMethodsOfOpexGGovernanceData" xlink:to="label_DescriptionOfMethodsOfOpexGGovernanceData_6" xlink:title="label: DescriptionOfMethodsOfOpexGGovernanceData to label_DescriptionOfMethodsOfOpexGGovernanceData"/>
    <link:loc xlink:type="locator" xlink:href="esg.xsd#esg_DetailsOnEnvironmentSocialAndGovernanceDataAbstract" xlink:label="DetailsOnEnvironmentSocialAndGovernanceDataAbstract" xlink:title="DetailsOnEnvironmentSocialAndGovernanceDataAbstract"/>
    <link:label xlink:type="resource" xlink:label="label_DetailsOnEnvironmentSocialAndGovernanceDataAbstract_6" xlink:role="http://www.xbrl.org/2003/role/label" xlink:title="label_DetailsOnEnvironmentSocialAndGovernanceDataAbstract" xml:lang="pt" id="label_DetailsOnEnvironmentSocialAndGovernanceDataAbstract_6">Pormenores sobre dados ambientais, sociais e de governação</link:label>
    <link:labelArc xlink:type="arc" xlink:arcrole="http://www.xbrl.org/2003/arcrole/concept-label" xlink:from="DetailsOnEnvironmentSocialAndGovernanceDataAbstract" xlink:to="label_DetailsOnEnvironmentSocialAndGovernanceDataAbstract_6" xlink:title="label: DetailsOnEnvironmentSocialAndGovernanceDataAbstract to label_DetailsOnEnvironmentSocialAndGovernanceDataAbstract"/>
    <link:loc xlink:type="locator" xlink:href="esg.xsd#esg_ObjectivesForCo2AbsoluteScope1EmissionEnviromentData" xlink:label="ObjectivesForCo2AbsoluteScope1EmissionEnviromentData" xlink:title="ObjectivesForCo2AbsoluteScope1EmissionEnviromentData"/>
    <link:label xlink:type="resource" xlink:label="label_ObjectivesForCo2AbsoluteScope1EmissionEnviromentData_6" xlink:role="http://www.xbrl.org/2003/role/label" xlink:title="label_ObjectivesForCo2AbsoluteScope1EmissionEnviromentData" xml:lang="pt" id="label_ObjectivesForCo2AbsoluteScope1EmissionEnviromentData_6">Objetivos para CO2, âmbito 1 de emissões [dados ambientais]</link:label>
    <link:labelArc xlink:type="arc" xlink:arcrole="http://www.xbrl.org/2003/arcrole/concept-label" xlink:from="ObjectivesForCo2AbsoluteScope1EmissionEnviromentData" xlink:to="label_ObjectivesForCo2AbsoluteScope1EmissionEnviromentData_6" xlink:title="label: ObjectivesForCo2AbsoluteScope1EmissionEnviromentData to label_ObjectivesForCo2AbsoluteScope1EmissionEnviromentData"/>
    <link:loc xlink:type="locator" xlink:href="esg.xsd#esg_ObjectivesForCo2AbsoluteScope2EmissionEnviromentData" xlink:label="ObjectivesForCo2AbsoluteScope2EmissionEnviromentData" xlink:title="ObjectivesForCo2AbsoluteScope2EmissionEnviromentData"/>
    <link:label xlink:type="resource" xlink:label="label_ObjectivesForCo2AbsoluteScope2EmissionEnviromentData_6" xlink:role="http://www.xbrl.org/2003/role/label" xlink:title="label_ObjectivesForCo2AbsoluteScope2EmissionEnviromentData" xml:lang="pt" id="label_ObjectivesForCo2AbsoluteScope2EmissionEnviromentData_6">Objetivos para CO2, âmbito 2 de emissões [dados ambientais]</link:label>
    <link:labelArc xlink:type="arc" xlink:arcrole="http://www.xbrl.org/2003/arcrole/concept-label" xlink:from="ObjectivesForCo2AbsoluteScope2EmissionEnviromentData" xlink:to="label_ObjectivesForCo2AbsoluteScope2EmissionEnviromentData_6" xlink:title="label: ObjectivesForCo2AbsoluteScope2EmissionEnviromentData to label_ObjectivesForCo2AbsoluteScope2EmissionEnviromentData"/>
    <link:loc xlink:type="locator" xlink:href="esg.xsd#esg_ObjectivesForCo2AbsoluteScope3EmissionEnviromentData" xlink:label="ObjectivesForCo2AbsoluteScope3EmissionEnviromentData" xlink:title="ObjectivesForCo2AbsoluteScope3EmissionEnviromentData"/>
    <link:label xlink:type="resource" xlink:label="label_ObjectivesForCo2AbsoluteScope3EmissionEnviromentData_6" xlink:role="http://www.xbrl.org/2003/role/label" xlink:title="label_ObjectivesForCo2AbsoluteScope3EmissionEnviromentData" xml:lang="pt" id="label_ObjectivesForCo2AbsoluteScope3EmissionEnviromentData_6">Objetivos para CO2, âmbito 3 de emissões [dados ambientais]</link:label>
    <link:labelArc xlink:type="arc" xlink:arcrole="http://www.xbrl.org/2003/arcrole/concept-label" xlink:from="ObjectivesForCo2AbsoluteScope3EmissionEnviromentData" xlink:to="label_ObjectivesForCo2AbsoluteScope3EmissionEnviromentData_6" xlink:title="label: ObjectivesForCo2AbsoluteScope3EmissionEnviromentData to label_ObjectivesForCo2AbsoluteScope3EmissionEnviromentData"/>
    <link:loc xlink:type="locator" xlink:href="esg.xsd#esg_ObjectivesForCo2TotalEnviromentData" xlink:label="ObjectivesForCo2TotalEnviromentData" xlink:title="ObjectivesForCo2TotalEnviromentData"/>
    <link:label xlink:type="resource" xlink:label="label_ObjectivesForCo2TotalEnviromentData_6" xlink:role="http://www.xbrl.org/2003/role/label" xlink:title="label_ObjectivesForCo2TotalEnviromentData" xml:lang="pt" id="label_ObjectivesForCo2TotalEnviromentData_6">Objetivos para CO2, total [dados ambientais]</link:label>
    <link:labelArc xlink:type="arc" xlink:arcrole="http://www.xbrl.org/2003/arcrole/concept-label" xlink:from="ObjectivesForCo2TotalEnviromentData" xlink:to="label_ObjectivesForCo2TotalEnviromentData_6" xlink:title="label: ObjectivesForCo2TotalEnviromentData to label_ObjectivesForCo2TotalEnviromentData"/>
    <link:loc xlink:type="locator" xlink:href="esg.xsd#esg_ObjectivesForCarbonIntensityEnviromentData" xlink:label="ObjectivesForCarbonIntensityEnviromentData" xlink:title="ObjectivesForCarbonIntensityEnviromentData"/>
    <link:label xlink:type="resource" xlink:label="label_ObjectivesForCarbonIntensityEnviromentData_6" xlink:role="http://www.xbrl.org/2003/role/label" xlink:title="label_ObjectivesForCarbonIntensityEnviromentData" xml:lang="pt" id="label_ObjectivesForCarbonIntensityEnviromentData_6">Objetivos para teor de carbono [dados ambientais]</link:label>
    <link:labelArc xlink:type="arc" xlink:arcrole="http://www.xbrl.org/2003/arcrole/concept-label" xlink:from="ObjectivesForCarbonIntensityEnviromentData" xlink:to="label_ObjectivesForCarbonIntensityEnviromentData_6" xlink:title="label: ObjectivesForCarbonIntensityEnviromentData to label_ObjectivesForCarbonIntensityEnviromentData"/>
    <link:loc xlink:type="locator" xlink:href="esg.xsd#esg_ObjectivesForEnergyConsumptionEnviromentData" xlink:label="ObjectivesForEnergyConsumptionEnviromentData" xlink:title="ObjectivesForEnergyConsumptionEnviromentData"/>
    <link:label xlink:type="resource" xlink:label="label_ObjectivesForEnergyConsumptionEnviromentData_6" xlink:role="http://www.xbrl.org/2003/role/label" xlink:title="label_ObjectivesForEnergyConsumptionEnviromentData" xml:lang="pt" id="label_ObjectivesForEnergyConsumptionEnviromentData_6">Objetivos para consumo de energia [dados ambientais]</link:label>
    <link:labelArc xlink:type="arc" xlink:arcrole="http://www.xbrl.org/2003/arcrole/concept-label" xlink:from="ObjectivesForEnergyConsumptionEnviromentData" xlink:to="label_ObjectivesForEnergyConsumptionEnviromentData_6" xlink:title="label: ObjectivesForEnergyConsumptionEnviromentData to label_ObjectivesForEnergyConsumptionEnviromentData"/>
    <link:loc xlink:type="locator" xlink:href="esg.xsd#esg_ObjectivesForEnergyIntensityEnviromentData" xlink:label="ObjectivesForEnergyIntensityEnviromentData" xlink:title="ObjectivesForEnergyIntensityEnviromentData"/>
    <link:label xlink:type="resource" xlink:label="label_ObjectivesForEnergyIntensityEnviromentData_6" xlink:role="http://www.xbrl.org/2003/role/label" xlink:title="label_ObjectivesForEnergyIntensityEnviromentData" xml:lang="pt" id="label_ObjectivesForEnergyIntensityEnviromentData_6">Objetivos para intensidade energética [dados ambientais]</link:label>
    <link:labelArc xlink:type="arc" xlink:arcrole="http://www.xbrl.org/2003/arcrole/concept-label" xlink:from="ObjectivesForEnergyIntensityEnviromentData" xlink:to="label_ObjectivesForEnergyIntensityEnviromentData_6" xlink:title="label: ObjectivesForEnergyIntensityEnviromentData to label_ObjectivesForEnergyIntensityEnviromentData"/>
    <link:loc xlink:type="locator" xlink:href="esg.xsd#esg_ObjectivesForShareOfRenewableEnergyEnviromentData" xlink:label="ObjectivesForShareOfRenewableEnergyEnviromentData" xlink:title="ObjectivesForShareOfRenewableEnergyEnviromentData"/>
    <link:label xlink:type="resource" xlink:label="label_ObjectivesForShareOfRenewableEnergyEnviromentData_6" xlink:role="http://www.xbrl.org/2003/role/label" xlink:title="label_ObjectivesForShareOfRenewableEnergyEnviromentData" xml:lang="pt" id="label_ObjectivesForShareOfRenewableEnergyEnviromentData_6">Objetivos para quota de energias renováveis [dados ambientais]</link:label>
    <link:labelArc xlink:type="arc" xlink:arcrole="http://www.xbrl.org/2003/arcrole/concept-label" xlink:from="ObjectivesForShareOfRenewableEnergyEnviromentData" xlink:to="label_ObjectivesForShareOfRenewableEnergyEnviromentData_6" xlink:title="label: ObjectivesForShareOfRenewableEnergyEnviromentData to label_ObjectivesForShareOfRenewableEnergyEnviromentData"/>
    <link:loc xlink:type="locator" xlink:href="esg.xsd#esg_ObjectivesForWaterConsumptionEnviromentData" xlink:label="ObjectivesForWaterConsumptionEnviromentData" xlink:title="ObjectivesForWaterConsumptionEnviromentData"/>
    <link:label xlink:type="resource" xlink:label="label_ObjectivesForWaterConsumptionEnviromentData_6" xlink:role="http://www.xbrl.org/2003/role/label" xlink:title="label_ObjectivesForWaterConsumptionEnviromentData" xml:lang="pt" id="label_ObjectivesForWaterConsumptionEnviromentData_6">Objetivos para consumo de água [dados ambientais]</link:label>
    <link:labelArc xlink:type="arc" xlink:arcrole="http://www.xbrl.org/2003/arcrole/concept-label" xlink:from="ObjectivesForWaterConsumptionEnviromentData" xlink:to="label_ObjectivesForWaterConsumptionEnviromentData_6" xlink:title="label: ObjectivesForWaterConsumptionEnviromentData to label_ObjectivesForWaterConsumptionEnviromentData"/>
    <link:loc xlink:type="locator" xlink:href="esg.xsd#esg_ObjectivesForSicknessAbsenceSSocialeData" xlink:label="ObjectivesForSicknessAbsenceSSocialeData" xlink:title="ObjectivesForSicknessAbsenceSSocialeData"/>
    <link:label xlink:type="resource" xlink:label="label_ObjectivesForSicknessAbsenceSSocialeData_6" xlink:role="http://www.xbrl.org/2003/role/label" xlink:title="label_ObjectivesForSicknessAbsenceSSocialeData" xml:lang="pt" id="label_ObjectivesForSicknessAbsenceSSocialeData_6">Objetivos para baixas por doença [S - dados sociais]</link:label>
    <link:labelArc xlink:type="arc" xlink:arcrole="http://www.xbrl.org/2003/arcrole/concept-label" xlink:from="ObjectivesForSicknessAbsenceSSocialeData" xlink:to="label_ObjectivesForSicknessAbsenceSSocialeData_6" xlink:title="label: ObjectivesForSicknessAbsenceSSocialeData to label_ObjectivesForSicknessAbsenceSSocialeData"/>
    <link:loc xlink:type="locator" xlink:href="esg.xsd#esg_ObjectivesForLostTimeInjuryFrequencySSocialeData" xlink:label="ObjectivesForLostTimeInjuryFrequencySSocialeData" xlink:title="ObjectivesForLostTimeInjuryFrequencySSocialeData"/>
    <link:label xlink:type="resource" xlink:label="label_ObjectivesForLostTimeInjuryFrequencySSocialeData_6" xlink:role="http://www.xbrl.org/2003/role/label" xlink:title="label_ObjectivesForLostTimeInjuryFrequencySSocialeData" xml:lang="pt" id="label_ObjectivesForLostTimeInjuryFrequencySSocialeData_6">Objetivos para frequência de dias perdidos por lesões profissionais [S - dados sociais]</link:label>
    <link:labelArc xlink:type="arc" xlink:arcrole="http://www.xbrl.org/2003/arcrole/concept-label" xlink:from="ObjectivesForLostTimeInjuryFrequencySSocialeData" xlink:to="label_ObjectivesForLostTimeInjuryFrequencySSocialeData_6" xlink:title="label: ObjectivesForLostTimeInjuryFrequencySSocialeData to label_ObjectivesForLostTimeInjuryFrequencySSocialeData"/>
    <link:loc xlink:type="locator" xlink:href="esg.xsd#esg_ObjectivesForEmployeeTurnoverSSocialeData" xlink:label="ObjectivesForEmployeeTurnoverSSocialeData" xlink:title="ObjectivesForEmployeeTurnoverSSocialeData"/>
    <link:label xlink:type="resource" xlink:label="label_ObjectivesForEmployeeTurnoverSSocialeData_6" xlink:role="http://www.xbrl.org/2003/role/label" xlink:title="label_ObjectivesForEmployeeTurnoverSSocialeData" xml:lang="pt" id="label_ObjectivesForEmployeeTurnoverSSocialeData_6">Objetivos para rotação do pessoal [S - dados sociais]</link:label>
    <link:labelArc xlink:type="arc" xlink:arcrole="http://www.xbrl.org/2003/arcrole/concept-label" xlink:from="ObjectivesForEmployeeTurnoverSSocialeData" xlink:to="label_ObjectivesForEmployeeTurnoverSSocialeData_6" xlink:title="label: ObjectivesForEmployeeTurnoverSSocialeData to label_ObjectivesForEmployeeTurnoverSSocialeData"/>
    <link:loc xlink:type="locator" xlink:href="esg.xsd#esg_ObjectivesForEmployeeSatisfactionSSocialeData" xlink:label="ObjectivesForEmployeeSatisfactionSSocialeData" xlink:title="ObjectivesForEmployeeSatisfactionSSocialeData"/>
    <link:label xlink:type="resource" xlink:label="label_ObjectivesForEmployeeSatisfactionSSocialeData_6" xlink:role="http://www.xbrl.org/2003/role/label" xlink:title="label_ObjectivesForEmployeeSatisfactionSSocialeData" xml:lang="pt" id="label_ObjectivesForEmployeeSatisfactionSSocialeData_6">Objetivos para satisfação do pessoal [S - dados sociais]</link:label>
    <link:labelArc xlink:type="arc" xlink:arcrole="http://www.xbrl.org/2003/arcrole/concept-label" xlink:from="ObjectivesForEmployeeSatisfactionSSocialeData" xlink:to="label_ObjectivesForEmployeeSatisfactionSSocialeData_6" xlink:title="label: ObjectivesForEmployeeSatisfactionSSocialeData to label_ObjectivesForEmployeeSatisfactionSSocialeData"/>
    <link:loc xlink:type="locator" xlink:href="esg.xsd#esg_ObjectivesForGenderDiversityAllEmployeesSSocialeData" xlink:label="ObjectivesForGenderDiversityAllEmployeesSSocialeData" xlink:title="ObjectivesForGenderDiversityAllEmployeesSSocialeData"/>
    <link:label xlink:type="resource" xlink:label="label_ObjectivesForGenderDiversityAllEmployeesSSocialeData_6" xlink:role="http://www.xbrl.org/2003/role/label" xlink:title="label_ObjectivesForGenderDiversityAllEmployeesSSocialeData" xml:lang="pt" id="label_ObjectivesForGenderDiversityAllEmployeesSSocialeData_6">Objetivos para diversidade de género: todos os colaboradores [S - dados sociais]</link:label>
    <link:labelArc xlink:type="arc" xlink:arcrole="http://www.xbrl.org/2003/arcrole/concept-label" xlink:from="ObjectivesForGenderDiversityAllEmployeesSSocialeData" xlink:to="label_ObjectivesForGenderDiversityAllEmployeesSSocialeData_6" xlink:title="label: ObjectivesForGenderDiversityAllEmployeesSSocialeData to label_ObjectivesForGenderDiversityAllEmployeesSSocialeData"/>
    <link:loc xlink:type="locator" xlink:href="esg.xsd#esg_ObjectivesForGenderDiversityManagementSSocialeData" xlink:label="ObjectivesForGenderDiversityManagementSSocialeData" xlink:title="ObjectivesForGenderDiversityManagementSSocialeData"/>
    <link:label xlink:type="resource" xlink:label="label_ObjectivesForGenderDiversityManagementSSocialeData_6" xlink:role="http://www.xbrl.org/2003/role/label" xlink:title="label_ObjectivesForGenderDiversityManagementSSocialeData" xml:lang="pt" id="label_ObjectivesForGenderDiversityManagementSSocialeData_6">Objetivos para diversidade de género: Administração [S - dados sociais]</link:label>
    <link:labelArc xlink:type="arc" xlink:arcrole="http://www.xbrl.org/2003/arcrole/concept-label" xlink:from="ObjectivesForGenderDiversityManagementSSocialeData" xlink:to="label_ObjectivesForGenderDiversityManagementSSocialeData_6" xlink:title="label: ObjectivesForGenderDiversityManagementSSocialeData to label_ObjectivesForGenderDiversityManagementSSocialeData"/>
    <link:loc xlink:type="locator" xlink:href="esg.xsd#esg_ObjectivesForGenderDiversityOtherManagementLevelsSSocialeData" xlink:label="ObjectivesForGenderDiversityOtherManagementLevelsSSocialeData" xlink:title="ObjectivesForGenderDiversityOtherManagementLevelsSSocialeData"/>
    <link:label xlink:type="resource" xlink:label="label_ObjectivesForGenderDiversityOtherManagementLevelsSSocialeData_6" xlink:role="http://www.xbrl.org/2003/role/label" xlink:title="label_ObjectivesForGenderDiversityOtherManagementLevelsSSocialeData" xml:lang="pt" id="label_ObjectivesForGenderDiversityOtherManagementLevelsSSocialeData_6">Objetivos para diversidade de género: outros níveis de gestão [S - dados sociais]</link:label>
    <link:labelArc xlink:type="arc" xlink:arcrole="http://www.xbrl.org/2003/arcrole/concept-label" xlink:from="ObjectivesForGenderDiversityOtherManagementLevelsSSocialeData" xlink:to="label_ObjectivesForGenderDiversityOtherManagementLevelsSSocialeData_6" xlink:title="label: ObjectivesForGenderDiversityOtherManagementLevelsSSocialeData to label_ObjectivesForGenderDiversityOtherManagementLevelsSSocialeData"/>
    <link:loc xlink:type="locator" xlink:href="esg.xsd#esg_ObjectivesForGenderDiversityBoardOfDirectorsGGovernanceData" xlink:label="ObjectivesForGenderDiversityBoardOfDirectorsSSocialeData" xlink:title="ObjectivesForGenderDiversityBoardOfDirectorsSSocialeData"/>
    <link:label xlink:type="resource" xlink:label="label_ObjectivesForGenderDiversityBoardOfDirectorsSSocialeData_6" xlink:role="http://www.xbrl.org/2003/role/label" xlink:title="label_ObjectivesForGenderDiversityBoardOfDirectorsSSocialeData" xml:lang="pt" id="label_ObjectivesForGenderDiversityBoardOfDirectorsSSocialeData_6">Objetivos para diversidade de género: Conselho de Administração [S - dados sociais]</link:label>
    <link:labelArc xlink:type="arc" xlink:arcrole="http://www.xbrl.org/2003/arcrole/concept-label" xlink:from="ObjectivesForGenderDiversityBoardOfDirectorsSSocialeData" xlink:to="label_ObjectivesForGenderDiversityBoardOfDirectorsSSocialeData_6" xlink:title="label: ObjectivesForGenderDiversityBoardOfDirectorsSSocialeData to label_ObjectivesForGenderDiversityBoardOfDirectorsSSocialeData"/>
    <link:loc xlink:type="locator" xlink:href="esg.xsd#esg_ObjectivesForCeoPayRatioGGovernanceData" xlink:label="ObjectivesForCeoPayRatioSSocialeData" xlink:title="ObjectivesForCeoPayRatioSSocialeData"/>
    <link:label xlink:type="resource" xlink:label="label_ObjectivesForCeoPayRatioSSocialeData_6" xlink:role="http://www.xbrl.org/2003/role/label" xlink:title="label_ObjectivesForCeoPayRatioSSocialeData" xml:lang="pt" id="label_ObjectivesForCeoPayRatioSSocialeData_6">Objetivos para rácio de salário de diretor-geral [S - dados sociais]</link:label>
    <link:labelArc xlink:type="arc" xlink:arcrole="http://www.xbrl.org/2003/arcrole/concept-label" xlink:from="ObjectivesForCeoPayRatioSSocialeData" xlink:to="label_ObjectivesForCeoPayRatioSSocialeData_6" xlink:title="label: ObjectivesForCeoPayRatioSSocialeData to label_ObjectivesForCeoPayRatioSSocialeData"/>
    <link:loc xlink:type="locator" xlink:href="esg.xsd#esg_ObjectivesForGenderPayRatioSSocialeData" xlink:label="ObjectivesForGenderPayRatioSSocialeData" xlink:title="ObjectivesForGenderPayRatioSSocialeData"/>
    <link:label xlink:type="resource" xlink:label="label_ObjectivesForGenderPayRatioSSocialeData_6" xlink:role="http://www.xbrl.org/2003/role/label" xlink:title="label_ObjectivesForGenderPayRatioSSocialeData" xml:lang="pt" id="label_ObjectivesForGenderPayRatioSSocialeData_6">Objetivos para rácio por género [S - dados sociais]</link:label>
    <link:labelArc xlink:type="arc" xlink:arcrole="http://www.xbrl.org/2003/arcrole/concept-label" xlink:from="ObjectivesForGenderPayRatioSSocialeData" xlink:to="label_ObjectivesForGenderPayRatioSSocialeData_6" xlink:title="label: ObjectivesForGenderPayRatioSSocialeData to label_ObjectivesForGenderPayRatioSSocialeData"/>
    <link:loc xlink:type="locator" xlink:href="esg.xsd#esg_ObjectivesForTurnoverGGovernanceData" xlink:label="ObjectivesForTurnoverGGovernanceData" xlink:title="ObjectivesForTurnoverGGovernanceData"/>
    <link:label xlink:type="resource" xlink:label="label_ObjectivesForTurnoverGGovernanceData_6" xlink:role="http://www.xbrl.org/2003/role/label" xlink:title="label_ObjectivesForTurnoverGGovernanceData" xml:lang="pt" id="label_ObjectivesForTurnoverGGovernanceData_6">Objetivos para volume de negócios [G - dados de governação]</link:label>
    <link:labelArc xlink:type="arc" xlink:arcrole="http://www.xbrl.org/2003/arcrole/concept-label" xlink:from="ObjectivesForTurnoverGGovernanceData" xlink:to="label_ObjectivesForTurnoverGGovernanceData_6" xlink:title="label: ObjectivesForTurnoverGGovernanceData to label_ObjectivesForTurnoverGGovernanceData"/>
    <link:loc xlink:type="locator" xlink:href="esg.xsd#esg_ObjectivesForCapexGGovernanceData" xlink:label="ObjectivesForCapexGGovernanceData" xlink:title="ObjectivesForCapexGGovernanceData"/>
    <link:label xlink:type="resource" xlink:label="label_ObjectivesForCapexGGovernanceData_6" xlink:role="http://www.xbrl.org/2003/role/label" xlink:title="label_ObjectivesForCapexGGovernanceData" xml:lang="pt" id="label_ObjectivesForCapexGGovernanceData_6">Objetivos para despesas de capital [G - dados de governação]</link:label>
    <link:labelArc xlink:type="arc" xlink:arcrole="http://www.xbrl.org/2003/arcrole/concept-label" xlink:from="ObjectivesForCapexGGovernanceData" xlink:to="label_ObjectivesForCapexGGovernanceData_6" xlink:title="label: ObjectivesForCapexGGovernanceData to label_ObjectivesForCapexGGovernanceData"/>
    <link:loc xlink:type="locator" xlink:href="esg.xsd#esg_ObjectivesForOpexGGovernanceData" xlink:label="ObjectivesForOpexGGovernanceData" xlink:title="ObjectivesForOpexGGovernanceData"/>
    <link:label xlink:type="resource" xlink:label="label_ObjectivesForOpexGGovernanceData_6" xlink:role="http://www.xbrl.org/2003/role/label" xlink:title="label_ObjectivesForOpexGGovernanceData" xml:lang="pt" id="label_ObjectivesForOpexGGovernanceData_6">Objetivos para despesas de exploração [G - dados de governação]</link:label>
    <link:labelArc xlink:type="arc" xlink:arcrole="http://www.xbrl.org/2003/arcrole/concept-label" xlink:from="ObjectivesForOpexGGovernanceData" xlink:to="label_ObjectivesForOpexGGovernanceData_6" xlink:title="label: ObjectivesForOpexGGovernanceData to label_ObjectivesForOpexGGovernanceData"/>
    <link:loc xlink:type="locator" xlink:href="esg.xsd#esg_DetailsOnEsgDatarHypercube" xlink:label="DetailsOnEsgDatarHypercube" xlink:title="DetailsOnEsgDatarHypercube"/>
    <link:label xlink:type="resource" xlink:label="label_DetailsOnEsgDatarHypercube_6" xlink:role="http://www.xbrl.org/2003/role/label" xlink:title="label_DetailsOnEsgDatarHypercube" xml:lang="pt" id="label_DetailsOnEsgDatarHypercube_6">Pormenores sobre dados ASG</link:label>
    <link:labelArc xlink:type="arc" xlink:arcrole="http://www.xbrl.org/2003/arcrole/concept-label" xlink:from="DetailsOnEsgDatarHypercube" xlink:to="label_DetailsOnEsgDatarHypercube_6" xlink:title="label: DetailsOnEsgDatarHypercube to label_DetailsOnEsgDatarHypercube"/>
    <link:loc xlink:type="locator" xlink:href="esg.xsd#esg_IdentificationOfEsgDataDimension" xlink:label="IdentificationOfEsgDataDimension" xlink:title="IdentificationOfEsgDataDimension"/>
    <link:label xlink:type="resource" xlink:label="label_IdentificationOfEsgDataDimension_6" xlink:role="http://www.xbrl.org/2003/role/label" xlink:title="label_IdentificationOfEsgDataDimension" xml:lang="pt" id="label_IdentificationOfEsgDataDimension_6">Identificação de dados ASG</link:label>
    <link:labelArc xlink:type="arc" xlink:arcrole="http://www.xbrl.org/2003/arcrole/concept-label" xlink:from="IdentificationOfEsgDataDimension" xlink:to="label_IdentificationOfEsgDataDimension_6" xlink:title="label: IdentificationOfEsgDataDimension to label_IdentificationOfEsgDataDimension"/>
    <link:loc xlink:type="locator" xlink:href="esg.xsd#esg_NameOfEsgIndicator" xlink:label="NameOfEsgIndicator" xlink:title="NameOfEsgIndicator"/>
    <link:label xlink:type="resource" xlink:label="label_NameOfEsgIndicator_6" xlink:role="http://www.xbrl.org/2003/role/label" xlink:title="label_NameOfEsgIndicator" xml:lang="pt" id="label_NameOfEsgIndicator_6">Nome do indicador ASG</link:label>
    <link:labelArc xlink:type="arc" xlink:arcrole="http://www.xbrl.org/2003/arcrole/concept-label" xlink:from="NameOfEsgIndicator" xlink:to="label_NameOfEsgIndicator_6" xlink:title="label: NameOfEsgIndicator to label_NameOfEsgIndicator"/>
    <link:loc xlink:type="locator" xlink:href="esg.xsd#esg_TypeOfEsgData" xlink:label="TypeOfEsgData" xlink:title="TypeOfEsgData"/>
    <link:label xlink:type="resource" xlink:label="label_TypeOfEsgData_6" xlink:role="http://www.xbrl.org/2003/role/label" xlink:title="label_TypeOfEsgData" xml:lang="pt" id="label_TypeOfEsgData_6">Tipo de dados ASG</link:label>
    <link:labelArc xlink:type="arc" xlink:arcrole="http://www.xbrl.org/2003/arcrole/concept-label" xlink:from="TypeOfEsgData" xlink:to="label_TypeOfEsgData_6" xlink:title="label: TypeOfEsgData to label_TypeOfEsgData"/>
    <link:loc xlink:type="locator" xlink:href="esg.xsd#esg_ValueOfEsgIndicator" xlink:label="ValueOfEsgIndicator" xlink:title="ValueOfEsgIndicator"/>
    <link:label xlink:type="resource" xlink:label="label_ValueOfEsgIndicator_6" xlink:role="http://www.xbrl.org/2003/role/label" xlink:title="label_ValueOfEsgIndicator" xml:lang="pt" id="label_ValueOfEsgIndicator_6">Valor do indicador ASG</link:label>
    <link:labelArc xlink:type="arc" xlink:arcrole="http://www.xbrl.org/2003/arcrole/concept-label" xlink:from="ValueOfEsgIndicator" xlink:to="label_ValueOfEsgIndicator_6" xlink:title="label: ValueOfEsgIndicator to label_ValueOfEsgIndicator"/>
    <link:loc xlink:type="locator" xlink:href="esg.xsd#esg_ObjectivesForEsgIndicator" xlink:label="ObjectivesForEsgIndicator" xlink:title="ObjectivesForEsgIndicator"/>
    <link:label xlink:type="resource" xlink:label="label_ObjectivesForEsgIndicator_6" xlink:role="http://www.xbrl.org/2003/role/label" xlink:title="label_ObjectivesForEsgIndicator" xml:lang="pt" id="label_ObjectivesForEsgIndicator_6">Objetivos para o indicador ASG</link:label>
    <link:labelArc xlink:type="arc" xlink:arcrole="http://www.xbrl.org/2003/arcrole/concept-label" xlink:from="ObjectivesForEsgIndicator" xlink:to="label_ObjectivesForEsgIndicator_6" xlink:title="label: ObjectivesForEsgIndicator to label_ObjectivesForEsgIndicator"/>
    <link:loc xlink:type="locator" xlink:href="esg.xsd#esg_RemarksRegardingEsgIndicator" xlink:label="RemarksRegardingEsgIndicator" xlink:title="RemarksRegardingEsgIndicator"/>
    <link:label xlink:type="resource" xlink:label="label_RemarksRegardingEsgIndicator_6" xlink:role="http://www.xbrl.org/2003/role/label" xlink:title="label_RemarksRegardingEsgIndicator" xml:lang="pt" id="label_RemarksRegardingEsgIndicator_6">Comentários relativos ao indicador ASG</link:label>
    <link:labelArc xlink:type="arc" xlink:arcrole="http://www.xbrl.org/2003/arcrole/concept-label" xlink:from="RemarksRegardingEsgIndicator" xlink:to="label_RemarksRegardingEsgIndicator_6" xlink:title="label: RemarksRegardingEsgIndicator to label_RemarksRegardingEsgIndicator"/>
    <link:loc xlink:type="locator" xlink:href="esg.xsd#esg_DescriptionOfMethodsOfEsgIndicator" xlink:label="DescriptionOfMethodsOfEsgIndicator" xlink:title="DescriptionOfMethodsOfEsgIndicator"/>
    <link:label xlink:type="resource" xlink:label="label_DescriptionOfMethodsOfEsgIndicator_6" xlink:role="http://www.xbrl.org/2003/role/label" xlink:title="label_DescriptionOfMethodsOfEsgIndicator" xml:lang="pt" id="label_DescriptionOfMethodsOfEsgIndicator_6">Descrição de métodos de indicador ASG</link:label>
    <link:labelArc xlink:type="arc" xlink:arcrole="http://www.xbrl.org/2003/arcrole/concept-label" xlink:from="DescriptionOfMethodsOfEsgIndicator" xlink:to="label_DescriptionOfMethodsOfEsgIndicator_6" xlink:title="label: DescriptionOfMethodsOfEsgIndicator to label_DescriptionOfMethodsOfEsgIndicator"/>
  </link:labelLink>
</link:linkbase>
