<?xml version="1.0" encoding="UTF-8"?>
<!-- Generated by Fujitsu Interstage XWand B0251T -->
<?officialURI http://archprod.service.eogs.dk/taxonomy/20211001/esg/esg-lab-da.xml?>

<?taxonomy-version 1.7.0?>

<link:linkbase xmlns:xsi="http://www.w3.org/2001/XMLSchema-instance" xsi:schemaLocation="http://www.xbrl.org/2003/linkbase http://www.xbrl.org/2003/xbrl-linkbase-2003-12-31.xsd" xmlns:tax="http://xbrl.dcca.dk/tax" xmlns:tch="http://xbrl.dcca.dk/tch" xmlns:gen="http://xbrl.org/2008/generic" xmlns:ref="http://www.xbrl.org/2006/ref" xmlns:xbrldt="http://xbrl.org/2005/xbrldt" xmlns:nonnum="http://www.xbrl.org/dtr/type/non-numeric" xmlns:xl="http://www.xbrl.org/2003/XLink" xmlns:gsd="http://xbrl.dcca.dk/gsd" xmlns:dst="http://xbrl.dcca.dk/dst" xmlns:xsd="http://www.w3.org/2001/XMLSchema" xmlns:link="http://www.xbrl.org/2003/linkbase" xmlns:num="http://www.xbrl.org/dtr/type/numeric" xmlns:xlink="http://www.w3.org/1999/xlink" xmlns:fsa="http://xbrl.dcca.dk/fsa" xmlns:cmn="http://xbrl.dcca.dk/cmn" xmlns:label="http://xbrl.org/2008/label" xmlns:mrv="http://xbrl.dcca.dk/mrv" xmlns:xbrli="http://www.xbrl.org/2003/instance">
  <link:labelLink xlink:type="extended" xlink:role="http://www.xbrl.org/2003/role/link">
    <link:loc xlink:type="locator" xlink:href="esg.xsd#esg_EnvironmentSocialAndGovernanceDataAbstract" xlink:label="newItem" xlink:title="newItem"/>
    <link:label xlink:type="resource" xlink:label="label_newItem" xlink:role="http://www.xbrl.org/2003/role/label" xlink:title="label_newItem" xml:lang="da" id="label_newItem">Klima, Social og Governance data</link:label>
    <link:labelArc xlink:type="arc" xlink:arcrole="http://www.xbrl.org/2003/arcrole/concept-label" xlink:from="newItem" xlink:to="label_newItem" xlink:title="label: newItem to label_newItem"/>
    <link:loc xlink:type="locator" xlink:href="esg.xsd#esg_EnviromentDataAbstract" xlink:label="newItem_2" xlink:title="newItem"/>
    <link:label xlink:type="resource" xlink:label="label_newItem_2" xlink:role="http://www.xbrl.org/2003/role/label" xlink:title="label_newItem" xml:lang="da" id="label_newItem_2">Klima data</link:label>
    <link:labelArc xlink:type="arc" xlink:arcrole="http://www.xbrl.org/2003/arcrole/concept-label" xlink:from="newItem_2" xlink:to="label_newItem_2" xlink:title="label: newItem to label_newItem"/>
    <link:loc xlink:type="locator" xlink:href="esg.xsd#esg_SocialDataAbstract" xlink:label="newItem2" xlink:title="newItem2"/>
    <link:label xlink:type="resource" xlink:label="label_newItem2" xlink:role="http://www.xbrl.org/2003/role/label" xlink:title="label_newItem2" xml:lang="da" id="label_newItem2">Social data</link:label>
    <link:labelArc xlink:type="arc" xlink:arcrole="http://www.xbrl.org/2003/arcrole/concept-label" xlink:from="newItem2" xlink:to="label_newItem2" xlink:title="label: newItem2 to label_newItem2"/>
    <link:loc xlink:type="locator" xlink:href="esg.xsd#esg_GovernanceDataAbstract" xlink:label="newItem3" xlink:title="newItem3"/>
    <link:label xlink:type="resource" xlink:label="label_newItem3" xlink:role="http://www.xbrl.org/2003/role/label" xlink:title="label_newItem3" xml:lang="da" id="label_newItem3">Governance data</link:label>
    <link:labelArc xlink:type="arc" xlink:arcrole="http://www.xbrl.org/2003/arcrole/concept-label" xlink:from="newItem3" xlink:to="label_newItem3" xlink:title="label: newItem3 to label_newItem3"/>
    <link:loc xlink:type="locator" xlink:href="esg.xsd#esg_Co2AbsoluteScope1EmissionEnviromentData" xlink:label="newItem_2_2" xlink:title="newItem"/>
    <link:label xlink:type="resource" xlink:label="label_newItem_3" xlink:role="http://www.xbrl.org/2003/role/label" xlink:title="label_newItem" xml:lang="da" id="label_newItem_3">CO2, Absolut scope 1-udledning [E- Klima data]</link:label>
    <link:labelArc xlink:type="arc" xlink:arcrole="http://www.xbrl.org/2003/arcrole/concept-label" xlink:from="newItem_2_2" xlink:to="label_newItem_3" xlink:title="label: newItem to label_newItem"/>
    <link:loc xlink:type="locator" xlink:href="esg.xsd#esg_Co2AbsoluteScope2EmissionEnviromentData" xlink:label="newItem2_2" xlink:title="newItem2"/>
    <link:label xlink:type="resource" xlink:label="label_newItem2_3" xlink:role="http://www.xbrl.org/2003/role/label" xlink:title="label_newItem2" xml:lang="da" id="label_newItem2_3">CO2, Absolut scope 2-udledning [E- Klima data]</link:label>
    <link:labelArc xlink:type="arc" xlink:arcrole="http://www.xbrl.org/2003/arcrole/concept-label" xlink:from="newItem2_2" xlink:to="label_newItem2_3" xlink:title="label: newItem2 to label_newItem2"/>
    <link:loc xlink:type="locator" xlink:href="esg.xsd#esg_Co2AbsoluteScope3EmissionEnviromentData" xlink:label="newItem3_2" xlink:title="newItem3"/>
    <link:label xlink:type="resource" xlink:label="label_newItem3_3" xlink:role="http://www.xbrl.org/2003/role/label" xlink:title="label_newItem3" xml:lang="da" id="label_newItem3_3">CO2, Absolut scope 3-udledning [E- Klima data]</link:label>
    <link:labelArc xlink:type="arc" xlink:arcrole="http://www.xbrl.org/2003/arcrole/concept-label" xlink:from="newItem3_2" xlink:to="label_newItem3_3" xlink:title="label: newItem3 to label_newItem3"/>
    <link:loc xlink:type="locator" xlink:href="esg.xsd#esg_Co2TotalEnviromentData" xlink:label="newItem4" xlink:title="newItem4"/>
    <link:label xlink:type="resource" xlink:label="label_newItem4" xlink:role="http://www.xbrl.org/2003/role/label" xlink:title="label_newItem4" xml:lang="da" id="label_newItem4">CO2, Total [E- Klima data]</link:label>
    <link:labelArc xlink:type="arc" xlink:arcrole="http://www.xbrl.org/2003/arcrole/concept-label" xlink:from="newItem4" xlink:to="label_newItem4" xlink:title="label: newItem4 to label_newItem4"/>
    <link:loc xlink:type="locator" xlink:href="esg.xsd#esg_CarbonIntensityEnviromentData" xlink:label="newItem5" xlink:title="newItem5"/>
    <link:label xlink:type="resource" xlink:label="label_newItem5" xlink:role="http://www.xbrl.org/2003/role/label" xlink:title="label_newItem5" xml:lang="da" id="label_newItem5">Carbon intensitet  [E- Klima data]</link:label>
    <link:labelArc xlink:type="arc" xlink:arcrole="http://www.xbrl.org/2003/arcrole/concept-label" xlink:from="newItem5" xlink:to="label_newItem5" xlink:title="label: newItem5 to label_newItem5"/>
    <link:loc xlink:type="locator" xlink:href="esg.xsd#esg_EnergyConsumptionEnviromentData" xlink:label="newItem6" xlink:title="newItem6"/>
    <link:label xlink:type="resource" xlink:label="label_newItem6" xlink:role="http://www.xbrl.org/2003/role/label" xlink:title="label_newItem6" xml:lang="da" id="label_newItem6">Energiforbrug [E- Klima data]</link:label>
    <link:labelArc xlink:type="arc" xlink:arcrole="http://www.xbrl.org/2003/arcrole/concept-label" xlink:from="newItem6" xlink:to="label_newItem6" xlink:title="label: newItem6 to label_newItem6"/>
    <link:loc xlink:type="locator" xlink:href="esg.xsd#esg_EnergyIntensityEnviromentData" xlink:label="newItem7" xlink:title="newItem7"/>
    <link:label xlink:type="resource" xlink:label="label_newItem7" xlink:role="http://www.xbrl.org/2003/role/label" xlink:title="label_newItem7" xml:lang="da" id="label_newItem7">Energi intensitet [E- Klima data]</link:label>
    <link:labelArc xlink:type="arc" xlink:arcrole="http://www.xbrl.org/2003/arcrole/concept-label" xlink:from="newItem7" xlink:to="label_newItem7" xlink:title="label: newItem7 to label_newItem7"/>
    <link:loc xlink:type="locator" xlink:href="esg.xsd#esg_ShareOfRenewableEnergyEnviromentData" xlink:label="newItem8" xlink:title="newItem8"/>
    <link:label xlink:type="resource" xlink:label="label_newItem8" xlink:role="http://www.xbrl.org/2003/role/label" xlink:title="label_newItem8" xml:lang="da" id="label_newItem8">Vedvarende energiandel [E- Klima data]</link:label>
    <link:labelArc xlink:type="arc" xlink:arcrole="http://www.xbrl.org/2003/arcrole/concept-label" xlink:from="newItem8" xlink:to="label_newItem8" xlink:title="label: newItem8 to label_newItem8"/>
    <link:loc xlink:type="locator" xlink:href="esg.xsd#esg_WaterConsumptionEnviromentData" xlink:label="newItem9" xlink:title="newItem9"/>
    <link:label xlink:type="resource" xlink:label="label_newItem9" xlink:role="http://www.xbrl.org/2003/role/label" xlink:title="label_newItem9" xml:lang="da" id="label_newItem9">Vandforbrug [E- Klima data]</link:label>
    <link:labelArc xlink:type="arc" xlink:arcrole="http://www.xbrl.org/2003/arcrole/concept-label" xlink:from="newItem9" xlink:to="label_newItem9" xlink:title="label: newItem9 to label_newItem9"/>
    <link:loc xlink:type="locator" xlink:href="esg.xsd#esg_SicknessAbsenceSSocialeData" xlink:label="newItem_3" xlink:title="newItem"/>
    <link:label xlink:type="resource" xlink:label="label_newItem_5" xlink:role="http://www.xbrl.org/2003/role/label" xlink:title="label_newItem" xml:lang="da" id="label_newItem_5">Sygefravær [S - sociale data]</link:label>
    <link:labelArc xlink:type="arc" xlink:arcrole="http://www.xbrl.org/2003/arcrole/concept-label" xlink:from="newItem_3" xlink:to="label_newItem_5" xlink:title="label: newItem to label_newItem"/>
    <link:loc xlink:type="locator" xlink:href="esg.xsd#esg_LostTimeInjuryFrequencySSocialeData" xlink:label="newItem2_3" xlink:title="newItem2"/>
    <link:label xlink:type="resource" xlink:label="label_newItem2_5" xlink:role="http://www.xbrl.org/2003/role/label" xlink:title="label_newItem2" xml:lang="da" id="label_newItem2_5">Arbejdsulykker [S - sociale data]</link:label>
    <link:labelArc xlink:type="arc" xlink:arcrole="http://www.xbrl.org/2003/arcrole/concept-label" xlink:from="newItem2_3" xlink:to="label_newItem2_5" xlink:title="label: newItem2 to label_newItem2"/>
    <link:loc xlink:type="locator" xlink:href="esg.xsd#esg_EmployeeTurnoverSSocialeData" xlink:label="newItem3_3" xlink:title="newItem3"/>
    <link:label xlink:type="resource" xlink:label="label_newItem3_5" xlink:role="http://www.xbrl.org/2003/role/label" xlink:title="label_newItem3" xml:lang="da" id="label_newItem3_5">Medarbejderomsætning [S - sociale data]</link:label>
    <link:labelArc xlink:type="arc" xlink:arcrole="http://www.xbrl.org/2003/arcrole/concept-label" xlink:from="newItem3_3" xlink:to="label_newItem3_5" xlink:title="label: newItem3 to label_newItem3"/>
    <link:loc xlink:type="locator" xlink:href="esg.xsd#esg_EmployeeSatisfactionSSocialeData" xlink:label="newItem4_2" xlink:title="newItem4"/>
    <link:label xlink:type="resource" xlink:label="label_newItem4_3" xlink:role="http://www.xbrl.org/2003/role/label" xlink:title="label_newItem4" xml:lang="da" id="label_newItem4_3">Medarbejdertilfredshed [S - sociale data]</link:label>
    <link:labelArc xlink:type="arc" xlink:arcrole="http://www.xbrl.org/2003/arcrole/concept-label" xlink:from="newItem4_2" xlink:to="label_newItem4_3" xlink:title="label: newItem4 to label_newItem4"/>
    <link:loc xlink:type="locator" xlink:href="esg.xsd#esg_GenderDiversityAllEmployeesSSocialeData" xlink:label="newItem5_2" xlink:title="newItem5"/>
    <link:label xlink:type="resource" xlink:label="label_newItem5_3" xlink:role="http://www.xbrl.org/2003/role/label" xlink:title="label_newItem5" xml:lang="da" id="label_newItem5_3">Kønsdiversitet i organisationen [S - sociale data]</link:label>
    <link:labelArc xlink:type="arc" xlink:arcrole="http://www.xbrl.org/2003/arcrole/concept-label" xlink:from="newItem5_2" xlink:to="label_newItem5_3" xlink:title="label: newItem5 to label_newItem5"/>
    <link:loc xlink:type="locator" xlink:href="esg.xsd#esg_GenderDiversityManagementSSocialeData" xlink:label="newItem6_2" xlink:title="newItem6"/>
    <link:label xlink:type="resource" xlink:label="label_newItem6_3" xlink:role="http://www.xbrl.org/2003/role/label" xlink:title="label_newItem6" xml:lang="da" id="label_newItem6_3">Kønsdiversitet i direktionen [S - sociale data]</link:label>
    <link:labelArc xlink:type="arc" xlink:arcrole="http://www.xbrl.org/2003/arcrole/concept-label" xlink:from="newItem6_2" xlink:to="label_newItem6_3" xlink:title="label: newItem6 to label_newItem6"/>
    <link:loc xlink:type="locator" xlink:href="esg.xsd#esg_GenderDiversityOtherManagementLevelsSSocialeData" xlink:label="newItem7_2" xlink:title="newItem7"/>
    <link:label xlink:type="resource" xlink:label="label_newItem7_3" xlink:role="http://www.xbrl.org/2003/role/label" xlink:title="label_newItem7" xml:lang="da" id="label_newItem7_3">Kønsdiversitet i øvrige ledelsesniveauer [S - sociale data]</link:label>
    <link:labelArc xlink:type="arc" xlink:arcrole="http://www.xbrl.org/2003/arcrole/concept-label" xlink:from="newItem7_2" xlink:to="label_newItem7_3" xlink:title="label: newItem7 to label_newItem7"/>
    <link:loc xlink:type="locator" xlink:href="esg.xsd#esg_GenderDiversityBoardOfDirectorsGGovernanceData" xlink:label="newItem8_2" xlink:title="newItem8"/>
    <link:label xlink:type="resource" xlink:label="label_newItem8_3" xlink:role="http://www.xbrl.org/2003/role/label" xlink:title="label_newItem8" xml:lang="da" id="label_newItem8_3">Kønsdiversitet i det øverste ledelsesorgan [G - governance data]</link:label>
    <link:labelArc xlink:type="arc" xlink:arcrole="http://www.xbrl.org/2003/arcrole/concept-label" xlink:from="newItem8_2" xlink:to="label_newItem8_3" xlink:title="label: newItem8 to label_newItem8"/>
    <link:loc xlink:type="locator" xlink:href="esg.xsd#esg_CeoPayRatioGGovernanceData" xlink:label="newItem9_2" xlink:title="newItem9"/>
    <link:label xlink:type="resource" xlink:label="label_newItem9_3" xlink:role="http://www.xbrl.org/2003/role/label" xlink:title="label_newItem9" xml:lang="da" id="label_newItem9_3">Lønforskel mellem CEO og medarbejdere [G - governance data]</link:label>
    <link:labelArc xlink:type="arc" xlink:arcrole="http://www.xbrl.org/2003/arcrole/concept-label" xlink:from="newItem9_2" xlink:to="label_newItem9_3" xlink:title="label: newItem9 to label_newItem9"/>
    <link:loc xlink:type="locator" xlink:href="esg.xsd#esg_GenderPayRatioSSocialeData" xlink:label="newItem10_2" xlink:title="newItem10"/>
    <link:label xlink:type="resource" xlink:label="label_newItem10_3" xlink:role="http://www.xbrl.org/2003/role/label" xlink:title="label_newItem10" xml:lang="da" id="label_newItem10_3">Lønforskel mellem køn [S - sociale data]</link:label>
    <link:labelArc xlink:type="arc" xlink:arcrole="http://www.xbrl.org/2003/arcrole/concept-label" xlink:from="newItem10_2" xlink:to="label_newItem10_3" xlink:title="label: newItem10 to label_newItem10"/>
    <link:loc xlink:type="locator" xlink:href="esg.xsd#esg_TurnoverGGovernanceData" xlink:label="newItem_4" xlink:title="newItem"/>
    <link:label xlink:type="resource" xlink:label="label_newItem_7" xlink:role="http://www.xbrl.org/2003/role/label" xlink:title="label_newItem" xml:lang="da" id="label_newItem_7">Turnover (taksonomikrav) [G - governance data]</link:label>
    <link:labelArc xlink:type="arc" xlink:arcrole="http://www.xbrl.org/2003/arcrole/concept-label" xlink:from="newItem_4" xlink:to="label_newItem_7" xlink:title="label: newItem to label_newItem"/>
    <link:loc xlink:type="locator" xlink:href="esg.xsd#esg_CapexGGovernanceData" xlink:label="newItem2_4" xlink:title="newItem2"/>
    <link:label xlink:type="resource" xlink:label="label_newItem2_7" xlink:role="http://www.xbrl.org/2003/role/label" xlink:title="label_newItem2" xml:lang="da" id="label_newItem2_7">Capex (taksonomikrav) [G - governance data]</link:label>
    <link:labelArc xlink:type="arc" xlink:arcrole="http://www.xbrl.org/2003/arcrole/concept-label" xlink:from="newItem2_4" xlink:to="label_newItem2_7" xlink:title="label: newItem2 to label_newItem2"/>
    <link:loc xlink:type="locator" xlink:href="esg.xsd#esg_OpexGGovernanceData" xlink:label="newItem3_4" xlink:title="newItem3"/>
    <link:label xlink:type="resource" xlink:label="label_newItem3_7" xlink:role="http://www.xbrl.org/2003/role/label" xlink:title="label_newItem3" xml:lang="da" id="label_newItem3_7">Opex (taksonomikrav)  [G - governance data]</link:label>
    <link:labelArc xlink:type="arc" xlink:arcrole="http://www.xbrl.org/2003/arcrole/concept-label" xlink:from="newItem3_4" xlink:to="label_newItem3_7" xlink:title="label: newItem3 to label_newItem3"/>
    <link:loc xlink:type="locator" xlink:href="esg.xsd#esg_RemarksRegardingCo2AbsoluteScope1EmissionEnviromentData" xlink:label="newItem_5" xlink:title="newItem"/>
    <link:label xlink:type="resource" xlink:label="label_newItem_9" xlink:role="http://www.xbrl.org/2003/role/label" xlink:title="label_newItem" xml:lang="da" id="label_newItem_9">Bemærkninger vedr. CO2, Absolut scope 1-udledning [E- Klima data]</link:label>
    <link:labelArc xlink:type="arc" xlink:arcrole="http://www.xbrl.org/2003/arcrole/concept-label" xlink:from="newItem_5" xlink:to="label_newItem_9" xlink:title="label: newItem to label_newItem"/>
    <link:loc xlink:type="locator" xlink:href="esg.xsd#esg_RemarksRegardingCo2AbsoluteScope2EmissionEnviromentData" xlink:label="newItem2_5" xlink:title="newItem2"/>
    <link:label xlink:type="resource" xlink:label="label_newItem2_9" xlink:role="http://www.xbrl.org/2003/role/label" xlink:title="label_newItem2" xml:lang="da" id="label_newItem2_9">Bemærkninger vedr. CO2, Absolut scope 2-udledning [E- Klima data]</link:label>
    <link:labelArc xlink:type="arc" xlink:arcrole="http://www.xbrl.org/2003/arcrole/concept-label" xlink:from="newItem2_5" xlink:to="label_newItem2_9" xlink:title="label: newItem2 to label_newItem2"/>
    <link:loc xlink:type="locator" xlink:href="esg.xsd#esg_RemarksRegardingCo2AbsoluteScope3EmissionEnviromentData" xlink:label="newItem3_5" xlink:title="newItem3"/>
    <link:label xlink:type="resource" xlink:label="label_newItem3_9" xlink:role="http://www.xbrl.org/2003/role/label" xlink:title="label_newItem3" xml:lang="da" id="label_newItem3_9">Bemærkninger vedr. CO2, Absolut scope 3-udledning [E- Klima data]</link:label>
    <link:labelArc xlink:type="arc" xlink:arcrole="http://www.xbrl.org/2003/arcrole/concept-label" xlink:from="newItem3_5" xlink:to="label_newItem3_9" xlink:title="label: newItem3 to label_newItem3"/>
    <link:loc xlink:type="locator" xlink:href="esg.xsd#esg_RemarksRegardingCo2TotalEnviromentData" xlink:label="newItem4_3" xlink:title="newItem4"/>
    <link:label xlink:type="resource" xlink:label="label_newItem4_5" xlink:role="http://www.xbrl.org/2003/role/label" xlink:title="label_newItem4" xml:lang="da" id="label_newItem4_5">Bemærkninger vedr. CO2, Total [E- Klima data]</link:label>
    <link:labelArc xlink:type="arc" xlink:arcrole="http://www.xbrl.org/2003/arcrole/concept-label" xlink:from="newItem4_3" xlink:to="label_newItem4_5" xlink:title="label: newItem4 to label_newItem4"/>
    <link:loc xlink:type="locator" xlink:href="esg.xsd#esg_RemarksRegardingCarbonIntensityEnviromentData" xlink:label="newItem5_3" xlink:title="newItem5"/>
    <link:label xlink:type="resource" xlink:label="label_newItem5_5" xlink:role="http://www.xbrl.org/2003/role/label" xlink:title="label_newItem5" xml:lang="da" id="label_newItem5_5">Bemærkninger vedr. Carbon intensitet  [E- Klima data]</link:label>
    <link:labelArc xlink:type="arc" xlink:arcrole="http://www.xbrl.org/2003/arcrole/concept-label" xlink:from="newItem5_3" xlink:to="label_newItem5_5" xlink:title="label: newItem5 to label_newItem5"/>
    <link:loc xlink:type="locator" xlink:href="esg.xsd#esg_RemarksRegardingEnergyConsumptionEnviromentData" xlink:label="newItem6_3" xlink:title="newItem6"/>
    <link:label xlink:type="resource" xlink:label="label_newItem6_5" xlink:role="http://www.xbrl.org/2003/role/label" xlink:title="label_newItem6" xml:lang="da" id="label_newItem6_5">Bemærkninger vedr. Energiforbrug [E- Klima data]</link:label>
    <link:labelArc xlink:type="arc" xlink:arcrole="http://www.xbrl.org/2003/arcrole/concept-label" xlink:from="newItem6_3" xlink:to="label_newItem6_5" xlink:title="label: newItem6 to label_newItem6"/>
    <link:loc xlink:type="locator" xlink:href="esg.xsd#esg_RemarksRegardingEnergyIntensityEnviromentData" xlink:label="newItem7_3" xlink:title="newItem7"/>
    <link:label xlink:type="resource" xlink:label="label_newItem7_5" xlink:role="http://www.xbrl.org/2003/role/label" xlink:title="label_newItem7" xml:lang="da" id="label_newItem7_5">Bemærkninger vedr. Energi intensitet [E- Klima data]</link:label>
    <link:labelArc xlink:type="arc" xlink:arcrole="http://www.xbrl.org/2003/arcrole/concept-label" xlink:from="newItem7_3" xlink:to="label_newItem7_5" xlink:title="label: newItem7 to label_newItem7"/>
    <link:loc xlink:type="locator" xlink:href="esg.xsd#esg_RemarksRegardingShareOfRenewableEnergyEnviromentData" xlink:label="newItem8_3" xlink:title="newItem8"/>
    <link:label xlink:type="resource" xlink:label="label_newItem8_5" xlink:role="http://www.xbrl.org/2003/role/label" xlink:title="label_newItem8" xml:lang="da" id="label_newItem8_5">Bemærkninger vedr. Vedvarende energiandel [E- Klima data]</link:label>
    <link:labelArc xlink:type="arc" xlink:arcrole="http://www.xbrl.org/2003/arcrole/concept-label" xlink:from="newItem8_3" xlink:to="label_newItem8_5" xlink:title="label: newItem8 to label_newItem8"/>
    <link:loc xlink:type="locator" xlink:href="esg.xsd#esg_RemarksRegardingWaterConsumptionEnviromentData" xlink:label="newItem9_3" xlink:title="newItem9"/>
    <link:label xlink:type="resource" xlink:label="label_newItem9_5" xlink:role="http://www.xbrl.org/2003/role/label" xlink:title="label_newItem9" xml:lang="da" id="label_newItem9_5">Bemærkninger vedr. Vandforbrug [E- Klima data]</link:label>
    <link:labelArc xlink:type="arc" xlink:arcrole="http://www.xbrl.org/2003/arcrole/concept-label" xlink:from="newItem9_3" xlink:to="label_newItem9_5" xlink:title="label: newItem9 to label_newItem9"/>
    <link:loc xlink:type="locator" xlink:href="esg.xsd#esg_DescriptionOfMethodsOfCo2AbsoluteScope1EmissionEnviromentData" xlink:label="newItem11" xlink:title="newItem11"/>
    <link:label xlink:type="resource" xlink:label="label_newItem11" xlink:role="http://www.xbrl.org/2003/role/label" xlink:title="label_newItem11" xml:lang="da" id="label_newItem11">Metode for CO2, Absolut scope 1-udledning [E- Klima data]</link:label>
    <link:labelArc xlink:type="arc" xlink:arcrole="http://www.xbrl.org/2003/arcrole/concept-label" xlink:from="newItem11" xlink:to="label_newItem11" xlink:title="label: newItem11 to label_newItem11"/>
    <link:loc xlink:type="locator" xlink:href="esg.xsd#esg_DescriptionOfMethodsOfCo2AbsoluteScope2EmissionEnviromentData" xlink:label="newItem12" xlink:title="newItem12"/>
    <link:label xlink:type="resource" xlink:label="label_newItem12" xlink:role="http://www.xbrl.org/2003/role/label" xlink:title="label_newItem12" xml:lang="da" id="label_newItem12">Metode for CO2, Absolut scope 2-udledning [E- Klima data]</link:label>
    <link:labelArc xlink:type="arc" xlink:arcrole="http://www.xbrl.org/2003/arcrole/concept-label" xlink:from="newItem12" xlink:to="label_newItem12" xlink:title="label: newItem12 to label_newItem12"/>
    <link:loc xlink:type="locator" xlink:href="esg.xsd#esg_DescriptionOfMethodsOfCo2AbsoluteScope3EmissionEnviromentData" xlink:label="newItem13" xlink:title="newItem13"/>
    <link:label xlink:type="resource" xlink:label="label_newItem13" xlink:role="http://www.xbrl.org/2003/role/label" xlink:title="label_newItem13" xml:lang="da" id="label_newItem13">Metode for CO2, Absolut scope 3-udledning [E- Klima data]</link:label>
    <link:labelArc xlink:type="arc" xlink:arcrole="http://www.xbrl.org/2003/arcrole/concept-label" xlink:from="newItem13" xlink:to="label_newItem13" xlink:title="label: newItem13 to label_newItem13"/>
    <link:loc xlink:type="locator" xlink:href="esg.xsd#esg_DescriptionOfMethodsOfCo2TotalEnviromentData" xlink:label="newItem14" xlink:title="newItem14"/>
    <link:label xlink:type="resource" xlink:label="label_newItem14" xlink:role="http://www.xbrl.org/2003/role/label" xlink:title="label_newItem14" xml:lang="da" id="label_newItem14">Metode for CO2, Total [E- Klima data]</link:label>
    <link:labelArc xlink:type="arc" xlink:arcrole="http://www.xbrl.org/2003/arcrole/concept-label" xlink:from="newItem14" xlink:to="label_newItem14" xlink:title="label: newItem14 to label_newItem14"/>
    <link:loc xlink:type="locator" xlink:href="esg.xsd#esg_DescriptionOfMethodsOfCarbonIntensityEnviromentData" xlink:label="newItem15" xlink:title="newItem15"/>
    <link:label xlink:type="resource" xlink:label="label_newItem15" xlink:role="http://www.xbrl.org/2003/role/label" xlink:title="label_newItem15" xml:lang="da" id="label_newItem15">Metode for Carbon intensitet  [E- Klima data]</link:label>
    <link:labelArc xlink:type="arc" xlink:arcrole="http://www.xbrl.org/2003/arcrole/concept-label" xlink:from="newItem15" xlink:to="label_newItem15" xlink:title="label: newItem15 to label_newItem15"/>
    <link:loc xlink:type="locator" xlink:href="esg.xsd#esg_DescriptionOfMethodsOfEnergyConsumptionEnviromentData" xlink:label="newItem16" xlink:title="newItem16"/>
    <link:label xlink:type="resource" xlink:label="label_newItem16" xlink:role="http://www.xbrl.org/2003/role/label" xlink:title="label_newItem16" xml:lang="da" id="label_newItem16">Metode for Energiforbrug [E- Klima data]</link:label>
    <link:labelArc xlink:type="arc" xlink:arcrole="http://www.xbrl.org/2003/arcrole/concept-label" xlink:from="newItem16" xlink:to="label_newItem16" xlink:title="label: newItem16 to label_newItem16"/>
    <link:loc xlink:type="locator" xlink:href="esg.xsd#esg_DescriptionOfMethodsOfEnergyIntensityEnviromentData" xlink:label="newItem17" xlink:title="newItem17"/>
    <link:label xlink:type="resource" xlink:label="label_newItem17" xlink:role="http://www.xbrl.org/2003/role/label" xlink:title="label_newItem17" xml:lang="da" id="label_newItem17">Metode for Energi intensitet [E- Klima data]</link:label>
    <link:labelArc xlink:type="arc" xlink:arcrole="http://www.xbrl.org/2003/arcrole/concept-label" xlink:from="newItem17" xlink:to="label_newItem17" xlink:title="label: newItem17 to label_newItem17"/>
    <link:loc xlink:type="locator" xlink:href="esg.xsd#esg_DescriptionOfMethodsOfShareOfRenewableEnergyEnviromentData" xlink:label="newItem18" xlink:title="newItem18"/>
    <link:label xlink:type="resource" xlink:label="label_newItem18" xlink:role="http://www.xbrl.org/2003/role/label" xlink:title="label_newItem18" xml:lang="da" id="label_newItem18">Metode for Vedvarende energiandel [E- Klima data]</link:label>
    <link:labelArc xlink:type="arc" xlink:arcrole="http://www.xbrl.org/2003/arcrole/concept-label" xlink:from="newItem18" xlink:to="label_newItem18" xlink:title="label: newItem18 to label_newItem18"/>
    <link:loc xlink:type="locator" xlink:href="esg.xsd#esg_DescriptionOfMethodsOfWaterConsumptionEnviromentData" xlink:label="newItem19" xlink:title="newItem19"/>
    <link:label xlink:type="resource" xlink:label="label_newItem19" xlink:role="http://www.xbrl.org/2003/role/label" xlink:title="label_newItem19" xml:lang="da" id="label_newItem19">Metode for Vandforbrug [E- Klima data]</link:label>
    <link:labelArc xlink:type="arc" xlink:arcrole="http://www.xbrl.org/2003/arcrole/concept-label" xlink:from="newItem19" xlink:to="label_newItem19" xlink:title="label: newItem19 to label_newItem19"/>
    <link:loc xlink:type="locator" xlink:href="esg.xsd#esg_RemarksRegardingSicknessAbsenceSSocialeData" xlink:label="newItem_6" xlink:title="newItem"/>
    <link:label xlink:type="resource" xlink:label="label_newItem_11" xlink:role="http://www.xbrl.org/2003/role/label" xlink:title="label_newItem" xml:lang="da" id="label_newItem_11">Bemærkninger vedr. Sygefravær [S - sociale data]</link:label>
    <link:labelArc xlink:type="arc" xlink:arcrole="http://www.xbrl.org/2003/arcrole/concept-label" xlink:from="newItem_6" xlink:to="label_newItem_11" xlink:title="label: newItem to label_newItem"/>
    <link:loc xlink:type="locator" xlink:href="esg.xsd#esg_RemarksRegardingLostTimeInjuryFrequencySSocialeData" xlink:label="newItem2_6" xlink:title="newItem2"/>
    <link:label xlink:type="resource" xlink:label="label_newItem2_11" xlink:role="http://www.xbrl.org/2003/role/label" xlink:title="label_newItem2" xml:lang="da" id="label_newItem2_11">Bemærkninger vedr. Arbejdsulykker [S - sociale data]</link:label>
    <link:labelArc xlink:type="arc" xlink:arcrole="http://www.xbrl.org/2003/arcrole/concept-label" xlink:from="newItem2_6" xlink:to="label_newItem2_11" xlink:title="label: newItem2 to label_newItem2"/>
    <link:loc xlink:type="locator" xlink:href="esg.xsd#esg_RemarksRegardingEmployeeTurnoverSSocialeData" xlink:label="newItem3_6" xlink:title="newItem3"/>
    <link:label xlink:type="resource" xlink:label="label_newItem3_11" xlink:role="http://www.xbrl.org/2003/role/label" xlink:title="label_newItem3" xml:lang="da" id="label_newItem3_11">Bemærkninger vedr. Medarbejderomsætning [S - sociale data]</link:label>
    <link:labelArc xlink:type="arc" xlink:arcrole="http://www.xbrl.org/2003/arcrole/concept-label" xlink:from="newItem3_6" xlink:to="label_newItem3_11" xlink:title="label: newItem3 to label_newItem3"/>
    <link:loc xlink:type="locator" xlink:href="esg.xsd#esg_RemarksRegardingEmployeeSatisfactionSSocialeData" xlink:label="newItem4_4" xlink:title="newItem4"/>
    <link:label xlink:type="resource" xlink:label="label_newItem4_7" xlink:role="http://www.xbrl.org/2003/role/label" xlink:title="label_newItem4" xml:lang="da" id="label_newItem4_7">Bemærkninger vedr. Medarbejdertilfredshed [S - sociale data]</link:label>
    <link:labelArc xlink:type="arc" xlink:arcrole="http://www.xbrl.org/2003/arcrole/concept-label" xlink:from="newItem4_4" xlink:to="label_newItem4_7" xlink:title="label: newItem4 to label_newItem4"/>
    <link:loc xlink:type="locator" xlink:href="esg.xsd#esg_RemarksRegardingGenderDiversityAllEmployeesSSocialeData" xlink:label="newItem5_4" xlink:title="newItem5"/>
    <link:label xlink:type="resource" xlink:label="label_newItem5_7" xlink:role="http://www.xbrl.org/2003/role/label" xlink:title="label_newItem5" xml:lang="da" id="label_newItem5_7">Bemærkninger vedr. Kønsdiversitet i organisationen [S - sociale data]</link:label>
    <link:labelArc xlink:type="arc" xlink:arcrole="http://www.xbrl.org/2003/arcrole/concept-label" xlink:from="newItem5_4" xlink:to="label_newItem5_7" xlink:title="label: newItem5 to label_newItem5"/>
    <link:loc xlink:type="locator" xlink:href="esg.xsd#esg_RemarksRegardingGenderDiversityManagementSSocialeData" xlink:label="newItem6_4" xlink:title="newItem6"/>
    <link:label xlink:type="resource" xlink:label="label_newItem6_7" xlink:role="http://www.xbrl.org/2003/role/label" xlink:title="label_newItem6" xml:lang="da" id="label_newItem6_7">Bemærkninger vedr. Kønsdiversitet i direktionen [S - sociale data]</link:label>
    <link:labelArc xlink:type="arc" xlink:arcrole="http://www.xbrl.org/2003/arcrole/concept-label" xlink:from="newItem6_4" xlink:to="label_newItem6_7" xlink:title="label: newItem6 to label_newItem6"/>
    <link:loc xlink:type="locator" xlink:href="esg.xsd#esg_RemarksRegardingGenderDiversityOtherManagementLevelsSSocialeData" xlink:label="newItem7_4" xlink:title="newItem7"/>
    <link:label xlink:type="resource" xlink:label="label_newItem7_7" xlink:role="http://www.xbrl.org/2003/role/label" xlink:title="label_newItem7" xml:lang="da" id="label_newItem7_7">Bemærkninger vedr. Kønsdiversitet i øvrige ledelsesniveauer [S - sociale data]</link:label>
    <link:labelArc xlink:type="arc" xlink:arcrole="http://www.xbrl.org/2003/arcrole/concept-label" xlink:from="newItem7_4" xlink:to="label_newItem7_7" xlink:title="label: newItem7 to label_newItem7"/>
    <link:loc xlink:type="locator" xlink:href="esg.xsd#esg_RemarksRegardingGenderDiversityBoardOfDirectorsGGovernanceData" xlink:label="newItem8_4" xlink:title="newItem8"/>
    <link:label xlink:type="resource" xlink:label="label_newItem8_7" xlink:role="http://www.xbrl.org/2003/role/label" xlink:title="label_newItem8" xml:lang="da" id="label_newItem8_7">Bemærkninger vedr. Kønsdiversitet i det øverste ledelsesorgan [G - governance data]</link:label>
    <link:labelArc xlink:type="arc" xlink:arcrole="http://www.xbrl.org/2003/arcrole/concept-label" xlink:from="newItem8_4" xlink:to="label_newItem8_7" xlink:title="label: newItem8 to label_newItem8"/>
    <link:loc xlink:type="locator" xlink:href="esg.xsd#esg_RemarksRegardingCeoPayRatioGGovernanceData" xlink:label="newItem9_4" xlink:title="newItem9"/>
    <link:label xlink:type="resource" xlink:label="label_newItem9_7" xlink:role="http://www.xbrl.org/2003/role/label" xlink:title="label_newItem9" xml:lang="da" id="label_newItem9_7">Bemærkninger vedr. Lønforskel mellem CEO og medarbejdere [G - governance data]</link:label>
    <link:labelArc xlink:type="arc" xlink:arcrole="http://www.xbrl.org/2003/arcrole/concept-label" xlink:from="newItem9_4" xlink:to="label_newItem9_7" xlink:title="label: newItem9 to label_newItem9"/>
    <link:loc xlink:type="locator" xlink:href="esg.xsd#esg_RemarksRegardingGenderPayRatioSSocialeData" xlink:label="newItem10_4" xlink:title="newItem10"/>
    <link:label xlink:type="resource" xlink:label="label_newItem10_7" xlink:role="http://www.xbrl.org/2003/role/label" xlink:title="label_newItem10" xml:lang="da" id="label_newItem10_7">Bemærkninger vedr. Lønforskel mellem køn [S - sociale data]</link:label>
    <link:labelArc xlink:type="arc" xlink:arcrole="http://www.xbrl.org/2003/arcrole/concept-label" xlink:from="newItem10_4" xlink:to="label_newItem10_7" xlink:title="label: newItem10 to label_newItem10"/>
    <link:loc xlink:type="locator" xlink:href="esg.xsd#esg_DescriptionOfMethodsOfSicknessAbsenceSSocialeData" xlink:label="DescriptionOfMethodsOfSicknessAbsenceSSocialeData" xlink:title="DescriptionOfMethodsOfSicknessAbsenceSSocialeData"/>
    <link:label xlink:type="resource" xlink:label="label_DescriptionOfMethodsOfSicknessAbsenceSSocialeData" xlink:role="http://www.xbrl.org/2003/role/label" xlink:title="label_DescriptionOfMethodsOfSicknessAbsenceSSocialeData" xml:lang="da" id="label_DescriptionOfMethodsOfSicknessAbsenceSSocialeData">Metode for Sygefravær [S - sociale data]</link:label>
    <link:labelArc xlink:type="arc" xlink:arcrole="http://www.xbrl.org/2003/arcrole/concept-label" xlink:from="DescriptionOfMethodsOfSicknessAbsenceSSocialeData" xlink:to="label_DescriptionOfMethodsOfSicknessAbsenceSSocialeData" xlink:title="label: DescriptionOfMethodsOfSicknessAbsenceSSocialeData to label_DescriptionOfMethodsOfSicknessAbsenceSSocialeData"/>
    <link:loc xlink:type="locator" xlink:href="esg.xsd#esg_DescriptionOfMethodsOfLostTimeInjuryFrequencySSocialeData" xlink:label="DescriptionOfMethodsOfLostTimeInjuryFrequencySSocialeData" xlink:title="DescriptionOfMethodsOfLostTimeInjuryFrequencySSocialeData"/>
    <link:label xlink:type="resource" xlink:label="label_DescriptionOfMethodsOfLostTimeInjuryFrequencySSocialeData" xlink:role="http://www.xbrl.org/2003/role/label" xlink:title="label_DescriptionOfMethodsOfLostTimeInjuryFrequencySSocialeData" xml:lang="da" id="label_DescriptionOfMethodsOfLostTimeInjuryFrequencySSocialeData">Metode for Arbejdsulykker [S - sociale data]</link:label>
    <link:labelArc xlink:type="arc" xlink:arcrole="http://www.xbrl.org/2003/arcrole/concept-label" xlink:from="DescriptionOfMethodsOfLostTimeInjuryFrequencySSocialeData" xlink:to="label_DescriptionOfMethodsOfLostTimeInjuryFrequencySSocialeData" xlink:title="label: DescriptionOfMethodsOfLostTimeInjuryFrequencySSocialeData to label_DescriptionOfMethodsOfLostTimeInjuryFrequencySSocialeData"/>
    <link:loc xlink:type="locator" xlink:href="esg.xsd#esg_DescriptionOfMethodsOfEmployeeTurnoverSSocialeData" xlink:label="DescriptionOfMethodsOfEmployeeTurnoverSSocialeData" xlink:title="DescriptionOfMethodsOfEmployeeTurnoverSSocialeData"/>
    <link:label xlink:type="resource" xlink:label="label_DescriptionOfMethodsOfEmployeeTurnoverSSocialeData" xlink:role="http://www.xbrl.org/2003/role/label" xlink:title="label_DescriptionOfMethodsOfEmployeeTurnoverSSocialeData" xml:lang="da" id="label_DescriptionOfMethodsOfEmployeeTurnoverSSocialeData">Metode for Medarbejderomsætning [S - sociale data]</link:label>
    <link:labelArc xlink:type="arc" xlink:arcrole="http://www.xbrl.org/2003/arcrole/concept-label" xlink:from="DescriptionOfMethodsOfEmployeeTurnoverSSocialeData" xlink:to="label_DescriptionOfMethodsOfEmployeeTurnoverSSocialeData" xlink:title="label: DescriptionOfMethodsOfEmployeeTurnoverSSocialeData to label_DescriptionOfMethodsOfEmployeeTurnoverSSocialeData"/>
    <link:loc xlink:type="locator" xlink:href="esg.xsd#esg_DescriptionOfMethodsOfEmployeeSatisfactionSSocialeData" xlink:label="DescriptionOfMethodsOfEmployeeSatisfactionSSocialeData" xlink:title="DescriptionOfMethodsOfEmployeeSatisfactionSSocialeData"/>
    <link:label xlink:type="resource" xlink:label="label_DescriptionOfMethodsOfEmployeeSatisfactionSSocialeData" xlink:role="http://www.xbrl.org/2003/role/label" xlink:title="label_DescriptionOfMethodsOfEmployeeSatisfactionSSocialeData" xml:lang="da" id="label_DescriptionOfMethodsOfEmployeeSatisfactionSSocialeData">Metode for Medarbejdertilfredshed [S - sociale data]</link:label>
    <link:labelArc xlink:type="arc" xlink:arcrole="http://www.xbrl.org/2003/arcrole/concept-label" xlink:from="DescriptionOfMethodsOfEmployeeSatisfactionSSocialeData" xlink:to="label_DescriptionOfMethodsOfEmployeeSatisfactionSSocialeData" xlink:title="label: DescriptionOfMethodsOfEmployeeSatisfactionSSocialeData to label_DescriptionOfMethodsOfEmployeeSatisfactionSSocialeData"/>
    <link:loc xlink:type="locator" xlink:href="esg.xsd#esg_DescriptionOfMethodsOfGenderDiversityAllEmployeesSSocialeData" xlink:label="DescriptionOfMethodsOfGenderDiversityAllEmployeesSSocialeData" xlink:title="DescriptionOfMethodsOfGenderDiversityAllEmployeesSSocialeData"/>
    <link:label xlink:type="resource" xlink:label="label_DescriptionOfMethodsOfGenderDiversityAllEmployeesSSocialeData" xlink:role="http://www.xbrl.org/2003/role/label" xlink:title="label_DescriptionOfMethodsOfGenderDiversityAllEmployeesSSocialeData" xml:lang="da" id="label_DescriptionOfMethodsOfGenderDiversityAllEmployeesSSocialeData">Metode for Kønsdiversitet i organisationen [S - sociale data]</link:label>
    <link:labelArc xlink:type="arc" xlink:arcrole="http://www.xbrl.org/2003/arcrole/concept-label" xlink:from="DescriptionOfMethodsOfGenderDiversityAllEmployeesSSocialeData" xlink:to="label_DescriptionOfMethodsOfGenderDiversityAllEmployeesSSocialeData" xlink:title="label: DescriptionOfMethodsOfGenderDiversityAllEmployeesSSocialeData to label_DescriptionOfMethodsOfGenderDiversityAllEmployeesSSocialeData"/>
    <link:loc xlink:type="locator" xlink:href="esg.xsd#esg_DescriptionOfMethodsOfGenderDiversityManagementSSocialeData" xlink:label="DescriptionOfMethodsOfGenderDiversityManagementSSocialeData" xlink:title="DescriptionOfMethodsOfGenderDiversityManagementSSocialeData"/>
    <link:label xlink:type="resource" xlink:label="label_DescriptionOfMethodsOfGenderDiversityManagementSSocialeData" xlink:role="http://www.xbrl.org/2003/role/label" xlink:title="label_DescriptionOfMethodsOfGenderDiversityManagementSSocialeData" xml:lang="da" id="label_DescriptionOfMethodsOfGenderDiversityManagementSSocialeData">Metode for Kønsdiversitet i direktionen [S - sociale data]</link:label>
    <link:labelArc xlink:type="arc" xlink:arcrole="http://www.xbrl.org/2003/arcrole/concept-label" xlink:from="DescriptionOfMethodsOfGenderDiversityManagementSSocialeData" xlink:to="label_DescriptionOfMethodsOfGenderDiversityManagementSSocialeData" xlink:title="label: DescriptionOfMethodsOfGenderDiversityManagementSSocialeData to label_DescriptionOfMethodsOfGenderDiversityManagementSSocialeData"/>
    <link:loc xlink:type="locator" xlink:href="esg.xsd#esg_DescriptionOfMethodsOfGenderDiversityOtherManagementLevelsSSocialeData" xlink:label="DescriptionOfMethodsOfGenderDiversityOtherManagementLevelsSSocialeData" xlink:title="DescriptionOfMethodsOfGenderDiversityOtherManagementLevelsSSocialeData"/>
    <link:label xlink:type="resource" xlink:label="label_DescriptionOfMethodsOfGenderDiversityOtherManagementLevelsSSocialeData" xlink:role="http://www.xbrl.org/2003/role/label" xlink:title="label_DescriptionOfMethodsOfGenderDiversityOtherManagementLevelsSSocialeData" xml:lang="da" id="label_DescriptionOfMethodsOfGenderDiversityOtherManagementLevelsSSocialeData">Metode for Kønsdiversitet i øvrige ledelsesniveauer [S - sociale data]</link:label>
    <link:labelArc xlink:type="arc" xlink:arcrole="http://www.xbrl.org/2003/arcrole/concept-label" xlink:from="DescriptionOfMethodsOfGenderDiversityOtherManagementLevelsSSocialeData" xlink:to="label_DescriptionOfMethodsOfGenderDiversityOtherManagementLevelsSSocialeData" xlink:title="label: DescriptionOfMethodsOfGenderDiversityOtherManagementLevelsSSocialeData to label_DescriptionOfMethodsOfGenderDiversityOtherManagementLevelsSSocialeData"/>
    <link:loc xlink:type="locator" xlink:href="esg.xsd#esg_DescriptionOfMethodsOfGenderDiversityBoardOfDirectorsGGovernanceData" xlink:label="DescriptionOfMethodsOfGenderDiversityBoardOfDirectorsSSocialeData" xlink:title="DescriptionOfMethodsOfGenderDiversityBoardOfDirectorsSSocialeData"/>
    <link:label xlink:type="resource" xlink:label="label_DescriptionOfMethodsOfGenderDiversityBoardOfDirectorsSSocialeData" xlink:role="http://www.xbrl.org/2003/role/label" xlink:title="label_DescriptionOfMethodsOfGenderDiversityBoardOfDirectorsSSocialeData" xml:lang="da" id="label_DescriptionOfMethodsOfGenderDiversityBoardOfDirectorsSSocialeData">Metode for Kønsdiversitet i det øverste ledelsesorgan [G - governance data]</link:label>
    <link:labelArc xlink:type="arc" xlink:arcrole="http://www.xbrl.org/2003/arcrole/concept-label" xlink:from="DescriptionOfMethodsOfGenderDiversityBoardOfDirectorsSSocialeData" xlink:to="label_DescriptionOfMethodsOfGenderDiversityBoardOfDirectorsSSocialeData" xlink:title="label: DescriptionOfMethodsOfGenderDiversityBoardOfDirectorsSSocialeData to label_DescriptionOfMethodsOfGenderDiversityBoardOfDirectorsSSocialeData"/>
    <link:loc xlink:type="locator" xlink:href="esg.xsd#esg_DescriptionOfMethodsOfCeoPayRatioGGovernanceData" xlink:label="DescriptionOfMethodsOfCeoPayRatioSSocialeData" xlink:title="DescriptionOfMethodsOfCeoPayRatioSSocialeData"/>
    <link:label xlink:type="resource" xlink:label="label_DescriptionOfMethodsOfCeoPayRatioSSocialeData" xlink:role="http://www.xbrl.org/2003/role/label" xlink:title="label_DescriptionOfMethodsOfCeoPayRatioSSocialeData" xml:lang="da" id="label_DescriptionOfMethodsOfCeoPayRatioSSocialeData">Metode for Lønforskel mellem CEO og medarbejdere [G - governance data]</link:label>
    <link:labelArc xlink:type="arc" xlink:arcrole="http://www.xbrl.org/2003/arcrole/concept-label" xlink:from="DescriptionOfMethodsOfCeoPayRatioSSocialeData" xlink:to="label_DescriptionOfMethodsOfCeoPayRatioSSocialeData" xlink:title="label: DescriptionOfMethodsOfCeoPayRatioSSocialeData to label_DescriptionOfMethodsOfCeoPayRatioSSocialeData"/>
    <link:loc xlink:type="locator" xlink:href="esg.xsd#esg_DescriptionOfMethodsOfGenderPayRatioSSocialeData" xlink:label="DescriptionOfMethodsOfGenderPayRatioSSocialeData" xlink:title="DescriptionOfMethodsOfGenderPayRatioSSocialeData"/>
    <link:label xlink:type="resource" xlink:label="label_DescriptionOfMethodsOfGenderPayRatioSSocialeData" xlink:role="http://www.xbrl.org/2003/role/label" xlink:title="label_DescriptionOfMethodsOfGenderPayRatioSSocialeData" xml:lang="da" id="label_DescriptionOfMethodsOfGenderPayRatioSSocialeData">Metode for Lønforskel mellem køn [S - sociale data]</link:label>
    <link:labelArc xlink:type="arc" xlink:arcrole="http://www.xbrl.org/2003/arcrole/concept-label" xlink:from="DescriptionOfMethodsOfGenderPayRatioSSocialeData" xlink:to="label_DescriptionOfMethodsOfGenderPayRatioSSocialeData" xlink:title="label: DescriptionOfMethodsOfGenderPayRatioSSocialeData to label_DescriptionOfMethodsOfGenderPayRatioSSocialeData"/>
    <link:loc xlink:type="locator" xlink:href="esg.xsd#esg_RemarksRegardingTurnoverGGovernanceData" xlink:label="newItem_7" xlink:title="newItem"/>
    <link:label xlink:type="resource" xlink:label="label_newItem_13" xlink:role="http://www.xbrl.org/2003/role/label" xlink:title="label_newItem" xml:lang="da" id="label_newItem_13">Bemærkninger vedr. Turnover (taksonomikrav) [G - governance data]</link:label>
    <link:labelArc xlink:type="arc" xlink:arcrole="http://www.xbrl.org/2003/arcrole/concept-label" xlink:from="newItem_7" xlink:to="label_newItem_13" xlink:title="label: newItem to label_newItem"/>
    <link:loc xlink:type="locator" xlink:href="esg.xsd#esg_RemarksRegardingCapexGGovernanceData" xlink:label="newItem2_7" xlink:title="newItem2"/>
    <link:label xlink:type="resource" xlink:label="label_newItem2_13" xlink:role="http://www.xbrl.org/2003/role/label" xlink:title="label_newItem2" xml:lang="da" id="label_newItem2_13">Bemærkninger vedr. Capex (taksonomikrav) [G - governance data]</link:label>
    <link:labelArc xlink:type="arc" xlink:arcrole="http://www.xbrl.org/2003/arcrole/concept-label" xlink:from="newItem2_7" xlink:to="label_newItem2_13" xlink:title="label: newItem2 to label_newItem2"/>
    <link:loc xlink:type="locator" xlink:href="esg.xsd#esg_RemarksRegardingOpexGGovernanceData" xlink:label="newItem3_7" xlink:title="newItem3"/>
    <link:label xlink:type="resource" xlink:label="label_newItem3_13" xlink:role="http://www.xbrl.org/2003/role/label" xlink:title="label_newItem3" xml:lang="da" id="label_newItem3_13">Bemærkninger vedr. Opex (taksonomikrav)  [G - governance data]</link:label>
    <link:labelArc xlink:type="arc" xlink:arcrole="http://www.xbrl.org/2003/arcrole/concept-label" xlink:from="newItem3_7" xlink:to="label_newItem3_13" xlink:title="label: newItem3 to label_newItem3"/>
    <link:loc xlink:type="locator" xlink:href="esg.xsd#esg_DescriptionOfMethodsOfTurnoverGGovernanceData" xlink:label="newItem4_5" xlink:title="newItem4"/>
    <link:label xlink:type="resource" xlink:label="label_newItem4_9" xlink:role="http://www.xbrl.org/2003/role/label" xlink:title="label_newItem4" xml:lang="da" id="label_newItem4_9">Metode for Turnover (taksonomikrav) [G - governance data]</link:label>
    <link:labelArc xlink:type="arc" xlink:arcrole="http://www.xbrl.org/2003/arcrole/concept-label" xlink:from="newItem4_5" xlink:to="label_newItem4_9" xlink:title="label: newItem4 to label_newItem4"/>
    <link:loc xlink:type="locator" xlink:href="esg.xsd#esg_DescriptionOfMethodsOfCapexGGovernanceData" xlink:label="newItem5_5" xlink:title="newItem5"/>
    <link:label xlink:type="resource" xlink:label="label_newItem5_9" xlink:role="http://www.xbrl.org/2003/role/label" xlink:title="label_newItem5" xml:lang="da" id="label_newItem5_9">Metode for Capex (taksonomikrav) [G - governance data]</link:label>
    <link:labelArc xlink:type="arc" xlink:arcrole="http://www.xbrl.org/2003/arcrole/concept-label" xlink:from="newItem5_5" xlink:to="label_newItem5_9" xlink:title="label: newItem5 to label_newItem5"/>
    <link:loc xlink:type="locator" xlink:href="esg.xsd#esg_DescriptionOfMethodsOfOpexGGovernanceData" xlink:label="newItem6_5" xlink:title="newItem6"/>
    <link:label xlink:type="resource" xlink:label="label_newItem6_9" xlink:role="http://www.xbrl.org/2003/role/label" xlink:title="label_newItem6" xml:lang="da" id="label_newItem6_9">Metode for Opex (taksonomikrav)  [G - governance data]</link:label>
    <link:labelArc xlink:type="arc" xlink:arcrole="http://www.xbrl.org/2003/arcrole/concept-label" xlink:from="newItem6_5" xlink:to="label_newItem6_9" xlink:title="label: newItem6 to label_newItem6"/>
    <link:loc xlink:type="locator" xlink:href="esg.xsd#esg_DetailsOnEnvironmentSocialAndGovernanceDataAbstract" xlink:label="newItem_8" xlink:title="newItem"/>
    <link:label xlink:type="resource" xlink:label="label_newItem_15" xlink:role="http://www.xbrl.org/2003/role/label" xlink:title="label_newItem" xml:lang="da" id="label_newItem_15">Detaljer om Klima, Social og Governance data </link:label>
    <link:labelArc xlink:type="arc" xlink:arcrole="http://www.xbrl.org/2003/arcrole/concept-label" xlink:from="newItem_8" xlink:to="label_newItem_15" xlink:title="label: newItem to label_newItem"/>
    <link:loc xlink:type="locator" xlink:href="esg.xsd#esg_ObjectivesForCo2AbsoluteScope1EmissionEnviromentData" xlink:label="newItem_9" xlink:title="newItem"/>
    <link:label xlink:type="resource" xlink:label="label_newItem_17" xlink:role="http://www.xbrl.org/2003/role/label" xlink:title="label_newItem" xml:lang="da" id="label_newItem_17">Måltal for CO2, Absolut scope 1-udledning [E- Klima data]</link:label>
    <link:labelArc xlink:type="arc" xlink:arcrole="http://www.xbrl.org/2003/arcrole/concept-label" xlink:from="newItem_9" xlink:to="label_newItem_17" xlink:title="label: newItem to label_newItem"/>
    <link:loc xlink:type="locator" xlink:href="esg.xsd#esg_ObjectivesForCo2AbsoluteScope2EmissionEnviromentData" xlink:label="newItem2_8" xlink:title="newItem2"/>
    <link:label xlink:type="resource" xlink:label="label_newItem2_15" xlink:role="http://www.xbrl.org/2003/role/label" xlink:title="label_newItem2" xml:lang="da" id="label_newItem2_15">Måltal for CO2, Absolut scope 2-udledning [E- Klima data]</link:label>
    <link:labelArc xlink:type="arc" xlink:arcrole="http://www.xbrl.org/2003/arcrole/concept-label" xlink:from="newItem2_8" xlink:to="label_newItem2_15" xlink:title="label: newItem2 to label_newItem2"/>
    <link:loc xlink:type="locator" xlink:href="esg.xsd#esg_ObjectivesForCo2AbsoluteScope3EmissionEnviromentData" xlink:label="newItem3_8" xlink:title="newItem3"/>
    <link:label xlink:type="resource" xlink:label="label_newItem3_15" xlink:role="http://www.xbrl.org/2003/role/label" xlink:title="label_newItem3" xml:lang="da" id="label_newItem3_15">Måltal for CO2, Absolut scope 3-udledning [E- Klima data]</link:label>
    <link:labelArc xlink:type="arc" xlink:arcrole="http://www.xbrl.org/2003/arcrole/concept-label" xlink:from="newItem3_8" xlink:to="label_newItem3_15" xlink:title="label: newItem3 to label_newItem3"/>
    <link:loc xlink:type="locator" xlink:href="esg.xsd#esg_ObjectivesForCo2TotalEnviromentData" xlink:label="newItem4_6" xlink:title="newItem4"/>
    <link:label xlink:type="resource" xlink:label="label_newItem4_11" xlink:role="http://www.xbrl.org/2003/role/label" xlink:title="label_newItem4" xml:lang="da" id="label_newItem4_11">Måltal for CO2, Total [E- Klima data]</link:label>
    <link:labelArc xlink:type="arc" xlink:arcrole="http://www.xbrl.org/2003/arcrole/concept-label" xlink:from="newItem4_6" xlink:to="label_newItem4_11" xlink:title="label: newItem4 to label_newItem4"/>
    <link:loc xlink:type="locator" xlink:href="esg.xsd#esg_ObjectivesForCarbonIntensityEnviromentData" xlink:label="newItem5_6" xlink:title="newItem5"/>
    <link:label xlink:type="resource" xlink:label="label_newItem5_11" xlink:role="http://www.xbrl.org/2003/role/label" xlink:title="label_newItem5" xml:lang="da" id="label_newItem5_11">Måltal for Carbon intensitet  [E- Klima data]</link:label>
    <link:labelArc xlink:type="arc" xlink:arcrole="http://www.xbrl.org/2003/arcrole/concept-label" xlink:from="newItem5_6" xlink:to="label_newItem5_11" xlink:title="label: newItem5 to label_newItem5"/>
    <link:loc xlink:type="locator" xlink:href="esg.xsd#esg_ObjectivesForEnergyConsumptionEnviromentData" xlink:label="newItem6_6" xlink:title="newItem6"/>
    <link:label xlink:type="resource" xlink:label="label_newItem6_11" xlink:role="http://www.xbrl.org/2003/role/label" xlink:title="label_newItem6" xml:lang="da" id="label_newItem6_11">Måltal for Energiforbrug [E- Klima data]</link:label>
    <link:labelArc xlink:type="arc" xlink:arcrole="http://www.xbrl.org/2003/arcrole/concept-label" xlink:from="newItem6_6" xlink:to="label_newItem6_11" xlink:title="label: newItem6 to label_newItem6"/>
    <link:loc xlink:type="locator" xlink:href="esg.xsd#esg_ObjectivesForEnergyIntensityEnviromentData" xlink:label="newItem7_5" xlink:title="newItem7"/>
    <link:label xlink:type="resource" xlink:label="label_newItem7_9" xlink:role="http://www.xbrl.org/2003/role/label" xlink:title="label_newItem7" xml:lang="da" id="label_newItem7_9">Måltal for Energi intensitet [E- Klima data]</link:label>
    <link:labelArc xlink:type="arc" xlink:arcrole="http://www.xbrl.org/2003/arcrole/concept-label" xlink:from="newItem7_5" xlink:to="label_newItem7_9" xlink:title="label: newItem7 to label_newItem7"/>
    <link:loc xlink:type="locator" xlink:href="esg.xsd#esg_ObjectivesForShareOfRenewableEnergyEnviromentData" xlink:label="newItem8_5" xlink:title="newItem8"/>
    <link:label xlink:type="resource" xlink:label="label_newItem8_9" xlink:role="http://www.xbrl.org/2003/role/label" xlink:title="label_newItem8" xml:lang="da" id="label_newItem8_9">Måltal for Vedvarende energiandel [E- Klima data]</link:label>
    <link:labelArc xlink:type="arc" xlink:arcrole="http://www.xbrl.org/2003/arcrole/concept-label" xlink:from="newItem8_5" xlink:to="label_newItem8_9" xlink:title="label: newItem8 to label_newItem8"/>
    <link:loc xlink:type="locator" xlink:href="esg.xsd#esg_ObjectivesForWaterConsumptionEnviromentData" xlink:label="newItem9_5" xlink:title="newItem9"/>
    <link:label xlink:type="resource" xlink:label="label_newItem9_9" xlink:role="http://www.xbrl.org/2003/role/label" xlink:title="label_newItem9" xml:lang="da" id="label_newItem9_9">Måltal for Vandforbrug [E- Klima data]</link:label>
    <link:labelArc xlink:type="arc" xlink:arcrole="http://www.xbrl.org/2003/arcrole/concept-label" xlink:from="newItem9_5" xlink:to="label_newItem9_9" xlink:title="label: newItem9 to label_newItem9"/>
    <link:loc xlink:type="locator" xlink:href="esg.xsd#esg_ObjectivesForSicknessAbsenceSSocialeData" xlink:label="newItem_10" xlink:title="newItem"/>
    <link:label xlink:type="resource" xlink:label="label_newItem_19" xlink:role="http://www.xbrl.org/2003/role/label" xlink:title="label_newItem" xml:lang="da" id="label_newItem_19">Måltal for Sygefravær [S - sociale data]</link:label>
    <link:labelArc xlink:type="arc" xlink:arcrole="http://www.xbrl.org/2003/arcrole/concept-label" xlink:from="newItem_10" xlink:to="label_newItem_19" xlink:title="label: newItem to label_newItem"/>
    <link:loc xlink:type="locator" xlink:href="esg.xsd#esg_ObjectivesForLostTimeInjuryFrequencySSocialeData" xlink:label="newItem2_9" xlink:title="newItem2"/>
    <link:label xlink:type="resource" xlink:label="label_newItem2_17" xlink:role="http://www.xbrl.org/2003/role/label" xlink:title="label_newItem2" xml:lang="da" id="label_newItem2_17">Måltal for Arbejdsulykker [S - sociale data]</link:label>
    <link:labelArc xlink:type="arc" xlink:arcrole="http://www.xbrl.org/2003/arcrole/concept-label" xlink:from="newItem2_9" xlink:to="label_newItem2_17" xlink:title="label: newItem2 to label_newItem2"/>
    <link:loc xlink:type="locator" xlink:href="esg.xsd#esg_ObjectivesForEmployeeTurnoverSSocialeData" xlink:label="newItem3_9" xlink:title="newItem3"/>
    <link:label xlink:type="resource" xlink:label="label_newItem3_17" xlink:role="http://www.xbrl.org/2003/role/label" xlink:title="label_newItem3" xml:lang="da" id="label_newItem3_17">Måltal for Medarbejderomsætning [S - sociale data]</link:label>
    <link:labelArc xlink:type="arc" xlink:arcrole="http://www.xbrl.org/2003/arcrole/concept-label" xlink:from="newItem3_9" xlink:to="label_newItem3_17" xlink:title="label: newItem3 to label_newItem3"/>
    <link:loc xlink:type="locator" xlink:href="esg.xsd#esg_ObjectivesForEmployeeSatisfactionSSocialeData" xlink:label="newItem4_7" xlink:title="newItem4"/>
    <link:label xlink:type="resource" xlink:label="label_newItem4_13" xlink:role="http://www.xbrl.org/2003/role/label" xlink:title="label_newItem4" xml:lang="da" id="label_newItem4_13">Måltal for Medarbejdertilfredshed [S - sociale data]</link:label>
    <link:labelArc xlink:type="arc" xlink:arcrole="http://www.xbrl.org/2003/arcrole/concept-label" xlink:from="newItem4_7" xlink:to="label_newItem4_13" xlink:title="label: newItem4 to label_newItem4"/>
    <link:loc xlink:type="locator" xlink:href="esg.xsd#esg_ObjectivesForGenderDiversityAllEmployeesSSocialeData" xlink:label="newItem5_7" xlink:title="newItem5"/>
    <link:label xlink:type="resource" xlink:label="label_newItem5_13" xlink:role="http://www.xbrl.org/2003/role/label" xlink:title="label_newItem5" xml:lang="da" id="label_newItem5_13">Måltal for Kønsdiversitet i organisationen [S - sociale data]</link:label>
    <link:labelArc xlink:type="arc" xlink:arcrole="http://www.xbrl.org/2003/arcrole/concept-label" xlink:from="newItem5_7" xlink:to="label_newItem5_13" xlink:title="label: newItem5 to label_newItem5"/>
    <link:loc xlink:type="locator" xlink:href="esg.xsd#esg_ObjectivesForGenderDiversityManagementSSocialeData" xlink:label="newItem6_7" xlink:title="newItem6"/>
    <link:label xlink:type="resource" xlink:label="label_newItem6_13" xlink:role="http://www.xbrl.org/2003/role/label" xlink:title="label_newItem6" xml:lang="da" id="label_newItem6_13">Måltal for Kønsdiversitet i direktionen [S - sociale data]</link:label>
    <link:labelArc xlink:type="arc" xlink:arcrole="http://www.xbrl.org/2003/arcrole/concept-label" xlink:from="newItem6_7" xlink:to="label_newItem6_13" xlink:title="label: newItem6 to label_newItem6"/>
    <link:loc xlink:type="locator" xlink:href="esg.xsd#esg_ObjectivesForGenderDiversityOtherManagementLevelsSSocialeData" xlink:label="newItem7_6" xlink:title="newItem7"/>
    <link:label xlink:type="resource" xlink:label="label_newItem7_11" xlink:role="http://www.xbrl.org/2003/role/label" xlink:title="label_newItem7" xml:lang="da" id="label_newItem7_11">Måltal for Kønsdiversitet i øvrige ledelsesniveauer [S - sociale data]</link:label>
    <link:labelArc xlink:type="arc" xlink:arcrole="http://www.xbrl.org/2003/arcrole/concept-label" xlink:from="newItem7_6" xlink:to="label_newItem7_11" xlink:title="label: newItem7 to label_newItem7"/>
    <link:loc xlink:type="locator" xlink:href="esg.xsd#esg_ObjectivesForGenderDiversityBoardOfDirectorsGGovernanceData" xlink:label="newItem8_6" xlink:title="newItem8"/>
    <link:label xlink:type="resource" xlink:label="label_newItem8_11" xlink:role="http://www.xbrl.org/2003/role/label" xlink:title="label_newItem8" xml:lang="da" id="label_newItem8_11">Måltal for Kønsdiversitet i det øverste ledelsesorgan [G - governance data]</link:label>
    <link:labelArc xlink:type="arc" xlink:arcrole="http://www.xbrl.org/2003/arcrole/concept-label" xlink:from="newItem8_6" xlink:to="label_newItem8_11" xlink:title="label: newItem8 to label_newItem8"/>
    <link:loc xlink:type="locator" xlink:href="esg.xsd#esg_ObjectivesForCeoPayRatioGGovernanceData" xlink:label="newItem9_6" xlink:title="newItem9"/>
    <link:label xlink:type="resource" xlink:label="label_newItem9_11" xlink:role="http://www.xbrl.org/2003/role/label" xlink:title="label_newItem9" xml:lang="da" id="label_newItem9_11">Måltal for Lønforskel mellem CEO og medarbejdere [G - governance data]</link:label>
    <link:labelArc xlink:type="arc" xlink:arcrole="http://www.xbrl.org/2003/arcrole/concept-label" xlink:from="newItem9_6" xlink:to="label_newItem9_11" xlink:title="label: newItem9 to label_newItem9"/>
    <link:loc xlink:type="locator" xlink:href="esg.xsd#esg_ObjectivesForGenderPayRatioSSocialeData" xlink:label="newItem10_6" xlink:title="newItem10"/>
    <link:label xlink:type="resource" xlink:label="label_newItem10_11" xlink:role="http://www.xbrl.org/2003/role/label" xlink:title="label_newItem10" xml:lang="da" id="label_newItem10_11">Måltal for Lønforskel mellem køn [S - sociale data]</link:label>
    <link:labelArc xlink:type="arc" xlink:arcrole="http://www.xbrl.org/2003/arcrole/concept-label" xlink:from="newItem10_6" xlink:to="label_newItem10_11" xlink:title="label: newItem10 to label_newItem10"/>
    <link:loc xlink:type="locator" xlink:href="esg.xsd#esg_ObjectivesForTurnoverGGovernanceData" xlink:label="newItem_11" xlink:title="newItem"/>
    <link:label xlink:type="resource" xlink:label="label_newItem_21" xlink:role="http://www.xbrl.org/2003/role/label" xlink:title="label_newItem" xml:lang="da" id="label_newItem_21">Måltal for Turnover (taksonomikrav) [G - governance data]</link:label>
    <link:labelArc xlink:type="arc" xlink:arcrole="http://www.xbrl.org/2003/arcrole/concept-label" xlink:from="newItem_11" xlink:to="label_newItem_21" xlink:title="label: newItem to label_newItem"/>
    <link:loc xlink:type="locator" xlink:href="esg.xsd#esg_ObjectivesForCapexGGovernanceData" xlink:label="newItem2_10" xlink:title="newItem2"/>
    <link:label xlink:type="resource" xlink:label="label_newItem2_19" xlink:role="http://www.xbrl.org/2003/role/label" xlink:title="label_newItem2" xml:lang="da" id="label_newItem2_19">Måltal for Capex (taksonomikrav) [G - governance data]</link:label>
    <link:labelArc xlink:type="arc" xlink:arcrole="http://www.xbrl.org/2003/arcrole/concept-label" xlink:from="newItem2_10" xlink:to="label_newItem2_19" xlink:title="label: newItem2 to label_newItem2"/>
    <link:loc xlink:type="locator" xlink:href="esg.xsd#esg_ObjectivesForOpexGGovernanceData" xlink:label="newItem3_10" xlink:title="newItem3"/>
    <link:label xlink:type="resource" xlink:label="label_newItem3_19" xlink:role="http://www.xbrl.org/2003/role/label" xlink:title="label_newItem3" xml:lang="da" id="label_newItem3_19">Måltal for Opex (taksonomikrav)  [G - governance data]</link:label>
    <link:labelArc xlink:type="arc" xlink:arcrole="http://www.xbrl.org/2003/arcrole/concept-label" xlink:from="newItem3_10" xlink:to="label_newItem3_19" xlink:title="label: newItem3 to label_newItem3"/>
    <link:loc xlink:type="locator" xlink:href="esg.xsd#esg_DetailsOnEsgDatarHypercube" xlink:label="DetailsOnLiquidatorHypercube" xlink:title="DetailsOnLiquidatorHypercube"/>
    <link:label xlink:type="resource" xlink:label="label_DetailsOnLiquidatorHypercube" xlink:role="http://www.xbrl.org/2003/role/label" xlink:title="label_DetailsOnLiquidatorHypercube" xml:lang="da" id="label_DetailsOnLiquidatorHypercube">Information om ESG-data</link:label>
    <link:labelArc xlink:type="arc" xlink:arcrole="http://www.xbrl.org/2003/arcrole/concept-label" xlink:from="DetailsOnLiquidatorHypercube" xlink:to="label_DetailsOnLiquidatorHypercube" xlink:title="label: DetailsOnLiquidatorHypercube to label_DetailsOnLiquidatorHypercube"/>
    <link:loc xlink:type="locator" xlink:href="esg.xsd#esg_IdentificationOfEsgDataDimension" xlink:label="IdentificationOfEsgDataDimension" xlink:title="IdentificationOfEsgDataDimension"/>
    <link:label xlink:type="resource" xlink:label="label_IdentificationOfEsgDataDimension" xlink:role="http://www.xbrl.org/2003/role/label" xlink:title="label_IdentificationOfEsgDataDimension" xml:lang="da" id="label_IdentificationOfEsgDataDimension">Identifikation af ESG-data</link:label>
    <link:labelArc xlink:type="arc" xlink:arcrole="http://www.xbrl.org/2003/arcrole/concept-label" xlink:from="IdentificationOfEsgDataDimension" xlink:to="label_IdentificationOfEsgDataDimension" xlink:title="label: IdentificationOfEsgDataDimension to label_IdentificationOfEsgDataDimension"/>
    <link:loc xlink:type="locator" xlink:href="esg.xsd#esg_NameOfEsgIndicator" xlink:label="newItem_12" xlink:title="newItem"/>
    <link:label xlink:type="resource" xlink:label="label_newItem_23" xlink:role="http://www.xbrl.org/2003/role/label" xlink:title="label_newItem" xml:lang="da" id="label_newItem_23">Navn på ESG-indikator</link:label>
    <link:labelArc xlink:type="arc" xlink:arcrole="http://www.xbrl.org/2003/arcrole/concept-label" xlink:from="newItem_12" xlink:to="label_newItem_23" xlink:title="label: newItem to label_newItem"/>
    <link:loc xlink:type="locator" xlink:href="esg.xsd#esg_TypeOfEsgData" xlink:label="newItem2_11" xlink:title="newItem2"/>
    <link:label xlink:type="resource" xlink:label="label_newItem2_21" xlink:role="http://www.xbrl.org/2003/role/label" xlink:title="label_newItem2" xml:lang="da" id="label_newItem2_21">Type af ESG-data</link:label>
    <link:labelArc xlink:type="arc" xlink:arcrole="http://www.xbrl.org/2003/arcrole/concept-label" xlink:from="newItem2_11" xlink:to="label_newItem2_21" xlink:title="label: newItem2 to label_newItem2"/>
    <link:loc xlink:type="locator" xlink:href="esg.xsd#esg_ValueOfEsgIndicator" xlink:label="newItem_13" xlink:title="newItem"/>
    <link:label xlink:type="resource" xlink:label="label_newItem_25" xlink:role="http://www.xbrl.org/2003/role/label" xlink:title="label_newItem" xml:lang="da" id="label_newItem_25">Værdi af ESG-indikator</link:label>
    <link:labelArc xlink:type="arc" xlink:arcrole="http://www.xbrl.org/2003/arcrole/concept-label" xlink:from="newItem_13" xlink:to="label_newItem_25" xlink:title="label: newItem to label_newItem"/>
    <link:loc xlink:type="locator" xlink:href="esg.xsd#esg_ObjectivesForEsgIndicator" xlink:label="newItem2_12" xlink:title="newItem2"/>
    <link:label xlink:type="resource" xlink:label="label_newItem2_23" xlink:role="http://www.xbrl.org/2003/role/label" xlink:title="label_newItem2" xml:lang="da" id="label_newItem2_23">Mål for ESG-indikator</link:label>
    <link:labelArc xlink:type="arc" xlink:arcrole="http://www.xbrl.org/2003/arcrole/concept-label" xlink:from="newItem2_12" xlink:to="label_newItem2_23" xlink:title="label: newItem2 to label_newItem2"/>
    <link:loc xlink:type="locator" xlink:href="esg.xsd#esg_RemarksRegardingEsgIndicator" xlink:label="newItem3_11" xlink:title="newItem3"/>
    <link:label xlink:type="resource" xlink:label="label_newItem3_21" xlink:role="http://www.xbrl.org/2003/role/label" xlink:title="label_newItem3" xml:lang="da" id="label_newItem3_21">Bemærkninger vedr. ESG-indikator</link:label>
    <link:labelArc xlink:type="arc" xlink:arcrole="http://www.xbrl.org/2003/arcrole/concept-label" xlink:from="newItem3_11" xlink:to="label_newItem3_21" xlink:title="label: newItem3 to label_newItem3"/>
    <link:loc xlink:type="locator" xlink:href="esg.xsd#esg_DescriptionOfMethodsOfEsgIndicator" xlink:label="newItem4_8" xlink:title="newItem4"/>
    <link:label xlink:type="resource" xlink:label="label_newItem4_15" xlink:role="http://www.xbrl.org/2003/role/label" xlink:title="label_newItem4" xml:lang="da" id="label_newItem4_15">Metode for ESG-indikator</link:label>
    <link:labelArc xlink:type="arc" xlink:arcrole="http://www.xbrl.org/2003/arcrole/concept-label" xlink:from="newItem4_8" xlink:to="label_newItem4_15" xlink:title="label: newItem4 to label_newItem4"/>
    <link:loc xlink:type="locator" xlink:href="esg.xsd#esg_HazardousWasteEnviromentData" xlink:label="copyOfWasteConsumptionEnviromentData" xlink:title="copyOfWasteConsumptionEnviromentData"/>
    <link:label xlink:type="resource" xlink:label="label_copyOfWasteConsumptionEnviromentData" xlink:role="http://www.xbrl.org/2003/role/label" xlink:title="label_copyOfWasteConsumptionEnviromentData" xml:lang="da" id="label_copyOfWasteConsumptionEnviromentData">Affaldshåndtering/summen af farligt affald [E- Klima data]</link:label>
    <link:labelArc xlink:type="arc" xlink:arcrole="http://www.xbrl.org/2003/arcrole/concept-label" xlink:from="copyOfWasteConsumptionEnviromentData" xlink:to="label_copyOfWasteConsumptionEnviromentData" xlink:title="label: copyOfWasteConsumptionEnviromentData to label_copyOfWasteConsumptionEnviromentData"/>
    <link:loc xlink:type="locator" xlink:href="esg.xsd#esg_RecyclableWasteEnviromentData" xlink:label="copyOfcopyOfWasteConsumptionEnviromentData" xlink:title="copyOfcopyOfWasteConsumptionEnviromentData"/>
    <link:label xlink:type="resource" xlink:label="label_copyOfcopyOfWasteConsumptionEnviromentData" xlink:role="http://www.xbrl.org/2003/role/label" xlink:title="label_copyOfcopyOfWasteConsumptionEnviromentData" xml:lang="da" id="label_copyOfcopyOfWasteConsumptionEnviromentData">Affaldshåndtering/andel af genanvendeligt affald [E- Klima data]</link:label>
    <link:labelArc xlink:type="arc" xlink:arcrole="http://www.xbrl.org/2003/arcrole/concept-label" xlink:from="copyOfcopyOfWasteConsumptionEnviromentData" xlink:to="label_copyOfcopyOfWasteConsumptionEnviromentData" xlink:title="label: copyOfcopyOfWasteConsumptionEnviromentData to label_copyOfcopyOfWasteConsumptionEnviromentData"/>
    <link:loc xlink:type="locator" xlink:href="esg.xsd#esg_ObjectivesForHazardousWasteEnviromentData" xlink:label="copyOfObjectivesForWasteConsumptionEnviromentData" xlink:title="copyOfObjectivesForWasteConsumptionEnviromentData"/>
    <link:label xlink:type="resource" xlink:label="label_copyOfObjectivesForWasteConsumptionEnviromentData" xlink:role="http://www.xbrl.org/2003/role/label" xlink:title="label_copyOfObjectivesForWasteConsumptionEnviromentData" xml:lang="da" id="label_copyOfObjectivesForWasteConsumptionEnviromentData">Måltal for affaldshåndtering/summen af farligt affald [E- Klima data]</link:label>
    <link:labelArc xlink:type="arc" xlink:arcrole="http://www.xbrl.org/2003/arcrole/concept-label" xlink:from="copyOfObjectivesForWasteConsumptionEnviromentData" xlink:to="label_copyOfObjectivesForWasteConsumptionEnviromentData" xlink:title="label: copyOfObjectivesForWasteConsumptionEnviromentData to label_copyOfObjectivesForWasteConsumptionEnviromentData"/>
    <link:loc xlink:type="locator" xlink:href="esg.xsd#esg_ObjectivesForRecyclableWasteEnviromentData" xlink:label="copyOfObjectivesForWasteConsumptionEnviromentData2" xlink:title="copyOfObjectivesForWasteConsumptionEnviromentData2"/>
    <link:label xlink:type="resource" xlink:label="label_copyOfObjectivesForWasteConsumptionEnviromentData2" xlink:role="http://www.xbrl.org/2003/role/label" xlink:title="label_copyOfObjectivesForWasteConsumptionEnviromentData2" xml:lang="da" id="label_copyOfObjectivesForWasteConsumptionEnviromentData2">Måltal for affaldshåndtering/andel af genanvendeligt affald [E- Klima data]</link:label>
    <link:labelArc xlink:type="arc" xlink:arcrole="http://www.xbrl.org/2003/arcrole/concept-label" xlink:from="copyOfObjectivesForWasteConsumptionEnviromentData2" xlink:to="label_copyOfObjectivesForWasteConsumptionEnviromentData2" xlink:title="label: copyOfObjectivesForWasteConsumptionEnviromentData2 to label_copyOfObjectivesForWasteConsumptionEnviromentData2"/>
    <link:loc xlink:type="locator" xlink:href="esg.xsd#esg_RemarksRegardingHazardousWasteEnviromentData" xlink:label="copyOfRemarksRegardingWasteConsumptionEnviromentData" xlink:title="copyOfRemarksRegardingWasteConsumptionEnviromentData"/>
    <link:label xlink:type="resource" xlink:label="label_copyOfRemarksRegardingWasteConsumptionEnviromentData" xlink:role="http://www.xbrl.org/2003/role/label" xlink:title="label_copyOfRemarksRegardingWasteConsumptionEnviromentData" xml:lang="da" id="label_copyOfRemarksRegardingWasteConsumptionEnviromentData">Bemærkninger vedr. Affaldshåndtering/summen af farligt affald [E- Klima data]</link:label>
    <link:labelArc xlink:type="arc" xlink:arcrole="http://www.xbrl.org/2003/arcrole/concept-label" xlink:from="copyOfRemarksRegardingWasteConsumptionEnviromentData" xlink:to="label_copyOfRemarksRegardingWasteConsumptionEnviromentData" xlink:title="label: copyOfRemarksRegardingWasteConsumptionEnviromentData to label_copyOfRemarksRegardingWasteConsumptionEnviromentData"/>
    <link:loc xlink:type="locator" xlink:href="esg.xsd#esg_RemarksRegardingRecyclableWasteEnviromentData" xlink:label="copyOfRemarksRegardingWasteConsumptionEnviromentData2" xlink:title="copyOfRemarksRegardingWasteConsumptionEnviromentData2"/>
    <link:label xlink:type="resource" xlink:label="label_copyOfRemarksRegardingWasteConsumptionEnviromentData2" xlink:role="http://www.xbrl.org/2003/role/label" xlink:title="label_copyOfRemarksRegardingWasteConsumptionEnviromentData2" xml:lang="da" id="label_copyOfRemarksRegardingWasteConsumptionEnviromentData2">Bemærkninger vedr. Affaldshåndtering/andel af genanvendeligt affald [E- Klima data]</link:label>
    <link:labelArc xlink:type="arc" xlink:arcrole="http://www.xbrl.org/2003/arcrole/concept-label" xlink:from="copyOfRemarksRegardingWasteConsumptionEnviromentData2" xlink:to="label_copyOfRemarksRegardingWasteConsumptionEnviromentData2" xlink:title="label: copyOfRemarksRegardingWasteConsumptionEnviromentData2 to label_copyOfRemarksRegardingWasteConsumptionEnviromentData2"/>
    <link:loc xlink:type="locator" xlink:href="esg.xsd#esg_DescriptionOfMethodsOfHazardousWasteEnviromentData" xlink:label="copyOfDescriptionOfMethodsOfWasteConsumptionEnviromentData" xlink:title="copyOfDescriptionOfMethodsOfWasteConsumptionEnviromentData"/>
    <link:label xlink:type="resource" xlink:label="label_copyOfDescriptionOfMethodsOfWasteConsumptionEnviromentData" xlink:role="http://www.xbrl.org/2003/role/label" xlink:title="label_copyOfDescriptionOfMethodsOfWasteConsumptionEnviromentData" xml:lang="da" id="label_copyOfDescriptionOfMethodsOfWasteConsumptionEnviromentData">Metode for Affaldshåndtering/summen af farligt affald [E- Klima data]</link:label>
    <link:labelArc xlink:type="arc" xlink:arcrole="http://www.xbrl.org/2003/arcrole/concept-label" xlink:from="copyOfDescriptionOfMethodsOfWasteConsumptionEnviromentData" xlink:to="label_copyOfDescriptionOfMethodsOfWasteConsumptionEnviromentData" xlink:title="label: copyOfDescriptionOfMethodsOfWasteConsumptionEnviromentData to label_copyOfDescriptionOfMethodsOfWasteConsumptionEnviromentData"/>
    <link:loc xlink:type="locator" xlink:href="esg.xsd#esg_DescriptionOfMethodsOfRecyclableWasteEnviromentData" xlink:label="copyOfDescriptionOfMethodsOfWasteConsumptionEnviromentData2" xlink:title="copyOfDescriptionOfMethodsOfWasteConsumptionEnviromentData2"/>
    <link:label xlink:type="resource" xlink:label="label_copyOfDescriptionOfMethodsOfWasteConsumptionEnviromentData2" xlink:role="http://www.xbrl.org/2003/role/label" xlink:title="label_copyOfDescriptionOfMethodsOfWasteConsumptionEnviromentData2" xml:lang="da" id="label_copyOfDescriptionOfMethodsOfWasteConsumptionEnviromentData2">Metode for Affaldshåndtering/andel af genanvendeligt affald [E- Klima data]</link:label>
    <link:labelArc xlink:type="arc" xlink:arcrole="http://www.xbrl.org/2003/arcrole/concept-label" xlink:from="copyOfDescriptionOfMethodsOfWasteConsumptionEnviromentData2" xlink:to="label_copyOfDescriptionOfMethodsOfWasteConsumptionEnviromentData2" xlink:title="label: copyOfDescriptionOfMethodsOfWasteConsumptionEnviromentData2 to label_copyOfDescriptionOfMethodsOfWasteConsumptionEnviromentData2"/>
  </link:labelLink>
</link:linkbase>
