<?xml version="1.0" encoding="UTF-8"?>
<!-- Generated by Fujitsu Interstage XWand B0251T -->
<?officialURI http://archprod.service.eogs.dk/taxonomy/20211001/esg/esg_def.xml?>

<?taxonomy-version 1.7.0?>

<link:linkbase xmlns:xsi="http://www.w3.org/2001/XMLSchema-instance" xsi:schemaLocation="http://www.xbrl.org/2003/linkbase http://www.xbrl.org/2003/xbrl-linkbase-2003-12-31.xsd" xmlns:link="http://www.xbrl.org/2003/linkbase" xmlns:entry="http://xbrl.dcca.dk/entryBalanceSheetAccountByCurrentAndLongTermFormIncomeStatementByNature" xmlns:xbrldt="http://xbrl.org/2005/xbrldt" xmlns:xbrli="http://www.xbrl.org/2003/instance" xmlns:xlink="http://www.w3.org/1999/xlink">
  <link:roleRef roleURI="http://xbrl.dcca.dk/role/200.00/ManagementsReview" xlink:type="simple" xlink:href="../mrv/mrv.xsd#mrv_RoleManagementsReview"/>
  <link:roleRef roleURI="http://xbrl.dcca.dk/role/901.01/DimensionConsolidatedSolo" xlink:type="simple" xlink:href="../cmn.xsd#cmn_RoleDimensionConsolidatedSolo"/>
  <link:roleRef roleURI="http://xbrl.dcca.dk/role/200.05/Hypercube/EnvironmentSocialAndGovernance/DetailsOnTypeOfInformation" xlink:type="simple" xlink:href="esg.xsd#esg_RoleHypercubeEnvironmentSocialAndGovernanceDetailsOnTypeOfInformation"/>
  <link:roleRef roleURI="http://xbrl.dcca.dk/role/200.00/ManagementsReview/Details" xlink:type="simple" xlink:href="../mrv/mrv.xsd#mrv_RoleManagementsReviewDetails"/>
  <link:arcroleRef arcroleURI="http://xbrl.org/int/dim/arcrole/all" xlink:type="simple" xlink:href="http://www.xbrl.org/2005/xbrldt-2005.xsd#all"/>
  <link:arcroleRef arcroleURI="http://xbrl.org/int/dim/arcrole/domain-member" xlink:type="simple" xlink:href="http://www.xbrl.org/2005/xbrldt-2005.xsd#domain-member"/>
  <link:arcroleRef arcroleURI="http://xbrl.org/int/dim/arcrole/hypercube-dimension" xlink:type="simple" xlink:href="http://www.xbrl.org/2005/xbrldt-2005.xsd#hypercube-dimension"/>
  <link:arcroleRef arcroleURI="http://xbrl.org/int/dim/arcrole/dimension-domain" xlink:type="simple" xlink:href="http://www.xbrl.org/2005/xbrldt-2005.xsd#dimension-domain"/>
  <link:definitionLink xlink:type="extended" xlink:role="http://xbrl.dcca.dk/role/200.00/ManagementsReview/Details">
    <link:loc xlink:type="locator" xlink:href="esg.xsd#esg_DetailsOnEnvironmentSocialAndGovernanceDataAbstract" xlink:label="DetailsOnEnvironmentSocialAndGovernanceDataAbstract" xlink:title="DetailsOnEnvironmentSocialAndGovernanceDataAbstract"/>
    <link:loc xlink:type="locator" xlink:href="esg.xsd#esg_DetailsOnEsgDatarHypercube" xlink:label="DetailsOnEsgDatarHypercube" xlink:title="DetailsOnEsgDatarHypercube"/>
    <link:definitionArc xlink:type="arc" xlink:arcrole="http://xbrl.org/int/dim/arcrole/all" xlink:from="DetailsOnEnvironmentSocialAndGovernanceDataAbstract" xlink:to="DetailsOnEsgDatarHypercube" xlink:title="definition: DetailsOnEnvironmentSocialAndGovernanceDataAbstract to DetailsOnEsgDatarHypercube" order="1.0" xbrldt:targetRole="http://xbrl.dcca.dk/role/200.05/Hypercube/EnvironmentSocialAndGovernance/DetailsOnTypeOfInformation" xbrldt:contextElement="scenario" xbrldt:closed="true"/>
    <link:loc xlink:type="locator" xlink:href="esg.xsd#esg_NameOfEsgIndicator" xlink:label="NameOfEsgIndicator" xlink:title="NameOfEsgIndicator"/>
    <link:definitionArc xlink:type="arc" xlink:arcrole="http://xbrl.org/int/dim/arcrole/domain-member" xlink:from="DetailsOnEnvironmentSocialAndGovernanceDataAbstract" xlink:to="NameOfEsgIndicator" xlink:title="definition: DetailsOnEnvironmentSocialAndGovernanceDataAbstract to NameOfEsgIndicator" order="2.0"/>
    <link:loc xlink:type="locator" xlink:href="esg.xsd#esg_TypeOfEsgData" xlink:label="TypeOfEsgData" xlink:title="TypeOfEsgData"/>
    <link:definitionArc xlink:type="arc" xlink:arcrole="http://xbrl.org/int/dim/arcrole/domain-member" xlink:from="DetailsOnEnvironmentSocialAndGovernanceDataAbstract" xlink:to="TypeOfEsgData" xlink:title="definition: DetailsOnEnvironmentSocialAndGovernanceDataAbstract to TypeOfEsgData" order="3.0"/>
    <link:loc xlink:type="locator" xlink:href="esg.xsd#esg_ValueOfEsgIndicator" xlink:label="ValueOfEsgIndicator" xlink:title="ValueOfEsgIndicator"/>
    <link:definitionArc xlink:type="arc" xlink:arcrole="http://xbrl.org/int/dim/arcrole/domain-member" xlink:from="DetailsOnEnvironmentSocialAndGovernanceDataAbstract" xlink:to="ValueOfEsgIndicator" xlink:title="definition: DetailsOnEnvironmentSocialAndGovernanceDataAbstract to ValueOfEsgIndicator" order="4.0"/>
    <link:loc xlink:type="locator" xlink:href="esg.xsd#esg_ObjectivesForEsgIndicator" xlink:label="ObjectivesForEsgIndicator" xlink:title="ObjectivesForEsgIndicator"/>
    <link:definitionArc xlink:type="arc" xlink:arcrole="http://xbrl.org/int/dim/arcrole/domain-member" xlink:from="ValueOfEsgIndicator" xlink:to="ObjectivesForEsgIndicator" xlink:title="definition: ValueOfEsgIndicator to ObjectivesForEsgIndicator" order="1.0"/>
    <link:loc xlink:type="locator" xlink:href="esg.xsd#esg_RemarksRegardingEsgIndicator" xlink:label="RemarksRegardingEsgIndicator" xlink:title="RemarksRegardingEsgIndicator"/>
    <link:definitionArc xlink:type="arc" xlink:arcrole="http://xbrl.org/int/dim/arcrole/domain-member" xlink:from="ValueOfEsgIndicator" xlink:to="RemarksRegardingEsgIndicator" xlink:title="definition: ValueOfEsgIndicator to RemarksRegardingEsgIndicator" order="2.0"/>
    <link:loc xlink:type="locator" xlink:href="esg.xsd#esg_DescriptionOfMethodsOfEsgIndicator" xlink:label="DescriptionOfMethodsOfEsgIndicator" xlink:title="DescriptionOfMethodsOfEsgIndicator"/>
    <link:definitionArc xlink:type="arc" xlink:arcrole="http://xbrl.org/int/dim/arcrole/domain-member" xlink:from="ValueOfEsgIndicator" xlink:to="DescriptionOfMethodsOfEsgIndicator" xlink:title="definition: ValueOfEsgIndicator to DescriptionOfMethodsOfEsgIndicator" order="3.0"/>
  </link:definitionLink>
  <link:definitionLink xlink:type="extended" xlink:role="http://xbrl.dcca.dk/role/200.05/Hypercube/EnvironmentSocialAndGovernance/DetailsOnTypeOfInformation">
    <link:loc xlink:type="locator" xlink:href="esg.xsd#esg_DetailsOnEsgDatarHypercube" xlink:label="DetailsOnEsgDatarHypercube" xlink:title="DetailsOnEsgDatarHypercube"/>
    <link:loc xlink:type="locator" xlink:href="esg.xsd#esg_IdentificationOfEsgDataDimension" xlink:label="IdentificationOfEsgDataDimension" xlink:title="IdentificationOfEsgDataDimension"/>
    <link:definitionArc xlink:type="arc" xlink:arcrole="http://xbrl.org/int/dim/arcrole/hypercube-dimension" xlink:from="DetailsOnEsgDatarHypercube" xlink:to="IdentificationOfEsgDataDimension" xlink:title="definition: DetailsOnEsgDatarHypercube to IdentificationOfEsgDataDimension" order="1.0"/>
    <link:loc xlink:type="locator" xlink:href="../cmn.xsd#cmn_ConsolidatedSoloDimension" xlink:label="ConsolidatedSoloDimension" xlink:title="ConsolidatedSoloDimension"/>
    <link:definitionArc xlink:type="arc" xlink:arcrole="http://xbrl.org/int/dim/arcrole/hypercube-dimension" xlink:from="DetailsOnEsgDatarHypercube" xlink:to="ConsolidatedSoloDimension" xlink:title="definition: DetailsOnEsgDatarHypercube to ConsolidatedSoloDimension" order="2.0" xbrldt:targetRole="http://xbrl.dcca.dk/role/901.01/DimensionConsolidatedSolo"/>
  </link:definitionLink>
  <link:definitionLink xlink:type="extended" xlink:role="http://xbrl.dcca.dk/role/200.00/ManagementsReview">
    <link:loc xlink:type="locator" xlink:href="esg.xsd#esg_EnvironmentSocialAndGovernanceDataAbstract" xlink:label="EnvironmentSocialAndGovernanceDataAbstract" xlink:title="EnvironmentSocialAndGovernanceDataAbstract"/>
    <link:loc xlink:type="locator" xlink:href="esg.xsd#esg_EnviromentDataAbstract" xlink:label="EnviromentDataAbstract" xlink:title="EnviromentDataAbstract"/>
    <link:definitionArc xlink:type="arc" xlink:arcrole="http://xbrl.org/int/dim/arcrole/domain-member" xlink:from="EnvironmentSocialAndGovernanceDataAbstract" xlink:to="EnviromentDataAbstract" xlink:title="definition: EnvironmentSocialAndGovernanceDataAbstract to EnviromentDataAbstract" order="1.0"/>
    <link:loc xlink:type="locator" xlink:href="esg.xsd#esg_Co2TotalEnviromentData" xlink:label="Co2TotalEnviromentData" xlink:title="Co2TotalEnviromentData"/>
    <link:definitionArc xlink:type="arc" xlink:arcrole="http://xbrl.org/int/dim/arcrole/domain-member" xlink:from="EnviromentDataAbstract" xlink:to="Co2TotalEnviromentData" xlink:title="definition: EnviromentDataAbstract to Co2TotalEnviromentData" order="2.0"/>
    <link:loc xlink:type="locator" xlink:href="esg.xsd#esg_Co2AbsoluteScope1EmissionEnviromentData" xlink:label="Co2AbsoluteScope1EmissionEnviromentData" xlink:title="Co2AbsoluteScope1EmissionEnviromentData"/>
    <link:definitionArc xlink:type="arc" xlink:arcrole="http://xbrl.org/int/dim/arcrole/domain-member" xlink:from="Co2TotalEnviromentData" xlink:to="Co2AbsoluteScope1EmissionEnviromentData" xlink:title="definition: Co2TotalEnviromentData to Co2AbsoluteScope1EmissionEnviromentData" order="1.0"/>
    <link:loc xlink:type="locator" xlink:href="esg.xsd#esg_Co2AbsoluteScope2EmissionEnviromentData" xlink:label="Co2AbsoluteScope2EmissionEnviromentData" xlink:title="Co2AbsoluteScope2EmissionEnviromentData"/>
    <link:definitionArc xlink:type="arc" xlink:arcrole="http://xbrl.org/int/dim/arcrole/domain-member" xlink:from="Co2TotalEnviromentData" xlink:to="Co2AbsoluteScope2EmissionEnviromentData" xlink:title="definition: Co2TotalEnviromentData to Co2AbsoluteScope2EmissionEnviromentData" order="2.0"/>
    <link:loc xlink:type="locator" xlink:href="esg.xsd#esg_Co2AbsoluteScope3EmissionEnviromentData" xlink:label="Co2AbsoluteScope3EmissionEnviromentData" xlink:title="Co2AbsoluteScope3EmissionEnviromentData"/>
    <link:definitionArc xlink:type="arc" xlink:arcrole="http://xbrl.org/int/dim/arcrole/domain-member" xlink:from="Co2TotalEnviromentData" xlink:to="Co2AbsoluteScope3EmissionEnviromentData" xlink:title="definition: Co2TotalEnviromentData to Co2AbsoluteScope3EmissionEnviromentData" order="3.0"/>
    <link:loc xlink:type="locator" xlink:href="esg.xsd#esg_ObjectivesForCo2TotalEnviromentData" xlink:label="ObjectivesForCo2TotalEnviromentData" xlink:title="ObjectivesForCo2TotalEnviromentData"/>
    <link:definitionArc xlink:type="arc" xlink:arcrole="http://xbrl.org/int/dim/arcrole/domain-member" xlink:from="Co2TotalEnviromentData" xlink:to="ObjectivesForCo2TotalEnviromentData" xlink:title="definition: Co2TotalEnviromentData to ObjectivesForCo2TotalEnviromentData" order="4.0"/>
    <link:loc xlink:type="locator" xlink:href="esg.xsd#esg_ObjectivesForCo2AbsoluteScope1EmissionEnviromentData" xlink:label="ObjectivesForCo2AbsoluteScope1EmissionEnviromentData" xlink:title="ObjectivesForCo2AbsoluteScope1EmissionEnviromentData"/>
    <link:definitionArc xlink:type="arc" xlink:arcrole="http://xbrl.org/int/dim/arcrole/domain-member" xlink:from="ObjectivesForCo2TotalEnviromentData" xlink:to="ObjectivesForCo2AbsoluteScope1EmissionEnviromentData" xlink:title="definition: ObjectivesForCo2TotalEnviromentData to ObjectivesForCo2AbsoluteScope1EmissionEnviromentData" order="1.0"/>
    <link:loc xlink:type="locator" xlink:href="esg.xsd#esg_ObjectivesForCo2AbsoluteScope2EmissionEnviromentData" xlink:label="ObjectivesForCo2AbsoluteScope2EmissionEnviromentData" xlink:title="ObjectivesForCo2AbsoluteScope2EmissionEnviromentData"/>
    <link:definitionArc xlink:type="arc" xlink:arcrole="http://xbrl.org/int/dim/arcrole/domain-member" xlink:from="ObjectivesForCo2TotalEnviromentData" xlink:to="ObjectivesForCo2AbsoluteScope2EmissionEnviromentData" xlink:title="definition: ObjectivesForCo2TotalEnviromentData to ObjectivesForCo2AbsoluteScope2EmissionEnviromentData" order="2.0"/>
    <link:loc xlink:type="locator" xlink:href="esg.xsd#esg_ObjectivesForCo2AbsoluteScope3EmissionEnviromentData" xlink:label="ObjectivesForCo2AbsoluteScope3EmissionEnviromentData" xlink:title="ObjectivesForCo2AbsoluteScope3EmissionEnviromentData"/>
    <link:definitionArc xlink:type="arc" xlink:arcrole="http://xbrl.org/int/dim/arcrole/domain-member" xlink:from="ObjectivesForCo2TotalEnviromentData" xlink:to="ObjectivesForCo2AbsoluteScope3EmissionEnviromentData" xlink:title="definition: ObjectivesForCo2TotalEnviromentData to ObjectivesForCo2AbsoluteScope3EmissionEnviromentData" order="3.0"/>
    <link:loc xlink:type="locator" xlink:href="esg.xsd#esg_RemarksRegardingCo2TotalEnviromentData" xlink:label="RemarksRegardingCo2TotalEnviromentData" xlink:title="RemarksRegardingCo2TotalEnviromentData"/>
    <link:definitionArc xlink:type="arc" xlink:arcrole="http://xbrl.org/int/dim/arcrole/domain-member" xlink:from="Co2TotalEnviromentData" xlink:to="RemarksRegardingCo2TotalEnviromentData" xlink:title="definition: Co2TotalEnviromentData to RemarksRegardingCo2TotalEnviromentData" order="5.0"/>
    <link:loc xlink:type="locator" xlink:href="esg.xsd#esg_RemarksRegardingCo2AbsoluteScope1EmissionEnviromentData" xlink:label="RemarksRegardingCo2AbsoluteScope1EmissionEnviromentData" xlink:title="RemarksRegardingCo2AbsoluteScope1EmissionEnviromentData"/>
    <link:definitionArc xlink:type="arc" xlink:arcrole="http://xbrl.org/int/dim/arcrole/domain-member" xlink:from="RemarksRegardingCo2TotalEnviromentData" xlink:to="RemarksRegardingCo2AbsoluteScope1EmissionEnviromentData" xlink:title="definition: RemarksRegardingCo2TotalEnviromentData to RemarksRegardingCo2AbsoluteScope1EmissionEnviromentData" order="1.0"/>
    <link:loc xlink:type="locator" xlink:href="esg.xsd#esg_RemarksRegardingCo2AbsoluteScope2EmissionEnviromentData" xlink:label="RemarksRegardingCo2AbsoluteScope2EmissionEnviromentData" xlink:title="RemarksRegardingCo2AbsoluteScope2EmissionEnviromentData"/>
    <link:definitionArc xlink:type="arc" xlink:arcrole="http://xbrl.org/int/dim/arcrole/domain-member" xlink:from="RemarksRegardingCo2TotalEnviromentData" xlink:to="RemarksRegardingCo2AbsoluteScope2EmissionEnviromentData" xlink:title="definition: RemarksRegardingCo2TotalEnviromentData to RemarksRegardingCo2AbsoluteScope2EmissionEnviromentData" order="2.0"/>
    <link:loc xlink:type="locator" xlink:href="esg.xsd#esg_RemarksRegardingCo2AbsoluteScope3EmissionEnviromentData" xlink:label="RemarksRegardingCo2AbsoluteScope3EmissionEnviromentData" xlink:title="RemarksRegardingCo2AbsoluteScope3EmissionEnviromentData"/>
    <link:definitionArc xlink:type="arc" xlink:arcrole="http://xbrl.org/int/dim/arcrole/domain-member" xlink:from="RemarksRegardingCo2TotalEnviromentData" xlink:to="RemarksRegardingCo2AbsoluteScope3EmissionEnviromentData" xlink:title="definition: RemarksRegardingCo2TotalEnviromentData to RemarksRegardingCo2AbsoluteScope3EmissionEnviromentData" order="3.0"/>
    <link:loc xlink:type="locator" xlink:href="esg.xsd#esg_DescriptionOfMethodsOfCo2TotalEnviromentData" xlink:label="DescriptionOfMethodsOfCo2TotalEnviromentData" xlink:title="DescriptionOfMethodsOfCo2TotalEnviromentData"/>
    <link:definitionArc xlink:type="arc" xlink:arcrole="http://xbrl.org/int/dim/arcrole/domain-member" xlink:from="Co2TotalEnviromentData" xlink:to="DescriptionOfMethodsOfCo2TotalEnviromentData" xlink:title="definition: Co2TotalEnviromentData to DescriptionOfMethodsOfCo2TotalEnviromentData" order="6.0"/>
    <link:loc xlink:type="locator" xlink:href="esg.xsd#esg_DescriptionOfMethodsOfCo2AbsoluteScope1EmissionEnviromentData" xlink:label="DescriptionOfMethodsOfCo2AbsoluteScope1EmissionEnviromentData" xlink:title="DescriptionOfMethodsOfCo2AbsoluteScope1EmissionEnviromentData"/>
    <link:definitionArc xlink:type="arc" xlink:arcrole="http://xbrl.org/int/dim/arcrole/domain-member" xlink:from="DescriptionOfMethodsOfCo2TotalEnviromentData" xlink:to="DescriptionOfMethodsOfCo2AbsoluteScope1EmissionEnviromentData" xlink:title="definition: DescriptionOfMethodsOfCo2TotalEnviromentData to DescriptionOfMethodsOfCo2AbsoluteScope1EmissionEnviromentData" order="1.0"/>
    <link:loc xlink:type="locator" xlink:href="esg.xsd#esg_DescriptionOfMethodsOfCo2AbsoluteScope2EmissionEnviromentData" xlink:label="DescriptionOfMethodsOfCo2AbsoluteScope2EmissionEnviromentData" xlink:title="DescriptionOfMethodsOfCo2AbsoluteScope2EmissionEnviromentData"/>
    <link:definitionArc xlink:type="arc" xlink:arcrole="http://xbrl.org/int/dim/arcrole/domain-member" xlink:from="DescriptionOfMethodsOfCo2TotalEnviromentData" xlink:to="DescriptionOfMethodsOfCo2AbsoluteScope2EmissionEnviromentData" xlink:title="definition: DescriptionOfMethodsOfCo2TotalEnviromentData to DescriptionOfMethodsOfCo2AbsoluteScope2EmissionEnviromentData" order="2.0"/>
    <link:loc xlink:type="locator" xlink:href="esg.xsd#esg_DescriptionOfMethodsOfCo2AbsoluteScope3EmissionEnviromentData" xlink:label="DescriptionOfMethodsOfCo2AbsoluteScope3EmissionEnviromentData" xlink:title="DescriptionOfMethodsOfCo2AbsoluteScope3EmissionEnviromentData"/>
    <link:definitionArc xlink:type="arc" xlink:arcrole="http://xbrl.org/int/dim/arcrole/domain-member" xlink:from="DescriptionOfMethodsOfCo2TotalEnviromentData" xlink:to="DescriptionOfMethodsOfCo2AbsoluteScope3EmissionEnviromentData" xlink:title="definition: DescriptionOfMethodsOfCo2TotalEnviromentData to DescriptionOfMethodsOfCo2AbsoluteScope3EmissionEnviromentData" order="3.0"/>
    <link:loc xlink:type="locator" xlink:href="esg.xsd#esg_CarbonIntensityEnviromentData" xlink:label="CarbonIntensityEnviromentData" xlink:title="CarbonIntensityEnviromentData"/>
    <link:definitionArc xlink:type="arc" xlink:arcrole="http://xbrl.org/int/dim/arcrole/domain-member" xlink:from="EnviromentDataAbstract" xlink:to="CarbonIntensityEnviromentData" xlink:title="definition: EnviromentDataAbstract to CarbonIntensityEnviromentData" order="6.0"/>
    <link:loc xlink:type="locator" xlink:href="esg.xsd#esg_ObjectivesForCarbonIntensityEnviromentData" xlink:label="ObjectivesForCarbonIntensityEnviromentData" xlink:title="ObjectivesForCarbonIntensityEnviromentData"/>
    <link:definitionArc xlink:type="arc" xlink:arcrole="http://xbrl.org/int/dim/arcrole/domain-member" xlink:from="CarbonIntensityEnviromentData" xlink:to="ObjectivesForCarbonIntensityEnviromentData" xlink:title="definition: CarbonIntensityEnviromentData to ObjectivesForCarbonIntensityEnviromentData" order="1.0"/>
    <link:loc xlink:type="locator" xlink:href="esg.xsd#esg_RemarksRegardingCarbonIntensityEnviromentData" xlink:label="RemarksRegardingCarbonIntensityEnviromentData" xlink:title="RemarksRegardingCarbonIntensityEnviromentData"/>
    <link:definitionArc xlink:type="arc" xlink:arcrole="http://xbrl.org/int/dim/arcrole/domain-member" xlink:from="CarbonIntensityEnviromentData" xlink:to="RemarksRegardingCarbonIntensityEnviromentData" xlink:title="definition: CarbonIntensityEnviromentData to RemarksRegardingCarbonIntensityEnviromentData" order="2.0"/>
    <link:loc xlink:type="locator" xlink:href="esg.xsd#esg_DescriptionOfMethodsOfCarbonIntensityEnviromentData" xlink:label="DescriptionOfMethodsOfCarbonIntensityEnviromentData" xlink:title="DescriptionOfMethodsOfCarbonIntensityEnviromentData"/>
    <link:definitionArc xlink:type="arc" xlink:arcrole="http://xbrl.org/int/dim/arcrole/domain-member" xlink:from="CarbonIntensityEnviromentData" xlink:to="DescriptionOfMethodsOfCarbonIntensityEnviromentData" xlink:title="definition: CarbonIntensityEnviromentData to DescriptionOfMethodsOfCarbonIntensityEnviromentData" order="3.0"/>
    <link:loc xlink:type="locator" xlink:href="esg.xsd#esg_EnergyConsumptionEnviromentData" xlink:label="EnergyConsumptionEnviromentData" xlink:title="EnergyConsumptionEnviromentData"/>
    <link:definitionArc xlink:type="arc" xlink:arcrole="http://xbrl.org/int/dim/arcrole/domain-member" xlink:from="EnviromentDataAbstract" xlink:to="EnergyConsumptionEnviromentData" xlink:title="definition: EnviromentDataAbstract to EnergyConsumptionEnviromentData" order="7.0"/>
    <link:loc xlink:type="locator" xlink:href="esg.xsd#esg_ObjectivesForEnergyConsumptionEnviromentData" xlink:label="ObjectivesForEnergyConsumptionEnviromentData" xlink:title="ObjectivesForEnergyConsumptionEnviromentData"/>
    <link:definitionArc xlink:type="arc" xlink:arcrole="http://xbrl.org/int/dim/arcrole/domain-member" xlink:from="EnergyConsumptionEnviromentData" xlink:to="ObjectivesForEnergyConsumptionEnviromentData" xlink:title="definition: EnergyConsumptionEnviromentData to ObjectivesForEnergyConsumptionEnviromentData" order="1.0"/>
    <link:loc xlink:type="locator" xlink:href="esg.xsd#esg_RemarksRegardingEnergyConsumptionEnviromentData" xlink:label="RemarksRegardingEnergyConsumptionEnviromentData" xlink:title="RemarksRegardingEnergyConsumptionEnviromentData"/>
    <link:definitionArc xlink:type="arc" xlink:arcrole="http://xbrl.org/int/dim/arcrole/domain-member" xlink:from="EnergyConsumptionEnviromentData" xlink:to="RemarksRegardingEnergyConsumptionEnviromentData" xlink:title="definition: EnergyConsumptionEnviromentData to RemarksRegardingEnergyConsumptionEnviromentData" order="2.0"/>
    <link:loc xlink:type="locator" xlink:href="esg.xsd#esg_DescriptionOfMethodsOfEnergyConsumptionEnviromentData" xlink:label="DescriptionOfMethodsOfEnergyConsumptionEnviromentData" xlink:title="DescriptionOfMethodsOfEnergyConsumptionEnviromentData"/>
    <link:definitionArc xlink:type="arc" xlink:arcrole="http://xbrl.org/int/dim/arcrole/domain-member" xlink:from="EnergyConsumptionEnviromentData" xlink:to="DescriptionOfMethodsOfEnergyConsumptionEnviromentData" xlink:title="definition: EnergyConsumptionEnviromentData to DescriptionOfMethodsOfEnergyConsumptionEnviromentData" order="3.0"/>
    <link:loc xlink:type="locator" xlink:href="esg.xsd#esg_EnergyIntensityEnviromentData" xlink:label="EnergyIntensityEnviromentData" xlink:title="EnergyIntensityEnviromentData"/>
    <link:definitionArc xlink:type="arc" xlink:arcrole="http://xbrl.org/int/dim/arcrole/domain-member" xlink:from="EnviromentDataAbstract" xlink:to="EnergyIntensityEnviromentData" xlink:title="definition: EnviromentDataAbstract to EnergyIntensityEnviromentData" order="8.0"/>
    <link:loc xlink:type="locator" xlink:href="esg.xsd#esg_ObjectivesForEnergyIntensityEnviromentData" xlink:label="ObjectivesForEnergyIntensityEnviromentData" xlink:title="ObjectivesForEnergyIntensityEnviromentData"/>
    <link:definitionArc xlink:type="arc" xlink:arcrole="http://xbrl.org/int/dim/arcrole/domain-member" xlink:from="EnergyIntensityEnviromentData" xlink:to="ObjectivesForEnergyIntensityEnviromentData" xlink:title="definition: EnergyIntensityEnviromentData to ObjectivesForEnergyIntensityEnviromentData" order="1.0"/>
    <link:loc xlink:type="locator" xlink:href="esg.xsd#esg_RemarksRegardingEnergyIntensityEnviromentData" xlink:label="RemarksRegardingEnergyIntensityEnviromentData" xlink:title="RemarksRegardingEnergyIntensityEnviromentData"/>
    <link:definitionArc xlink:type="arc" xlink:arcrole="http://xbrl.org/int/dim/arcrole/domain-member" xlink:from="EnergyIntensityEnviromentData" xlink:to="RemarksRegardingEnergyIntensityEnviromentData" xlink:title="definition: EnergyIntensityEnviromentData to RemarksRegardingEnergyIntensityEnviromentData" order="2.0"/>
    <link:loc xlink:type="locator" xlink:href="esg.xsd#esg_DescriptionOfMethodsOfEnergyIntensityEnviromentData" xlink:label="DescriptionOfMethodsOfEnergyIntensityEnviromentData" xlink:title="DescriptionOfMethodsOfEnergyIntensityEnviromentData"/>
    <link:definitionArc xlink:type="arc" xlink:arcrole="http://xbrl.org/int/dim/arcrole/domain-member" xlink:from="EnergyIntensityEnviromentData" xlink:to="DescriptionOfMethodsOfEnergyIntensityEnviromentData" xlink:title="definition: EnergyIntensityEnviromentData to DescriptionOfMethodsOfEnergyIntensityEnviromentData" order="3.0"/>
    <link:loc xlink:type="locator" xlink:href="esg.xsd#esg_ShareOfRenewableEnergyEnviromentData" xlink:label="ShareOfRenewableEnergyEnviromentData" xlink:title="ShareOfRenewableEnergyEnviromentData"/>
    <link:definitionArc xlink:type="arc" xlink:arcrole="http://xbrl.org/int/dim/arcrole/domain-member" xlink:from="EnviromentDataAbstract" xlink:to="ShareOfRenewableEnergyEnviromentData" xlink:title="definition: EnviromentDataAbstract to ShareOfRenewableEnergyEnviromentData" order="9.0"/>
    <link:loc xlink:type="locator" xlink:href="esg.xsd#esg_ObjectivesForShareOfRenewableEnergyEnviromentData" xlink:label="ObjectivesForShareOfRenewableEnergyEnviromentData" xlink:title="ObjectivesForShareOfRenewableEnergyEnviromentData"/>
    <link:definitionArc xlink:type="arc" xlink:arcrole="http://xbrl.org/int/dim/arcrole/domain-member" xlink:from="ShareOfRenewableEnergyEnviromentData" xlink:to="ObjectivesForShareOfRenewableEnergyEnviromentData" xlink:title="definition: ShareOfRenewableEnergyEnviromentData to ObjectivesForShareOfRenewableEnergyEnviromentData" order="1.0"/>
    <link:loc xlink:type="locator" xlink:href="esg.xsd#esg_RemarksRegardingShareOfRenewableEnergyEnviromentData" xlink:label="RemarksRegardingShareOfRenewableEnergyEnviromentData" xlink:title="RemarksRegardingShareOfRenewableEnergyEnviromentData"/>
    <link:definitionArc xlink:type="arc" xlink:arcrole="http://xbrl.org/int/dim/arcrole/domain-member" xlink:from="ShareOfRenewableEnergyEnviromentData" xlink:to="RemarksRegardingShareOfRenewableEnergyEnviromentData" xlink:title="definition: ShareOfRenewableEnergyEnviromentData to RemarksRegardingShareOfRenewableEnergyEnviromentData" order="2.0"/>
    <link:loc xlink:type="locator" xlink:href="esg.xsd#esg_DescriptionOfMethodsOfShareOfRenewableEnergyEnviromentData" xlink:label="DescriptionOfMethodsOfShareOfRenewableEnergyEnviromentData" xlink:title="DescriptionOfMethodsOfShareOfRenewableEnergyEnviromentData"/>
    <link:definitionArc xlink:type="arc" xlink:arcrole="http://xbrl.org/int/dim/arcrole/domain-member" xlink:from="ShareOfRenewableEnergyEnviromentData" xlink:to="DescriptionOfMethodsOfShareOfRenewableEnergyEnviromentData" xlink:title="definition: ShareOfRenewableEnergyEnviromentData to DescriptionOfMethodsOfShareOfRenewableEnergyEnviromentData" order="3.0"/>
    <link:loc xlink:type="locator" xlink:href="esg.xsd#esg_WaterConsumptionEnviromentData" xlink:label="WaterConsumptionEnviromentData" xlink:title="WaterConsumptionEnviromentData"/>
    <link:definitionArc xlink:type="arc" xlink:arcrole="http://xbrl.org/int/dim/arcrole/domain-member" xlink:from="EnviromentDataAbstract" xlink:to="WaterConsumptionEnviromentData" xlink:title="definition: EnviromentDataAbstract to WaterConsumptionEnviromentData" order="10.0"/>
    <link:loc xlink:type="locator" xlink:href="esg.xsd#esg_ObjectivesForWaterConsumptionEnviromentData" xlink:label="ObjectivesForWaterConsumptionEnviromentData" xlink:title="ObjectivesForWaterConsumptionEnviromentData"/>
    <link:definitionArc xlink:type="arc" xlink:arcrole="http://xbrl.org/int/dim/arcrole/domain-member" xlink:from="WaterConsumptionEnviromentData" xlink:to="ObjectivesForWaterConsumptionEnviromentData" xlink:title="definition: WaterConsumptionEnviromentData to ObjectivesForWaterConsumptionEnviromentData" order="1.0"/>
    <link:loc xlink:type="locator" xlink:href="esg.xsd#esg_RemarksRegardingWaterConsumptionEnviromentData" xlink:label="RemarksRegardingWaterConsumptionEnviromentData" xlink:title="RemarksRegardingWaterConsumptionEnviromentData"/>
    <link:definitionArc xlink:type="arc" xlink:arcrole="http://xbrl.org/int/dim/arcrole/domain-member" xlink:from="WaterConsumptionEnviromentData" xlink:to="RemarksRegardingWaterConsumptionEnviromentData" xlink:title="definition: WaterConsumptionEnviromentData to RemarksRegardingWaterConsumptionEnviromentData" order="2.0"/>
    <link:loc xlink:type="locator" xlink:href="esg.xsd#esg_DescriptionOfMethodsOfWaterConsumptionEnviromentData" xlink:label="DescriptionOfMethodsOfWaterConsumptionEnviromentData" xlink:title="DescriptionOfMethodsOfWaterConsumptionEnviromentData"/>
    <link:definitionArc xlink:type="arc" xlink:arcrole="http://xbrl.org/int/dim/arcrole/domain-member" xlink:from="WaterConsumptionEnviromentData" xlink:to="DescriptionOfMethodsOfWaterConsumptionEnviromentData" xlink:title="definition: WaterConsumptionEnviromentData to DescriptionOfMethodsOfWaterConsumptionEnviromentData" order="3.0"/>
    <link:loc xlink:type="locator" xlink:href="esg.xsd#esg_HazardousWasteEnviromentData" xlink:label="HazardousWasteEnviromentData" xlink:title="HazardousWasteEnviromentData"/>
    <link:definitionArc xlink:type="arc" xlink:arcrole="http://xbrl.org/int/dim/arcrole/domain-member" xlink:from="EnviromentDataAbstract" xlink:to="HazardousWasteEnviromentData" xlink:title="definition: EnviromentDataAbstract to HazardousWasteEnviromentData" order="11.0"/>
    <link:loc xlink:type="locator" xlink:href="esg.xsd#esg_ObjectivesForHazardousWasteEnviromentData" xlink:label="ObjectivesForHazardousWasteEnviromentData" xlink:title="ObjectivesForHazardousWasteEnviromentData"/>
    <link:definitionArc xlink:type="arc" xlink:arcrole="http://xbrl.org/int/dim/arcrole/domain-member" xlink:from="HazardousWasteEnviromentData" xlink:to="ObjectivesForHazardousWasteEnviromentData" xlink:title="definition: HazardousWasteEnviromentData to ObjectivesForHazardousWasteEnviromentData" order="1.0"/>
    <link:loc xlink:type="locator" xlink:href="esg.xsd#esg_RemarksRegardingHazardousWasteEnviromentData" xlink:label="RemarksRegardingHazardousWasteEnviromentData" xlink:title="RemarksRegardingHazardousWasteEnviromentData"/>
    <link:definitionArc xlink:type="arc" xlink:arcrole="http://xbrl.org/int/dim/arcrole/domain-member" xlink:from="HazardousWasteEnviromentData" xlink:to="RemarksRegardingHazardousWasteEnviromentData" xlink:title="definition: HazardousWasteEnviromentData to RemarksRegardingHazardousWasteEnviromentData" order="2.0"/>
    <link:loc xlink:type="locator" xlink:href="esg.xsd#esg_DescriptionOfMethodsOfHazardousWasteEnviromentData" xlink:label="DescriptionOfMethodsOfHazardousWasteEnviromentData" xlink:title="DescriptionOfMethodsOfHazardousWasteEnviromentData"/>
    <link:definitionArc xlink:type="arc" xlink:arcrole="http://xbrl.org/int/dim/arcrole/domain-member" xlink:from="HazardousWasteEnviromentData" xlink:to="DescriptionOfMethodsOfHazardousWasteEnviromentData" xlink:title="definition: HazardousWasteEnviromentData to DescriptionOfMethodsOfHazardousWasteEnviromentData" order="3.0"/>
    <link:loc xlink:type="locator" xlink:href="esg.xsd#esg_RecyclableWasteEnviromentData" xlink:label="RecyclableWasteEnviromentData" xlink:title="RecyclableWasteEnviromentData"/>
    <link:definitionArc xlink:type="arc" xlink:arcrole="http://xbrl.org/int/dim/arcrole/domain-member" xlink:from="EnviromentDataAbstract" xlink:to="RecyclableWasteEnviromentData" xlink:title="definition: EnviromentDataAbstract to RecyclableWasteEnviromentData" order="12.0"/>
    <link:loc xlink:type="locator" xlink:href="esg.xsd#esg_ObjectivesForRecyclableWasteEnviromentData" xlink:label="ObjectivesForRecyclableWasteEnviromentData" xlink:title="ObjectivesForRecyclableWasteEnviromentData"/>
    <link:definitionArc xlink:type="arc" xlink:arcrole="http://xbrl.org/int/dim/arcrole/domain-member" xlink:from="RecyclableWasteEnviromentData" xlink:to="ObjectivesForRecyclableWasteEnviromentData" xlink:title="definition: RecyclableWasteEnviromentData to ObjectivesForRecyclableWasteEnviromentData" order="1.0"/>
    <link:loc xlink:type="locator" xlink:href="esg.xsd#esg_RemarksRegardingRecyclableWasteEnviromentData" xlink:label="RemarksRegardingRecyclableWasteEnviromentData" xlink:title="RemarksRegardingRecyclableWasteEnviromentData"/>
    <link:definitionArc xlink:type="arc" xlink:arcrole="http://xbrl.org/int/dim/arcrole/domain-member" xlink:from="RecyclableWasteEnviromentData" xlink:to="RemarksRegardingRecyclableWasteEnviromentData" xlink:title="definition: RecyclableWasteEnviromentData to RemarksRegardingRecyclableWasteEnviromentData" order="2.0"/>
    <link:loc xlink:type="locator" xlink:href="esg.xsd#esg_DescriptionOfMethodsOfRecyclableWasteEnviromentData" xlink:label="DescriptionOfMethodsOfRecyclableWasteEnviromentData" xlink:title="DescriptionOfMethodsOfRecyclableWasteEnviromentData"/>
    <link:definitionArc xlink:type="arc" xlink:arcrole="http://xbrl.org/int/dim/arcrole/domain-member" xlink:from="RecyclableWasteEnviromentData" xlink:to="DescriptionOfMethodsOfRecyclableWasteEnviromentData" xlink:title="definition: RecyclableWasteEnviromentData to DescriptionOfMethodsOfRecyclableWasteEnviromentData" order="3.0"/>
    <link:loc xlink:type="locator" xlink:href="esg.xsd#esg_SocialDataAbstract" xlink:label="SocialDataAbstract" xlink:title="SocialDataAbstract"/>
    <link:definitionArc xlink:type="arc" xlink:arcrole="http://xbrl.org/int/dim/arcrole/domain-member" xlink:from="EnvironmentSocialAndGovernanceDataAbstract" xlink:to="SocialDataAbstract" xlink:title="definition: EnvironmentSocialAndGovernanceDataAbstract to SocialDataAbstract" order="2.0"/>
    <link:loc xlink:type="locator" xlink:href="esg.xsd#esg_SicknessAbsenceSSocialeData" xlink:label="SicknessAbsenceSSocialeData" xlink:title="SicknessAbsenceSSocialeData"/>
    <link:definitionArc xlink:type="arc" xlink:arcrole="http://xbrl.org/int/dim/arcrole/domain-member" xlink:from="SocialDataAbstract" xlink:to="SicknessAbsenceSSocialeData" xlink:title="definition: SocialDataAbstract to SicknessAbsenceSSocialeData" order="1.0"/>
    <link:loc xlink:type="locator" xlink:href="esg.xsd#esg_ObjectivesForSicknessAbsenceSSocialeData" xlink:label="ObjectivesForSicknessAbsenceSSocialeData" xlink:title="ObjectivesForSicknessAbsenceSSocialeData"/>
    <link:definitionArc xlink:type="arc" xlink:arcrole="http://xbrl.org/int/dim/arcrole/domain-member" xlink:from="SicknessAbsenceSSocialeData" xlink:to="ObjectivesForSicknessAbsenceSSocialeData" xlink:title="definition: SicknessAbsenceSSocialeData to ObjectivesForSicknessAbsenceSSocialeData" order="1.0"/>
    <link:loc xlink:type="locator" xlink:href="esg.xsd#esg_RemarksRegardingSicknessAbsenceSSocialeData" xlink:label="RemarksRegardingSicknessAbsenceSSocialeData" xlink:title="RemarksRegardingSicknessAbsenceSSocialeData"/>
    <link:definitionArc xlink:type="arc" xlink:arcrole="http://xbrl.org/int/dim/arcrole/domain-member" xlink:from="SicknessAbsenceSSocialeData" xlink:to="RemarksRegardingSicknessAbsenceSSocialeData" xlink:title="definition: SicknessAbsenceSSocialeData to RemarksRegardingSicknessAbsenceSSocialeData" order="2.0"/>
    <link:loc xlink:type="locator" xlink:href="esg.xsd#esg_DescriptionOfMethodsOfSicknessAbsenceSSocialeData" xlink:label="DescriptionOfMethodsOfSicknessAbsenceSSocialeData" xlink:title="DescriptionOfMethodsOfSicknessAbsenceSSocialeData"/>
    <link:definitionArc xlink:type="arc" xlink:arcrole="http://xbrl.org/int/dim/arcrole/domain-member" xlink:from="SicknessAbsenceSSocialeData" xlink:to="DescriptionOfMethodsOfSicknessAbsenceSSocialeData" xlink:title="definition: SicknessAbsenceSSocialeData to DescriptionOfMethodsOfSicknessAbsenceSSocialeData" order="3.0"/>
    <link:loc xlink:type="locator" xlink:href="esg.xsd#esg_LostTimeInjuryFrequencySSocialeData" xlink:label="LostTimeInjuryFrequencySSocialeData" xlink:title="LostTimeInjuryFrequencySSocialeData"/>
    <link:definitionArc xlink:type="arc" xlink:arcrole="http://xbrl.org/int/dim/arcrole/domain-member" xlink:from="SocialDataAbstract" xlink:to="LostTimeInjuryFrequencySSocialeData" xlink:title="definition: SocialDataAbstract to LostTimeInjuryFrequencySSocialeData" order="2.0"/>
    <link:loc xlink:type="locator" xlink:href="esg.xsd#esg_ObjectivesForLostTimeInjuryFrequencySSocialeData" xlink:label="ObjectivesForLostTimeInjuryFrequencySSocialeData" xlink:title="ObjectivesForLostTimeInjuryFrequencySSocialeData"/>
    <link:definitionArc xlink:type="arc" xlink:arcrole="http://xbrl.org/int/dim/arcrole/domain-member" xlink:from="LostTimeInjuryFrequencySSocialeData" xlink:to="ObjectivesForLostTimeInjuryFrequencySSocialeData" xlink:title="definition: LostTimeInjuryFrequencySSocialeData to ObjectivesForLostTimeInjuryFrequencySSocialeData" order="1.0"/>
    <link:loc xlink:type="locator" xlink:href="esg.xsd#esg_RemarksRegardingLostTimeInjuryFrequencySSocialeData" xlink:label="RemarksRegardingLostTimeInjuryFrequencySSocialeData" xlink:title="RemarksRegardingLostTimeInjuryFrequencySSocialeData"/>
    <link:definitionArc xlink:type="arc" xlink:arcrole="http://xbrl.org/int/dim/arcrole/domain-member" xlink:from="LostTimeInjuryFrequencySSocialeData" xlink:to="RemarksRegardingLostTimeInjuryFrequencySSocialeData" xlink:title="definition: LostTimeInjuryFrequencySSocialeData to RemarksRegardingLostTimeInjuryFrequencySSocialeData" order="2.0"/>
    <link:loc xlink:type="locator" xlink:href="esg.xsd#esg_DescriptionOfMethodsOfLostTimeInjuryFrequencySSocialeData" xlink:label="DescriptionOfMethodsOfLostTimeInjuryFrequencySSocialeData" xlink:title="DescriptionOfMethodsOfLostTimeInjuryFrequencySSocialeData"/>
    <link:definitionArc xlink:type="arc" xlink:arcrole="http://xbrl.org/int/dim/arcrole/domain-member" xlink:from="LostTimeInjuryFrequencySSocialeData" xlink:to="DescriptionOfMethodsOfLostTimeInjuryFrequencySSocialeData" xlink:title="definition: LostTimeInjuryFrequencySSocialeData to DescriptionOfMethodsOfLostTimeInjuryFrequencySSocialeData" order="3.0"/>
    <link:loc xlink:type="locator" xlink:href="esg.xsd#esg_EmployeeTurnoverSSocialeData" xlink:label="EmployeeTurnoverSSocialeData" xlink:title="EmployeeTurnoverSSocialeData"/>
    <link:definitionArc xlink:type="arc" xlink:arcrole="http://xbrl.org/int/dim/arcrole/domain-member" xlink:from="SocialDataAbstract" xlink:to="EmployeeTurnoverSSocialeData" xlink:title="definition: SocialDataAbstract to EmployeeTurnoverSSocialeData" order="3.0"/>
    <link:loc xlink:type="locator" xlink:href="esg.xsd#esg_ObjectivesForEmployeeTurnoverSSocialeData" xlink:label="ObjectivesForEmployeeTurnoverSSocialeData" xlink:title="ObjectivesForEmployeeTurnoverSSocialeData"/>
    <link:definitionArc xlink:type="arc" xlink:arcrole="http://xbrl.org/int/dim/arcrole/domain-member" xlink:from="EmployeeTurnoverSSocialeData" xlink:to="ObjectivesForEmployeeTurnoverSSocialeData" xlink:title="definition: EmployeeTurnoverSSocialeData to ObjectivesForEmployeeTurnoverSSocialeData" order="1.0"/>
    <link:loc xlink:type="locator" xlink:href="esg.xsd#esg_RemarksRegardingEmployeeTurnoverSSocialeData" xlink:label="RemarksRegardingEmployeeTurnoverSSocialeData" xlink:title="RemarksRegardingEmployeeTurnoverSSocialeData"/>
    <link:definitionArc xlink:type="arc" xlink:arcrole="http://xbrl.org/int/dim/arcrole/domain-member" xlink:from="EmployeeTurnoverSSocialeData" xlink:to="RemarksRegardingEmployeeTurnoverSSocialeData" xlink:title="definition: EmployeeTurnoverSSocialeData to RemarksRegardingEmployeeTurnoverSSocialeData" order="2.0"/>
    <link:loc xlink:type="locator" xlink:href="esg.xsd#esg_DescriptionOfMethodsOfEmployeeTurnoverSSocialeData" xlink:label="DescriptionOfMethodsOfEmployeeTurnoverSSocialeData" xlink:title="DescriptionOfMethodsOfEmployeeTurnoverSSocialeData"/>
    <link:definitionArc xlink:type="arc" xlink:arcrole="http://xbrl.org/int/dim/arcrole/domain-member" xlink:from="EmployeeTurnoverSSocialeData" xlink:to="DescriptionOfMethodsOfEmployeeTurnoverSSocialeData" xlink:title="definition: EmployeeTurnoverSSocialeData to DescriptionOfMethodsOfEmployeeTurnoverSSocialeData" order="3.0"/>
    <link:loc xlink:type="locator" xlink:href="esg.xsd#esg_EmployeeSatisfactionSSocialeData" xlink:label="EmployeeSatisfactionSSocialeData" xlink:title="EmployeeSatisfactionSSocialeData"/>
    <link:definitionArc xlink:type="arc" xlink:arcrole="http://xbrl.org/int/dim/arcrole/domain-member" xlink:from="SocialDataAbstract" xlink:to="EmployeeSatisfactionSSocialeData" xlink:title="definition: SocialDataAbstract to EmployeeSatisfactionSSocialeData" order="4.0"/>
    <link:loc xlink:type="locator" xlink:href="esg.xsd#esg_ObjectivesForEmployeeSatisfactionSSocialeData" xlink:label="ObjectivesForEmployeeSatisfactionSSocialeData" xlink:title="ObjectivesForEmployeeSatisfactionSSocialeData"/>
    <link:definitionArc xlink:type="arc" xlink:arcrole="http://xbrl.org/int/dim/arcrole/domain-member" xlink:from="EmployeeSatisfactionSSocialeData" xlink:to="ObjectivesForEmployeeSatisfactionSSocialeData" xlink:title="definition: EmployeeSatisfactionSSocialeData to ObjectivesForEmployeeSatisfactionSSocialeData" order="1.0"/>
    <link:loc xlink:type="locator" xlink:href="esg.xsd#esg_RemarksRegardingEmployeeSatisfactionSSocialeData" xlink:label="RemarksRegardingEmployeeSatisfactionSSocialeData" xlink:title="RemarksRegardingEmployeeSatisfactionSSocialeData"/>
    <link:definitionArc xlink:type="arc" xlink:arcrole="http://xbrl.org/int/dim/arcrole/domain-member" xlink:from="EmployeeSatisfactionSSocialeData" xlink:to="RemarksRegardingEmployeeSatisfactionSSocialeData" xlink:title="definition: EmployeeSatisfactionSSocialeData to RemarksRegardingEmployeeSatisfactionSSocialeData" order="2.0"/>
    <link:loc xlink:type="locator" xlink:href="esg.xsd#esg_DescriptionOfMethodsOfEmployeeSatisfactionSSocialeData" xlink:label="DescriptionOfMethodsOfEmployeeSatisfactionSSocialeData" xlink:title="DescriptionOfMethodsOfEmployeeSatisfactionSSocialeData"/>
    <link:definitionArc xlink:type="arc" xlink:arcrole="http://xbrl.org/int/dim/arcrole/domain-member" xlink:from="EmployeeSatisfactionSSocialeData" xlink:to="DescriptionOfMethodsOfEmployeeSatisfactionSSocialeData" xlink:title="definition: EmployeeSatisfactionSSocialeData to DescriptionOfMethodsOfEmployeeSatisfactionSSocialeData" order="3.0"/>
    <link:loc xlink:type="locator" xlink:href="esg.xsd#esg_GenderDiversityAllEmployeesSSocialeData" xlink:label="GenderDiversityAllEmployeesSSocialeData" xlink:title="GenderDiversityAllEmployeesSSocialeData"/>
    <link:definitionArc xlink:type="arc" xlink:arcrole="http://xbrl.org/int/dim/arcrole/domain-member" xlink:from="SocialDataAbstract" xlink:to="GenderDiversityAllEmployeesSSocialeData" xlink:title="definition: SocialDataAbstract to GenderDiversityAllEmployeesSSocialeData" order="5.0"/>
    <link:loc xlink:type="locator" xlink:href="esg.xsd#esg_ObjectivesForGenderDiversityAllEmployeesSSocialeData" xlink:label="ObjectivesForGenderDiversityAllEmployeesSSocialeData" xlink:title="ObjectivesForGenderDiversityAllEmployeesSSocialeData"/>
    <link:definitionArc xlink:type="arc" xlink:arcrole="http://xbrl.org/int/dim/arcrole/domain-member" xlink:from="GenderDiversityAllEmployeesSSocialeData" xlink:to="ObjectivesForGenderDiversityAllEmployeesSSocialeData" xlink:title="definition: GenderDiversityAllEmployeesSSocialeData to ObjectivesForGenderDiversityAllEmployeesSSocialeData" order="1.0"/>
    <link:loc xlink:type="locator" xlink:href="esg.xsd#esg_RemarksRegardingGenderDiversityAllEmployeesSSocialeData" xlink:label="RemarksRegardingGenderDiversityAllEmployeesSSocialeData" xlink:title="RemarksRegardingGenderDiversityAllEmployeesSSocialeData"/>
    <link:definitionArc xlink:type="arc" xlink:arcrole="http://xbrl.org/int/dim/arcrole/domain-member" xlink:from="GenderDiversityAllEmployeesSSocialeData" xlink:to="RemarksRegardingGenderDiversityAllEmployeesSSocialeData" xlink:title="definition: GenderDiversityAllEmployeesSSocialeData to RemarksRegardingGenderDiversityAllEmployeesSSocialeData" order="2.0"/>
    <link:loc xlink:type="locator" xlink:href="esg.xsd#esg_DescriptionOfMethodsOfGenderDiversityAllEmployeesSSocialeData" xlink:label="DescriptionOfMethodsOfGenderDiversityAllEmployeesSSocialeData" xlink:title="DescriptionOfMethodsOfGenderDiversityAllEmployeesSSocialeData"/>
    <link:definitionArc xlink:type="arc" xlink:arcrole="http://xbrl.org/int/dim/arcrole/domain-member" xlink:from="GenderDiversityAllEmployeesSSocialeData" xlink:to="DescriptionOfMethodsOfGenderDiversityAllEmployeesSSocialeData" xlink:title="definition: GenderDiversityAllEmployeesSSocialeData to DescriptionOfMethodsOfGenderDiversityAllEmployeesSSocialeData" order="3.0"/>
    <link:loc xlink:type="locator" xlink:href="esg.xsd#esg_GenderDiversityManagementSSocialeData" xlink:label="GenderDiversityManagementSSocialeData" xlink:title="GenderDiversityManagementSSocialeData"/>
    <link:definitionArc xlink:type="arc" xlink:arcrole="http://xbrl.org/int/dim/arcrole/domain-member" xlink:from="SocialDataAbstract" xlink:to="GenderDiversityManagementSSocialeData" xlink:title="definition: SocialDataAbstract to GenderDiversityManagementSSocialeData" order="6.0"/>
    <link:loc xlink:type="locator" xlink:href="esg.xsd#esg_ObjectivesForGenderDiversityManagementSSocialeData" xlink:label="ObjectivesForGenderDiversityManagementSSocialeData" xlink:title="ObjectivesForGenderDiversityManagementSSocialeData"/>
    <link:definitionArc xlink:type="arc" xlink:arcrole="http://xbrl.org/int/dim/arcrole/domain-member" xlink:from="GenderDiversityManagementSSocialeData" xlink:to="ObjectivesForGenderDiversityManagementSSocialeData" xlink:title="definition: GenderDiversityManagementSSocialeData to ObjectivesForGenderDiversityManagementSSocialeData" order="1.0"/>
    <link:loc xlink:type="locator" xlink:href="esg.xsd#esg_RemarksRegardingGenderDiversityManagementSSocialeData" xlink:label="RemarksRegardingGenderDiversityManagementSSocialeData" xlink:title="RemarksRegardingGenderDiversityManagementSSocialeData"/>
    <link:definitionArc xlink:type="arc" xlink:arcrole="http://xbrl.org/int/dim/arcrole/domain-member" xlink:from="GenderDiversityManagementSSocialeData" xlink:to="RemarksRegardingGenderDiversityManagementSSocialeData" xlink:title="definition: GenderDiversityManagementSSocialeData to RemarksRegardingGenderDiversityManagementSSocialeData" order="2.0"/>
    <link:loc xlink:type="locator" xlink:href="esg.xsd#esg_DescriptionOfMethodsOfGenderDiversityManagementSSocialeData" xlink:label="DescriptionOfMethodsOfGenderDiversityManagementSSocialeData" xlink:title="DescriptionOfMethodsOfGenderDiversityManagementSSocialeData"/>
    <link:definitionArc xlink:type="arc" xlink:arcrole="http://xbrl.org/int/dim/arcrole/domain-member" xlink:from="GenderDiversityManagementSSocialeData" xlink:to="DescriptionOfMethodsOfGenderDiversityManagementSSocialeData" xlink:title="definition: GenderDiversityManagementSSocialeData to DescriptionOfMethodsOfGenderDiversityManagementSSocialeData" order="3.0"/>
    <link:loc xlink:type="locator" xlink:href="esg.xsd#esg_GenderDiversityOtherManagementLevelsSSocialeData" xlink:label="GenderDiversityOtherManagementLevelsSSocialeData" xlink:title="GenderDiversityOtherManagementLevelsSSocialeData"/>
    <link:definitionArc xlink:type="arc" xlink:arcrole="http://xbrl.org/int/dim/arcrole/domain-member" xlink:from="SocialDataAbstract" xlink:to="GenderDiversityOtherManagementLevelsSSocialeData" xlink:title="definition: SocialDataAbstract to GenderDiversityOtherManagementLevelsSSocialeData" order="7.0"/>
    <link:loc xlink:type="locator" xlink:href="esg.xsd#esg_ObjectivesForGenderDiversityOtherManagementLevelsSSocialeData" xlink:label="ObjectivesForGenderDiversityOtherManagementLevelsSSocialeData" xlink:title="ObjectivesForGenderDiversityOtherManagementLevelsSSocialeData"/>
    <link:definitionArc xlink:type="arc" xlink:arcrole="http://xbrl.org/int/dim/arcrole/domain-member" xlink:from="GenderDiversityOtherManagementLevelsSSocialeData" xlink:to="ObjectivesForGenderDiversityOtherManagementLevelsSSocialeData" xlink:title="definition: GenderDiversityOtherManagementLevelsSSocialeData to ObjectivesForGenderDiversityOtherManagementLevelsSSocialeData" order="1.0"/>
    <link:loc xlink:type="locator" xlink:href="esg.xsd#esg_RemarksRegardingGenderDiversityOtherManagementLevelsSSocialeData" xlink:label="RemarksRegardingGenderDiversityOtherManagementLevelsSSocialeData" xlink:title="RemarksRegardingGenderDiversityOtherManagementLevelsSSocialeData"/>
    <link:definitionArc xlink:type="arc" xlink:arcrole="http://xbrl.org/int/dim/arcrole/domain-member" xlink:from="GenderDiversityOtherManagementLevelsSSocialeData" xlink:to="RemarksRegardingGenderDiversityOtherManagementLevelsSSocialeData" xlink:title="definition: GenderDiversityOtherManagementLevelsSSocialeData to RemarksRegardingGenderDiversityOtherManagementLevelsSSocialeData" order="2.0"/>
    <link:loc xlink:type="locator" xlink:href="esg.xsd#esg_DescriptionOfMethodsOfGenderDiversityOtherManagementLevelsSSocialeData" xlink:label="DescriptionOfMethodsOfGenderDiversityOtherManagementLevelsSSocialeData" xlink:title="DescriptionOfMethodsOfGenderDiversityOtherManagementLevelsSSocialeData"/>
    <link:definitionArc xlink:type="arc" xlink:arcrole="http://xbrl.org/int/dim/arcrole/domain-member" xlink:from="GenderDiversityOtherManagementLevelsSSocialeData" xlink:to="DescriptionOfMethodsOfGenderDiversityOtherManagementLevelsSSocialeData" xlink:title="definition: GenderDiversityOtherManagementLevelsSSocialeData to DescriptionOfMethodsOfGenderDiversityOtherManagementLevelsSSocialeData" order="3.0"/>
    <link:loc xlink:type="locator" xlink:href="esg.xsd#esg_GenderPayRatioSSocialeData" xlink:label="GenderPayRatioSSocialeData" xlink:title="GenderPayRatioSSocialeData"/>
    <link:definitionArc xlink:type="arc" xlink:arcrole="http://xbrl.org/int/dim/arcrole/domain-member" xlink:from="SocialDataAbstract" xlink:to="GenderPayRatioSSocialeData" xlink:title="definition: SocialDataAbstract to GenderPayRatioSSocialeData" order="10.0"/>
    <link:loc xlink:type="locator" xlink:href="esg.xsd#esg_ObjectivesForGenderPayRatioSSocialeData" xlink:label="ObjectivesForGenderPayRatioSSocialeData" xlink:title="ObjectivesForGenderPayRatioSSocialeData"/>
    <link:definitionArc xlink:type="arc" xlink:arcrole="http://xbrl.org/int/dim/arcrole/domain-member" xlink:from="GenderPayRatioSSocialeData" xlink:to="ObjectivesForGenderPayRatioSSocialeData" xlink:title="definition: GenderPayRatioSSocialeData to ObjectivesForGenderPayRatioSSocialeData" order="1.0"/>
    <link:loc xlink:type="locator" xlink:href="esg.xsd#esg_RemarksRegardingGenderPayRatioSSocialeData" xlink:label="RemarksRegardingGenderPayRatioSSocialeData" xlink:title="RemarksRegardingGenderPayRatioSSocialeData"/>
    <link:definitionArc xlink:type="arc" xlink:arcrole="http://xbrl.org/int/dim/arcrole/domain-member" xlink:from="GenderPayRatioSSocialeData" xlink:to="RemarksRegardingGenderPayRatioSSocialeData" xlink:title="definition: GenderPayRatioSSocialeData to RemarksRegardingGenderPayRatioSSocialeData" order="2.0"/>
    <link:loc xlink:type="locator" xlink:href="esg.xsd#esg_DescriptionOfMethodsOfGenderPayRatioSSocialeData" xlink:label="DescriptionOfMethodsOfGenderPayRatioSSocialeData" xlink:title="DescriptionOfMethodsOfGenderPayRatioSSocialeData"/>
    <link:definitionArc xlink:type="arc" xlink:arcrole="http://xbrl.org/int/dim/arcrole/domain-member" xlink:from="GenderPayRatioSSocialeData" xlink:to="DescriptionOfMethodsOfGenderPayRatioSSocialeData" xlink:title="definition: GenderPayRatioSSocialeData to DescriptionOfMethodsOfGenderPayRatioSSocialeData" order="3.0"/>
    <link:loc xlink:type="locator" xlink:href="esg.xsd#esg_DetailsOnEnvironmentSocialAndGovernanceDataAbstract" xlink:label="DetailsOnEnvironmentSocialAndGovernanceDataAbstract" xlink:title="DetailsOnEnvironmentSocialAndGovernanceDataAbstract"/>
    <link:definitionArc xlink:type="arc" xlink:arcrole="http://xbrl.org/int/dim/arcrole/domain-member" xlink:from="EnvironmentSocialAndGovernanceDataAbstract" xlink:to="DetailsOnEnvironmentSocialAndGovernanceDataAbstract" xlink:title="definition: EnvironmentSocialAndGovernanceDataAbstract to DetailsOnEnvironmentSocialAndGovernanceDataAbstract" order="4.0" xbrldt:targetRole="http://xbrl.dcca.dk/role/200.00/ManagementsReview/Details"/>
    <link:loc xlink:type="locator" xlink:href="esg.xsd#esg_GovernanceDataAbstract" xlink:label="GovernanceDataAbstract" xlink:title="GovernanceDataAbstract"/>
    <link:definitionArc xlink:type="arc" xlink:arcrole="http://xbrl.org/int/dim/arcrole/domain-member" xlink:from="EnvironmentSocialAndGovernanceDataAbstract" xlink:to="GovernanceDataAbstract" xlink:title="definition: EnvironmentSocialAndGovernanceDataAbstract to GovernanceDataAbstract" order="3.0"/>
    <link:loc xlink:type="locator" xlink:href="esg.xsd#esg_CeoPayRatioGGovernanceData" xlink:label="CeoPayRatioGGovernanceData" xlink:title="CeoPayRatioGGovernanceData"/>
    <link:definitionArc xlink:type="arc" xlink:arcrole="http://xbrl.org/int/dim/arcrole/domain-member" xlink:from="GovernanceDataAbstract" xlink:to="CeoPayRatioGGovernanceData" xlink:title="definition: GovernanceDataAbstract to CeoPayRatioGGovernanceData" order="1.0"/>
    <link:loc xlink:type="locator" xlink:href="esg.xsd#esg_ObjectivesForCeoPayRatioGGovernanceData" xlink:label="ObjectivesForCeoPayRatioGGovernanceData" xlink:title="ObjectivesForCeoPayRatioGGovernanceData"/>
    <link:definitionArc xlink:type="arc" xlink:arcrole="http://xbrl.org/int/dim/arcrole/domain-member" xlink:from="CeoPayRatioGGovernanceData" xlink:to="ObjectivesForCeoPayRatioGGovernanceData" xlink:title="definition: CeoPayRatioGGovernanceData to ObjectivesForCeoPayRatioGGovernanceData" order="1.0"/>
    <link:loc xlink:type="locator" xlink:href="esg.xsd#esg_RemarksRegardingCeoPayRatioGGovernanceData" xlink:label="RemarksRegardingCeoPayRatioGGovernanceData" xlink:title="RemarksRegardingCeoPayRatioGGovernanceData"/>
    <link:definitionArc xlink:type="arc" xlink:arcrole="http://xbrl.org/int/dim/arcrole/domain-member" xlink:from="CeoPayRatioGGovernanceData" xlink:to="RemarksRegardingCeoPayRatioGGovernanceData" xlink:title="definition: CeoPayRatioGGovernanceData to RemarksRegardingCeoPayRatioGGovernanceData" order="2.0"/>
    <link:loc xlink:type="locator" xlink:href="esg.xsd#esg_DescriptionOfMethodsOfCeoPayRatioGGovernanceData" xlink:label="DescriptionOfMethodsOfCeoPayRatioGGovernanceData" xlink:title="DescriptionOfMethodsOfCeoPayRatioGGovernanceData"/>
    <link:definitionArc xlink:type="arc" xlink:arcrole="http://xbrl.org/int/dim/arcrole/domain-member" xlink:from="CeoPayRatioGGovernanceData" xlink:to="DescriptionOfMethodsOfCeoPayRatioGGovernanceData" xlink:title="definition: CeoPayRatioGGovernanceData to DescriptionOfMethodsOfCeoPayRatioGGovernanceData" order="3.0"/>
    <link:loc xlink:type="locator" xlink:href="esg.xsd#esg_GenderDiversityBoardOfDirectorsGGovernanceData" xlink:label="GenderDiversityBoardOfDirectorsGGovernanceData" xlink:title="GenderDiversityBoardOfDirectorsGGovernanceData"/>
    <link:definitionArc xlink:type="arc" xlink:arcrole="http://xbrl.org/int/dim/arcrole/domain-member" xlink:from="GovernanceDataAbstract" xlink:to="GenderDiversityBoardOfDirectorsGGovernanceData" xlink:title="definition: GovernanceDataAbstract to GenderDiversityBoardOfDirectorsGGovernanceData" order="2.0"/>
    <link:loc xlink:type="locator" xlink:href="esg.xsd#esg_ObjectivesForGenderDiversityBoardOfDirectorsGGovernanceData" xlink:label="ObjectivesForGenderDiversityBoardOfDirectorsGGovernanceData" xlink:title="ObjectivesForGenderDiversityBoardOfDirectorsGGovernanceData"/>
    <link:definitionArc xlink:type="arc" xlink:arcrole="http://xbrl.org/int/dim/arcrole/domain-member" xlink:from="GenderDiversityBoardOfDirectorsGGovernanceData" xlink:to="ObjectivesForGenderDiversityBoardOfDirectorsGGovernanceData" xlink:title="definition: GenderDiversityBoardOfDirectorsGGovernanceData to ObjectivesForGenderDiversityBoardOfDirectorsGGovernanceData" order="1.0"/>
    <link:loc xlink:type="locator" xlink:href="esg.xsd#esg_RemarksRegardingGenderDiversityBoardOfDirectorsGGovernanceData" xlink:label="RemarksRegardingGenderDiversityBoardOfDirectorsGGovernanceData" xlink:title="RemarksRegardingGenderDiversityBoardOfDirectorsGGovernanceData"/>
    <link:definitionArc xlink:type="arc" xlink:arcrole="http://xbrl.org/int/dim/arcrole/domain-member" xlink:from="GenderDiversityBoardOfDirectorsGGovernanceData" xlink:to="RemarksRegardingGenderDiversityBoardOfDirectorsGGovernanceData" xlink:title="definition: GenderDiversityBoardOfDirectorsGGovernanceData to RemarksRegardingGenderDiversityBoardOfDirectorsGGovernanceData" order="2.0"/>
    <link:loc xlink:type="locator" xlink:href="esg.xsd#esg_DescriptionOfMethodsOfGenderDiversityBoardOfDirectorsGGovernanceData" xlink:label="DescriptionOfMethodsOfGenderDiversityBoardOfDirectorsGGovernanceData" xlink:title="DescriptionOfMethodsOfGenderDiversityBoardOfDirectorsGGovernanceData"/>
    <link:definitionArc xlink:type="arc" xlink:arcrole="http://xbrl.org/int/dim/arcrole/domain-member" xlink:from="GenderDiversityBoardOfDirectorsGGovernanceData" xlink:to="DescriptionOfMethodsOfGenderDiversityBoardOfDirectorsGGovernanceData" xlink:title="definition: GenderDiversityBoardOfDirectorsGGovernanceData to DescriptionOfMethodsOfGenderDiversityBoardOfDirectorsGGovernanceData" order="3.0"/>
  </link:definitionLink>
</link:linkbase>
